ISO-10303-21;
HEADER;
/* Generated by software containing ST-Developer
 * from STEP Tools, Inc. (www.steptools.com) 
 */
/* OPTION: using custom schema-name function */

FILE_DESCRIPTION(
/* description */ (''),
/* implementation_level */ '2;1');

FILE_NAME(
/* name */ '613-35102-91.stp',
/* time_stamp */ '2025-06-24T20:15:54-07:00',
/* author */ (''),
/* organization */ (''),
/* preprocessor_version */ 'ST-DEVELOPER v19.4',
/* originating_system */ 'SIEMENS PLM Software NX2306.9160',
/* authorisation */ '');

FILE_SCHEMA (('AUTOMOTIVE_DESIGN { 1 0 10303 214 3 1 1 1 }'));
ENDSEC;

DATA;
#10=PROPERTY_DEFINITION_REPRESENTATION(#14,#12);
#11=PROPERTY_DEFINITION_REPRESENTATION(#15,#13);
#12=REPRESENTATION('',(#16),#5788);
#13=REPRESENTATION('',(#17),#5788);
#14=PROPERTY_DEFINITION('pmi validation property','',#21);
#15=PROPERTY_DEFINITION('pmi validation property','',#21);
#16=VALUE_REPRESENTATION_ITEM('number of annotations',COUNT_MEASURE(0.));
#17=VALUE_REPRESENTATION_ITEM('number of views',COUNT_MEASURE(0.));
#18=SHAPE_REPRESENTATION_RELATIONSHIP('None',
'relationship between khel2A70E4ECbtzk-None and khel2A70E4ECbtzk-None',
#30,#19);
#19=ADVANCED_BREP_SHAPE_REPRESENTATION('khel2A70E4ECbtzk-None',(#70,#71,
#72,#73,#74),#5788);
#20=SHAPE_DEFINITION_REPRESENTATION(#21,#30);
#21=PRODUCT_DEFINITION_SHAPE('','',#22);
#22=PRODUCT_DEFINITION(' ','',#24,#23);
#23=PRODUCT_DEFINITION_CONTEXT('part definition',#29,'design');
#24=PRODUCT_DEFINITION_FORMATION_WITH_SPECIFIED_SOURCE(' ',' ',#26,
 .NOT_KNOWN.);
#25=PRODUCT_RELATED_PRODUCT_CATEGORY('part','',(#26));
#26=PRODUCT('khel2A70E4ECbtzk','khel2A70E4ECbtzk',' ',(#27));
#27=PRODUCT_CONTEXT(' ',#29,'mechanical');
#28=APPLICATION_PROTOCOL_DEFINITION('international standard',
'automotive_design',2010,#29);
#29=APPLICATION_CONTEXT(
'core data for automotive mechanical design processes');
#30=SHAPE_REPRESENTATION('khel2A70E4ECbtzk-None',(#3088),#5788);
#31=TOROIDAL_SURFACE('',#3218,0.3,0.15);
#32=PRESENTATION_LAYER_ASSIGNMENT('1','Layer 1',(#70,#71,#72,#74));
#33=PRESENTATION_LAYER_ASSIGNMENT('10','Layer 10',(#73));
#34=STYLED_ITEM('',(#39),#70);
#35=STYLED_ITEM('',(#40),#71);
#36=STYLED_ITEM('',(#41),#72);
#37=STYLED_ITEM('',(#42),#73);
#38=STYLED_ITEM('',(#43),#74);
#39=PRESENTATION_STYLE_ASSIGNMENT((#44));
#40=PRESENTATION_STYLE_ASSIGNMENT((#45));
#41=PRESENTATION_STYLE_ASSIGNMENT((#46));
#42=PRESENTATION_STYLE_ASSIGNMENT((#47));
#43=PRESENTATION_STYLE_ASSIGNMENT((#48));
#44=SURFACE_STYLE_USAGE(.BOTH.,#49);
#45=SURFACE_STYLE_USAGE(.BOTH.,#50);
#46=SURFACE_STYLE_USAGE(.BOTH.,#51);
#47=SURFACE_STYLE_USAGE(.BOTH.,#52);
#48=SURFACE_STYLE_USAGE(.BOTH.,#53);
#49=SURFACE_SIDE_STYLE('',(#54));
#50=SURFACE_SIDE_STYLE('',(#55));
#51=SURFACE_SIDE_STYLE('',(#56));
#52=SURFACE_SIDE_STYLE('',(#57));
#53=SURFACE_SIDE_STYLE('',(#58));
#54=SURFACE_STYLE_FILL_AREA(#59);
#55=SURFACE_STYLE_FILL_AREA(#60);
#56=SURFACE_STYLE_FILL_AREA(#61);
#57=SURFACE_STYLE_FILL_AREA(#62);
#58=SURFACE_STYLE_FILL_AREA(#63);
#59=FILL_AREA_STYLE('',(#64));
#60=FILL_AREA_STYLE('',(#65));
#61=FILL_AREA_STYLE('',(#66));
#62=FILL_AREA_STYLE('',(#67));
#63=FILL_AREA_STYLE('',(#68));
#64=FILL_AREA_STYLE_COLOUR('',#69);
#65=FILL_AREA_STYLE_COLOUR('',#69);
#66=FILL_AREA_STYLE_COLOUR('',#69);
#67=FILL_AREA_STYLE_COLOUR('',#69);
#68=FILL_AREA_STYLE_COLOUR('',#69);
#69=COLOUR_RGB('orange orange yellow',1.,0.6,0.);
#70=MANIFOLD_SOLID_BREP('M3',#75);
#71=MANIFOLD_SOLID_BREP('M4',#76);
#72=MANIFOLD_SOLID_BREP('M1',#77);
#73=MANIFOLD_SOLID_BREP('P20830POCKETBRMCO_UNNAMED_1_1',#78);
#74=MANIFOLD_SOLID_BREP('M2',#79);
#75=CLOSED_SHELL('',(#448,#449,#450,#451,#452,#453,#454,#455,#456,#457,
#458,#459,#460,#461,#462,#463,#464,#465,#466,#467,#468,#469,#470,#471,#472,
#473,#474,#475,#476,#477,#478,#479,#480,#481,#482,#483,#484,#485,#486,#487,
#488,#489,#490,#491,#492,#493,#494,#495,#496,#497));
#76=CLOSED_SHELL('',(#498,#499,#500,#501,#502,#503,#504,#505,#506,#507,
#508,#509,#510,#511,#512,#513,#514,#515,#516,#517,#518,#519,#520,#521,#522,
#523,#524,#525,#526,#527,#528,#529,#530,#531,#532,#533,#534,#535,#536,#537,
#538,#539,#540,#541,#542,#543,#544,#545));
#77=CLOSED_SHELL('',(#546,#547,#548,#549,#550,#551,#552,#553,#554,#555,
#556,#557,#558,#559,#560,#561,#562,#563,#564,#565,#566,#567,#568,#569,#570,
#571,#572,#573,#574,#575,#576,#577,#578,#579,#580,#581,#582,#583,#584,#585,
#586,#587,#588,#589,#590,#591,#592,#593,#594,#595));
#78=CLOSED_SHELL('',(#596,#597,#598,#599,#600,#601,#602,#603,#604,#605,
#606,#607,#608,#609,#610,#611));
#79=CLOSED_SHELL('',(#612,#613,#614,#615,#616,#617,#618,#619,#620,#621,
#622,#623,#624,#625,#626,#627,#628,#629,#630,#631,#632,#633,#634,#635,#636,
#637,#638,#639,#640,#641,#642,#643,#644,#645,#646,#647,#648,#649,#650,#651,
#652,#653,#654,#655,#656,#657,#658,#659,#660,#661));
#80=SPHERICAL_SURFACE('',#3122,0.15);
#81=SPHERICAL_SURFACE('',#3135,0.15);
#82=SPHERICAL_SURFACE('',#3138,0.15);
#83=SPHERICAL_SURFACE('',#3143,0.15);
#84=SPHERICAL_SURFACE('',#3145,0.15);
#85=SPHERICAL_SURFACE('',#3153,0.15);
#86=SPHERICAL_SURFACE('',#3155,0.15);
#87=SPHERICAL_SURFACE('',#3164,0.15);
#88=SPHERICAL_SURFACE('',#3165,0.15);
#89=SPHERICAL_SURFACE('',#3168,0.15);
#90=SPHERICAL_SURFACE('',#3171,0.15);
#91=SPHERICAL_SURFACE('',#3177,0.15);
#92=SPHERICAL_SURFACE('',#3179,0.15);
#93=SPHERICAL_SURFACE('',#3184,0.15);
#94=SPHERICAL_SURFACE('',#3225,0.15);
#95=SPHERICAL_SURFACE('',#3227,0.15);
#96=SPHERICAL_SURFACE('',#3241,0.15);
#97=SPHERICAL_SURFACE('',#3245,0.15);
#98=SPHERICAL_SURFACE('',#3248,0.15);
#99=SPHERICAL_SURFACE('',#3255,0.15);
#100=SPHERICAL_SURFACE('',#3257,0.15);
#101=SPHERICAL_SURFACE('',#3267,0.15);
#102=SPHERICAL_SURFACE('',#3269,0.15);
#103=SPHERICAL_SURFACE('',#3275,0.15);
#104=SPHERICAL_SURFACE('',#3276,0.15);
#105=SPHERICAL_SURFACE('',#3320,0.15);
#106=SPHERICAL_SURFACE('',#3323,0.15);
#107=SPHERICAL_SURFACE('',#3331,0.15);
#108=SPHERICAL_SURFACE('',#3333,0.15);
#109=SPHERICAL_SURFACE('',#3335,0.15);
#110=SPHERICAL_SURFACE('',#3337,0.15);
#111=SPHERICAL_SURFACE('',#3347,0.15);
#112=SPHERICAL_SURFACE('',#3349,0.15);
#113=SPHERICAL_SURFACE('',#3355,0.15);
#114=SPHERICAL_SURFACE('',#3356,0.15);
#115=SPHERICAL_SURFACE('',#3360,0.15);
#116=SPHERICAL_SURFACE('',#3366,0.15);
#117=SPHERICAL_SURFACE('',#3368,0.15);
#118=SPHERICAL_SURFACE('',#3373,0.15);
#119=SPHERICAL_SURFACE('',#3455,0.15);
#120=SPHERICAL_SURFACE('',#3458,0.15);
#121=SPHERICAL_SURFACE('',#3460,0.15);
#122=SPHERICAL_SURFACE('',#3462,0.15);
#123=SPHERICAL_SURFACE('',#3467,0.15);
#124=SPHERICAL_SURFACE('',#3469,0.15);
#125=SPHERICAL_SURFACE('',#3472,0.15);
#126=SPHERICAL_SURFACE('',#3480,0.15);
#127=SPHERICAL_SURFACE('',#3481,0.15);
#128=SPHERICAL_SURFACE('',#3483,0.15);
#129=SPHERICAL_SURFACE('',#3486,0.15);
#130=SPHERICAL_SURFACE('',#3492,0.15);
#131=SPHERICAL_SURFACE('',#3494,0.15);
#132=SPHERICAL_SURFACE('',#3499,0.15);
#133=(
BOUNDED_SURFACE()
B_SPLINE_SURFACE(3,2,((#4639,#4640,#4641),(#4642,#4643,#4644),(#4645,#4646,
#4647),(#4648,#4649,#4650),(#4651,#4652,#4653),(#4654,#4655,#4656),(#4657,
#4658,#4659),(#4660,#4661,#4662),(#4663,#4664,#4665),(#4666,#4667,#4668),
(#4669,#4670,#4671),(#4672,#4673,#4674),(#4675,#4676,#4677),(#4678,#4679,
#4680),(#4681,#4682,#4683),(#4684,#4685,#4686)),.UNSPECIFIED.,.F.,.F.,.F.)
B_SPLINE_SURFACE_WITH_KNOTS((4,2,2,2,2,2,2,4),(3,3),(0.,0.125,0.25,0.375,
0.5,0.625,0.75,1.),(0.,1.),.UNSPECIFIED.)
GEOMETRIC_REPRESENTATION_ITEM()
RATIONAL_B_SPLINE_SURFACE(((1.,0.707106781187071,1.),(1.,0.707071651920214,
1.),(1.,0.711746104330367,1.),(1.,0.729128792213926,1.),(1.,0.74183355520482,
1.),(1.,0.772396684493219,1.),(1.,0.790218127703692,1.),(1.,0.827594150540281,
1.),(1.,0.847131745934422,1.),(1.,0.884919061634879,1.),(1.,0.90316515514593,
1.),(1.,0.936042128540711,1.),(1.,0.950674068364219,1.),(1.,0.986729122915194,
1.),(1.,1.00015863059422,1.),(1.,1.,1.)))
REPRESENTATION_ITEM('')
SURFACE()
);
#134=(
BOUNDED_SURFACE()
B_SPLINE_SURFACE(3,2,((#4690,#4691,#4692),(#4693,#4694,#4695),(#4696,#4697,
#4698),(#4699,#4700,#4701),(#4702,#4703,#4704),(#4705,#4706,#4707),(#4708,
#4709,#4710),(#4711,#4712,#4713),(#4714,#4715,#4716),(#4717,#4718,#4719),
(#4720,#4721,#4722),(#4723,#4724,#4725),(#4726,#4727,#4728),(#4729,#4730,
#4731),(#4732,#4733,#4734),(#4735,#4736,#4737)),.UNSPECIFIED.,.F.,.F.,.F.)
B_SPLINE_SURFACE_WITH_KNOTS((4,2,2,2,2,2,2,4),(3,3),(0.,0.25,0.375,0.5,
0.625,0.75,0.875,1.),(0.,1.),.UNSPECIFIED.)
GEOMETRIC_REPRESENTATION_ITEM()
RATIONAL_B_SPLINE_SURFACE(((1.,1.,1.),(1.,1.00015863059422,1.),(1.,0.986729122915201,
1.),(1.,0.950674068364219,1.),(1.,0.936042128540701,1.),(1.,0.903165155145945,
1.),(1.,0.884919061634884,1.),(1.,0.847131745934416,1.),(1.,0.827594150540311,
1.),(1.,0.79021812770366,1.),(1.,0.772396684493227,1.),(1.,0.741833555204809,
1.),(1.,0.729128792213854,1.),(1.,0.711746104330454,1.),(1.,0.707071651920151,
1.),(1.,0.707106781187071,1.)))
REPRESENTATION_ITEM('')
SURFACE()
);
#135=(
BOUNDED_SURFACE()
B_SPLINE_SURFACE(3,2,((#4942,#4943,#4944),(#4945,#4946,#4947),(#4948,#4949,
#4950),(#4951,#4952,#4953),(#4954,#4955,#4956),(#4957,#4958,#4959),(#4960,
#4961,#4962),(#4963,#4964,#4965),(#4966,#4967,#4968),(#4969,#4970,#4971),
(#4972,#4973,#4974),(#4975,#4976,#4977),(#4978,#4979,#4980),(#4981,#4982,
#4983),(#4984,#4985,#4986),(#4987,#4988,#4989)),.UNSPECIFIED.,.F.,.F.,.F.)
B_SPLINE_SURFACE_WITH_KNOTS((4,2,2,2,2,2,2,4),(3,3),(0.,0.125,0.25,0.375,
0.5,0.625,0.75,1.),(0.,1.),.UNSPECIFIED.)
GEOMETRIC_REPRESENTATION_ITEM()
RATIONAL_B_SPLINE_SURFACE(((1.,0.707106781187071,1.),(1.,0.70707165190074,
1.),(1.,0.711746104294224,1.),(1.,0.729128792152751,1.),(1.,0.741833555135531,
1.),(1.,0.772396684415824,1.),(1.,0.790218127626309,1.),(1.,0.827594150468177,
1.),(1.,0.847131745867635,1.),(1.,0.884919061580774,1.),(1.,0.903165155099276,
1.),(1.,0.936042128508472,1.),(1.,0.95067406833907,1.),(1.,0.986729122907814,
1.),(1.,1.00015863059445,1.),(1.,1.,1.)))
REPRESENTATION_ITEM('')
SURFACE()
);
#136=(
BOUNDED_SURFACE()
B_SPLINE_SURFACE(3,2,((#5048,#5049,#5050),(#5051,#5052,#5053),(#5054,#5055,
#5056),(#5057,#5058,#5059),(#5060,#5061,#5062),(#5063,#5064,#5065),(#5066,
#5067,#5068),(#5069,#5070,#5071),(#5072,#5073,#5074),(#5075,#5076,#5077),
(#5078,#5079,#5080),(#5081,#5082,#5083),(#5084,#5085,#5086),(#5087,#5088,
#5089),(#5090,#5091,#5092),(#5093,#5094,#5095)),.UNSPECIFIED.,.F.,.F.,.F.)
B_SPLINE_SURFACE_WITH_KNOTS((4,2,2,2,2,2,2,4),(3,3),(0.,0.125,0.25,0.375,
0.5,0.625,0.75,1.),(0.,1.),.UNSPECIFIED.)
GEOMETRIC_REPRESENTATION_ITEM()
RATIONAL_B_SPLINE_SURFACE(((1.,0.707106781186548,1.),(1.,0.707071651910861,
1.),(1.,0.711746104313426,1.),(1.,0.729128792185685,1.),(1.,0.741833555172912,
1.),(1.,0.772396684457672,1.),(1.,0.790218127668201,1.),(1.,0.827594150507247,
1.),(1.,0.847131745903851,1.),(1.,0.884919061610116,1.),(1.,0.903165155124566,
1.),(1.,0.936042128525999,1.),(1.,0.950674068352734,1.),(1.,0.986729122911806,
1.),(1.,1.00015863059434,1.),(1.,1.,1.)))
REPRESENTATION_ITEM('')
SURFACE()
);
#137=(
BOUNDED_SURFACE()
B_SPLINE_SURFACE(3,2,((#5215,#5216,#5217),(#5218,#5219,#5220),(#5221,#5222,
#5223),(#5224,#5225,#5226),(#5227,#5228,#5229),(#5230,#5231,#5232),(#5233,
#5234,#5235),(#5236,#5237,#5238),(#5239,#5240,#5241),(#5242,#5243,#5244),
(#5245,#5246,#5247),(#5248,#5249,#5250),(#5251,#5252,#5253),(#5254,#5255,
#5256),(#5257,#5258,#5259),(#5260,#5261,#5262)),.UNSPECIFIED.,.F.,.F.,.F.)
B_SPLINE_SURFACE_WITH_KNOTS((4,2,2,2,2,2,2,4),(3,3),(0.,0.25,0.375,0.5,
0.625,0.75,0.875,1.),(0.,1.),.UNSPECIFIED.)
GEOMETRIC_REPRESENTATION_ITEM()
RATIONAL_B_SPLINE_SURFACE(((1.,1.,1.),(1.,1.00015863059421,1.),(1.,0.986729122915204,
1.),(1.,0.950674068364214,1.),(1.,0.936042128540744,1.),(1.,0.903165155145898,
1.),(1.,0.884919061634879,1.),(1.,0.847131745934422,1.),(1.,0.827594150540316,
1.),(1.,0.790218127703657,1.),(1.,0.772396684493227,1.),(1.,0.741833555204814,
1.),(1.,0.729128792213926,1.),(1.,0.711746104330367,1.),(1.,0.70707165192022,
1.),(1.,0.707106781187071,1.)))
REPRESENTATION_ITEM('')
SURFACE()
);
#138=(
BOUNDED_SURFACE()
B_SPLINE_SURFACE(3,2,((#5266,#5267,#5268),(#5269,#5270,#5271),(#5272,#5273,
#5274),(#5275,#5276,#5277),(#5278,#5279,#5280),(#5281,#5282,#5283),(#5284,
#5285,#5286),(#5287,#5288,#5289),(#5290,#5291,#5292),(#5293,#5294,#5295),
(#5296,#5297,#5298),(#5299,#5300,#5301),(#5302,#5303,#5304),(#5305,#5306,
#5307),(#5308,#5309,#5310),(#5311,#5312,#5313)),.UNSPECIFIED.,.F.,.F.,.F.)
B_SPLINE_SURFACE_WITH_KNOTS((4,2,2,2,2,2,2,4),(3,3),(0.,0.25,0.375,0.5,
0.625,0.75,0.875,1.),(0.,1.),.UNSPECIFIED.)
GEOMETRIC_REPRESENTATION_ITEM()
RATIONAL_B_SPLINE_SURFACE(((1.,1.,1.),(1.,1.00015863059426,1.),(1.,0.986729122915152,
1.),(1.,0.95067406836425,1.),(1.,0.93604212854071,1.),(1.,0.903165155145937,
1.),(1.,0.884919061634875,1.),(1.,0.847131745934439,1.),(1.,0.827594150540236,
1.),(1.,0.790218127703751,1.),(1.,0.772396684493241,1.),(1.,0.741833555204806,
1.),(1.,0.729128792213976,1.),(1.,0.711746104330327,1.),(1.,0.707071651920251,
1.),(1.,0.707106781187071,1.)))
REPRESENTATION_ITEM('')
SURFACE()
);
#139=(
BOUNDED_SURFACE()
B_SPLINE_SURFACE(3,2,((#5595,#5596,#5597),(#5598,#5599,#5600),(#5601,#5602,
#5603),(#5604,#5605,#5606),(#5607,#5608,#5609),(#5610,#5611,#5612),(#5613,
#5614,#5615),(#5616,#5617,#5618),(#5619,#5620,#5621),(#5622,#5623,#5624),
(#5625,#5626,#5627),(#5628,#5629,#5630),(#5631,#5632,#5633),(#5634,#5635,
#5636),(#5637,#5638,#5639),(#5640,#5641,#5642)),.UNSPECIFIED.,.F.,.F.,.F.)
B_SPLINE_SURFACE_WITH_KNOTS((4,2,2,2,2,2,2,4),(3,3),(0.,0.125,0.25,0.375,
0.5,0.625,0.75,1.),(0.,1.),.UNSPECIFIED.)
GEOMETRIC_REPRESENTATION_ITEM()
RATIONAL_B_SPLINE_SURFACE(((1.,0.707106781187071,1.),(1.,0.707071651920214,
1.),(1.,0.711746104330366,1.),(1.,0.729128792213927,1.),(1.,0.741833555204813,
1.),(1.,0.772396684493225,1.),(1.,0.790218127703677,1.),(1.,0.827594150540296,
1.),(1.,0.847131745934445,1.),(1.,0.884919061634857,1.),(1.,0.903165155145892,
1.),(1.,0.93604212854075,1.),(1.,0.950674068364224,1.),(1.,0.986729122915185,
1.),(1.,1.00015863059423,1.),(1.,1.,1.)))
REPRESENTATION_ITEM('')
SURFACE()
);
#140=(
BOUNDED_SURFACE()
B_SPLINE_SURFACE(3,2,((#5646,#5647,#5648),(#5649,#5650,#5651),(#5652,#5653,
#5654),(#5655,#5656,#5657),(#5658,#5659,#5660),(#5661,#5662,#5663),(#5664,
#5665,#5666),(#5667,#5668,#5669),(#5670,#5671,#5672),(#5673,#5674,#5675),
(#5676,#5677,#5678),(#5679,#5680,#5681),(#5682,#5683,#5684),(#5685,#5686,
#5687),(#5688,#5689,#5690),(#5691,#5692,#5693)),.UNSPECIFIED.,.F.,.F.,.F.)
B_SPLINE_SURFACE_WITH_KNOTS((4,2,2,2,2,2,2,4),(3,3),(0.,0.25,0.375,0.5,
0.625,0.75,0.875,1.),(0.,1.),.UNSPECIFIED.)
GEOMETRIC_REPRESENTATION_ITEM()
RATIONAL_B_SPLINE_SURFACE(((1.,1.,1.),(1.,1.00015863059432,1.),(1.,0.986729122915067,
1.),(1.,0.950674068364286,1.),(1.,0.936042128540686,1.),(1.,0.903165155145956,
1.),(1.,0.884919061634881,1.),(1.,0.847131745934421,1.),(1.,0.827594150540279,
1.),(1.,0.790218127703692,1.),(1.,0.772396684493224,1.),(1.,0.74183355520481,
1.),(1.,0.729128792213855,1.),(1.,0.711746104330452,1.),(1.,0.707071651920152,
1.),(1.,0.707106781187071,1.)))
REPRESENTATION_ITEM('')
SURFACE()
);
#141=CYLINDRICAL_SURFACE('',#3096,0.15);
#142=CYLINDRICAL_SURFACE('',#3099,0.15);
#143=CYLINDRICAL_SURFACE('',#3102,0.15);
#144=CYLINDRICAL_SURFACE('',#3105,0.15);
#145=CYLINDRICAL_SURFACE('',#3108,0.15);
#146=CYLINDRICAL_SURFACE('',#3111,0.15);
#147=CYLINDRICAL_SURFACE('',#3114,0.15);
#148=CYLINDRICAL_SURFACE('',#3117,0.15);
#149=CYLINDRICAL_SURFACE('',#3120,0.15);
#150=CYLINDRICAL_SURFACE('',#3125,0.15);
#151=CYLINDRICAL_SURFACE('',#3130,0.15);
#152=CYLINDRICAL_SURFACE('',#3133,0.15);
#153=CYLINDRICAL_SURFACE('',#3137,0.15);
#154=CYLINDRICAL_SURFACE('',#3141,0.15);
#155=CYLINDRICAL_SURFACE('',#3147,0.15);
#156=CYLINDRICAL_SURFACE('',#3149,0.15);
#157=CYLINDRICAL_SURFACE('',#3151,0.15);
#158=CYLINDRICAL_SURFACE('',#3156,0.15);
#159=CYLINDRICAL_SURFACE('',#3160,0.15);
#160=CYLINDRICAL_SURFACE('',#3163,0.15);
#161=CYLINDRICAL_SURFACE('',#3173,0.15);
#162=CYLINDRICAL_SURFACE('',#3175,0.15);
#163=CYLINDRICAL_SURFACE('',#3181,0.15);
#164=CYLINDRICAL_SURFACE('',#3183,0.15);
#165=CYLINDRICAL_SURFACE('',#3194,0.15);
#166=CYLINDRICAL_SURFACE('',#3197,0.15);
#167=CYLINDRICAL_SURFACE('',#3200,0.15);
#168=CYLINDRICAL_SURFACE('',#3203,0.15);
#169=CYLINDRICAL_SURFACE('',#3206,0.15);
#170=CYLINDRICAL_SURFACE('',#3209,0.15);
#171=CYLINDRICAL_SURFACE('',#3212,0.15);
#172=CYLINDRICAL_SURFACE('',#3215,0.15);
#173=CYLINDRICAL_SURFACE('',#3220,0.15);
#174=CYLINDRICAL_SURFACE('',#3223,0.15);
#175=CYLINDRICAL_SURFACE('',#3233,0.15);
#176=CYLINDRICAL_SURFACE('',#3236,0.15);
#177=CYLINDRICAL_SURFACE('',#3239,0.15);
#178=CYLINDRICAL_SURFACE('',#3243,0.15);
#179=CYLINDRICAL_SURFACE('',#3247,0.15);
#180=CYLINDRICAL_SURFACE('',#3250,0.15);
#181=CYLINDRICAL_SURFACE('',#3253,0.15);
#182=CYLINDRICAL_SURFACE('',#3259,0.15);
#183=CYLINDRICAL_SURFACE('',#3261,0.15);
#184=CYLINDRICAL_SURFACE('',#3263,0.15);
#185=CYLINDRICAL_SURFACE('',#3265,0.15);
#186=CYLINDRICAL_SURFACE('',#3270,0.15);
#187=CYLINDRICAL_SURFACE('',#3274,0.15);
#188=CYLINDRICAL_SURFACE('',#3285,0.15);
#189=CYLINDRICAL_SURFACE('',#3288,0.15);
#190=CYLINDRICAL_SURFACE('',#3291,0.15);
#191=CYLINDRICAL_SURFACE('',#3294,0.15);
#192=CYLINDRICAL_SURFACE('',#3297,0.15);
#193=CYLINDRICAL_SURFACE('',#3300,0.15);
#194=CYLINDRICAL_SURFACE('',#3303,0.15);
#195=CYLINDRICAL_SURFACE('',#3306,0.15);
#196=CYLINDRICAL_SURFACE('',#3309,0.15);
#197=CYLINDRICAL_SURFACE('',#3315,0.15);
#198=CYLINDRICAL_SURFACE('',#3318,0.15);
#199=CYLINDRICAL_SURFACE('',#3322,0.15);
#200=CYLINDRICAL_SURFACE('',#3326,0.15);
#201=CYLINDRICAL_SURFACE('',#3329,0.15);
#202=CYLINDRICAL_SURFACE('',#3339,0.15);
#203=CYLINDRICAL_SURFACE('',#3341,0.15);
#204=CYLINDRICAL_SURFACE('',#3343,0.15);
#205=CYLINDRICAL_SURFACE('',#3345,0.15);
#206=CYLINDRICAL_SURFACE('',#3350,0.15);
#207=CYLINDRICAL_SURFACE('',#3354,0.15);
#208=CYLINDRICAL_SURFACE('',#3362,0.15);
#209=CYLINDRICAL_SURFACE('',#3364,0.15);
#210=CYLINDRICAL_SURFACE('',#3370,0.15);
#211=CYLINDRICAL_SURFACE('',#3372,0.15);
#212=CYLINDRICAL_SURFACE('',#3394,0.15);
#213=CYLINDRICAL_SURFACE('',#3395,0.15);
#214=CYLINDRICAL_SURFACE('',#3396,0.15);
#215=CYLINDRICAL_SURFACE('',#3400,0.15);
#216=CYLINDRICAL_SURFACE('',#3401,0.15);
#217=CYLINDRICAL_SURFACE('',#3402,0.15);
#218=CYLINDRICAL_SURFACE('',#3403,0.15);
#219=CYLINDRICAL_SURFACE('',#3412,0.15);
#220=CYLINDRICAL_SURFACE('',#3415,0.15);
#221=CYLINDRICAL_SURFACE('',#3418,0.15);
#222=CYLINDRICAL_SURFACE('',#3421,0.15);
#223=CYLINDRICAL_SURFACE('',#3424,0.15);
#224=CYLINDRICAL_SURFACE('',#3427,0.15);
#225=CYLINDRICAL_SURFACE('',#3430,0.15);
#226=CYLINDRICAL_SURFACE('',#3433,0.15);
#227=CYLINDRICAL_SURFACE('',#3436,0.15);
#228=CYLINDRICAL_SURFACE('',#3439,0.15);
#229=CYLINDRICAL_SURFACE('',#3442,0.15);
#230=CYLINDRICAL_SURFACE('',#3445,0.15);
#231=CYLINDRICAL_SURFACE('',#3450,0.15);
#232=CYLINDRICAL_SURFACE('',#3453,0.15);
#233=CYLINDRICAL_SURFACE('',#3457,0.15);
#234=CYLINDRICAL_SURFACE('',#3464,0.15);
#235=CYLINDRICAL_SURFACE('',#3466,0.15);
#236=CYLINDRICAL_SURFACE('',#3471,0.15);
#237=CYLINDRICAL_SURFACE('',#3476,0.15);
#238=CYLINDRICAL_SURFACE('',#3479,0.15);
#239=CYLINDRICAL_SURFACE('',#3488,0.15);
#240=CYLINDRICAL_SURFACE('',#3490,0.15);
#241=CYLINDRICAL_SURFACE('',#3496,0.15);
#242=CYLINDRICAL_SURFACE('',#3498,0.15);
#243=ELLIPSE('',#3095,0.335410196624573,0.15);
#244=ELLIPSE('',#3098,0.335410196624573,0.15);
#245=ELLIPSE('',#3103,0.335410196624575,0.15);
#246=ELLIPSE('',#3107,0.335410196624575,0.15);
#247=ELLIPSE('',#3192,0.504485241562996,0.15);
#248=ELLIPSE('',#3195,0.504485241562996,0.15);
#249=ELLIPSE('',#3196,0.335410196624573,0.15);
#250=ELLIPSE('',#3204,0.335410196624575,0.15);
#251=ELLIPSE('',#3210,0.157105256645494,0.15);
#252=ELLIPSE('',#3213,0.157105256645494,0.15);
#253=ELLIPSE('',#3234,0.335410196624968,0.15);
#254=ELLIPSE('',#3242,0.335410196624968,0.15);
#255=ELLIPSE('',#3290,0.335410196624573,0.15);
#256=ELLIPSE('',#3293,0.335410196624573,0.15);
#257=ELLIPSE('',#3295,0.335410196624574,0.15);
#258=ELLIPSE('',#3299,0.335410196624575,0.15);
#259=ELLIPSE('',#3411,0.335410196624573,0.15);
#260=ELLIPSE('',#3414,0.335410196624573,0.15);
#261=ELLIPSE('',#3419,0.335410196624575,0.15);
#262=ELLIPSE('',#3423,0.335410196624575,0.15);
#263=CIRCLE('',#3094,0.15);
#264=CIRCLE('',#3097,0.15);
#265=CIRCLE('',#3100,0.15);
#266=CIRCLE('',#3101,0.15);
#267=CIRCLE('',#3104,0.15);
#268=CIRCLE('',#3106,0.15);
#269=CIRCLE('',#3109,0.15);
#270=CIRCLE('',#3110,0.15);
#271=CIRCLE('',#3112,0.15);
#272=CIRCLE('',#3113,0.15);
#273=CIRCLE('',#3115,0.15);
#274=CIRCLE('',#3116,0.15);
#275=CIRCLE('',#3118,0.15);
#276=CIRCLE('',#3119,0.15);
#277=CIRCLE('',#3121,0.15);
#278=CIRCLE('',#3123,0.15);
#279=CIRCLE('',#3124,0.15);
#280=CIRCLE('',#3128,0.15);
#281=CIRCLE('',#3129,0.15);
#282=CIRCLE('',#3131,0.15);
#283=CIRCLE('',#3132,0.15);
#284=CIRCLE('',#3134,0.15);
#285=CIRCLE('',#3136,0.15);
#286=CIRCLE('',#3139,0.15);
#287=CIRCLE('',#3140,0.15);
#288=CIRCLE('',#3142,0.15);
#289=CIRCLE('',#3144,0.15);
#290=CIRCLE('',#3146,0.15);
#291=CIRCLE('',#3148,0.15);
#292=CIRCLE('',#3150,0.15);
#293=CIRCLE('',#3152,0.15);
#294=CIRCLE('',#3154,0.15);
#295=CIRCLE('',#3158,0.15);
#296=CIRCLE('',#3159,0.15);
#297=CIRCLE('',#3161,0.15);
#298=CIRCLE('',#3162,0.15);
#299=CIRCLE('',#3169,0.15);
#300=CIRCLE('',#3170,0.15);
#301=CIRCLE('',#3172,0.15);
#302=CIRCLE('',#3174,0.15);
#303=CIRCLE('',#3176,0.15);
#304=CIRCLE('',#3178,0.15);
#305=CIRCLE('',#3180,0.15);
#306=CIRCLE('',#3182,0.15);
#307=CIRCLE('',#3185,0.3);
#308=CIRCLE('',#3193,0.15);
#309=CIRCLE('',#3198,0.15);
#310=CIRCLE('',#3199,0.15);
#311=CIRCLE('',#3201,0.15);
#312=CIRCLE('',#3202,0.15);
#313=CIRCLE('',#3205,0.15);
#314=CIRCLE('',#3207,0.15);
#315=CIRCLE('',#3208,0.15);
#316=CIRCLE('',#3211,0.15);
#317=CIRCLE('',#3214,0.15);
#318=CIRCLE('',#3216,0.15);
#319=CIRCLE('',#3217,0.15);
#320=CIRCLE('',#3219,0.15);
#321=CIRCLE('',#3221,0.15);
#322=CIRCLE('',#3222,0.15);
#323=CIRCLE('',#3224,0.15);
#324=CIRCLE('',#3226,0.15);
#325=CIRCLE('',#3231,0.15);
#326=CIRCLE('',#3232,0.15);
#327=CIRCLE('',#3235,0.15);
#328=CIRCLE('',#3237,0.15);
#329=CIRCLE('',#3238,0.15);
#330=CIRCLE('',#3240,0.15);
#331=CIRCLE('',#3244,0.15);
#332=CIRCLE('',#3246,0.15);
#333=CIRCLE('',#3249,0.15);
#334=CIRCLE('',#3251,0.15);
#335=CIRCLE('',#3252,0.15);
#336=CIRCLE('',#3254,0.15);
#337=CIRCLE('',#3256,0.15);
#338=CIRCLE('',#3258,0.15);
#339=CIRCLE('',#3260,0.15);
#340=CIRCLE('',#3262,0.15);
#341=CIRCLE('',#3264,0.15);
#342=CIRCLE('',#3266,0.15);
#343=CIRCLE('',#3268,0.15);
#344=CIRCLE('',#3272,0.15);
#345=CIRCLE('',#3273,0.15);
#346=CIRCLE('',#3283,0.15);
#347=CIRCLE('',#3284,0.15);
#348=CIRCLE('',#3286,0.15);
#349=CIRCLE('',#3287,0.15);
#350=CIRCLE('',#3289,0.15);
#351=CIRCLE('',#3292,0.15);
#352=CIRCLE('',#3296,0.15);
#353=CIRCLE('',#3298,0.15);
#354=CIRCLE('',#3301,0.15);
#355=CIRCLE('',#3302,0.15);
#356=CIRCLE('',#3304,0.15);
#357=CIRCLE('',#3305,0.15);
#358=CIRCLE('',#3307,0.15);
#359=CIRCLE('',#3308,0.15);
#360=CIRCLE('',#3313,0.15);
#361=CIRCLE('',#3314,0.15);
#362=CIRCLE('',#3316,0.15);
#363=CIRCLE('',#3317,0.15);
#364=CIRCLE('',#3319,0.15);
#365=CIRCLE('',#3321,0.15);
#366=CIRCLE('',#3324,0.15);
#367=CIRCLE('',#3325,0.15);
#368=CIRCLE('',#3327,0.15);
#369=CIRCLE('',#3328,0.15);
#370=CIRCLE('',#3330,0.15);
#371=CIRCLE('',#3332,0.15);
#372=CIRCLE('',#3334,0.15);
#373=CIRCLE('',#3336,0.15);
#374=CIRCLE('',#3338,0.15);
#375=CIRCLE('',#3340,0.15);
#376=CIRCLE('',#3342,0.15);
#377=CIRCLE('',#3344,0.15);
#378=CIRCLE('',#3346,0.15);
#379=CIRCLE('',#3348,0.15);
#380=CIRCLE('',#3352,0.15);
#381=CIRCLE('',#3353,0.15);
#382=CIRCLE('',#3358,0.15);
#383=CIRCLE('',#3359,0.15);
#384=CIRCLE('',#3361,0.15);
#385=CIRCLE('',#3363,0.15);
#386=CIRCLE('',#3365,0.15);
#387=CIRCLE('',#3367,0.15);
#388=CIRCLE('',#3369,0.15);
#389=CIRCLE('',#3371,0.15);
#390=CIRCLE('',#3375,0.15);
#391=CIRCLE('',#3376,0.15);
#392=CIRCLE('',#3377,0.15);
#393=CIRCLE('',#3378,0.15);
#394=CIRCLE('',#3379,0.15);
#395=CIRCLE('',#3380,0.15);
#396=CIRCLE('',#3381,0.15);
#397=CIRCLE('',#3384,0.15);
#398=CIRCLE('',#3385,0.15);
#399=CIRCLE('',#3386,0.15);
#400=CIRCLE('',#3387,0.15);
#401=CIRCLE('',#3388,0.15);
#402=CIRCLE('',#3389,0.15);
#403=CIRCLE('',#3390,0.15);
#404=CIRCLE('',#3410,0.15);
#405=CIRCLE('',#3413,0.15);
#406=CIRCLE('',#3416,0.15);
#407=CIRCLE('',#3417,0.15);
#408=CIRCLE('',#3420,0.15);
#409=CIRCLE('',#3422,0.15);
#410=CIRCLE('',#3425,0.15);
#411=CIRCLE('',#3426,0.15);
#412=CIRCLE('',#3428,0.15);
#413=CIRCLE('',#3429,0.15);
#414=CIRCLE('',#3431,0.15);
#415=CIRCLE('',#3432,0.15);
#416=CIRCLE('',#3434,0.15);
#417=CIRCLE('',#3435,0.15);
#418=CIRCLE('',#3437,0.15);
#419=CIRCLE('',#3438,0.15);
#420=CIRCLE('',#3440,0.15);
#421=CIRCLE('',#3441,0.15);
#422=CIRCLE('',#3443,0.15);
#423=CIRCLE('',#3444,0.15);
#424=CIRCLE('',#3448,0.15);
#425=CIRCLE('',#3449,0.15);
#426=CIRCLE('',#3451,0.15);
#427=CIRCLE('',#3452,0.15);
#428=CIRCLE('',#3454,0.15);
#429=CIRCLE('',#3456,0.15);
#430=CIRCLE('',#3459,0.15);
#431=CIRCLE('',#3461,0.15);
#432=CIRCLE('',#3463,0.15);
#433=CIRCLE('',#3465,0.15);
#434=CIRCLE('',#3468,0.15);
#435=CIRCLE('',#3470,0.15);
#436=CIRCLE('',#3474,0.15);
#437=CIRCLE('',#3475,0.15);
#438=CIRCLE('',#3477,0.15);
#439=CIRCLE('',#3478,0.15);
#440=CIRCLE('',#3484,0.15);
#441=CIRCLE('',#3485,0.15);
#442=CIRCLE('',#3487,0.15);
#443=CIRCLE('',#3489,0.15);
#444=CIRCLE('',#3491,0.15);
#445=CIRCLE('',#3493,0.15);
#446=CIRCLE('',#3495,0.15);
#447=CIRCLE('',#3497,0.15);
#448=ADVANCED_FACE('',(#712),#662,.F.);
#449=ADVANCED_FACE('',(#713),#663,.F.);
#450=ADVANCED_FACE('',(#714),#664,.F.);
#451=ADVANCED_FACE('',(#715),#665,.T.);
#452=ADVANCED_FACE('',(#716),#666,.F.);
#453=ADVANCED_FACE('',(#717),#141,.T.);
#454=ADVANCED_FACE('',(#718),#142,.T.);
#455=ADVANCED_FACE('',(#719),#143,.T.);
#456=ADVANCED_FACE('',(#720),#144,.T.);
#457=ADVANCED_FACE('',(#721),#145,.T.);
#458=ADVANCED_FACE('',(#722),#146,.T.);
#459=ADVANCED_FACE('',(#723),#147,.T.);
#460=ADVANCED_FACE('',(#724),#133,.T.);
#461=ADVANCED_FACE('',(#725),#148,.F.);
#462=ADVANCED_FACE('',(#726),#134,.T.);
#463=ADVANCED_FACE('',(#727),#149,.T.);
#464=ADVANCED_FACE('',(#728),#80,.T.);
#465=ADVANCED_FACE('',(#729),#150,.T.);
#466=ADVANCED_FACE('',(#730),#667,.T.);
#467=ADVANCED_FACE('',(#731),#668,.F.);
#468=ADVANCED_FACE('',(#732),#151,.T.);
#469=ADVANCED_FACE('',(#733),#152,.T.);
#470=ADVANCED_FACE('',(#734),#81,.T.);
#471=ADVANCED_FACE('',(#735),#153,.T.);
#472=ADVANCED_FACE('',(#736),#82,.T.);
#473=ADVANCED_FACE('',(#737),#154,.T.);
#474=ADVANCED_FACE('',(#738),#83,.T.);
#475=ADVANCED_FACE('',(#739),#84,.T.);
#476=ADVANCED_FACE('',(#740),#155,.T.);
#477=ADVANCED_FACE('',(#741),#156,.T.);
#478=ADVANCED_FACE('',(#742),#157,.T.);
#479=ADVANCED_FACE('',(#743),#85,.T.);
#480=ADVANCED_FACE('',(#744),#86,.T.);
#481=ADVANCED_FACE('',(#745),#158,.T.);
#482=ADVANCED_FACE('',(#746),#669,.T.);
#483=ADVANCED_FACE('',(#747),#159,.T.);
#484=ADVANCED_FACE('',(#748),#160,.T.);
#485=ADVANCED_FACE('',(#749),#87,.T.);
#486=ADVANCED_FACE('',(#750),#88,.T.);
#487=ADVANCED_FACE('',(#751),#670,.T.);
#488=ADVANCED_FACE('',(#752),#671,.F.);
#489=ADVANCED_FACE('',(#753),#89,.T.);
#490=ADVANCED_FACE('',(#754),#90,.T.);
#491=ADVANCED_FACE('',(#755),#161,.T.);
#492=ADVANCED_FACE('',(#756),#162,.T.);
#493=ADVANCED_FACE('',(#757),#91,.T.);
#494=ADVANCED_FACE('',(#758),#92,.T.);
#495=ADVANCED_FACE('',(#759),#163,.T.);
#496=ADVANCED_FACE('',(#760),#164,.T.);
#497=ADVANCED_FACE('',(#761),#93,.T.);
#498=ADVANCED_FACE('',(#762),#672,.T.);
#499=ADVANCED_FACE('',(#763),#673,.T.);
#500=ADVANCED_FACE('',(#764),#674,.F.);
#501=ADVANCED_FACE('',(#765),#675,.T.);
#502=ADVANCED_FACE('',(#766),#676,.T.);
#503=ADVANCED_FACE('',(#767),#677,.F.);
#504=ADVANCED_FACE('',(#768),#165,.T.);
#505=ADVANCED_FACE('',(#769),#166,.T.);
#506=ADVANCED_FACE('',(#770),#167,.T.);
#507=ADVANCED_FACE('',(#771),#168,.T.);
#508=ADVANCED_FACE('',(#772),#169,.T.);
#509=ADVANCED_FACE('',(#773),#170,.T.);
#510=ADVANCED_FACE('',(#774),#171,.T.);
#511=ADVANCED_FACE('',(#775),#172,.T.);
#512=ADVANCED_FACE('',(#776),#31,.F.);
#513=ADVANCED_FACE('',(#777),#173,.F.);
#514=ADVANCED_FACE('',(#778),#135,.T.);
#515=ADVANCED_FACE('',(#779),#174,.T.);
#516=ADVANCED_FACE('',(#780),#94,.T.);
#517=ADVANCED_FACE('',(#781),#95,.T.);
#518=ADVANCED_FACE('',(#782),#678,.T.);
#519=ADVANCED_FACE('',(#783),#679,.F.);
#520=ADVANCED_FACE('',(#784),#680,.F.);
#521=ADVANCED_FACE('',(#785),#175,.T.);
#522=ADVANCED_FACE('',(#786),#176,.T.);
#523=ADVANCED_FACE('',(#787),#177,.T.);
#524=ADVANCED_FACE('',(#788),#96,.T.);
#525=ADVANCED_FACE('',(#789),#178,.T.);
#526=ADVANCED_FACE('',(#790),#97,.T.);
#527=ADVANCED_FACE('',(#791),#179,.T.);
#528=ADVANCED_FACE('',(#792),#98,.T.);
#529=ADVANCED_FACE('',(#793),#136,.T.);
#530=ADVANCED_FACE('',(#794),#180,.F.);
#531=ADVANCED_FACE('',(#795),#181,.T.);
#532=ADVANCED_FACE('',(#796),#99,.T.);
#533=ADVANCED_FACE('',(#797),#100,.T.);
#534=ADVANCED_FACE('',(#798),#182,.T.);
#535=ADVANCED_FACE('',(#799),#183,.T.);
#536=ADVANCED_FACE('',(#800),#184,.T.);
#537=ADVANCED_FACE('',(#801),#185,.T.);
#538=ADVANCED_FACE('',(#802),#101,.T.);
#539=ADVANCED_FACE('',(#803),#102,.T.);
#540=ADVANCED_FACE('',(#804),#186,.T.);
#541=ADVANCED_FACE('',(#805),#681,.T.);
#542=ADVANCED_FACE('',(#806),#187,.T.);
#543=ADVANCED_FACE('',(#807),#103,.T.);
#544=ADVANCED_FACE('',(#808),#104,.T.);
#545=ADVANCED_FACE('',(#809),#682,.F.);
#546=ADVANCED_FACE('',(#810),#683,.F.);
#547=ADVANCED_FACE('',(#811),#684,.F.);
#548=ADVANCED_FACE('',(#812),#685,.T.);
#549=ADVANCED_FACE('',(#813),#686,.T.);
#550=ADVANCED_FACE('',(#814),#687,.F.);
#551=ADVANCED_FACE('',(#815),#188,.T.);
#552=ADVANCED_FACE('',(#816),#189,.T.);
#553=ADVANCED_FACE('',(#817),#190,.T.);
#554=ADVANCED_FACE('',(#818),#191,.T.);
#555=ADVANCED_FACE('',(#819),#192,.T.);
#556=ADVANCED_FACE('',(#820),#193,.T.);
#557=ADVANCED_FACE('',(#821),#194,.T.);
#558=ADVANCED_FACE('',(#822),#195,.T.);
#559=ADVANCED_FACE('',(#823),#137,.T.);
#560=ADVANCED_FACE('',(#824),#196,.F.);
#561=ADVANCED_FACE('',(#825),#138,.T.);
#562=ADVANCED_FACE('',(#826),#688,.T.);
#563=ADVANCED_FACE('',(#827),#689,.F.);
#564=ADVANCED_FACE('',(#828),#690,.T.);
#565=ADVANCED_FACE('',(#829),#197,.T.);
#566=ADVANCED_FACE('',(#830),#198,.T.);
#567=ADVANCED_FACE('',(#831),#105,.T.);
#568=ADVANCED_FACE('',(#832),#199,.T.);
#569=ADVANCED_FACE('',(#833),#106,.T.);
#570=ADVANCED_FACE('',(#834),#200,.T.);
#571=ADVANCED_FACE('',(#835),#201,.T.);
#572=ADVANCED_FACE('',(#836),#107,.T.);
#573=ADVANCED_FACE('',(#837),#108,.T.);
#574=ADVANCED_FACE('',(#838),#109,.T.);
#575=ADVANCED_FACE('',(#839),#110,.T.);
#576=ADVANCED_FACE('',(#840),#202,.T.);
#577=ADVANCED_FACE('',(#841),#203,.T.);
#578=ADVANCED_FACE('',(#842),#204,.T.);
#579=ADVANCED_FACE('',(#843),#205,.T.);
#580=ADVANCED_FACE('',(#844),#111,.T.);
#581=ADVANCED_FACE('',(#845),#112,.T.);
#582=ADVANCED_FACE('',(#846),#206,.T.);
#583=ADVANCED_FACE('',(#847),#691,.T.);
#584=ADVANCED_FACE('',(#848),#207,.T.);
#585=ADVANCED_FACE('',(#849),#113,.T.);
#586=ADVANCED_FACE('',(#850),#114,.T.);
#587=ADVANCED_FACE('',(#851),#692,.T.);
#588=ADVANCED_FACE('',(#852),#115,.T.);
#589=ADVANCED_FACE('',(#853),#208,.T.);
#590=ADVANCED_FACE('',(#854),#209,.T.);
#591=ADVANCED_FACE('',(#855),#116,.T.);
#592=ADVANCED_FACE('',(#856),#117,.T.);
#593=ADVANCED_FACE('',(#857),#210,.T.);
#594=ADVANCED_FACE('',(#858),#211,.T.);
#595=ADVANCED_FACE('',(#859),#118,.T.);
#596=ADVANCED_FACE('',(#860),#693,.T.);
#597=ADVANCED_FACE('',(#861),#694,.T.);
#598=ADVANCED_FACE('',(#862),#695,.T.);
#599=ADVANCED_FACE('',(#863),#696,.F.);
#600=ADVANCED_FACE('',(#864),#697,.T.);
#601=ADVANCED_FACE('',(#865),#698,.T.);
#602=ADVANCED_FACE('',(#866),#212,.T.);
#603=ADVANCED_FACE('',(#867),#213,.T.);
#604=ADVANCED_FACE('',(#868),#214,.T.);
#605=ADVANCED_FACE('',(#869),#699,.T.);
#606=ADVANCED_FACE('',(#870),#700,.T.);
#607=ADVANCED_FACE('',(#871),#701,.T.);
#608=ADVANCED_FACE('',(#872),#215,.F.);
#609=ADVANCED_FACE('',(#873),#216,.F.);
#610=ADVANCED_FACE('',(#874),#217,.T.);
#611=ADVANCED_FACE('',(#875),#218,.T.);
#612=ADVANCED_FACE('',(#876),#702,.F.);
#613=ADVANCED_FACE('',(#877),#703,.F.);
#614=ADVANCED_FACE('',(#878),#704,.F.);
#615=ADVANCED_FACE('',(#879),#705,.F.);
#616=ADVANCED_FACE('',(#880),#706,.T.);
#617=ADVANCED_FACE('',(#881),#707,.F.);
#618=ADVANCED_FACE('',(#882),#219,.T.);
#619=ADVANCED_FACE('',(#883),#220,.T.);
#620=ADVANCED_FACE('',(#884),#221,.T.);
#621=ADVANCED_FACE('',(#885),#222,.T.);
#622=ADVANCED_FACE('',(#886),#223,.T.);
#623=ADVANCED_FACE('',(#887),#224,.T.);
#624=ADVANCED_FACE('',(#888),#225,.T.);
#625=ADVANCED_FACE('',(#889),#139,.T.);
#626=ADVANCED_FACE('',(#890),#226,.F.);
#627=ADVANCED_FACE('',(#891),#140,.T.);
#628=ADVANCED_FACE('',(#892),#227,.T.);
#629=ADVANCED_FACE('',(#893),#228,.T.);
#630=ADVANCED_FACE('',(#894),#229,.T.);
#631=ADVANCED_FACE('',(#895),#230,.T.);
#632=ADVANCED_FACE('',(#896),#708,.T.);
#633=ADVANCED_FACE('',(#897),#709,.F.);
#634=ADVANCED_FACE('',(#898),#231,.T.);
#635=ADVANCED_FACE('',(#899),#232,.T.);
#636=ADVANCED_FACE('',(#900),#119,.T.);
#637=ADVANCED_FACE('',(#901),#233,.T.);
#638=ADVANCED_FACE('',(#902),#120,.T.);
#639=ADVANCED_FACE('',(#903),#121,.T.);
#640=ADVANCED_FACE('',(#904),#122,.T.);
#641=ADVANCED_FACE('',(#905),#234,.T.);
#642=ADVANCED_FACE('',(#906),#235,.T.);
#643=ADVANCED_FACE('',(#907),#123,.T.);
#644=ADVANCED_FACE('',(#908),#124,.T.);
#645=ADVANCED_FACE('',(#909),#236,.T.);
#646=ADVANCED_FACE('',(#910),#125,.T.);
#647=ADVANCED_FACE('',(#911),#710,.T.);
#648=ADVANCED_FACE('',(#912),#237,.T.);
#649=ADVANCED_FACE('',(#913),#238,.T.);
#650=ADVANCED_FACE('',(#914),#126,.T.);
#651=ADVANCED_FACE('',(#915),#127,.T.);
#652=ADVANCED_FACE('',(#916),#711,.T.);
#653=ADVANCED_FACE('',(#917),#128,.T.);
#654=ADVANCED_FACE('',(#918),#129,.T.);
#655=ADVANCED_FACE('',(#919),#239,.T.);
#656=ADVANCED_FACE('',(#920),#240,.T.);
#657=ADVANCED_FACE('',(#921),#130,.T.);
#658=ADVANCED_FACE('',(#922),#131,.T.);
#659=ADVANCED_FACE('',(#923),#241,.T.);
#660=ADVANCED_FACE('',(#924),#242,.T.);
#661=ADVANCED_FACE('',(#925),#132,.T.);
#662=PLANE('',#3089);
#663=PLANE('',#3090);
#664=PLANE('',#3091);
#665=PLANE('',#3092);
#666=PLANE('',#3093);
#667=PLANE('',#3126);
#668=PLANE('',#3127);
#669=PLANE('',#3157);
#670=PLANE('',#3166);
#671=PLANE('',#3167);
#672=PLANE('',#3186);
#673=PLANE('',#3187);
#674=PLANE('',#3188);
#675=PLANE('',#3189);
#676=PLANE('',#3190);
#677=PLANE('',#3191);
#678=PLANE('',#3228);
#679=PLANE('',#3229);
#680=PLANE('',#3230);
#681=PLANE('',#3271);
#682=PLANE('',#3277);
#683=PLANE('',#3278);
#684=PLANE('',#3279);
#685=PLANE('',#3280);
#686=PLANE('',#3281);
#687=PLANE('',#3282);
#688=PLANE('',#3310);
#689=PLANE('',#3311);
#690=PLANE('',#3312);
#691=PLANE('',#3351);
#692=PLANE('',#3357);
#693=PLANE('',#3374);
#694=PLANE('',#3382);
#695=PLANE('',#3383);
#696=PLANE('',#3391);
#697=PLANE('',#3392);
#698=PLANE('',#3393);
#699=PLANE('',#3397);
#700=PLANE('',#3398);
#701=PLANE('',#3399);
#702=PLANE('',#3404);
#703=PLANE('',#3405);
#704=PLANE('',#3406);
#705=PLANE('',#3407);
#706=PLANE('',#3408);
#707=PLANE('',#3409);
#708=PLANE('',#3446);
#709=PLANE('',#3447);
#710=PLANE('',#3473);
#711=PLANE('',#3482);
#712=FACE_OUTER_BOUND('',#926,.T.);
#713=FACE_OUTER_BOUND('',#927,.T.);
#714=FACE_OUTER_BOUND('',#928,.T.);
#715=FACE_OUTER_BOUND('',#929,.T.);
#716=FACE_OUTER_BOUND('',#930,.T.);
#717=FACE_OUTER_BOUND('',#931,.T.);
#718=FACE_OUTER_BOUND('',#932,.T.);
#719=FACE_OUTER_BOUND('',#933,.T.);
#720=FACE_OUTER_BOUND('',#934,.T.);
#721=FACE_OUTER_BOUND('',#935,.T.);
#722=FACE_OUTER_BOUND('',#936,.T.);
#723=FACE_OUTER_BOUND('',#937,.T.);
#724=FACE_OUTER_BOUND('',#938,.T.);
#725=FACE_OUTER_BOUND('',#939,.T.);
#726=FACE_OUTER_BOUND('',#940,.T.);
#727=FACE_OUTER_BOUND('',#941,.T.);
#728=FACE_OUTER_BOUND('',#942,.T.);
#729=FACE_OUTER_BOUND('',#943,.T.);
#730=FACE_OUTER_BOUND('',#944,.T.);
#731=FACE_OUTER_BOUND('',#945,.T.);
#732=FACE_OUTER_BOUND('',#946,.T.);
#733=FACE_OUTER_BOUND('',#947,.T.);
#734=FACE_OUTER_BOUND('',#948,.T.);
#735=FACE_OUTER_BOUND('',#949,.T.);
#736=FACE_OUTER_BOUND('',#950,.T.);
#737=FACE_OUTER_BOUND('',#951,.T.);
#738=FACE_OUTER_BOUND('',#952,.T.);
#739=FACE_OUTER_BOUND('',#953,.T.);
#740=FACE_OUTER_BOUND('',#954,.T.);
#741=FACE_OUTER_BOUND('',#955,.T.);
#742=FACE_OUTER_BOUND('',#956,.T.);
#743=FACE_OUTER_BOUND('',#957,.T.);
#744=FACE_OUTER_BOUND('',#958,.T.);
#745=FACE_OUTER_BOUND('',#959,.T.);
#746=FACE_OUTER_BOUND('',#960,.T.);
#747=FACE_OUTER_BOUND('',#961,.T.);
#748=FACE_OUTER_BOUND('',#962,.T.);
#749=FACE_OUTER_BOUND('',#963,.T.);
#750=FACE_OUTER_BOUND('',#964,.T.);
#751=FACE_OUTER_BOUND('',#965,.T.);
#752=FACE_OUTER_BOUND('',#966,.T.);
#753=FACE_OUTER_BOUND('',#967,.T.);
#754=FACE_OUTER_BOUND('',#968,.T.);
#755=FACE_OUTER_BOUND('',#969,.T.);
#756=FACE_OUTER_BOUND('',#970,.T.);
#757=FACE_OUTER_BOUND('',#971,.T.);
#758=FACE_OUTER_BOUND('',#972,.T.);
#759=FACE_OUTER_BOUND('',#973,.T.);
#760=FACE_OUTER_BOUND('',#974,.T.);
#761=FACE_OUTER_BOUND('',#975,.T.);
#762=FACE_OUTER_BOUND('',#976,.T.);
#763=FACE_OUTER_BOUND('',#977,.T.);
#764=FACE_OUTER_BOUND('',#978,.T.);
#765=FACE_OUTER_BOUND('',#979,.T.);
#766=FACE_OUTER_BOUND('',#980,.T.);
#767=FACE_OUTER_BOUND('',#981,.T.);
#768=FACE_OUTER_BOUND('',#982,.T.);
#769=FACE_OUTER_BOUND('',#983,.T.);
#770=FACE_OUTER_BOUND('',#984,.T.);
#771=FACE_OUTER_BOUND('',#985,.T.);
#772=FACE_OUTER_BOUND('',#986,.T.);
#773=FACE_OUTER_BOUND('',#987,.T.);
#774=FACE_OUTER_BOUND('',#988,.T.);
#775=FACE_OUTER_BOUND('',#989,.T.);
#776=FACE_OUTER_BOUND('',#990,.T.);
#777=FACE_OUTER_BOUND('',#991,.T.);
#778=FACE_OUTER_BOUND('',#992,.T.);
#779=FACE_OUTER_BOUND('',#993,.T.);
#780=FACE_OUTER_BOUND('',#994,.T.);
#781=FACE_OUTER_BOUND('',#995,.T.);
#782=FACE_OUTER_BOUND('',#996,.T.);
#783=FACE_OUTER_BOUND('',#997,.T.);
#784=FACE_OUTER_BOUND('',#998,.T.);
#785=FACE_OUTER_BOUND('',#999,.T.);
#786=FACE_OUTER_BOUND('',#1000,.T.);
#787=FACE_OUTER_BOUND('',#1001,.T.);
#788=FACE_OUTER_BOUND('',#1002,.T.);
#789=FACE_OUTER_BOUND('',#1003,.T.);
#790=FACE_OUTER_BOUND('',#1004,.T.);
#791=FACE_OUTER_BOUND('',#1005,.T.);
#792=FACE_OUTER_BOUND('',#1006,.T.);
#793=FACE_OUTER_BOUND('',#1007,.T.);
#794=FACE_OUTER_BOUND('',#1008,.T.);
#795=FACE_OUTER_BOUND('',#1009,.T.);
#796=FACE_OUTER_BOUND('',#1010,.T.);
#797=FACE_OUTER_BOUND('',#1011,.T.);
#798=FACE_OUTER_BOUND('',#1012,.T.);
#799=FACE_OUTER_BOUND('',#1013,.T.);
#800=FACE_OUTER_BOUND('',#1014,.T.);
#801=FACE_OUTER_BOUND('',#1015,.T.);
#802=FACE_OUTER_BOUND('',#1016,.T.);
#803=FACE_OUTER_BOUND('',#1017,.T.);
#804=FACE_OUTER_BOUND('',#1018,.T.);
#805=FACE_OUTER_BOUND('',#1019,.T.);
#806=FACE_OUTER_BOUND('',#1020,.T.);
#807=FACE_OUTER_BOUND('',#1021,.T.);
#808=FACE_OUTER_BOUND('',#1022,.T.);
#809=FACE_OUTER_BOUND('',#1023,.T.);
#810=FACE_OUTER_BOUND('',#1024,.T.);
#811=FACE_OUTER_BOUND('',#1025,.T.);
#812=FACE_OUTER_BOUND('',#1026,.T.);
#813=FACE_OUTER_BOUND('',#1027,.T.);
#814=FACE_OUTER_BOUND('',#1028,.T.);
#815=FACE_OUTER_BOUND('',#1029,.T.);
#816=FACE_OUTER_BOUND('',#1030,.T.);
#817=FACE_OUTER_BOUND('',#1031,.T.);
#818=FACE_OUTER_BOUND('',#1032,.T.);
#819=FACE_OUTER_BOUND('',#1033,.T.);
#820=FACE_OUTER_BOUND('',#1034,.T.);
#821=FACE_OUTER_BOUND('',#1035,.T.);
#822=FACE_OUTER_BOUND('',#1036,.T.);
#823=FACE_OUTER_BOUND('',#1037,.T.);
#824=FACE_OUTER_BOUND('',#1038,.T.);
#825=FACE_OUTER_BOUND('',#1039,.T.);
#826=FACE_OUTER_BOUND('',#1040,.T.);
#827=FACE_OUTER_BOUND('',#1041,.T.);
#828=FACE_OUTER_BOUND('',#1042,.T.);
#829=FACE_OUTER_BOUND('',#1043,.T.);
#830=FACE_OUTER_BOUND('',#1044,.T.);
#831=FACE_OUTER_BOUND('',#1045,.T.);
#832=FACE_OUTER_BOUND('',#1046,.T.);
#833=FACE_OUTER_BOUND('',#1047,.T.);
#834=FACE_OUTER_BOUND('',#1048,.T.);
#835=FACE_OUTER_BOUND('',#1049,.T.);
#836=FACE_OUTER_BOUND('',#1050,.T.);
#837=FACE_OUTER_BOUND('',#1051,.T.);
#838=FACE_OUTER_BOUND('',#1052,.T.);
#839=FACE_OUTER_BOUND('',#1053,.T.);
#840=FACE_OUTER_BOUND('',#1054,.T.);
#841=FACE_OUTER_BOUND('',#1055,.T.);
#842=FACE_OUTER_BOUND('',#1056,.T.);
#843=FACE_OUTER_BOUND('',#1057,.T.);
#844=FACE_OUTER_BOUND('',#1058,.T.);
#845=FACE_OUTER_BOUND('',#1059,.T.);
#846=FACE_OUTER_BOUND('',#1060,.T.);
#847=FACE_OUTER_BOUND('',#1061,.T.);
#848=FACE_OUTER_BOUND('',#1062,.T.);
#849=FACE_OUTER_BOUND('',#1063,.T.);
#850=FACE_OUTER_BOUND('',#1064,.T.);
#851=FACE_OUTER_BOUND('',#1065,.T.);
#852=FACE_OUTER_BOUND('',#1066,.T.);
#853=FACE_OUTER_BOUND('',#1067,.T.);
#854=FACE_OUTER_BOUND('',#1068,.T.);
#855=FACE_OUTER_BOUND('',#1069,.T.);
#856=FACE_OUTER_BOUND('',#1070,.T.);
#857=FACE_OUTER_BOUND('',#1071,.T.);
#858=FACE_OUTER_BOUND('',#1072,.T.);
#859=FACE_OUTER_BOUND('',#1073,.T.);
#860=FACE_OUTER_BOUND('',#1074,.T.);
#861=FACE_OUTER_BOUND('',#1075,.T.);
#862=FACE_OUTER_BOUND('',#1076,.T.);
#863=FACE_OUTER_BOUND('',#1077,.T.);
#864=FACE_OUTER_BOUND('',#1078,.T.);
#865=FACE_OUTER_BOUND('',#1079,.T.);
#866=FACE_OUTER_BOUND('',#1080,.T.);
#867=FACE_OUTER_BOUND('',#1081,.T.);
#868=FACE_OUTER_BOUND('',#1082,.T.);
#869=FACE_OUTER_BOUND('',#1083,.T.);
#870=FACE_OUTER_BOUND('',#1084,.T.);
#871=FACE_OUTER_BOUND('',#1085,.T.);
#872=FACE_OUTER_BOUND('',#1086,.T.);
#873=FACE_OUTER_BOUND('',#1087,.T.);
#874=FACE_OUTER_BOUND('',#1088,.T.);
#875=FACE_OUTER_BOUND('',#1089,.T.);
#876=FACE_OUTER_BOUND('',#1090,.T.);
#877=FACE_OUTER_BOUND('',#1091,.T.);
#878=FACE_OUTER_BOUND('',#1092,.T.);
#879=FACE_OUTER_BOUND('',#1093,.T.);
#880=FACE_OUTER_BOUND('',#1094,.T.);
#881=FACE_OUTER_BOUND('',#1095,.T.);
#882=FACE_OUTER_BOUND('',#1096,.T.);
#883=FACE_OUTER_BOUND('',#1097,.T.);
#884=FACE_OUTER_BOUND('',#1098,.T.);
#885=FACE_OUTER_BOUND('',#1099,.T.);
#886=FACE_OUTER_BOUND('',#1100,.T.);
#887=FACE_OUTER_BOUND('',#1101,.T.);
#888=FACE_OUTER_BOUND('',#1102,.T.);
#889=FACE_OUTER_BOUND('',#1103,.T.);
#890=FACE_OUTER_BOUND('',#1104,.T.);
#891=FACE_OUTER_BOUND('',#1105,.T.);
#892=FACE_OUTER_BOUND('',#1106,.T.);
#893=FACE_OUTER_BOUND('',#1107,.T.);
#894=FACE_OUTER_BOUND('',#1108,.T.);
#895=FACE_OUTER_BOUND('',#1109,.T.);
#896=FACE_OUTER_BOUND('',#1110,.T.);
#897=FACE_OUTER_BOUND('',#1111,.T.);
#898=FACE_OUTER_BOUND('',#1112,.T.);
#899=FACE_OUTER_BOUND('',#1113,.T.);
#900=FACE_OUTER_BOUND('',#1114,.T.);
#901=FACE_OUTER_BOUND('',#1115,.T.);
#902=FACE_OUTER_BOUND('',#1116,.T.);
#903=FACE_OUTER_BOUND('',#1117,.T.);
#904=FACE_OUTER_BOUND('',#1118,.T.);
#905=FACE_OUTER_BOUND('',#1119,.T.);
#906=FACE_OUTER_BOUND('',#1120,.T.);
#907=FACE_OUTER_BOUND('',#1121,.T.);
#908=FACE_OUTER_BOUND('',#1122,.T.);
#909=FACE_OUTER_BOUND('',#1123,.T.);
#910=FACE_OUTER_BOUND('',#1124,.T.);
#911=FACE_OUTER_BOUND('',#1125,.T.);
#912=FACE_OUTER_BOUND('',#1126,.T.);
#913=FACE_OUTER_BOUND('',#1127,.T.);
#914=FACE_OUTER_BOUND('',#1128,.T.);
#915=FACE_OUTER_BOUND('',#1129,.T.);
#916=FACE_OUTER_BOUND('',#1130,.T.);
#917=FACE_OUTER_BOUND('',#1131,.T.);
#918=FACE_OUTER_BOUND('',#1132,.T.);
#919=FACE_OUTER_BOUND('',#1133,.T.);
#920=FACE_OUTER_BOUND('',#1134,.T.);
#921=FACE_OUTER_BOUND('',#1135,.T.);
#922=FACE_OUTER_BOUND('',#1136,.T.);
#923=FACE_OUTER_BOUND('',#1137,.T.);
#924=FACE_OUTER_BOUND('',#1138,.T.);
#925=FACE_OUTER_BOUND('',#1139,.T.);
#926=EDGE_LOOP('',(#1140,#1141,#1142,#1143,#1144,#1145,#1146,#1147));
#927=EDGE_LOOP('',(#1148,#1149,#1150,#1151,#1152,#1153,#1154,#1155));
#928=EDGE_LOOP('',(#1156,#1157,#1158,#1159));
#929=EDGE_LOOP('',(#1160,#1161,#1162,#1163));
#930=EDGE_LOOP('',(#1164,#1165,#1166,#1167));
#931=EDGE_LOOP('',(#1168,#1169,#1170,#1171));
#932=EDGE_LOOP('',(#1172,#1173,#1174,#1175));
#933=EDGE_LOOP('',(#1176,#1177,#1178,#1179));
#934=EDGE_LOOP('',(#1180,#1181,#1182,#1183));
#935=EDGE_LOOP('',(#1184,#1185,#1186,#1187));
#936=EDGE_LOOP('',(#1188,#1189,#1190,#1191));
#937=EDGE_LOOP('',(#1192,#1193,#1194,#1195));
#938=EDGE_LOOP('',(#1196,#1197,#1198));
#939=EDGE_LOOP('',(#1199,#1200,#1201,#1202));
#940=EDGE_LOOP('',(#1203,#1204,#1205));
#941=EDGE_LOOP('',(#1206,#1207,#1208,#1209));
#942=EDGE_LOOP('',(#1210,#1211,#1212));
#943=EDGE_LOOP('',(#1213,#1214,#1215,#1216));
#944=EDGE_LOOP('',(#1217,#1218,#1219,#1220));
#945=EDGE_LOOP('',(#1221,#1222,#1223,#1224));
#946=EDGE_LOOP('',(#1225,#1226,#1227,#1228));
#947=EDGE_LOOP('',(#1229,#1230,#1231,#1232));
#948=EDGE_LOOP('',(#1233,#1234,#1235));
#949=EDGE_LOOP('',(#1236,#1237,#1238,#1239));
#950=EDGE_LOOP('',(#1240,#1241,#1242));
#951=EDGE_LOOP('',(#1243,#1244,#1245,#1246));
#952=EDGE_LOOP('',(#1247,#1248,#1249));
#953=EDGE_LOOP('',(#1250,#1251,#1252));
#954=EDGE_LOOP('',(#1253,#1254,#1255,#1256));
#955=EDGE_LOOP('',(#1257,#1258,#1259,#1260));
#956=EDGE_LOOP('',(#1261,#1262,#1263,#1264));
#957=EDGE_LOOP('',(#1265,#1266,#1267));
#958=EDGE_LOOP('',(#1268,#1269,#1270));
#959=EDGE_LOOP('',(#1271,#1272,#1273,#1274));
#960=EDGE_LOOP('',(#1275,#1276,#1277,#1278));
#961=EDGE_LOOP('',(#1279,#1280,#1281,#1282));
#962=EDGE_LOOP('',(#1283,#1284,#1285,#1286));
#963=EDGE_LOOP('',(#1287,#1288,#1289));
#964=EDGE_LOOP('',(#1290,#1291,#1292));
#965=EDGE_LOOP('',(#1293,#1294,#1295,#1296));
#966=EDGE_LOOP('',(#1297,#1298,#1299,#1300));
#967=EDGE_LOOP('',(#1301,#1302,#1303));
#968=EDGE_LOOP('',(#1304,#1305,#1306));
#969=EDGE_LOOP('',(#1307,#1308,#1309,#1310));
#970=EDGE_LOOP('',(#1311,#1312,#1313,#1314));
#971=EDGE_LOOP('',(#1315,#1316,#1317));
#972=EDGE_LOOP('',(#1318,#1319,#1320));
#973=EDGE_LOOP('',(#1321,#1322,#1323,#1324));
#974=EDGE_LOOP('',(#1325,#1326,#1327,#1328));
#975=EDGE_LOOP('',(#1329,#1330,#1331));
#976=EDGE_LOOP('',(#1332,#1333,#1334,#1335,#1336,#1337,#1338));
#977=EDGE_LOOP('',(#1339,#1340,#1341,#1342,#1343));
#978=EDGE_LOOP('',(#1344,#1345,#1346,#1347,#1348,#1349,#1350,#1351));
#979=EDGE_LOOP('',(#1352,#1353,#1354,#1355));
#980=EDGE_LOOP('',(#1356,#1357,#1358,#1359,#1360));
#981=EDGE_LOOP('',(#1361,#1362,#1363,#1364));
#982=EDGE_LOOP('',(#1365,#1366,#1367,#1368));
#983=EDGE_LOOP('',(#1369,#1370,#1371,#1372));
#984=EDGE_LOOP('',(#1373,#1374,#1375,#1376));
#985=EDGE_LOOP('',(#1377,#1378,#1379,#1380));
#986=EDGE_LOOP('',(#1381,#1382,#1383,#1384));
#987=EDGE_LOOP('',(#1385,#1386,#1387,#1388));
#988=EDGE_LOOP('',(#1389,#1390,#1391,#1392));
#989=EDGE_LOOP('',(#1393,#1394,#1395,#1396));
#990=EDGE_LOOP('',(#1397,#1398,#1399,#1400));
#991=EDGE_LOOP('',(#1401,#1402,#1403,#1404));
#992=EDGE_LOOP('',(#1405,#1406,#1407));
#993=EDGE_LOOP('',(#1408,#1409,#1410,#1411));
#994=EDGE_LOOP('',(#1412,#1413,#1414));
#995=EDGE_LOOP('',(#1415,#1416,#1417));
#996=EDGE_LOOP('',(#1418,#1419,#1420,#1421,#1422,#1423));
#997=EDGE_LOOP('',(#1424,#1425,#1426,#1427));
#998=EDGE_LOOP('',(#1428,#1429,#1430,#1431));
#999=EDGE_LOOP('',(#1432,#1433,#1434,#1435));
#1000=EDGE_LOOP('',(#1436,#1437,#1438,#1439));
#1001=EDGE_LOOP('',(#1440,#1441,#1442,#1443));
#1002=EDGE_LOOP('',(#1444,#1445,#1446));
#1003=EDGE_LOOP('',(#1447,#1448,#1449,#1450));
#1004=EDGE_LOOP('',(#1451,#1452,#1453));
#1005=EDGE_LOOP('',(#1454,#1455,#1456,#1457));
#1006=EDGE_LOOP('',(#1458,#1459,#1460));
#1007=EDGE_LOOP('',(#1461,#1462,#1463));
#1008=EDGE_LOOP('',(#1464,#1465,#1466,#1467));
#1009=EDGE_LOOP('',(#1468,#1469,#1470,#1471));
#1010=EDGE_LOOP('',(#1472,#1473,#1474));
#1011=EDGE_LOOP('',(#1475,#1476,#1477));
#1012=EDGE_LOOP('',(#1478,#1479,#1480,#1481));
#1013=EDGE_LOOP('',(#1482,#1483,#1484,#1485));
#1014=EDGE_LOOP('',(#1486,#1487,#1488,#1489));
#1015=EDGE_LOOP('',(#1490,#1491,#1492,#1493));
#1016=EDGE_LOOP('',(#1494,#1495,#1496));
#1017=EDGE_LOOP('',(#1497,#1498,#1499));
#1018=EDGE_LOOP('',(#1500,#1501,#1502,#1503));
#1019=EDGE_LOOP('',(#1504,#1505,#1506,#1507,#1508,#1509,#1510,#1511));
#1020=EDGE_LOOP('',(#1512,#1513,#1514,#1515));
#1021=EDGE_LOOP('',(#1516,#1517,#1518));
#1022=EDGE_LOOP('',(#1519,#1520,#1521));
#1023=EDGE_LOOP('',(#1522,#1523,#1524,#1525));
#1024=EDGE_LOOP('',(#1526,#1527,#1528,#1529,#1530,#1531,#1532));
#1025=EDGE_LOOP('',(#1533,#1534,#1535,#1536,#1537));
#1026=EDGE_LOOP('',(#1538,#1539,#1540,#1541,#1542,#1543,#1544));
#1027=EDGE_LOOP('',(#1545,#1546,#1547,#1548));
#1028=EDGE_LOOP('',(#1549,#1550,#1551,#1552));
#1029=EDGE_LOOP('',(#1553,#1554,#1555,#1556));
#1030=EDGE_LOOP('',(#1557,#1558,#1559,#1560));
#1031=EDGE_LOOP('',(#1561,#1562,#1563,#1564));
#1032=EDGE_LOOP('',(#1565,#1566,#1567,#1568));
#1033=EDGE_LOOP('',(#1569,#1570,#1571,#1572));
#1034=EDGE_LOOP('',(#1573,#1574,#1575,#1576));
#1035=EDGE_LOOP('',(#1577,#1578,#1579,#1580));
#1036=EDGE_LOOP('',(#1581,#1582,#1583,#1584));
#1037=EDGE_LOOP('',(#1585,#1586,#1587));
#1038=EDGE_LOOP('',(#1588,#1589,#1590,#1591));
#1039=EDGE_LOOP('',(#1592,#1593,#1594));
#1040=EDGE_LOOP('',(#1595,#1596,#1597,#1598,#1599));
#1041=EDGE_LOOP('',(#1600,#1601,#1602,#1603));
#1042=EDGE_LOOP('',(#1604,#1605,#1606,#1607));
#1043=EDGE_LOOP('',(#1608,#1609,#1610,#1611));
#1044=EDGE_LOOP('',(#1612,#1613,#1614,#1615));
#1045=EDGE_LOOP('',(#1616,#1617,#1618));
#1046=EDGE_LOOP('',(#1619,#1620,#1621,#1622));
#1047=EDGE_LOOP('',(#1623,#1624,#1625));
#1048=EDGE_LOOP('',(#1626,#1627,#1628,#1629));
#1049=EDGE_LOOP('',(#1630,#1631,#1632,#1633));
#1050=EDGE_LOOP('',(#1634,#1635,#1636));
#1051=EDGE_LOOP('',(#1637,#1638,#1639));
#1052=EDGE_LOOP('',(#1640,#1641,#1642));
#1053=EDGE_LOOP('',(#1643,#1644,#1645));
#1054=EDGE_LOOP('',(#1646,#1647,#1648,#1649));
#1055=EDGE_LOOP('',(#1650,#1651,#1652,#1653));
#1056=EDGE_LOOP('',(#1654,#1655,#1656,#1657));
#1057=EDGE_LOOP('',(#1658,#1659,#1660,#1661));
#1058=EDGE_LOOP('',(#1662,#1663,#1664));
#1059=EDGE_LOOP('',(#1665,#1666,#1667));
#1060=EDGE_LOOP('',(#1668,#1669,#1670,#1671));
#1061=EDGE_LOOP('',(#1672,#1673,#1674,#1675));
#1062=EDGE_LOOP('',(#1676,#1677,#1678,#1679));
#1063=EDGE_LOOP('',(#1680,#1681,#1682));
#1064=EDGE_LOOP('',(#1683,#1684,#1685));
#1065=EDGE_LOOP('',(#1686,#1687,#1688,#1689));
#1066=EDGE_LOOP('',(#1690,#1691,#1692));
#1067=EDGE_LOOP('',(#1693,#1694,#1695,#1696));
#1068=EDGE_LOOP('',(#1697,#1698,#1699,#1700));
#1069=EDGE_LOOP('',(#1701,#1702,#1703));
#1070=EDGE_LOOP('',(#1704,#1705,#1706));
#1071=EDGE_LOOP('',(#1707,#1708,#1709,#1710));
#1072=EDGE_LOOP('',(#1711,#1712,#1713,#1714));
#1073=EDGE_LOOP('',(#1715,#1716,#1717));
#1074=EDGE_LOOP('',(#1718,#1719,#1720,#1721));
#1075=EDGE_LOOP('',(#1722,#1723,#1724,#1725,#1726,#1727,#1728,#1729,#1730,
#1731,#1732,#1733,#1734,#1735));
#1076=EDGE_LOOP('',(#1736,#1737,#1738,#1739));
#1077=EDGE_LOOP('',(#1740,#1741,#1742,#1743,#1744,#1745,#1746,#1747,#1748,
#1749,#1750,#1751,#1752,#1753));
#1078=EDGE_LOOP('',(#1754,#1755,#1756,#1757));
#1079=EDGE_LOOP('',(#1758,#1759,#1760,#1761));
#1080=EDGE_LOOP('',(#1762,#1763,#1764,#1765));
#1081=EDGE_LOOP('',(#1766,#1767,#1768,#1769));
#1082=EDGE_LOOP('',(#1770,#1771,#1772,#1773));
#1083=EDGE_LOOP('',(#1774,#1775,#1776,#1777));
#1084=EDGE_LOOP('',(#1778,#1779,#1780,#1781));
#1085=EDGE_LOOP('',(#1782,#1783,#1784,#1785));
#1086=EDGE_LOOP('',(#1786,#1787,#1788,#1789));
#1087=EDGE_LOOP('',(#1790,#1791,#1792,#1793));
#1088=EDGE_LOOP('',(#1794,#1795,#1796,#1797));
#1089=EDGE_LOOP('',(#1798,#1799,#1800,#1801));
#1090=EDGE_LOOP('',(#1802,#1803,#1804,#1805,#1806,#1807,#1808,#1809));
#1091=EDGE_LOOP('',(#1810,#1811,#1812,#1813,#1814));
#1092=EDGE_LOOP('',(#1815,#1816,#1817,#1818,#1819,#1820,#1821));
#1093=EDGE_LOOP('',(#1822,#1823,#1824));
#1094=EDGE_LOOP('',(#1825,#1826,#1827,#1828));
#1095=EDGE_LOOP('',(#1829,#1830,#1831,#1832));
#1096=EDGE_LOOP('',(#1833,#1834,#1835,#1836));
#1097=EDGE_LOOP('',(#1837,#1838,#1839,#1840));
#1098=EDGE_LOOP('',(#1841,#1842,#1843,#1844));
#1099=EDGE_LOOP('',(#1845,#1846,#1847,#1848));
#1100=EDGE_LOOP('',(#1849,#1850,#1851,#1852));
#1101=EDGE_LOOP('',(#1853,#1854,#1855,#1856));
#1102=EDGE_LOOP('',(#1857,#1858,#1859,#1860));
#1103=EDGE_LOOP('',(#1861,#1862,#1863));
#1104=EDGE_LOOP('',(#1864,#1865,#1866,#1867));
#1105=EDGE_LOOP('',(#1868,#1869,#1870));
#1106=EDGE_LOOP('',(#1871,#1872,#1873,#1874));
#1107=EDGE_LOOP('',(#1875,#1876,#1877,#1878));
#1108=EDGE_LOOP('',(#1879,#1880,#1881,#1882));
#1109=EDGE_LOOP('',(#1883,#1884,#1885,#1886));
#1110=EDGE_LOOP('',(#1887,#1888,#1889,#1890));
#1111=EDGE_LOOP('',(#1891,#1892,#1893,#1894,#1895));
#1112=EDGE_LOOP('',(#1896,#1897,#1898,#1899));
#1113=EDGE_LOOP('',(#1900,#1901,#1902,#1903));
#1114=EDGE_LOOP('',(#1904,#1905,#1906));
#1115=EDGE_LOOP('',(#1907,#1908,#1909,#1910));
#1116=EDGE_LOOP('',(#1911,#1912,#1913));
#1117=EDGE_LOOP('',(#1914,#1915,#1916));
#1118=EDGE_LOOP('',(#1917,#1918,#1919));
#1119=EDGE_LOOP('',(#1920,#1921,#1922,#1923));
#1120=EDGE_LOOP('',(#1924,#1925,#1926,#1927));
#1121=EDGE_LOOP('',(#1928,#1929,#1930));
#1122=EDGE_LOOP('',(#1931,#1932,#1933));
#1123=EDGE_LOOP('',(#1934,#1935,#1936,#1937));
#1124=EDGE_LOOP('',(#1938,#1939,#1940));
#1125=EDGE_LOOP('',(#1941,#1942,#1943,#1944));
#1126=EDGE_LOOP('',(#1945,#1946,#1947,#1948));
#1127=EDGE_LOOP('',(#1949,#1950,#1951,#1952));
#1128=EDGE_LOOP('',(#1953,#1954,#1955));
#1129=EDGE_LOOP('',(#1956,#1957,#1958));
#1130=EDGE_LOOP('',(#1959,#1960,#1961,#1962));
#1131=EDGE_LOOP('',(#1963,#1964,#1965));
#1132=EDGE_LOOP('',(#1966,#1967,#1968));
#1133=EDGE_LOOP('',(#1969,#1970,#1971,#1972));
#1134=EDGE_LOOP('',(#1973,#1974,#1975,#1976));
#1135=EDGE_LOOP('',(#1977,#1978,#1979));
#1136=EDGE_LOOP('',(#1980,#1981,#1982));
#1137=EDGE_LOOP('',(#1983,#1984,#1985,#1986));
#1138=EDGE_LOOP('',(#1987,#1988,#1989,#1990));
#1139=EDGE_LOOP('',(#1991,#1992,#1993));
#1140=ORIENTED_EDGE('',*,*,#2217,.T.);
#1141=ORIENTED_EDGE('',*,*,#2218,.T.);
#1142=ORIENTED_EDGE('',*,*,#2219,.T.);
#1143=ORIENTED_EDGE('',*,*,#2220,.T.);
#1144=ORIENTED_EDGE('',*,*,#2221,.T.);
#1145=ORIENTED_EDGE('',*,*,#2222,.T.);
#1146=ORIENTED_EDGE('',*,*,#2223,.T.);
#1147=ORIENTED_EDGE('',*,*,#2224,.T.);
#1148=ORIENTED_EDGE('',*,*,#2225,.T.);
#1149=ORIENTED_EDGE('',*,*,#2226,.T.);
#1150=ORIENTED_EDGE('',*,*,#2227,.T.);
#1151=ORIENTED_EDGE('',*,*,#2228,.T.);
#1152=ORIENTED_EDGE('',*,*,#2229,.T.);
#1153=ORIENTED_EDGE('',*,*,#2230,.T.);
#1154=ORIENTED_EDGE('',*,*,#2231,.T.);
#1155=ORIENTED_EDGE('',*,*,#2232,.T.);
#1156=ORIENTED_EDGE('',*,*,#2233,.T.);
#1157=ORIENTED_EDGE('',*,*,#2234,.T.);
#1158=ORIENTED_EDGE('',*,*,#2235,.T.);
#1159=ORIENTED_EDGE('',*,*,#2236,.T.);
#1160=ORIENTED_EDGE('',*,*,#2237,.T.);
#1161=ORIENTED_EDGE('',*,*,#2238,.T.);
#1162=ORIENTED_EDGE('',*,*,#2239,.T.);
#1163=ORIENTED_EDGE('',*,*,#2240,.T.);
#1164=ORIENTED_EDGE('',*,*,#2241,.T.);
#1165=ORIENTED_EDGE('',*,*,#2242,.T.);
#1166=ORIENTED_EDGE('',*,*,#2243,.T.);
#1167=ORIENTED_EDGE('',*,*,#2244,.T.);
#1168=ORIENTED_EDGE('',*,*,#2243,.F.);
#1169=ORIENTED_EDGE('',*,*,#2245,.T.);
#1170=ORIENTED_EDGE('',*,*,#2225,.F.);
#1171=ORIENTED_EDGE('',*,*,#2246,.T.);
#1172=ORIENTED_EDGE('',*,*,#2219,.F.);
#1173=ORIENTED_EDGE('',*,*,#2247,.T.);
#1174=ORIENTED_EDGE('',*,*,#2241,.F.);
#1175=ORIENTED_EDGE('',*,*,#2248,.T.);
#1176=ORIENTED_EDGE('',*,*,#2221,.F.);
#1177=ORIENTED_EDGE('',*,*,#2249,.T.);
#1178=ORIENTED_EDGE('',*,*,#2250,.F.);
#1179=ORIENTED_EDGE('',*,*,#2251,.T.);
#1180=ORIENTED_EDGE('',*,*,#2252,.T.);
#1181=ORIENTED_EDGE('',*,*,#2253,.F.);
#1182=ORIENTED_EDGE('',*,*,#2254,.F.);
#1183=ORIENTED_EDGE('',*,*,#2220,.F.);
#1184=ORIENTED_EDGE('',*,*,#2232,.F.);
#1185=ORIENTED_EDGE('',*,*,#2255,.T.);
#1186=ORIENTED_EDGE('',*,*,#2256,.F.);
#1187=ORIENTED_EDGE('',*,*,#2257,.T.);
#1188=ORIENTED_EDGE('',*,*,#2227,.F.);
#1189=ORIENTED_EDGE('',*,*,#2258,.T.);
#1190=ORIENTED_EDGE('',*,*,#2237,.F.);
#1191=ORIENTED_EDGE('',*,*,#2259,.F.);
#1192=ORIENTED_EDGE('',*,*,#2239,.F.);
#1193=ORIENTED_EDGE('',*,*,#2260,.T.);
#1194=ORIENTED_EDGE('',*,*,#2217,.F.);
#1195=ORIENTED_EDGE('',*,*,#2261,.T.);
#1196=ORIENTED_EDGE('',*,*,#2257,.F.);
#1197=ORIENTED_EDGE('',*,*,#2262,.F.);
#1198=ORIENTED_EDGE('',*,*,#2246,.F.);
#1199=ORIENTED_EDGE('',*,*,#2262,.T.);
#1200=ORIENTED_EDGE('',*,*,#2263,.F.);
#1201=ORIENTED_EDGE('',*,*,#2264,.F.);
#1202=ORIENTED_EDGE('',*,*,#2244,.F.);
#1203=ORIENTED_EDGE('',*,*,#2264,.T.);
#1204=ORIENTED_EDGE('',*,*,#2252,.F.);
#1205=ORIENTED_EDGE('',*,*,#2248,.F.);
#1206=ORIENTED_EDGE('',*,*,#2265,.F.);
#1207=ORIENTED_EDGE('',*,*,#2266,.F.);
#1208=ORIENTED_EDGE('',*,*,#2267,.F.);
#1209=ORIENTED_EDGE('',*,*,#2233,.F.);
#1210=ORIENTED_EDGE('',*,*,#2251,.F.);
#1211=ORIENTED_EDGE('',*,*,#2265,.T.);
#1212=ORIENTED_EDGE('',*,*,#2268,.F.);
#1213=ORIENTED_EDGE('',*,*,#2234,.F.);
#1214=ORIENTED_EDGE('',*,*,#2269,.T.);
#1215=ORIENTED_EDGE('',*,*,#2230,.F.);
#1216=ORIENTED_EDGE('',*,*,#2270,.F.);
#1217=ORIENTED_EDGE('',*,*,#2271,.T.);
#1218=ORIENTED_EDGE('',*,*,#2272,.T.);
#1219=ORIENTED_EDGE('',*,*,#2273,.T.);
#1220=ORIENTED_EDGE('',*,*,#2274,.T.);
#1221=ORIENTED_EDGE('',*,*,#2275,.T.);
#1222=ORIENTED_EDGE('',*,*,#2276,.T.);
#1223=ORIENTED_EDGE('',*,*,#2277,.T.);
#1224=ORIENTED_EDGE('',*,*,#2278,.T.);
#1225=ORIENTED_EDGE('',*,*,#2224,.F.);
#1226=ORIENTED_EDGE('',*,*,#2279,.T.);
#1227=ORIENTED_EDGE('',*,*,#2271,.F.);
#1228=ORIENTED_EDGE('',*,*,#2280,.T.);
#1229=ORIENTED_EDGE('',*,*,#2273,.F.);
#1230=ORIENTED_EDGE('',*,*,#2281,.T.);
#1231=ORIENTED_EDGE('',*,*,#2228,.F.);
#1232=ORIENTED_EDGE('',*,*,#2282,.T.);
#1233=ORIENTED_EDGE('',*,*,#2282,.F.);
#1234=ORIENTED_EDGE('',*,*,#2259,.T.);
#1235=ORIENTED_EDGE('',*,*,#2283,.F.);
#1236=ORIENTED_EDGE('',*,*,#2283,.T.);
#1237=ORIENTED_EDGE('',*,*,#2240,.F.);
#1238=ORIENTED_EDGE('',*,*,#2284,.F.);
#1239=ORIENTED_EDGE('',*,*,#2274,.F.);
#1240=ORIENTED_EDGE('',*,*,#2280,.F.);
#1241=ORIENTED_EDGE('',*,*,#2284,.T.);
#1242=ORIENTED_EDGE('',*,*,#2261,.F.);
#1243=ORIENTED_EDGE('',*,*,#2285,.F.);
#1244=ORIENTED_EDGE('',*,*,#2272,.F.);
#1245=ORIENTED_EDGE('',*,*,#2286,.F.);
#1246=ORIENTED_EDGE('',*,*,#2278,.F.);
#1247=ORIENTED_EDGE('',*,*,#2281,.F.);
#1248=ORIENTED_EDGE('',*,*,#2285,.T.);
#1249=ORIENTED_EDGE('',*,*,#2287,.F.);
#1250=ORIENTED_EDGE('',*,*,#2286,.T.);
#1251=ORIENTED_EDGE('',*,*,#2279,.F.);
#1252=ORIENTED_EDGE('',*,*,#2288,.F.);
#1253=ORIENTED_EDGE('',*,*,#2287,.T.);
#1254=ORIENTED_EDGE('',*,*,#2277,.F.);
#1255=ORIENTED_EDGE('',*,*,#2289,.F.);
#1256=ORIENTED_EDGE('',*,*,#2229,.F.);
#1257=ORIENTED_EDGE('',*,*,#2268,.T.);
#1258=ORIENTED_EDGE('',*,*,#2236,.F.);
#1259=ORIENTED_EDGE('',*,*,#2290,.F.);
#1260=ORIENTED_EDGE('',*,*,#2222,.F.);
#1261=ORIENTED_EDGE('',*,*,#2288,.T.);
#1262=ORIENTED_EDGE('',*,*,#2223,.F.);
#1263=ORIENTED_EDGE('',*,*,#2291,.F.);
#1264=ORIENTED_EDGE('',*,*,#2275,.F.);
#1265=ORIENTED_EDGE('',*,*,#2270,.T.);
#1266=ORIENTED_EDGE('',*,*,#2289,.T.);
#1267=ORIENTED_EDGE('',*,*,#2292,.F.);
#1268=ORIENTED_EDGE('',*,*,#2291,.T.);
#1269=ORIENTED_EDGE('',*,*,#2290,.T.);
#1270=ORIENTED_EDGE('',*,*,#2293,.F.);
#1271=ORIENTED_EDGE('',*,*,#2292,.T.);
#1272=ORIENTED_EDGE('',*,*,#2276,.F.);
#1273=ORIENTED_EDGE('',*,*,#2293,.T.);
#1274=ORIENTED_EDGE('',*,*,#2235,.F.);
#1275=ORIENTED_EDGE('',*,*,#2294,.T.);
#1276=ORIENTED_EDGE('',*,*,#2295,.T.);
#1277=ORIENTED_EDGE('',*,*,#2296,.T.);
#1278=ORIENTED_EDGE('',*,*,#2297,.T.);
#1279=ORIENTED_EDGE('',*,*,#2298,.F.);
#1280=ORIENTED_EDGE('',*,*,#2299,.F.);
#1281=ORIENTED_EDGE('',*,*,#2300,.T.);
#1282=ORIENTED_EDGE('',*,*,#2301,.F.);
#1283=ORIENTED_EDGE('',*,*,#2231,.F.);
#1284=ORIENTED_EDGE('',*,*,#2302,.T.);
#1285=ORIENTED_EDGE('',*,*,#2303,.F.);
#1286=ORIENTED_EDGE('',*,*,#2304,.T.);
#1287=ORIENTED_EDGE('',*,*,#2249,.F.);
#1288=ORIENTED_EDGE('',*,*,#2254,.T.);
#1289=ORIENTED_EDGE('',*,*,#2300,.F.);
#1290=ORIENTED_EDGE('',*,*,#2304,.F.);
#1291=ORIENTED_EDGE('',*,*,#2298,.T.);
#1292=ORIENTED_EDGE('',*,*,#2255,.F.);
#1293=ORIENTED_EDGE('',*,*,#2253,.T.);
#1294=ORIENTED_EDGE('',*,*,#2263,.T.);
#1295=ORIENTED_EDGE('',*,*,#2256,.T.);
#1296=ORIENTED_EDGE('',*,*,#2301,.T.);
#1297=ORIENTED_EDGE('',*,*,#2303,.T.);
#1298=ORIENTED_EDGE('',*,*,#2266,.T.);
#1299=ORIENTED_EDGE('',*,*,#2250,.T.);
#1300=ORIENTED_EDGE('',*,*,#2299,.T.);
#1301=ORIENTED_EDGE('',*,*,#2267,.T.);
#1302=ORIENTED_EDGE('',*,*,#2302,.F.);
#1303=ORIENTED_EDGE('',*,*,#2269,.F.);
#1304=ORIENTED_EDGE('',*,*,#2305,.F.);
#1305=ORIENTED_EDGE('',*,*,#2258,.F.);
#1306=ORIENTED_EDGE('',*,*,#2306,.F.);
#1307=ORIENTED_EDGE('',*,*,#2306,.T.);
#1308=ORIENTED_EDGE('',*,*,#2226,.F.);
#1309=ORIENTED_EDGE('',*,*,#2307,.F.);
#1310=ORIENTED_EDGE('',*,*,#2297,.F.);
#1311=ORIENTED_EDGE('',*,*,#2305,.T.);
#1312=ORIENTED_EDGE('',*,*,#2296,.F.);
#1313=ORIENTED_EDGE('',*,*,#2308,.F.);
#1314=ORIENTED_EDGE('',*,*,#2238,.F.);
#1315=ORIENTED_EDGE('',*,*,#2307,.T.);
#1316=ORIENTED_EDGE('',*,*,#2245,.F.);
#1317=ORIENTED_EDGE('',*,*,#2309,.F.);
#1318=ORIENTED_EDGE('',*,*,#2260,.F.);
#1319=ORIENTED_EDGE('',*,*,#2308,.T.);
#1320=ORIENTED_EDGE('',*,*,#2310,.F.);
#1321=ORIENTED_EDGE('',*,*,#2309,.T.);
#1322=ORIENTED_EDGE('',*,*,#2242,.F.);
#1323=ORIENTED_EDGE('',*,*,#2311,.F.);
#1324=ORIENTED_EDGE('',*,*,#2294,.F.);
#1325=ORIENTED_EDGE('',*,*,#2310,.T.);
#1326=ORIENTED_EDGE('',*,*,#2295,.F.);
#1327=ORIENTED_EDGE('',*,*,#2312,.F.);
#1328=ORIENTED_EDGE('',*,*,#2218,.F.);
#1329=ORIENTED_EDGE('',*,*,#2311,.T.);
#1330=ORIENTED_EDGE('',*,*,#2247,.F.);
#1331=ORIENTED_EDGE('',*,*,#2312,.T.);
#1332=ORIENTED_EDGE('',*,*,#2313,.T.);
#1333=ORIENTED_EDGE('',*,*,#2314,.T.);
#1334=ORIENTED_EDGE('',*,*,#2315,.T.);
#1335=ORIENTED_EDGE('',*,*,#2316,.T.);
#1336=ORIENTED_EDGE('',*,*,#2317,.T.);
#1337=ORIENTED_EDGE('',*,*,#2318,.T.);
#1338=ORIENTED_EDGE('',*,*,#2319,.T.);
#1339=ORIENTED_EDGE('',*,*,#2320,.T.);
#1340=ORIENTED_EDGE('',*,*,#2321,.T.);
#1341=ORIENTED_EDGE('',*,*,#2322,.T.);
#1342=ORIENTED_EDGE('',*,*,#2323,.T.);
#1343=ORIENTED_EDGE('',*,*,#2324,.T.);
#1344=ORIENTED_EDGE('',*,*,#2325,.T.);
#1345=ORIENTED_EDGE('',*,*,#2326,.T.);
#1346=ORIENTED_EDGE('',*,*,#2327,.T.);
#1347=ORIENTED_EDGE('',*,*,#2328,.T.);
#1348=ORIENTED_EDGE('',*,*,#2329,.T.);
#1349=ORIENTED_EDGE('',*,*,#2330,.T.);
#1350=ORIENTED_EDGE('',*,*,#2331,.F.);
#1351=ORIENTED_EDGE('',*,*,#2332,.T.);
#1352=ORIENTED_EDGE('',*,*,#2333,.T.);
#1353=ORIENTED_EDGE('',*,*,#2334,.F.);
#1354=ORIENTED_EDGE('',*,*,#2335,.T.);
#1355=ORIENTED_EDGE('',*,*,#2336,.T.);
#1356=ORIENTED_EDGE('',*,*,#2337,.T.);
#1357=ORIENTED_EDGE('',*,*,#2338,.T.);
#1358=ORIENTED_EDGE('',*,*,#2339,.T.);
#1359=ORIENTED_EDGE('',*,*,#2340,.T.);
#1360=ORIENTED_EDGE('',*,*,#2341,.T.);
#1361=ORIENTED_EDGE('',*,*,#2342,.T.);
#1362=ORIENTED_EDGE('',*,*,#2343,.T.);
#1363=ORIENTED_EDGE('',*,*,#2344,.T.);
#1364=ORIENTED_EDGE('',*,*,#2345,.T.);
#1365=ORIENTED_EDGE('',*,*,#2343,.F.);
#1366=ORIENTED_EDGE('',*,*,#2346,.T.);
#1367=ORIENTED_EDGE('',*,*,#2337,.F.);
#1368=ORIENTED_EDGE('',*,*,#2347,.T.);
#1369=ORIENTED_EDGE('',*,*,#2332,.F.);
#1370=ORIENTED_EDGE('',*,*,#2348,.F.);
#1371=ORIENTED_EDGE('',*,*,#2345,.F.);
#1372=ORIENTED_EDGE('',*,*,#2349,.T.);
#1373=ORIENTED_EDGE('',*,*,#2326,.F.);
#1374=ORIENTED_EDGE('',*,*,#2350,.T.);
#1375=ORIENTED_EDGE('',*,*,#2351,.F.);
#1376=ORIENTED_EDGE('',*,*,#2352,.T.);
#1377=ORIENTED_EDGE('',*,*,#2353,.T.);
#1378=ORIENTED_EDGE('',*,*,#2354,.F.);
#1379=ORIENTED_EDGE('',*,*,#2355,.T.);
#1380=ORIENTED_EDGE('',*,*,#2320,.F.);
#1381=ORIENTED_EDGE('',*,*,#2356,.T.);
#1382=ORIENTED_EDGE('',*,*,#2315,.F.);
#1383=ORIENTED_EDGE('',*,*,#2357,.F.);
#1384=ORIENTED_EDGE('',*,*,#2325,.F.);
#1385=ORIENTED_EDGE('',*,*,#2321,.F.);
#1386=ORIENTED_EDGE('',*,*,#2358,.T.);
#1387=ORIENTED_EDGE('',*,*,#2313,.F.);
#1388=ORIENTED_EDGE('',*,*,#2359,.F.);
#1389=ORIENTED_EDGE('',*,*,#2339,.F.);
#1390=ORIENTED_EDGE('',*,*,#2360,.F.);
#1391=ORIENTED_EDGE('',*,*,#2333,.F.);
#1392=ORIENTED_EDGE('',*,*,#2361,.F.);
#1393=ORIENTED_EDGE('',*,*,#2335,.F.);
#1394=ORIENTED_EDGE('',*,*,#2362,.T.);
#1395=ORIENTED_EDGE('',*,*,#2330,.F.);
#1396=ORIENTED_EDGE('',*,*,#2363,.T.);
#1397=ORIENTED_EDGE('',*,*,#2317,.F.);
#1398=ORIENTED_EDGE('',*,*,#2364,.F.);
#1399=ORIENTED_EDGE('',*,*,#2347,.F.);
#1400=ORIENTED_EDGE('',*,*,#2365,.T.);
#1401=ORIENTED_EDGE('',*,*,#2364,.T.);
#1402=ORIENTED_EDGE('',*,*,#2316,.F.);
#1403=ORIENTED_EDGE('',*,*,#2366,.F.);
#1404=ORIENTED_EDGE('',*,*,#2344,.F.);
#1405=ORIENTED_EDGE('',*,*,#2366,.T.);
#1406=ORIENTED_EDGE('',*,*,#2356,.F.);
#1407=ORIENTED_EDGE('',*,*,#2349,.F.);
#1408=ORIENTED_EDGE('',*,*,#2367,.F.);
#1409=ORIENTED_EDGE('',*,*,#2368,.F.);
#1410=ORIENTED_EDGE('',*,*,#2369,.F.);
#1411=ORIENTED_EDGE('',*,*,#2370,.F.);
#1412=ORIENTED_EDGE('',*,*,#2369,.T.);
#1413=ORIENTED_EDGE('',*,*,#2353,.F.);
#1414=ORIENTED_EDGE('',*,*,#2371,.F.);
#1415=ORIENTED_EDGE('',*,*,#2352,.F.);
#1416=ORIENTED_EDGE('',*,*,#2367,.T.);
#1417=ORIENTED_EDGE('',*,*,#2372,.F.);
#1418=ORIENTED_EDGE('',*,*,#2373,.T.);
#1419=ORIENTED_EDGE('',*,*,#2374,.T.);
#1420=ORIENTED_EDGE('',*,*,#2375,.T.);
#1421=ORIENTED_EDGE('',*,*,#2376,.T.);
#1422=ORIENTED_EDGE('',*,*,#2377,.T.);
#1423=ORIENTED_EDGE('',*,*,#2378,.T.);
#1424=ORIENTED_EDGE('',*,*,#2379,.T.);
#1425=ORIENTED_EDGE('',*,*,#2380,.T.);
#1426=ORIENTED_EDGE('',*,*,#2381,.T.);
#1427=ORIENTED_EDGE('',*,*,#2382,.T.);
#1428=ORIENTED_EDGE('',*,*,#2383,.T.);
#1429=ORIENTED_EDGE('',*,*,#2384,.T.);
#1430=ORIENTED_EDGE('',*,*,#2385,.T.);
#1431=ORIENTED_EDGE('',*,*,#2370,.T.);
#1432=ORIENTED_EDGE('',*,*,#2329,.F.);
#1433=ORIENTED_EDGE('',*,*,#2386,.T.);
#1434=ORIENTED_EDGE('',*,*,#2373,.F.);
#1435=ORIENTED_EDGE('',*,*,#2387,.T.);
#1436=ORIENTED_EDGE('',*,*,#2377,.F.);
#1437=ORIENTED_EDGE('',*,*,#2388,.T.);
#1438=ORIENTED_EDGE('',*,*,#2340,.F.);
#1439=ORIENTED_EDGE('',*,*,#2389,.T.);
#1440=ORIENTED_EDGE('',*,*,#2375,.F.);
#1441=ORIENTED_EDGE('',*,*,#2390,.T.);
#1442=ORIENTED_EDGE('',*,*,#2322,.F.);
#1443=ORIENTED_EDGE('',*,*,#2391,.T.);
#1444=ORIENTED_EDGE('',*,*,#2391,.F.);
#1445=ORIENTED_EDGE('',*,*,#2359,.T.);
#1446=ORIENTED_EDGE('',*,*,#2392,.F.);
#1447=ORIENTED_EDGE('',*,*,#2319,.F.);
#1448=ORIENTED_EDGE('',*,*,#2393,.T.);
#1449=ORIENTED_EDGE('',*,*,#2376,.F.);
#1450=ORIENTED_EDGE('',*,*,#2392,.T.);
#1451=ORIENTED_EDGE('',*,*,#2389,.F.);
#1452=ORIENTED_EDGE('',*,*,#2361,.T.);
#1453=ORIENTED_EDGE('',*,*,#2394,.F.);
#1454=ORIENTED_EDGE('',*,*,#2394,.T.);
#1455=ORIENTED_EDGE('',*,*,#2336,.F.);
#1456=ORIENTED_EDGE('',*,*,#2395,.F.);
#1457=ORIENTED_EDGE('',*,*,#2378,.F.);
#1458=ORIENTED_EDGE('',*,*,#2387,.F.);
#1459=ORIENTED_EDGE('',*,*,#2395,.T.);
#1460=ORIENTED_EDGE('',*,*,#2363,.F.);
#1461=ORIENTED_EDGE('',*,*,#2388,.F.);
#1462=ORIENTED_EDGE('',*,*,#2393,.F.);
#1463=ORIENTED_EDGE('',*,*,#2396,.F.);
#1464=ORIENTED_EDGE('',*,*,#2396,.T.);
#1465=ORIENTED_EDGE('',*,*,#2318,.F.);
#1466=ORIENTED_EDGE('',*,*,#2365,.F.);
#1467=ORIENTED_EDGE('',*,*,#2341,.F.);
#1468=ORIENTED_EDGE('',*,*,#2397,.F.);
#1469=ORIENTED_EDGE('',*,*,#2374,.F.);
#1470=ORIENTED_EDGE('',*,*,#2398,.F.);
#1471=ORIENTED_EDGE('',*,*,#2382,.F.);
#1472=ORIENTED_EDGE('',*,*,#2390,.F.);
#1473=ORIENTED_EDGE('',*,*,#2397,.T.);
#1474=ORIENTED_EDGE('',*,*,#2399,.F.);
#1475=ORIENTED_EDGE('',*,*,#2398,.T.);
#1476=ORIENTED_EDGE('',*,*,#2386,.F.);
#1477=ORIENTED_EDGE('',*,*,#2400,.F.);
#1478=ORIENTED_EDGE('',*,*,#2399,.T.);
#1479=ORIENTED_EDGE('',*,*,#2381,.F.);
#1480=ORIENTED_EDGE('',*,*,#2401,.F.);
#1481=ORIENTED_EDGE('',*,*,#2323,.F.);
#1482=ORIENTED_EDGE('',*,*,#2371,.T.);
#1483=ORIENTED_EDGE('',*,*,#2324,.F.);
#1484=ORIENTED_EDGE('',*,*,#2402,.F.);
#1485=ORIENTED_EDGE('',*,*,#2383,.F.);
#1486=ORIENTED_EDGE('',*,*,#2372,.T.);
#1487=ORIENTED_EDGE('',*,*,#2385,.F.);
#1488=ORIENTED_EDGE('',*,*,#2403,.F.);
#1489=ORIENTED_EDGE('',*,*,#2327,.F.);
#1490=ORIENTED_EDGE('',*,*,#2400,.T.);
#1491=ORIENTED_EDGE('',*,*,#2328,.F.);
#1492=ORIENTED_EDGE('',*,*,#2404,.F.);
#1493=ORIENTED_EDGE('',*,*,#2379,.F.);
#1494=ORIENTED_EDGE('',*,*,#2402,.T.);
#1495=ORIENTED_EDGE('',*,*,#2401,.T.);
#1496=ORIENTED_EDGE('',*,*,#2405,.F.);
#1497=ORIENTED_EDGE('',*,*,#2404,.T.);
#1498=ORIENTED_EDGE('',*,*,#2403,.T.);
#1499=ORIENTED_EDGE('',*,*,#2406,.F.);
#1500=ORIENTED_EDGE('',*,*,#2405,.T.);
#1501=ORIENTED_EDGE('',*,*,#2380,.F.);
#1502=ORIENTED_EDGE('',*,*,#2406,.T.);
#1503=ORIENTED_EDGE('',*,*,#2384,.F.);
#1504=ORIENTED_EDGE('',*,*,#2346,.F.);
#1505=ORIENTED_EDGE('',*,*,#2342,.F.);
#1506=ORIENTED_EDGE('',*,*,#2348,.T.);
#1507=ORIENTED_EDGE('',*,*,#2331,.T.);
#1508=ORIENTED_EDGE('',*,*,#2362,.F.);
#1509=ORIENTED_EDGE('',*,*,#2334,.T.);
#1510=ORIENTED_EDGE('',*,*,#2360,.T.);
#1511=ORIENTED_EDGE('',*,*,#2338,.F.);
#1512=ORIENTED_EDGE('',*,*,#2407,.F.);
#1513=ORIENTED_EDGE('',*,*,#2408,.F.);
#1514=ORIENTED_EDGE('',*,*,#2409,.T.);
#1515=ORIENTED_EDGE('',*,*,#2314,.F.);
#1516=ORIENTED_EDGE('',*,*,#2350,.F.);
#1517=ORIENTED_EDGE('',*,*,#2357,.T.);
#1518=ORIENTED_EDGE('',*,*,#2409,.F.);
#1519=ORIENTED_EDGE('',*,*,#2355,.F.);
#1520=ORIENTED_EDGE('',*,*,#2407,.T.);
#1521=ORIENTED_EDGE('',*,*,#2358,.F.);
#1522=ORIENTED_EDGE('',*,*,#2354,.T.);
#1523=ORIENTED_EDGE('',*,*,#2368,.T.);
#1524=ORIENTED_EDGE('',*,*,#2351,.T.);
#1525=ORIENTED_EDGE('',*,*,#2408,.T.);
#1526=ORIENTED_EDGE('',*,*,#2410,.T.);
#1527=ORIENTED_EDGE('',*,*,#2411,.T.);
#1528=ORIENTED_EDGE('',*,*,#2412,.T.);
#1529=ORIENTED_EDGE('',*,*,#2413,.T.);
#1530=ORIENTED_EDGE('',*,*,#2414,.T.);
#1531=ORIENTED_EDGE('',*,*,#2415,.T.);
#1532=ORIENTED_EDGE('',*,*,#2416,.T.);
#1533=ORIENTED_EDGE('',*,*,#2417,.T.);
#1534=ORIENTED_EDGE('',*,*,#2418,.T.);
#1535=ORIENTED_EDGE('',*,*,#2419,.T.);
#1536=ORIENTED_EDGE('',*,*,#2420,.T.);
#1537=ORIENTED_EDGE('',*,*,#2421,.T.);
#1538=ORIENTED_EDGE('',*,*,#2422,.T.);
#1539=ORIENTED_EDGE('',*,*,#2423,.T.);
#1540=ORIENTED_EDGE('',*,*,#2424,.T.);
#1541=ORIENTED_EDGE('',*,*,#2425,.T.);
#1542=ORIENTED_EDGE('',*,*,#2426,.T.);
#1543=ORIENTED_EDGE('',*,*,#2427,.T.);
#1544=ORIENTED_EDGE('',*,*,#2428,.T.);
#1545=ORIENTED_EDGE('',*,*,#2429,.T.);
#1546=ORIENTED_EDGE('',*,*,#2430,.T.);
#1547=ORIENTED_EDGE('',*,*,#2431,.T.);
#1548=ORIENTED_EDGE('',*,*,#2432,.T.);
#1549=ORIENTED_EDGE('',*,*,#2433,.T.);
#1550=ORIENTED_EDGE('',*,*,#2434,.T.);
#1551=ORIENTED_EDGE('',*,*,#2435,.T.);
#1552=ORIENTED_EDGE('',*,*,#2436,.T.);
#1553=ORIENTED_EDGE('',*,*,#2419,.F.);
#1554=ORIENTED_EDGE('',*,*,#2437,.T.);
#1555=ORIENTED_EDGE('',*,*,#2415,.F.);
#1556=ORIENTED_EDGE('',*,*,#2438,.T.);
#1557=ORIENTED_EDGE('',*,*,#2426,.F.);
#1558=ORIENTED_EDGE('',*,*,#2439,.T.);
#1559=ORIENTED_EDGE('',*,*,#2417,.F.);
#1560=ORIENTED_EDGE('',*,*,#2440,.T.);
#1561=ORIENTED_EDGE('',*,*,#2435,.F.);
#1562=ORIENTED_EDGE('',*,*,#2441,.T.);
#1563=ORIENTED_EDGE('',*,*,#2410,.F.);
#1564=ORIENTED_EDGE('',*,*,#2442,.T.);
#1565=ORIENTED_EDGE('',*,*,#2424,.F.);
#1566=ORIENTED_EDGE('',*,*,#2443,.T.);
#1567=ORIENTED_EDGE('',*,*,#2433,.F.);
#1568=ORIENTED_EDGE('',*,*,#2444,.T.);
#1569=ORIENTED_EDGE('',*,*,#2445,.T.);
#1570=ORIENTED_EDGE('',*,*,#2446,.F.);
#1571=ORIENTED_EDGE('',*,*,#2447,.F.);
#1572=ORIENTED_EDGE('',*,*,#2425,.F.);
#1573=ORIENTED_EDGE('',*,*,#2416,.F.);
#1574=ORIENTED_EDGE('',*,*,#2448,.T.);
#1575=ORIENTED_EDGE('',*,*,#2449,.F.);
#1576=ORIENTED_EDGE('',*,*,#2450,.T.);
#1577=ORIENTED_EDGE('',*,*,#2412,.F.);
#1578=ORIENTED_EDGE('',*,*,#2451,.T.);
#1579=ORIENTED_EDGE('',*,*,#2429,.F.);
#1580=ORIENTED_EDGE('',*,*,#2452,.F.);
#1581=ORIENTED_EDGE('',*,*,#2431,.F.);
#1582=ORIENTED_EDGE('',*,*,#2453,.T.);
#1583=ORIENTED_EDGE('',*,*,#2422,.F.);
#1584=ORIENTED_EDGE('',*,*,#2454,.T.);
#1585=ORIENTED_EDGE('',*,*,#2450,.F.);
#1586=ORIENTED_EDGE('',*,*,#2455,.F.);
#1587=ORIENTED_EDGE('',*,*,#2442,.F.);
#1588=ORIENTED_EDGE('',*,*,#2455,.T.);
#1589=ORIENTED_EDGE('',*,*,#2456,.F.);
#1590=ORIENTED_EDGE('',*,*,#2457,.F.);
#1591=ORIENTED_EDGE('',*,*,#2436,.F.);
#1592=ORIENTED_EDGE('',*,*,#2457,.T.);
#1593=ORIENTED_EDGE('',*,*,#2445,.F.);
#1594=ORIENTED_EDGE('',*,*,#2444,.F.);
#1595=ORIENTED_EDGE('',*,*,#2458,.T.);
#1596=ORIENTED_EDGE('',*,*,#2459,.T.);
#1597=ORIENTED_EDGE('',*,*,#2460,.T.);
#1598=ORIENTED_EDGE('',*,*,#2461,.T.);
#1599=ORIENTED_EDGE('',*,*,#2462,.T.);
#1600=ORIENTED_EDGE('',*,*,#2463,.T.);
#1601=ORIENTED_EDGE('',*,*,#2464,.T.);
#1602=ORIENTED_EDGE('',*,*,#2465,.T.);
#1603=ORIENTED_EDGE('',*,*,#2466,.T.);
#1604=ORIENTED_EDGE('',*,*,#2467,.T.);
#1605=ORIENTED_EDGE('',*,*,#2468,.T.);
#1606=ORIENTED_EDGE('',*,*,#2469,.T.);
#1607=ORIENTED_EDGE('',*,*,#2470,.T.);
#1608=ORIENTED_EDGE('',*,*,#2460,.F.);
#1609=ORIENTED_EDGE('',*,*,#2471,.T.);
#1610=ORIENTED_EDGE('',*,*,#2413,.F.);
#1611=ORIENTED_EDGE('',*,*,#2472,.T.);
#1612=ORIENTED_EDGE('',*,*,#2428,.F.);
#1613=ORIENTED_EDGE('',*,*,#2473,.T.);
#1614=ORIENTED_EDGE('',*,*,#2462,.F.);
#1615=ORIENTED_EDGE('',*,*,#2474,.T.);
#1616=ORIENTED_EDGE('',*,*,#2472,.F.);
#1617=ORIENTED_EDGE('',*,*,#2452,.T.);
#1618=ORIENTED_EDGE('',*,*,#2475,.F.);
#1619=ORIENTED_EDGE('',*,*,#2475,.T.);
#1620=ORIENTED_EDGE('',*,*,#2432,.F.);
#1621=ORIENTED_EDGE('',*,*,#2476,.F.);
#1622=ORIENTED_EDGE('',*,*,#2461,.F.);
#1623=ORIENTED_EDGE('',*,*,#2474,.F.);
#1624=ORIENTED_EDGE('',*,*,#2476,.T.);
#1625=ORIENTED_EDGE('',*,*,#2454,.F.);
#1626=ORIENTED_EDGE('',*,*,#2477,.F.);
#1627=ORIENTED_EDGE('',*,*,#2427,.F.);
#1628=ORIENTED_EDGE('',*,*,#2478,.F.);
#1629=ORIENTED_EDGE('',*,*,#2470,.F.);
#1630=ORIENTED_EDGE('',*,*,#2479,.F.);
#1631=ORIENTED_EDGE('',*,*,#2414,.F.);
#1632=ORIENTED_EDGE('',*,*,#2480,.F.);
#1633=ORIENTED_EDGE('',*,*,#2466,.F.);
#1634=ORIENTED_EDGE('',*,*,#2438,.F.);
#1635=ORIENTED_EDGE('',*,*,#2479,.T.);
#1636=ORIENTED_EDGE('',*,*,#2481,.F.);
#1637=ORIENTED_EDGE('',*,*,#2478,.T.);
#1638=ORIENTED_EDGE('',*,*,#2440,.F.);
#1639=ORIENTED_EDGE('',*,*,#2482,.F.);
#1640=ORIENTED_EDGE('',*,*,#2473,.F.);
#1641=ORIENTED_EDGE('',*,*,#2477,.T.);
#1642=ORIENTED_EDGE('',*,*,#2483,.F.);
#1643=ORIENTED_EDGE('',*,*,#2480,.T.);
#1644=ORIENTED_EDGE('',*,*,#2471,.F.);
#1645=ORIENTED_EDGE('',*,*,#2484,.F.);
#1646=ORIENTED_EDGE('',*,*,#2481,.T.);
#1647=ORIENTED_EDGE('',*,*,#2465,.F.);
#1648=ORIENTED_EDGE('',*,*,#2485,.F.);
#1649=ORIENTED_EDGE('',*,*,#2420,.F.);
#1650=ORIENTED_EDGE('',*,*,#2482,.T.);
#1651=ORIENTED_EDGE('',*,*,#2421,.F.);
#1652=ORIENTED_EDGE('',*,*,#2486,.F.);
#1653=ORIENTED_EDGE('',*,*,#2467,.F.);
#1654=ORIENTED_EDGE('',*,*,#2483,.T.);
#1655=ORIENTED_EDGE('',*,*,#2469,.F.);
#1656=ORIENTED_EDGE('',*,*,#2487,.F.);
#1657=ORIENTED_EDGE('',*,*,#2458,.F.);
#1658=ORIENTED_EDGE('',*,*,#2484,.T.);
#1659=ORIENTED_EDGE('',*,*,#2459,.F.);
#1660=ORIENTED_EDGE('',*,*,#2488,.F.);
#1661=ORIENTED_EDGE('',*,*,#2463,.F.);
#1662=ORIENTED_EDGE('',*,*,#2486,.T.);
#1663=ORIENTED_EDGE('',*,*,#2485,.T.);
#1664=ORIENTED_EDGE('',*,*,#2489,.F.);
#1665=ORIENTED_EDGE('',*,*,#2488,.T.);
#1666=ORIENTED_EDGE('',*,*,#2487,.T.);
#1667=ORIENTED_EDGE('',*,*,#2490,.F.);
#1668=ORIENTED_EDGE('',*,*,#2489,.T.);
#1669=ORIENTED_EDGE('',*,*,#2464,.F.);
#1670=ORIENTED_EDGE('',*,*,#2490,.T.);
#1671=ORIENTED_EDGE('',*,*,#2468,.F.);
#1672=ORIENTED_EDGE('',*,*,#2491,.T.);
#1673=ORIENTED_EDGE('',*,*,#2492,.T.);
#1674=ORIENTED_EDGE('',*,*,#2493,.T.);
#1675=ORIENTED_EDGE('',*,*,#2494,.T.);
#1676=ORIENTED_EDGE('',*,*,#2495,.F.);
#1677=ORIENTED_EDGE('',*,*,#2418,.F.);
#1678=ORIENTED_EDGE('',*,*,#2496,.T.);
#1679=ORIENTED_EDGE('',*,*,#2497,.F.);
#1680=ORIENTED_EDGE('',*,*,#2439,.F.);
#1681=ORIENTED_EDGE('',*,*,#2447,.T.);
#1682=ORIENTED_EDGE('',*,*,#2496,.F.);
#1683=ORIENTED_EDGE('',*,*,#2437,.F.);
#1684=ORIENTED_EDGE('',*,*,#2495,.T.);
#1685=ORIENTED_EDGE('',*,*,#2448,.F.);
#1686=ORIENTED_EDGE('',*,*,#2446,.T.);
#1687=ORIENTED_EDGE('',*,*,#2456,.T.);
#1688=ORIENTED_EDGE('',*,*,#2449,.T.);
#1689=ORIENTED_EDGE('',*,*,#2497,.T.);
#1690=ORIENTED_EDGE('',*,*,#2498,.F.);
#1691=ORIENTED_EDGE('',*,*,#2499,.F.);
#1692=ORIENTED_EDGE('',*,*,#2453,.F.);
#1693=ORIENTED_EDGE('',*,*,#2499,.T.);
#1694=ORIENTED_EDGE('',*,*,#2494,.F.);
#1695=ORIENTED_EDGE('',*,*,#2500,.F.);
#1696=ORIENTED_EDGE('',*,*,#2423,.F.);
#1697=ORIENTED_EDGE('',*,*,#2498,.T.);
#1698=ORIENTED_EDGE('',*,*,#2430,.F.);
#1699=ORIENTED_EDGE('',*,*,#2501,.F.);
#1700=ORIENTED_EDGE('',*,*,#2491,.F.);
#1701=ORIENTED_EDGE('',*,*,#2443,.F.);
#1702=ORIENTED_EDGE('',*,*,#2500,.T.);
#1703=ORIENTED_EDGE('',*,*,#2502,.F.);
#1704=ORIENTED_EDGE('',*,*,#2501,.T.);
#1705=ORIENTED_EDGE('',*,*,#2451,.F.);
#1706=ORIENTED_EDGE('',*,*,#2503,.F.);
#1707=ORIENTED_EDGE('',*,*,#2502,.T.);
#1708=ORIENTED_EDGE('',*,*,#2493,.F.);
#1709=ORIENTED_EDGE('',*,*,#2504,.F.);
#1710=ORIENTED_EDGE('',*,*,#2434,.F.);
#1711=ORIENTED_EDGE('',*,*,#2503,.T.);
#1712=ORIENTED_EDGE('',*,*,#2411,.F.);
#1713=ORIENTED_EDGE('',*,*,#2505,.F.);
#1714=ORIENTED_EDGE('',*,*,#2492,.F.);
#1715=ORIENTED_EDGE('',*,*,#2441,.F.);
#1716=ORIENTED_EDGE('',*,*,#2504,.T.);
#1717=ORIENTED_EDGE('',*,*,#2505,.T.);
#1718=ORIENTED_EDGE('',*,*,#2506,.F.);
#1719=ORIENTED_EDGE('',*,*,#2507,.T.);
#1720=ORIENTED_EDGE('',*,*,#2508,.T.);
#1721=ORIENTED_EDGE('',*,*,#2509,.T.);
#1722=ORIENTED_EDGE('',*,*,#2510,.F.);
#1723=ORIENTED_EDGE('',*,*,#2511,.T.);
#1724=ORIENTED_EDGE('',*,*,#2512,.F.);
#1725=ORIENTED_EDGE('',*,*,#2513,.T.);
#1726=ORIENTED_EDGE('',*,*,#2514,.F.);
#1727=ORIENTED_EDGE('',*,*,#2515,.T.);
#1728=ORIENTED_EDGE('',*,*,#2516,.F.);
#1729=ORIENTED_EDGE('',*,*,#2517,.T.);
#1730=ORIENTED_EDGE('',*,*,#2506,.T.);
#1731=ORIENTED_EDGE('',*,*,#2518,.T.);
#1732=ORIENTED_EDGE('',*,*,#2519,.T.);
#1733=ORIENTED_EDGE('',*,*,#2520,.T.);
#1734=ORIENTED_EDGE('',*,*,#2521,.F.);
#1735=ORIENTED_EDGE('',*,*,#2522,.T.);
#1736=ORIENTED_EDGE('',*,*,#2523,.T.);
#1737=ORIENTED_EDGE('',*,*,#2524,.T.);
#1738=ORIENTED_EDGE('',*,*,#2519,.F.);
#1739=ORIENTED_EDGE('',*,*,#2525,.T.);
#1740=ORIENTED_EDGE('',*,*,#2526,.T.);
#1741=ORIENTED_EDGE('',*,*,#2527,.T.);
#1742=ORIENTED_EDGE('',*,*,#2528,.T.);
#1743=ORIENTED_EDGE('',*,*,#2529,.T.);
#1744=ORIENTED_EDGE('',*,*,#2530,.T.);
#1745=ORIENTED_EDGE('',*,*,#2531,.T.);
#1746=ORIENTED_EDGE('',*,*,#2523,.F.);
#1747=ORIENTED_EDGE('',*,*,#2532,.T.);
#1748=ORIENTED_EDGE('',*,*,#2508,.F.);
#1749=ORIENTED_EDGE('',*,*,#2533,.T.);
#1750=ORIENTED_EDGE('',*,*,#2534,.F.);
#1751=ORIENTED_EDGE('',*,*,#2535,.T.);
#1752=ORIENTED_EDGE('',*,*,#2536,.T.);
#1753=ORIENTED_EDGE('',*,*,#2537,.T.);
#1754=ORIENTED_EDGE('',*,*,#2514,.T.);
#1755=ORIENTED_EDGE('',*,*,#2538,.T.);
#1756=ORIENTED_EDGE('',*,*,#2536,.F.);
#1757=ORIENTED_EDGE('',*,*,#2539,.T.);
#1758=ORIENTED_EDGE('',*,*,#2534,.T.);
#1759=ORIENTED_EDGE('',*,*,#2540,.T.);
#1760=ORIENTED_EDGE('',*,*,#2516,.T.);
#1761=ORIENTED_EDGE('',*,*,#2541,.T.);
#1762=ORIENTED_EDGE('',*,*,#2533,.F.);
#1763=ORIENTED_EDGE('',*,*,#2507,.F.);
#1764=ORIENTED_EDGE('',*,*,#2517,.F.);
#1765=ORIENTED_EDGE('',*,*,#2540,.F.);
#1766=ORIENTED_EDGE('',*,*,#2535,.F.);
#1767=ORIENTED_EDGE('',*,*,#2541,.F.);
#1768=ORIENTED_EDGE('',*,*,#2515,.F.);
#1769=ORIENTED_EDGE('',*,*,#2539,.F.);
#1770=ORIENTED_EDGE('',*,*,#2518,.F.);
#1771=ORIENTED_EDGE('',*,*,#2509,.F.);
#1772=ORIENTED_EDGE('',*,*,#2532,.F.);
#1773=ORIENTED_EDGE('',*,*,#2525,.F.);
#1774=ORIENTED_EDGE('',*,*,#2512,.T.);
#1775=ORIENTED_EDGE('',*,*,#2542,.T.);
#1776=ORIENTED_EDGE('',*,*,#2526,.F.);
#1777=ORIENTED_EDGE('',*,*,#2543,.T.);
#1778=ORIENTED_EDGE('',*,*,#2510,.T.);
#1779=ORIENTED_EDGE('',*,*,#2544,.T.);
#1780=ORIENTED_EDGE('',*,*,#2528,.F.);
#1781=ORIENTED_EDGE('',*,*,#2545,.T.);
#1782=ORIENTED_EDGE('',*,*,#2521,.T.);
#1783=ORIENTED_EDGE('',*,*,#2546,.T.);
#1784=ORIENTED_EDGE('',*,*,#2530,.F.);
#1785=ORIENTED_EDGE('',*,*,#2547,.T.);
#1786=ORIENTED_EDGE('',*,*,#2520,.F.);
#1787=ORIENTED_EDGE('',*,*,#2524,.F.);
#1788=ORIENTED_EDGE('',*,*,#2531,.F.);
#1789=ORIENTED_EDGE('',*,*,#2546,.F.);
#1790=ORIENTED_EDGE('',*,*,#2522,.F.);
#1791=ORIENTED_EDGE('',*,*,#2547,.F.);
#1792=ORIENTED_EDGE('',*,*,#2529,.F.);
#1793=ORIENTED_EDGE('',*,*,#2544,.F.);
#1794=ORIENTED_EDGE('',*,*,#2511,.F.);
#1795=ORIENTED_EDGE('',*,*,#2545,.F.);
#1796=ORIENTED_EDGE('',*,*,#2527,.F.);
#1797=ORIENTED_EDGE('',*,*,#2542,.F.);
#1798=ORIENTED_EDGE('',*,*,#2513,.F.);
#1799=ORIENTED_EDGE('',*,*,#2543,.F.);
#1800=ORIENTED_EDGE('',*,*,#2537,.F.);
#1801=ORIENTED_EDGE('',*,*,#2538,.F.);
#1802=ORIENTED_EDGE('',*,*,#2548,.T.);
#1803=ORIENTED_EDGE('',*,*,#2549,.T.);
#1804=ORIENTED_EDGE('',*,*,#2550,.T.);
#1805=ORIENTED_EDGE('',*,*,#2551,.T.);
#1806=ORIENTED_EDGE('',*,*,#2552,.T.);
#1807=ORIENTED_EDGE('',*,*,#2553,.T.);
#1808=ORIENTED_EDGE('',*,*,#2554,.T.);
#1809=ORIENTED_EDGE('',*,*,#2555,.T.);
#1810=ORIENTED_EDGE('',*,*,#2556,.T.);
#1811=ORIENTED_EDGE('',*,*,#2557,.T.);
#1812=ORIENTED_EDGE('',*,*,#2558,.T.);
#1813=ORIENTED_EDGE('',*,*,#2559,.T.);
#1814=ORIENTED_EDGE('',*,*,#2560,.T.);
#1815=ORIENTED_EDGE('',*,*,#2561,.T.);
#1816=ORIENTED_EDGE('',*,*,#2562,.T.);
#1817=ORIENTED_EDGE('',*,*,#2563,.T.);
#1818=ORIENTED_EDGE('',*,*,#2564,.T.);
#1819=ORIENTED_EDGE('',*,*,#2565,.T.);
#1820=ORIENTED_EDGE('',*,*,#2566,.T.);
#1821=ORIENTED_EDGE('',*,*,#2567,.T.);
#1822=ORIENTED_EDGE('',*,*,#2568,.T.);
#1823=ORIENTED_EDGE('',*,*,#2569,.T.);
#1824=ORIENTED_EDGE('',*,*,#2570,.T.);
#1825=ORIENTED_EDGE('',*,*,#2571,.T.);
#1826=ORIENTED_EDGE('',*,*,#2572,.T.);
#1827=ORIENTED_EDGE('',*,*,#2573,.T.);
#1828=ORIENTED_EDGE('',*,*,#2574,.T.);
#1829=ORIENTED_EDGE('',*,*,#2575,.T.);
#1830=ORIENTED_EDGE('',*,*,#2576,.T.);
#1831=ORIENTED_EDGE('',*,*,#2577,.T.);
#1832=ORIENTED_EDGE('',*,*,#2578,.T.);
#1833=ORIENTED_EDGE('',*,*,#2577,.F.);
#1834=ORIENTED_EDGE('',*,*,#2579,.T.);
#1835=ORIENTED_EDGE('',*,*,#2548,.F.);
#1836=ORIENTED_EDGE('',*,*,#2580,.T.);
#1837=ORIENTED_EDGE('',*,*,#2563,.F.);
#1838=ORIENTED_EDGE('',*,*,#2581,.T.);
#1839=ORIENTED_EDGE('',*,*,#2575,.F.);
#1840=ORIENTED_EDGE('',*,*,#2582,.T.);
#1841=ORIENTED_EDGE('',*,*,#2565,.F.);
#1842=ORIENTED_EDGE('',*,*,#2583,.T.);
#1843=ORIENTED_EDGE('',*,*,#2556,.F.);
#1844=ORIENTED_EDGE('',*,*,#2584,.T.);
#1845=ORIENTED_EDGE('',*,*,#2585,.T.);
#1846=ORIENTED_EDGE('',*,*,#2586,.F.);
#1847=ORIENTED_EDGE('',*,*,#2587,.F.);
#1848=ORIENTED_EDGE('',*,*,#2564,.F.);
#1849=ORIENTED_EDGE('',*,*,#2555,.F.);
#1850=ORIENTED_EDGE('',*,*,#2588,.T.);
#1851=ORIENTED_EDGE('',*,*,#2589,.F.);
#1852=ORIENTED_EDGE('',*,*,#2590,.T.);
#1853=ORIENTED_EDGE('',*,*,#2550,.F.);
#1854=ORIENTED_EDGE('',*,*,#2591,.T.);
#1855=ORIENTED_EDGE('',*,*,#2571,.F.);
#1856=ORIENTED_EDGE('',*,*,#2592,.F.);
#1857=ORIENTED_EDGE('',*,*,#2573,.F.);
#1858=ORIENTED_EDGE('',*,*,#2593,.T.);
#1859=ORIENTED_EDGE('',*,*,#2561,.F.);
#1860=ORIENTED_EDGE('',*,*,#2594,.T.);
#1861=ORIENTED_EDGE('',*,*,#2590,.F.);
#1862=ORIENTED_EDGE('',*,*,#2595,.F.);
#1863=ORIENTED_EDGE('',*,*,#2580,.F.);
#1864=ORIENTED_EDGE('',*,*,#2595,.T.);
#1865=ORIENTED_EDGE('',*,*,#2596,.F.);
#1866=ORIENTED_EDGE('',*,*,#2597,.F.);
#1867=ORIENTED_EDGE('',*,*,#2578,.F.);
#1868=ORIENTED_EDGE('',*,*,#2597,.T.);
#1869=ORIENTED_EDGE('',*,*,#2585,.F.);
#1870=ORIENTED_EDGE('',*,*,#2582,.F.);
#1871=ORIENTED_EDGE('',*,*,#2559,.F.);
#1872=ORIENTED_EDGE('',*,*,#2598,.F.);
#1873=ORIENTED_EDGE('',*,*,#2568,.F.);
#1874=ORIENTED_EDGE('',*,*,#2599,.T.);
#1875=ORIENTED_EDGE('',*,*,#2569,.F.);
#1876=ORIENTED_EDGE('',*,*,#2600,.T.);
#1877=ORIENTED_EDGE('',*,*,#2553,.F.);
#1878=ORIENTED_EDGE('',*,*,#2601,.T.);
#1879=ORIENTED_EDGE('',*,*,#2566,.F.);
#1880=ORIENTED_EDGE('',*,*,#2602,.F.);
#1881=ORIENTED_EDGE('',*,*,#2603,.F.);
#1882=ORIENTED_EDGE('',*,*,#2604,.F.);
#1883=ORIENTED_EDGE('',*,*,#2552,.F.);
#1884=ORIENTED_EDGE('',*,*,#2605,.T.);
#1885=ORIENTED_EDGE('',*,*,#2606,.F.);
#1886=ORIENTED_EDGE('',*,*,#2607,.T.);
#1887=ORIENTED_EDGE('',*,*,#2608,.T.);
#1888=ORIENTED_EDGE('',*,*,#2609,.T.);
#1889=ORIENTED_EDGE('',*,*,#2610,.T.);
#1890=ORIENTED_EDGE('',*,*,#2611,.T.);
#1891=ORIENTED_EDGE('',*,*,#2603,.T.);
#1892=ORIENTED_EDGE('',*,*,#2612,.T.);
#1893=ORIENTED_EDGE('',*,*,#2613,.T.);
#1894=ORIENTED_EDGE('',*,*,#2606,.T.);
#1895=ORIENTED_EDGE('',*,*,#2614,.T.);
#1896=ORIENTED_EDGE('',*,*,#2567,.F.);
#1897=ORIENTED_EDGE('',*,*,#2615,.T.);
#1898=ORIENTED_EDGE('',*,*,#2608,.F.);
#1899=ORIENTED_EDGE('',*,*,#2616,.T.);
#1900=ORIENTED_EDGE('',*,*,#2610,.F.);
#1901=ORIENTED_EDGE('',*,*,#2617,.T.);
#1902=ORIENTED_EDGE('',*,*,#2551,.F.);
#1903=ORIENTED_EDGE('',*,*,#2618,.T.);
#1904=ORIENTED_EDGE('',*,*,#2618,.F.);
#1905=ORIENTED_EDGE('',*,*,#2592,.T.);
#1906=ORIENTED_EDGE('',*,*,#2619,.F.);
#1907=ORIENTED_EDGE('',*,*,#2619,.T.);
#1908=ORIENTED_EDGE('',*,*,#2574,.F.);
#1909=ORIENTED_EDGE('',*,*,#2620,.F.);
#1910=ORIENTED_EDGE('',*,*,#2611,.F.);
#1911=ORIENTED_EDGE('',*,*,#2616,.F.);
#1912=ORIENTED_EDGE('',*,*,#2620,.T.);
#1913=ORIENTED_EDGE('',*,*,#2594,.F.);
#1914=ORIENTED_EDGE('',*,*,#2602,.T.);
#1915=ORIENTED_EDGE('',*,*,#2584,.F.);
#1916=ORIENTED_EDGE('',*,*,#2621,.F.);
#1917=ORIENTED_EDGE('',*,*,#2615,.F.);
#1918=ORIENTED_EDGE('',*,*,#2604,.T.);
#1919=ORIENTED_EDGE('',*,*,#2622,.F.);
#1920=ORIENTED_EDGE('',*,*,#2560,.F.);
#1921=ORIENTED_EDGE('',*,*,#2623,.T.);
#1922=ORIENTED_EDGE('',*,*,#2612,.F.);
#1923=ORIENTED_EDGE('',*,*,#2621,.T.);
#1924=ORIENTED_EDGE('',*,*,#2622,.T.);
#1925=ORIENTED_EDGE('',*,*,#2614,.F.);
#1926=ORIENTED_EDGE('',*,*,#2624,.F.);
#1927=ORIENTED_EDGE('',*,*,#2609,.F.);
#1928=ORIENTED_EDGE('',*,*,#2617,.F.);
#1929=ORIENTED_EDGE('',*,*,#2624,.T.);
#1930=ORIENTED_EDGE('',*,*,#2605,.F.);
#1931=ORIENTED_EDGE('',*,*,#2625,.F.);
#1932=ORIENTED_EDGE('',*,*,#2601,.F.);
#1933=ORIENTED_EDGE('',*,*,#2607,.F.);
#1934=ORIENTED_EDGE('',*,*,#2626,.F.);
#1935=ORIENTED_EDGE('',*,*,#2570,.F.);
#1936=ORIENTED_EDGE('',*,*,#2625,.T.);
#1937=ORIENTED_EDGE('',*,*,#2613,.F.);
#1938=ORIENTED_EDGE('',*,*,#2626,.T.);
#1939=ORIENTED_EDGE('',*,*,#2623,.F.);
#1940=ORIENTED_EDGE('',*,*,#2599,.F.);
#1941=ORIENTED_EDGE('',*,*,#2627,.T.);
#1942=ORIENTED_EDGE('',*,*,#2628,.T.);
#1943=ORIENTED_EDGE('',*,*,#2629,.T.);
#1944=ORIENTED_EDGE('',*,*,#2630,.T.);
#1945=ORIENTED_EDGE('',*,*,#2554,.F.);
#1946=ORIENTED_EDGE('',*,*,#2631,.T.);
#1947=ORIENTED_EDGE('',*,*,#2558,.F.);
#1948=ORIENTED_EDGE('',*,*,#2632,.T.);
#1949=ORIENTED_EDGE('',*,*,#2633,.F.);
#1950=ORIENTED_EDGE('',*,*,#2557,.F.);
#1951=ORIENTED_EDGE('',*,*,#2634,.T.);
#1952=ORIENTED_EDGE('',*,*,#2635,.F.);
#1953=ORIENTED_EDGE('',*,*,#2583,.F.);
#1954=ORIENTED_EDGE('',*,*,#2587,.T.);
#1955=ORIENTED_EDGE('',*,*,#2634,.F.);
#1956=ORIENTED_EDGE('',*,*,#2632,.F.);
#1957=ORIENTED_EDGE('',*,*,#2633,.T.);
#1958=ORIENTED_EDGE('',*,*,#2588,.F.);
#1959=ORIENTED_EDGE('',*,*,#2586,.T.);
#1960=ORIENTED_EDGE('',*,*,#2596,.T.);
#1961=ORIENTED_EDGE('',*,*,#2589,.T.);
#1962=ORIENTED_EDGE('',*,*,#2635,.T.);
#1963=ORIENTED_EDGE('',*,*,#2598,.T.);
#1964=ORIENTED_EDGE('',*,*,#2631,.F.);
#1965=ORIENTED_EDGE('',*,*,#2600,.F.);
#1966=ORIENTED_EDGE('',*,*,#2636,.F.);
#1967=ORIENTED_EDGE('',*,*,#2593,.F.);
#1968=ORIENTED_EDGE('',*,*,#2637,.F.);
#1969=ORIENTED_EDGE('',*,*,#2637,.T.);
#1970=ORIENTED_EDGE('',*,*,#2572,.F.);
#1971=ORIENTED_EDGE('',*,*,#2638,.F.);
#1972=ORIENTED_EDGE('',*,*,#2627,.F.);
#1973=ORIENTED_EDGE('',*,*,#2636,.T.);
#1974=ORIENTED_EDGE('',*,*,#2630,.F.);
#1975=ORIENTED_EDGE('',*,*,#2639,.F.);
#1976=ORIENTED_EDGE('',*,*,#2562,.F.);
#1977=ORIENTED_EDGE('',*,*,#2638,.T.);
#1978=ORIENTED_EDGE('',*,*,#2591,.F.);
#1979=ORIENTED_EDGE('',*,*,#2640,.F.);
#1980=ORIENTED_EDGE('',*,*,#2581,.F.);
#1981=ORIENTED_EDGE('',*,*,#2639,.T.);
#1982=ORIENTED_EDGE('',*,*,#2641,.F.);
#1983=ORIENTED_EDGE('',*,*,#2640,.T.);
#1984=ORIENTED_EDGE('',*,*,#2549,.F.);
#1985=ORIENTED_EDGE('',*,*,#2642,.F.);
#1986=ORIENTED_EDGE('',*,*,#2628,.F.);
#1987=ORIENTED_EDGE('',*,*,#2641,.T.);
#1988=ORIENTED_EDGE('',*,*,#2629,.F.);
#1989=ORIENTED_EDGE('',*,*,#2643,.F.);
#1990=ORIENTED_EDGE('',*,*,#2576,.F.);
#1991=ORIENTED_EDGE('',*,*,#2642,.T.);
#1992=ORIENTED_EDGE('',*,*,#2579,.F.);
#1993=ORIENTED_EDGE('',*,*,#2643,.T.);
#1994=VERTEX_POINT('',#4548);
#1995=VERTEX_POINT('',#4549);
#1996=VERTEX_POINT('',#4551);
#1997=VERTEX_POINT('',#4553);
#1998=VERTEX_POINT('',#4555);
#1999=VERTEX_POINT('',#4557);
#2000=VERTEX_POINT('',#4559);
#2001=VERTEX_POINT('',#4561);
#2002=VERTEX_POINT('',#4565);
#2003=VERTEX_POINT('',#4566);
#2004=VERTEX_POINT('',#4568);
#2005=VERTEX_POINT('',#4570);
#2006=VERTEX_POINT('',#4572);
#2007=VERTEX_POINT('',#4574);
#2008=VERTEX_POINT('',#4576);
#2009=VERTEX_POINT('',#4578);
#2010=VERTEX_POINT('',#4582);
#2011=VERTEX_POINT('',#4583);
#2012=VERTEX_POINT('',#4585);
#2013=VERTEX_POINT('',#4587);
#2014=VERTEX_POINT('',#4591);
#2015=VERTEX_POINT('',#4592);
#2016=VERTEX_POINT('',#4594);
#2017=VERTEX_POINT('',#4596);
#2018=VERTEX_POINT('',#4600);
#2019=VERTEX_POINT('',#4601);
#2020=VERTEX_POINT('',#4603);
#2021=VERTEX_POINT('',#4605);
#2022=VERTEX_POINT('',#4615);
#2023=VERTEX_POINT('',#4617);
#2024=VERTEX_POINT('',#4621);
#2025=VERTEX_POINT('',#4623);
#2026=VERTEX_POINT('',#4627);
#2027=VERTEX_POINT('',#4629);
#2028=VERTEX_POINT('',#4740);
#2029=VERTEX_POINT('',#4749);
#2030=VERTEX_POINT('',#4750);
#2031=VERTEX_POINT('',#4752);
#2032=VERTEX_POINT('',#4754);
#2033=VERTEX_POINT('',#4758);
#2034=VERTEX_POINT('',#4759);
#2035=VERTEX_POINT('',#4761);
#2036=VERTEX_POINT('',#4763);
#2037=VERTEX_POINT('',#4796);
#2038=VERTEX_POINT('',#4797);
#2039=VERTEX_POINT('',#4799);
#2040=VERTEX_POINT('',#4801);
#2041=VERTEX_POINT('',#4805);
#2042=VERTEX_POINT('',#4836);
#2043=VERTEX_POINT('',#4837);
#2044=VERTEX_POINT('',#4839);
#2045=VERTEX_POINT('',#4841);
#2046=VERTEX_POINT('',#4843);
#2047=VERTEX_POINT('',#4845);
#2048=VERTEX_POINT('',#4847);
#2049=VERTEX_POINT('',#4851);
#2050=VERTEX_POINT('',#4852);
#2051=VERTEX_POINT('',#4854);
#2052=VERTEX_POINT('',#4856);
#2053=VERTEX_POINT('',#4858);
#2054=VERTEX_POINT('',#4862);
#2055=VERTEX_POINT('',#4863);
#2056=VERTEX_POINT('',#4865);
#2057=VERTEX_POINT('',#4867);
#2058=VERTEX_POINT('',#4869);
#2059=VERTEX_POINT('',#4871);
#2060=VERTEX_POINT('',#4873);
#2061=VERTEX_POINT('',#4875);
#2062=VERTEX_POINT('',#4879);
#2063=VERTEX_POINT('',#4880);
#2064=VERTEX_POINT('',#4882);
#2065=VERTEX_POINT('',#4884);
#2066=VERTEX_POINT('',#4888);
#2067=VERTEX_POINT('',#4889);
#2068=VERTEX_POINT('',#4891);
#2069=VERTEX_POINT('',#4893);
#2070=VERTEX_POINT('',#4895);
#2071=VERTEX_POINT('',#4899);
#2072=VERTEX_POINT('',#4900);
#2073=VERTEX_POINT('',#4902);
#2074=VERTEX_POINT('',#4904);
#2075=VERTEX_POINT('',#4914);
#2076=VERTEX_POINT('',#4916);
#2077=VERTEX_POINT('',#4920);
#2078=VERTEX_POINT('',#4922);
#2079=VERTEX_POINT('',#4991);
#2080=VERTEX_POINT('',#4994);
#2081=VERTEX_POINT('',#5002);
#2082=VERTEX_POINT('',#5003);
#2083=VERTEX_POINT('',#5005);
#2084=VERTEX_POINT('',#5007);
#2085=VERTEX_POINT('',#5009);
#2086=VERTEX_POINT('',#5011);
#2087=VERTEX_POINT('',#5015);
#2088=VERTEX_POINT('',#5016);
#2089=VERTEX_POINT('',#5018);
#2090=VERTEX_POINT('',#5020);
#2091=VERTEX_POINT('',#5024);
#2092=VERTEX_POINT('',#5026);
#2093=VERTEX_POINT('',#5126);
#2094=VERTEX_POINT('',#5127);
#2095=VERTEX_POINT('',#5129);
#2096=VERTEX_POINT('',#5131);
#2097=VERTEX_POINT('',#5133);
#2098=VERTEX_POINT('',#5135);
#2099=VERTEX_POINT('',#5137);
#2100=VERTEX_POINT('',#5141);
#2101=VERTEX_POINT('',#5142);
#2102=VERTEX_POINT('',#5144);
#2103=VERTEX_POINT('',#5146);
#2104=VERTEX_POINT('',#5148);
#2105=VERTEX_POINT('',#5152);
#2106=VERTEX_POINT('',#5153);
#2107=VERTEX_POINT('',#5155);
#2108=VERTEX_POINT('',#5157);
#2109=VERTEX_POINT('',#5159);
#2110=VERTEX_POINT('',#5161);
#2111=VERTEX_POINT('',#5163);
#2112=VERTEX_POINT('',#5167);
#2113=VERTEX_POINT('',#5168);
#2114=VERTEX_POINT('',#5170);
#2115=VERTEX_POINT('',#5172);
#2116=VERTEX_POINT('',#5176);
#2117=VERTEX_POINT('',#5177);
#2118=VERTEX_POINT('',#5179);
#2119=VERTEX_POINT('',#5181);
#2120=VERTEX_POINT('',#5197);
#2121=VERTEX_POINT('',#5199);
#2122=VERTEX_POINT('',#5203);
#2123=VERTEX_POINT('',#5205);
#2124=VERTEX_POINT('',#5315);
#2125=VERTEX_POINT('',#5316);
#2126=VERTEX_POINT('',#5318);
#2127=VERTEX_POINT('',#5320);
#2128=VERTEX_POINT('',#5322);
#2129=VERTEX_POINT('',#5326);
#2130=VERTEX_POINT('',#5327);
#2131=VERTEX_POINT('',#5329);
#2132=VERTEX_POINT('',#5331);
#2133=VERTEX_POINT('',#5335);
#2134=VERTEX_POINT('',#5336);
#2135=VERTEX_POINT('',#5338);
#2136=VERTEX_POINT('',#5340);
#2137=VERTEX_POINT('',#5382);
#2138=VERTEX_POINT('',#5383);
#2139=VERTEX_POINT('',#5385);
#2140=VERTEX_POINT('',#5387);
#2141=VERTEX_POINT('',#5414);
#2142=VERTEX_POINT('',#5415);
#2143=VERTEX_POINT('',#5417);
#2144=VERTEX_POINT('',#5419);
#2145=VERTEX_POINT('',#5423);
#2146=VERTEX_POINT('',#5424);
#2147=VERTEX_POINT('',#5426);
#2148=VERTEX_POINT('',#5428);
#2149=VERTEX_POINT('',#5430);
#2150=VERTEX_POINT('',#5432);
#2151=VERTEX_POINT('',#5434);
#2152=VERTEX_POINT('',#5436);
#2153=VERTEX_POINT('',#5439);
#2154=VERTEX_POINT('',#5441);
#2155=VERTEX_POINT('',#5443);
#2156=VERTEX_POINT('',#5445);
#2157=VERTEX_POINT('',#5449);
#2158=VERTEX_POINT('',#5450);
#2159=VERTEX_POINT('',#5455);
#2160=VERTEX_POINT('',#5456);
#2161=VERTEX_POINT('',#5458);
#2162=VERTEX_POINT('',#5460);
#2163=VERTEX_POINT('',#5462);
#2164=VERTEX_POINT('',#5464);
#2165=VERTEX_POINT('',#5468);
#2166=VERTEX_POINT('',#5470);
#2167=VERTEX_POINT('',#5472);
#2168=VERTEX_POINT('',#5474);
#2169=VERTEX_POINT('',#5500);
#2170=VERTEX_POINT('',#5501);
#2171=VERTEX_POINT('',#5503);
#2172=VERTEX_POINT('',#5505);
#2173=VERTEX_POINT('',#5507);
#2174=VERTEX_POINT('',#5509);
#2175=VERTEX_POINT('',#5511);
#2176=VERTEX_POINT('',#5513);
#2177=VERTEX_POINT('',#5517);
#2178=VERTEX_POINT('',#5518);
#2179=VERTEX_POINT('',#5520);
#2180=VERTEX_POINT('',#5522);
#2181=VERTEX_POINT('',#5524);
#2182=VERTEX_POINT('',#5528);
#2183=VERTEX_POINT('',#5529);
#2184=VERTEX_POINT('',#5531);
#2185=VERTEX_POINT('',#5533);
#2186=VERTEX_POINT('',#5535);
#2187=VERTEX_POINT('',#5537);
#2188=VERTEX_POINT('',#5539);
#2189=VERTEX_POINT('',#5543);
#2190=VERTEX_POINT('',#5544);
#2191=VERTEX_POINT('',#5546);
#2192=VERTEX_POINT('',#5550);
#2193=VERTEX_POINT('',#5551);
#2194=VERTEX_POINT('',#5553);
#2195=VERTEX_POINT('',#5555);
#2196=VERTEX_POINT('',#5559);
#2197=VERTEX_POINT('',#5560);
#2198=VERTEX_POINT('',#5562);
#2199=VERTEX_POINT('',#5564);
#2200=VERTEX_POINT('',#5577);
#2201=VERTEX_POINT('',#5579);
#2202=VERTEX_POINT('',#5583);
#2203=VERTEX_POINT('',#5585);
#2204=VERTEX_POINT('',#5701);
#2205=VERTEX_POINT('',#5703);
#2206=VERTEX_POINT('',#5707);
#2207=VERTEX_POINT('',#5709);
#2208=VERTEX_POINT('',#5713);
#2209=VERTEX_POINT('',#5714);
#2210=VERTEX_POINT('',#5716);
#2211=VERTEX_POINT('',#5718);
#2212=VERTEX_POINT('',#5722);
#2213=VERTEX_POINT('',#5752);
#2214=VERTEX_POINT('',#5753);
#2215=VERTEX_POINT('',#5755);
#2216=VERTEX_POINT('',#5757);
#2217=EDGE_CURVE('',#1994,#1995,#2644,.T.);
#2218=EDGE_CURVE('',#1995,#1996,#2645,.T.);
#2219=EDGE_CURVE('',#1996,#1997,#2646,.T.);
#2220=EDGE_CURVE('',#1997,#1998,#2647,.T.);
#2221=EDGE_CURVE('',#1998,#1999,#2648,.T.);
#2222=EDGE_CURVE('',#1999,#2000,#2649,.T.);
#2223=EDGE_CURVE('',#2000,#2001,#2650,.T.);
#2224=EDGE_CURVE('',#2001,#1994,#2651,.T.);
#2225=EDGE_CURVE('',#2002,#2003,#2652,.T.);
#2226=EDGE_CURVE('',#2003,#2004,#2653,.T.);
#2227=EDGE_CURVE('',#2004,#2005,#2654,.T.);
#2228=EDGE_CURVE('',#2005,#2006,#2655,.T.);
#2229=EDGE_CURVE('',#2006,#2007,#2656,.T.);
#2230=EDGE_CURVE('',#2007,#2008,#2657,.T.);
#2231=EDGE_CURVE('',#2008,#2009,#2658,.T.);
#2232=EDGE_CURVE('',#2009,#2002,#2659,.T.);
#2233=EDGE_CURVE('',#2010,#2011,#2660,.T.);
#2234=EDGE_CURVE('',#2011,#2012,#2661,.T.);
#2235=EDGE_CURVE('',#2012,#2013,#2662,.T.);
#2236=EDGE_CURVE('',#2013,#2010,#2663,.T.);
#2237=EDGE_CURVE('',#2014,#2015,#2664,.T.);
#2238=EDGE_CURVE('',#2015,#2016,#2665,.T.);
#2239=EDGE_CURVE('',#2016,#2017,#2666,.T.);
#2240=EDGE_CURVE('',#2017,#2014,#2667,.T.);
#2241=EDGE_CURVE('',#2018,#2019,#2668,.T.);
#2242=EDGE_CURVE('',#2019,#2020,#2669,.T.);
#2243=EDGE_CURVE('',#2020,#2021,#2670,.T.);
#2244=EDGE_CURVE('',#2021,#2018,#2671,.T.);
#2245=EDGE_CURVE('',#2020,#2003,#263,.T.);
#2246=EDGE_CURVE('',#2002,#2021,#243,.T.);
#2247=EDGE_CURVE('',#1996,#2019,#264,.T.);
#2248=EDGE_CURVE('',#2018,#1997,#244,.T.);
#2249=EDGE_CURVE('',#1998,#2022,#265,.T.);
#2250=EDGE_CURVE('',#2023,#2022,#2672,.T.);
#2251=EDGE_CURVE('',#2023,#1999,#266,.T.);
#2252=EDGE_CURVE('',#1997,#2024,#245,.T.);
#2253=EDGE_CURVE('',#2025,#2024,#2673,.T.);
#2254=EDGE_CURVE('',#1998,#2025,#267,.T.);
#2255=EDGE_CURVE('',#2009,#2026,#268,.T.);
#2256=EDGE_CURVE('',#2027,#2026,#2674,.T.);
#2257=EDGE_CURVE('',#2027,#2002,#246,.T.);
#2258=EDGE_CURVE('',#2004,#2015,#269,.T.);
#2259=EDGE_CURVE('',#2005,#2014,#270,.T.);
#2260=EDGE_CURVE('',#2016,#1995,#271,.T.);
#2261=EDGE_CURVE('',#1994,#2017,#272,.T.);
#2262=EDGE_CURVE('',#2021,#2027,#273,.T.);
#2263=EDGE_CURVE('',#2024,#2027,#2675,.T.);
#2264=EDGE_CURVE('',#2018,#2024,#274,.T.);
#2265=EDGE_CURVE('',#2023,#2010,#275,.T.);
#2266=EDGE_CURVE('',#2028,#2023,#2676,.T.);
#2267=EDGE_CURVE('',#2011,#2028,#276,.T.);
#2268=EDGE_CURVE('',#1999,#2010,#277,.T.);
#2269=EDGE_CURVE('',#2011,#2008,#278,.T.);
#2270=EDGE_CURVE('',#2012,#2007,#279,.T.);
#2271=EDGE_CURVE('',#2029,#2030,#2677,.T.);
#2272=EDGE_CURVE('',#2030,#2031,#2678,.T.);
#2273=EDGE_CURVE('',#2031,#2032,#2679,.T.);
#2274=EDGE_CURVE('',#2032,#2029,#2680,.T.);
#2275=EDGE_CURVE('',#2033,#2034,#2681,.T.);
#2276=EDGE_CURVE('',#2034,#2035,#2682,.T.);
#2277=EDGE_CURVE('',#2035,#2036,#2683,.T.);
#2278=EDGE_CURVE('',#2036,#2033,#2684,.T.);
#2279=EDGE_CURVE('',#2001,#2030,#280,.T.);
#2280=EDGE_CURVE('',#2029,#1994,#281,.T.);
#2281=EDGE_CURVE('',#2031,#2006,#282,.T.);
#2282=EDGE_CURVE('',#2005,#2032,#283,.T.);
#2283=EDGE_CURVE('',#2032,#2014,#284,.T.);
#2284=EDGE_CURVE('',#2029,#2017,#285,.T.);
#2285=EDGE_CURVE('',#2031,#2036,#286,.T.);
#2286=EDGE_CURVE('',#2033,#2030,#287,.T.);
#2287=EDGE_CURVE('',#2006,#2036,#288,.T.);
#2288=EDGE_CURVE('',#2033,#2001,#289,.T.);
#2289=EDGE_CURVE('',#2007,#2035,#290,.T.);
#2290=EDGE_CURVE('',#2000,#2013,#291,.T.);
#2291=EDGE_CURVE('',#2034,#2000,#292,.T.);
#2292=EDGE_CURVE('',#2012,#2035,#293,.T.);
#2293=EDGE_CURVE('',#2034,#2013,#294,.T.);
#2294=EDGE_CURVE('',#2037,#2038,#2685,.T.);
#2295=EDGE_CURVE('',#2038,#2039,#2686,.T.);
#2296=EDGE_CURVE('',#2039,#2040,#2687,.T.);
#2297=EDGE_CURVE('',#2040,#2037,#2688,.T.);
#2298=EDGE_CURVE('',#2041,#2026,#295,.T.);
#2299=EDGE_CURVE('',#2022,#2041,#2689,.T.);
#2300=EDGE_CURVE('',#2022,#2025,#296,.T.);
#2301=EDGE_CURVE('',#2026,#2025,#2690,.T.);
#2302=EDGE_CURVE('',#2008,#2028,#297,.T.);
#2303=EDGE_CURVE('',#2041,#2028,#2691,.T.);
#2304=EDGE_CURVE('',#2041,#2009,#298,.T.);
#2305=EDGE_CURVE('',#2015,#2040,#299,.T.);
#2306=EDGE_CURVE('',#2040,#2004,#300,.T.);
#2307=EDGE_CURVE('',#2037,#2003,#301,.T.);
#2308=EDGE_CURVE('',#2016,#2039,#302,.T.);
#2309=EDGE_CURVE('',#2037,#2020,#303,.T.);
#2310=EDGE_CURVE('',#1995,#2039,#304,.T.);
#2311=EDGE_CURVE('',#2038,#2019,#305,.T.);
#2312=EDGE_CURVE('',#1996,#2038,#306,.T.);
#2313=EDGE_CURVE('',#2042,#2043,#2692,.T.);
#2314=EDGE_CURVE('',#2043,#2044,#2693,.T.);
#2315=EDGE_CURVE('',#2044,#2045,#2694,.T.);
#2316=EDGE_CURVE('',#2045,#2046,#2695,.T.);
#2317=EDGE_CURVE('',#2046,#2047,#307,.T.);
#2318=EDGE_CURVE('',#2047,#2048,#2696,.T.);
#2319=EDGE_CURVE('',#2048,#2042,#2697,.T.);
#2320=EDGE_CURVE('',#2049,#2050,#2698,.T.);
#2321=EDGE_CURVE('',#2050,#2051,#2699,.T.);
#2322=EDGE_CURVE('',#2051,#2052,#2700,.T.);
#2323=EDGE_CURVE('',#2052,#2053,#2701,.T.);
#2324=EDGE_CURVE('',#2053,#2049,#2702,.T.);
#2325=EDGE_CURVE('',#2054,#2055,#2703,.T.);
#2326=EDGE_CURVE('',#2055,#2056,#2704,.T.);
#2327=EDGE_CURVE('',#2056,#2057,#2705,.T.);
#2328=EDGE_CURVE('',#2057,#2058,#2706,.T.);
#2329=EDGE_CURVE('',#2058,#2059,#2707,.T.);
#2330=EDGE_CURVE('',#2059,#2060,#2708,.T.);
#2331=EDGE_CURVE('',#2061,#2060,#2709,.T.);
#2332=EDGE_CURVE('',#2061,#2054,#2710,.T.);
#2333=EDGE_CURVE('',#2062,#2063,#2711,.T.);
#2334=EDGE_CURVE('',#2064,#2063,#2712,.T.);
#2335=EDGE_CURVE('',#2064,#2065,#2713,.T.);
#2336=EDGE_CURVE('',#2065,#2062,#2714,.T.);
#2337=EDGE_CURVE('',#2066,#2067,#2715,.T.);
#2338=EDGE_CURVE('',#2067,#2068,#2716,.T.);
#2339=EDGE_CURVE('',#2068,#2069,#2717,.T.);
#2340=EDGE_CURVE('',#2069,#2070,#2718,.T.);
#2341=EDGE_CURVE('',#2070,#2066,#2719,.T.);
#2342=EDGE_CURVE('',#2071,#2072,#2720,.T.);
#2343=EDGE_CURVE('',#2072,#2073,#2721,.T.);
#2344=EDGE_CURVE('',#2073,#2074,#2722,.T.);
#2345=EDGE_CURVE('',#2074,#2071,#2723,.T.);
#2346=EDGE_CURVE('',#2072,#2067,#247,.T.);
#2347=EDGE_CURVE('',#2066,#2073,#308,.T.);
#2348=EDGE_CURVE('',#2071,#2061,#248,.T.);
#2349=EDGE_CURVE('',#2074,#2054,#249,.T.);
#2350=EDGE_CURVE('',#2055,#2075,#309,.T.);
#2351=EDGE_CURVE('',#2076,#2075,#2724,.T.);
#2352=EDGE_CURVE('',#2076,#2056,#310,.T.);
#2353=EDGE_CURVE('',#2049,#2077,#311,.T.);
#2354=EDGE_CURVE('',#2078,#2077,#2725,.T.);
#2355=EDGE_CURVE('',#2078,#2050,#312,.T.);
#2356=EDGE_CURVE('',#2054,#2045,#250,.T.);
#2357=EDGE_CURVE('',#2055,#2044,#313,.T.);
#2358=EDGE_CURVE('',#2050,#2043,#314,.T.);
#2359=EDGE_CURVE('',#2051,#2042,#315,.T.);
#2360=EDGE_CURVE('',#2063,#2068,#251,.T.);
#2361=EDGE_CURVE('',#2069,#2062,#316,.T.);
#2362=EDGE_CURVE('',#2064,#2060,#252,.T.);
#2363=EDGE_CURVE('',#2059,#2065,#317,.T.);
#2364=EDGE_CURVE('',#2073,#2046,#318,.T.);
#2365=EDGE_CURVE('',#2066,#2047,#319,.T.);
#2366=EDGE_CURVE('',#2074,#2045,#320,.T.);
#2367=EDGE_CURVE('',#2076,#2079,#321,.T.);
#2368=EDGE_CURVE('',#2077,#2076,#2726,.T.);
#2369=EDGE_CURVE('',#2080,#2077,#322,.T.);
#2370=EDGE_CURVE('',#2079,#2080,#2727,.T.);
#2371=EDGE_CURVE('',#2080,#2049,#323,.T.);
#2372=EDGE_CURVE('',#2056,#2079,#324,.T.);
#2373=EDGE_CURVE('',#2081,#2082,#2728,.T.);
#2374=EDGE_CURVE('',#2082,#2083,#2729,.T.);
#2375=EDGE_CURVE('',#2083,#2084,#2730,.T.);
#2376=EDGE_CURVE('',#2084,#2085,#2731,.T.);
#2377=EDGE_CURVE('',#2085,#2086,#2732,.T.);
#2378=EDGE_CURVE('',#2086,#2081,#2733,.T.);
#2379=EDGE_CURVE('',#2087,#2088,#2734,.T.);
#2380=EDGE_CURVE('',#2088,#2089,#2735,.T.);
#2381=EDGE_CURVE('',#2089,#2090,#2736,.T.);
#2382=EDGE_CURVE('',#2090,#2087,#2737,.T.);
#2383=EDGE_CURVE('',#2080,#2091,#2738,.T.);
#2384=EDGE_CURVE('',#2091,#2092,#2739,.T.);
#2385=EDGE_CURVE('',#2092,#2079,#2740,.T.);
#2386=EDGE_CURVE('',#2058,#2082,#325,.T.);
#2387=EDGE_CURVE('',#2081,#2059,#326,.T.);
#2388=EDGE_CURVE('',#2085,#2070,#253,.T.);
#2389=EDGE_CURVE('',#2069,#2086,#327,.T.);
#2390=EDGE_CURVE('',#2083,#2052,#328,.T.);
#2391=EDGE_CURVE('',#2051,#2084,#329,.T.);
#2392=EDGE_CURVE('',#2084,#2042,#330,.T.);
#2393=EDGE_CURVE('',#2048,#2085,#254,.T.);
#2394=EDGE_CURVE('',#2086,#2062,#331,.T.);
#2395=EDGE_CURVE('',#2081,#2065,#332,.T.);
#2396=EDGE_CURVE('',#2070,#2048,#333,.T.);
#2397=EDGE_CURVE('',#2083,#2090,#334,.T.);
#2398=EDGE_CURVE('',#2087,#2082,#335,.T.);
#2399=EDGE_CURVE('',#2052,#2090,#336,.T.);
#2400=EDGE_CURVE('',#2087,#2058,#337,.T.);
#2401=EDGE_CURVE('',#2053,#2089,#338,.T.);
#2402=EDGE_CURVE('',#2091,#2053,#339,.T.);
#2403=EDGE_CURVE('',#2057,#2092,#340,.T.);
#2404=EDGE_CURVE('',#2088,#2057,#341,.T.);
#2405=EDGE_CURVE('',#2091,#2089,#342,.T.);
#2406=EDGE_CURVE('',#2088,#2092,#343,.T.);
#2407=EDGE_CURVE('',#2078,#2043,#344,.T.);
#2408=EDGE_CURVE('',#2075,#2078,#2741,.T.);
#2409=EDGE_CURVE('',#2075,#2044,#345,.T.);
#2410=EDGE_CURVE('',#2093,#2094,#2742,.T.);
#2411=EDGE_CURVE('',#2094,#2095,#2743,.T.);
#2412=EDGE_CURVE('',#2095,#2096,#2744,.T.);
#2413=EDGE_CURVE('',#2096,#2097,#2745,.T.);
#2414=EDGE_CURVE('',#2097,#2098,#2746,.T.);
#2415=EDGE_CURVE('',#2098,#2099,#2747,.T.);
#2416=EDGE_CURVE('',#2099,#2093,#2748,.T.);
#2417=EDGE_CURVE('',#2100,#2101,#2749,.T.);
#2418=EDGE_CURVE('',#2101,#2102,#2750,.T.);
#2419=EDGE_CURVE('',#2102,#2103,#2751,.T.);
#2420=EDGE_CURVE('',#2103,#2104,#2752,.T.);
#2421=EDGE_CURVE('',#2104,#2100,#2753,.T.);
#2422=EDGE_CURVE('',#2105,#2106,#2754,.T.);
#2423=EDGE_CURVE('',#2106,#2107,#2755,.T.);
#2424=EDGE_CURVE('',#2107,#2108,#2756,.T.);
#2425=EDGE_CURVE('',#2108,#2109,#2757,.T.);
#2426=EDGE_CURVE('',#2109,#2110,#2758,.T.);
#2427=EDGE_CURVE('',#2110,#2111,#2759,.T.);
#2428=EDGE_CURVE('',#2111,#2105,#2760,.T.);
#2429=EDGE_CURVE('',#2112,#2113,#2761,.T.);
#2430=EDGE_CURVE('',#2113,#2114,#2762,.T.);
#2431=EDGE_CURVE('',#2114,#2115,#2763,.T.);
#2432=EDGE_CURVE('',#2115,#2112,#2764,.T.);
#2433=EDGE_CURVE('',#2116,#2117,#2765,.T.);
#2434=EDGE_CURVE('',#2117,#2118,#2766,.T.);
#2435=EDGE_CURVE('',#2118,#2119,#2767,.T.);
#2436=EDGE_CURVE('',#2119,#2116,#2768,.T.);
#2437=EDGE_CURVE('',#2102,#2099,#346,.T.);
#2438=EDGE_CURVE('',#2098,#2103,#347,.T.);
#2439=EDGE_CURVE('',#2109,#2101,#348,.T.);
#2440=EDGE_CURVE('',#2100,#2110,#349,.T.);
#2441=EDGE_CURVE('',#2118,#2094,#350,.T.);
#2442=EDGE_CURVE('',#2093,#2119,#255,.T.);
#2443=EDGE_CURVE('',#2107,#2117,#351,.T.);
#2444=EDGE_CURVE('',#2116,#2108,#256,.T.);
#2445=EDGE_CURVE('',#2108,#2120,#257,.T.);
#2446=EDGE_CURVE('',#2121,#2120,#2769,.T.);
#2447=EDGE_CURVE('',#2109,#2121,#352,.T.);
#2448=EDGE_CURVE('',#2099,#2122,#353,.T.);
#2449=EDGE_CURVE('',#2123,#2122,#2770,.T.);
#2450=EDGE_CURVE('',#2123,#2093,#258,.T.);
#2451=EDGE_CURVE('',#2095,#2113,#354,.T.);
#2452=EDGE_CURVE('',#2096,#2112,#355,.T.);
#2453=EDGE_CURVE('',#2114,#2106,#356,.T.);
#2454=EDGE_CURVE('',#2105,#2115,#357,.T.);
#2455=EDGE_CURVE('',#2119,#2123,#358,.T.);
#2456=EDGE_CURVE('',#2120,#2123,#2771,.T.);
#2457=EDGE_CURVE('',#2116,#2120,#359,.T.);
#2458=EDGE_CURVE('',#2124,#2125,#2772,.T.);
#2459=EDGE_CURVE('',#2125,#2126,#2773,.T.);
#2460=EDGE_CURVE('',#2126,#2127,#2774,.T.);
#2461=EDGE_CURVE('',#2127,#2128,#2775,.T.);
#2462=EDGE_CURVE('',#2128,#2124,#2776,.T.);
#2463=EDGE_CURVE('',#2129,#2130,#2777,.T.);
#2464=EDGE_CURVE('',#2130,#2131,#2778,.T.);
#2465=EDGE_CURVE('',#2131,#2132,#2779,.T.);
#2466=EDGE_CURVE('',#2132,#2129,#2780,.T.);
#2467=EDGE_CURVE('',#2133,#2134,#2781,.T.);
#2468=EDGE_CURVE('',#2134,#2135,#2782,.T.);
#2469=EDGE_CURVE('',#2135,#2136,#2783,.T.);
#2470=EDGE_CURVE('',#2136,#2133,#2784,.T.);
#2471=EDGE_CURVE('',#2126,#2097,#360,.T.);
#2472=EDGE_CURVE('',#2096,#2127,#361,.T.);
#2473=EDGE_CURVE('',#2111,#2124,#362,.T.);
#2474=EDGE_CURVE('',#2128,#2105,#363,.T.);
#2475=EDGE_CURVE('',#2127,#2112,#364,.T.);
#2476=EDGE_CURVE('',#2128,#2115,#365,.T.);
#2477=EDGE_CURVE('',#2111,#2136,#366,.T.);
#2478=EDGE_CURVE('',#2133,#2110,#367,.T.);
#2479=EDGE_CURVE('',#2098,#2132,#368,.T.);
#2480=EDGE_CURVE('',#2129,#2097,#369,.T.);
#2481=EDGE_CURVE('',#2103,#2132,#370,.T.);
#2482=EDGE_CURVE('',#2133,#2100,#371,.T.);
#2483=EDGE_CURVE('',#2124,#2136,#372,.T.);
#2484=EDGE_CURVE('',#2129,#2126,#373,.T.);
#2485=EDGE_CURVE('',#2104,#2131,#374,.T.);
#2486=EDGE_CURVE('',#2134,#2104,#375,.T.);
#2487=EDGE_CURVE('',#2125,#2135,#376,.T.);
#2488=EDGE_CURVE('',#2130,#2125,#377,.T.);
#2489=EDGE_CURVE('',#2134,#2131,#378,.T.);
#2490=EDGE_CURVE('',#2130,#2135,#379,.T.);
#2491=EDGE_CURVE('',#2137,#2138,#2785,.T.);
#2492=EDGE_CURVE('',#2138,#2139,#2786,.T.);
#2493=EDGE_CURVE('',#2139,#2140,#2787,.T.);
#2494=EDGE_CURVE('',#2140,#2137,#2788,.T.);
#2495=EDGE_CURVE('',#2102,#2122,#380,.T.);
#2496=EDGE_CURVE('',#2101,#2121,#381,.T.);
#2497=EDGE_CURVE('',#2122,#2121,#2789,.T.);
#2498=EDGE_CURVE('',#2137,#2114,#382,.T.);
#2499=EDGE_CURVE('',#2106,#2137,#383,.T.);
#2500=EDGE_CURVE('',#2107,#2140,#384,.T.);
#2501=EDGE_CURVE('',#2138,#2113,#385,.T.);
#2502=EDGE_CURVE('',#2117,#2140,#386,.T.);
#2503=EDGE_CURVE('',#2138,#2095,#387,.T.);
#2504=EDGE_CURVE('',#2118,#2139,#388,.T.);
#2505=EDGE_CURVE('',#2139,#2094,#389,.T.);
#2506=EDGE_CURVE('',#2141,#2142,#2790,.T.);
#2507=EDGE_CURVE('',#2141,#2143,#2791,.T.);
#2508=EDGE_CURVE('',#2143,#2144,#2792,.T.);
#2509=EDGE_CURVE('',#2144,#2142,#2793,.T.);
#2510=EDGE_CURVE('',#2145,#2146,#2794,.T.);
#2511=EDGE_CURVE('',#2145,#2147,#390,.T.);
#2512=EDGE_CURVE('',#2148,#2147,#2795,.T.);
#2513=EDGE_CURVE('',#2148,#2149,#391,.T.);
#2514=EDGE_CURVE('',#2150,#2149,#2796,.T.);
#2515=EDGE_CURVE('',#2150,#2151,#392,.T.);
#2516=EDGE_CURVE('',#2152,#2151,#2797,.T.);
#2517=EDGE_CURVE('',#2152,#2141,#393,.T.);
#2518=EDGE_CURVE('',#2142,#2153,#394,.T.);
#2519=EDGE_CURVE('',#2153,#2154,#2798,.T.);
#2520=EDGE_CURVE('',#2154,#2155,#395,.T.);
#2521=EDGE_CURVE('',#2156,#2155,#2799,.T.);
#2522=EDGE_CURVE('',#2156,#2146,#396,.T.);
#2523=EDGE_CURVE('',#2157,#2158,#2800,.T.);
#2524=EDGE_CURVE('',#2158,#2154,#2801,.T.);
#2525=EDGE_CURVE('',#2153,#2157,#2802,.T.);
#2526=EDGE_CURVE('',#2159,#2160,#2803,.T.);
#2527=EDGE_CURVE('',#2160,#2161,#397,.T.);
#2528=EDGE_CURVE('',#2161,#2162,#2804,.T.);
#2529=EDGE_CURVE('',#2162,#2163,#398,.T.);
#2530=EDGE_CURVE('',#2163,#2164,#2805,.T.);
#2531=EDGE_CURVE('',#2164,#2158,#399,.T.);
#2532=EDGE_CURVE('',#2157,#2144,#400,.T.);
#2533=EDGE_CURVE('',#2143,#2165,#401,.T.);
#2534=EDGE_CURVE('',#2166,#2165,#2806,.T.);
#2535=EDGE_CURVE('',#2166,#2167,#402,.T.);
#2536=EDGE_CURVE('',#2167,#2168,#2807,.T.);
#2537=EDGE_CURVE('',#2168,#2159,#403,.T.);
#2538=EDGE_CURVE('',#2149,#2168,#2808,.T.);
#2539=EDGE_CURVE('',#2167,#2150,#2809,.T.);
#2540=EDGE_CURVE('',#2165,#2152,#2810,.T.);
#2541=EDGE_CURVE('',#2151,#2166,#2811,.T.);
#2542=EDGE_CURVE('',#2147,#2160,#2812,.T.);
#2543=EDGE_CURVE('',#2159,#2148,#2813,.T.);
#2544=EDGE_CURVE('',#2146,#2162,#2814,.T.);
#2545=EDGE_CURVE('',#2161,#2145,#2815,.T.);
#2546=EDGE_CURVE('',#2155,#2164,#2816,.T.);
#2547=EDGE_CURVE('',#2163,#2156,#2817,.T.);
#2548=EDGE_CURVE('',#2169,#2170,#2818,.T.);
#2549=EDGE_CURVE('',#2170,#2171,#2819,.T.);
#2550=EDGE_CURVE('',#2171,#2172,#2820,.T.);
#2551=EDGE_CURVE('',#2172,#2173,#2821,.T.);
#2552=EDGE_CURVE('',#2173,#2174,#2822,.T.);
#2553=EDGE_CURVE('',#2174,#2175,#2823,.T.);
#2554=EDGE_CURVE('',#2175,#2176,#2824,.T.);
#2555=EDGE_CURVE('',#2176,#2169,#2825,.T.);
#2556=EDGE_CURVE('',#2177,#2178,#2826,.T.);
#2557=EDGE_CURVE('',#2178,#2179,#2827,.T.);
#2558=EDGE_CURVE('',#2179,#2180,#2828,.T.);
#2559=EDGE_CURVE('',#2180,#2181,#2829,.T.);
#2560=EDGE_CURVE('',#2181,#2177,#2830,.T.);
#2561=EDGE_CURVE('',#2182,#2183,#2831,.T.);
#2562=EDGE_CURVE('',#2183,#2184,#2832,.T.);
#2563=EDGE_CURVE('',#2184,#2185,#2833,.T.);
#2564=EDGE_CURVE('',#2185,#2186,#2834,.T.);
#2565=EDGE_CURVE('',#2186,#2187,#2835,.T.);
#2566=EDGE_CURVE('',#2187,#2188,#2836,.T.);
#2567=EDGE_CURVE('',#2188,#2182,#2837,.T.);
#2568=EDGE_CURVE('',#2189,#2190,#2838,.T.);
#2569=EDGE_CURVE('',#2190,#2191,#2839,.T.);
#2570=EDGE_CURVE('',#2191,#2189,#2840,.T.);
#2571=EDGE_CURVE('',#2192,#2193,#2841,.T.);
#2572=EDGE_CURVE('',#2193,#2194,#2842,.T.);
#2573=EDGE_CURVE('',#2194,#2195,#2843,.T.);
#2574=EDGE_CURVE('',#2195,#2192,#2844,.T.);
#2575=EDGE_CURVE('',#2196,#2197,#2845,.T.);
#2576=EDGE_CURVE('',#2197,#2198,#2846,.T.);
#2577=EDGE_CURVE('',#2198,#2199,#2847,.T.);
#2578=EDGE_CURVE('',#2199,#2196,#2848,.T.);
#2579=EDGE_CURVE('',#2198,#2170,#404,.T.);
#2580=EDGE_CURVE('',#2169,#2199,#259,.T.);
#2581=EDGE_CURVE('',#2184,#2197,#405,.T.);
#2582=EDGE_CURVE('',#2196,#2185,#260,.T.);
#2583=EDGE_CURVE('',#2186,#2178,#406,.T.);
#2584=EDGE_CURVE('',#2177,#2187,#407,.T.);
#2585=EDGE_CURVE('',#2185,#2200,#261,.T.);
#2586=EDGE_CURVE('',#2201,#2200,#2849,.T.);
#2587=EDGE_CURVE('',#2186,#2201,#408,.T.);
#2588=EDGE_CURVE('',#2176,#2202,#409,.T.);
#2589=EDGE_CURVE('',#2203,#2202,#2850,.T.);
#2590=EDGE_CURVE('',#2203,#2169,#262,.T.);
#2591=EDGE_CURVE('',#2171,#2193,#410,.T.);
#2592=EDGE_CURVE('',#2172,#2192,#411,.T.);
#2593=EDGE_CURVE('',#2194,#2183,#412,.T.);
#2594=EDGE_CURVE('',#2182,#2195,#413,.T.);
#2595=EDGE_CURVE('',#2199,#2203,#414,.T.);
#2596=EDGE_CURVE('',#2200,#2203,#2851,.T.);
#2597=EDGE_CURVE('',#2196,#2200,#415,.T.);
#2598=EDGE_CURVE('',#2190,#2180,#416,.T.);
#2599=EDGE_CURVE('',#2189,#2181,#417,.T.);
#2600=EDGE_CURVE('',#2190,#2175,#418,.T.);
#2601=EDGE_CURVE('',#2174,#2191,#419,.T.);
#2602=EDGE_CURVE('',#2204,#2187,#420,.T.);
#2603=EDGE_CURVE('',#2205,#2204,#2852,.T.);
#2604=EDGE_CURVE('',#2188,#2205,#421,.T.);
#2605=EDGE_CURVE('',#2173,#2206,#422,.T.);
#2606=EDGE_CURVE('',#2207,#2206,#2853,.T.);
#2607=EDGE_CURVE('',#2207,#2174,#423,.T.);
#2608=EDGE_CURVE('',#2208,#2209,#2854,.T.);
#2609=EDGE_CURVE('',#2209,#2210,#2855,.T.);
#2610=EDGE_CURVE('',#2210,#2211,#2856,.T.);
#2611=EDGE_CURVE('',#2211,#2208,#2857,.T.);
#2612=EDGE_CURVE('',#2204,#2212,#2858,.T.);
#2613=EDGE_CURVE('',#2212,#2207,#2859,.T.);
#2614=EDGE_CURVE('',#2206,#2205,#2860,.T.);
#2615=EDGE_CURVE('',#2188,#2209,#424,.T.);
#2616=EDGE_CURVE('',#2208,#2182,#425,.T.);
#2617=EDGE_CURVE('',#2210,#2173,#426,.T.);
#2618=EDGE_CURVE('',#2172,#2211,#427,.T.);
#2619=EDGE_CURVE('',#2211,#2192,#428,.T.);
#2620=EDGE_CURVE('',#2208,#2195,#429,.T.);
#2621=EDGE_CURVE('',#2204,#2177,#430,.T.);
#2622=EDGE_CURVE('',#2209,#2205,#431,.T.);
#2623=EDGE_CURVE('',#2181,#2212,#432,.T.);
#2624=EDGE_CURVE('',#2210,#2206,#433,.T.);
#2625=EDGE_CURVE('',#2191,#2207,#434,.T.);
#2626=EDGE_CURVE('',#2189,#2212,#435,.T.);
#2627=EDGE_CURVE('',#2213,#2214,#2861,.T.);
#2628=EDGE_CURVE('',#2214,#2215,#2862,.T.);
#2629=EDGE_CURVE('',#2215,#2216,#2863,.T.);
#2630=EDGE_CURVE('',#2216,#2213,#2864,.T.);
#2631=EDGE_CURVE('',#2175,#2180,#436,.T.);
#2632=EDGE_CURVE('',#2179,#2176,#437,.T.);
#2633=EDGE_CURVE('',#2179,#2202,#438,.T.);
#2634=EDGE_CURVE('',#2178,#2201,#439,.T.);
#2635=EDGE_CURVE('',#2202,#2201,#2865,.T.);
#2636=EDGE_CURVE('',#2183,#2213,#440,.T.);
#2637=EDGE_CURVE('',#2213,#2194,#441,.T.);
#2638=EDGE_CURVE('',#2214,#2193,#442,.T.);
#2639=EDGE_CURVE('',#2184,#2216,#443,.T.);
#2640=EDGE_CURVE('',#2214,#2171,#444,.T.);
#2641=EDGE_CURVE('',#2197,#2216,#445,.T.);
#2642=EDGE_CURVE('',#2215,#2170,#446,.T.);
#2643=EDGE_CURVE('',#2198,#2215,#447,.T.);
#2644=LINE('',#4547,#2866);
#2645=LINE('',#4550,#2867);
#2646=LINE('',#4552,#2868);
#2647=LINE('',#4554,#2869);
#2648=LINE('',#4556,#2870);
#2649=LINE('',#4558,#2871);
#2650=LINE('',#4560,#2872);
#2651=LINE('',#4562,#2873);
#2652=LINE('',#4564,#2874);
#2653=LINE('',#4567,#2875);
#2654=LINE('',#4569,#2876);
#2655=LINE('',#4571,#2877);
#2656=LINE('',#4573,#2878);
#2657=LINE('',#4575,#2879);
#2658=LINE('',#4577,#2880);
#2659=LINE('',#4579,#2881);
#2660=LINE('',#4581,#2882);
#2661=LINE('',#4584,#2883);
#2662=LINE('',#4586,#2884);
#2663=LINE('',#4588,#2885);
#2664=LINE('',#4590,#2886);
#2665=LINE('',#4593,#2887);
#2666=LINE('',#4595,#2888);
#2667=LINE('',#4597,#2889);
#2668=LINE('',#4599,#2890);
#2669=LINE('',#4602,#2891);
#2670=LINE('',#4604,#2892);
#2671=LINE('',#4606,#2893);
#2672=LINE('',#4616,#2894);
#2673=LINE('',#4622,#2895);
#2674=LINE('',#4628,#2896);
#2675=LINE('',#4687,#2897);
#2676=LINE('',#4739,#2898);
#2677=LINE('',#4748,#2899);
#2678=LINE('',#4751,#2900);
#2679=LINE('',#4753,#2901);
#2680=LINE('',#4755,#2902);
#2681=LINE('',#4757,#2903);
#2682=LINE('',#4760,#2904);
#2683=LINE('',#4762,#2905);
#2684=LINE('',#4764,#2906);
#2685=LINE('',#4795,#2907);
#2686=LINE('',#4798,#2908);
#2687=LINE('',#4800,#2909);
#2688=LINE('',#4802,#2910);
#2689=LINE('',#4806,#2911);
#2690=LINE('',#4808,#2912);
#2691=LINE('',#4811,#2913);
#2692=LINE('',#4835,#2914);
#2693=LINE('',#4838,#2915);
#2694=LINE('',#4840,#2916);
#2695=LINE('',#4842,#2917);
#2696=LINE('',#4846,#2918);
#2697=LINE('',#4848,#2919);
#2698=LINE('',#4850,#2920);
#2699=LINE('',#4853,#2921);
#2700=LINE('',#4855,#2922);
#2701=LINE('',#4857,#2923);
#2702=LINE('',#4859,#2924);
#2703=LINE('',#4861,#2925);
#2704=LINE('',#4864,#2926);
#2705=LINE('',#4866,#2927);
#2706=LINE('',#4868,#2928);
#2707=LINE('',#4870,#2929);
#2708=LINE('',#4872,#2930);
#2709=LINE('',#4874,#2931);
#2710=LINE('',#4876,#2932);
#2711=LINE('',#4878,#2933);
#2712=LINE('',#4881,#2934);
#2713=LINE('',#4883,#2935);
#2714=LINE('',#4885,#2936);
#2715=LINE('',#4887,#2937);
#2716=LINE('',#4890,#2938);
#2717=LINE('',#4892,#2939);
#2718=LINE('',#4894,#2940);
#2719=LINE('',#4896,#2941);
#2720=LINE('',#4898,#2942);
#2721=LINE('',#4901,#2943);
#2722=LINE('',#4903,#2944);
#2723=LINE('',#4905,#2945);
#2724=LINE('',#4915,#2946);
#2725=LINE('',#4921,#2947);
#2726=LINE('',#4992,#2948);
#2727=LINE('',#4995,#2949);
#2728=LINE('',#5001,#2950);
#2729=LINE('',#5004,#2951);
#2730=LINE('',#5006,#2952);
#2731=LINE('',#5008,#2953);
#2732=LINE('',#5010,#2954);
#2733=LINE('',#5012,#2955);
#2734=LINE('',#5014,#2956);
#2735=LINE('',#5017,#2957);
#2736=LINE('',#5019,#2958);
#2737=LINE('',#5021,#2959);
#2738=LINE('',#5023,#2960);
#2739=LINE('',#5025,#2961);
#2740=LINE('',#5027,#2962);
#2741=LINE('',#5119,#2963);
#2742=LINE('',#5125,#2964);
#2743=LINE('',#5128,#2965);
#2744=LINE('',#5130,#2966);
#2745=LINE('',#5132,#2967);
#2746=LINE('',#5134,#2968);
#2747=LINE('',#5136,#2969);
#2748=LINE('',#5138,#2970);
#2749=LINE('',#5140,#2971);
#2750=LINE('',#5143,#2972);
#2751=LINE('',#5145,#2973);
#2752=LINE('',#5147,#2974);
#2753=LINE('',#5149,#2975);
#2754=LINE('',#5151,#2976);
#2755=LINE('',#5154,#2977);
#2756=LINE('',#5156,#2978);
#2757=LINE('',#5158,#2979);
#2758=LINE('',#5160,#2980);
#2759=LINE('',#5162,#2981);
#2760=LINE('',#5164,#2982);
#2761=LINE('',#5166,#2983);
#2762=LINE('',#5169,#2984);
#2763=LINE('',#5171,#2985);
#2764=LINE('',#5173,#2986);
#2765=LINE('',#5175,#2987);
#2766=LINE('',#5178,#2988);
#2767=LINE('',#5180,#2989);
#2768=LINE('',#5182,#2990);
#2769=LINE('',#5198,#2991);
#2770=LINE('',#5204,#2992);
#2771=LINE('',#5263,#2993);
#2772=LINE('',#5314,#2994);
#2773=LINE('',#5317,#2995);
#2774=LINE('',#5319,#2996);
#2775=LINE('',#5321,#2997);
#2776=LINE('',#5323,#2998);
#2777=LINE('',#5325,#2999);
#2778=LINE('',#5328,#3000);
#2779=LINE('',#5330,#3001);
#2780=LINE('',#5332,#3002);
#2781=LINE('',#5334,#3003);
#2782=LINE('',#5337,#3004);
#2783=LINE('',#5339,#3005);
#2784=LINE('',#5341,#3006);
#2785=LINE('',#5381,#3007);
#2786=LINE('',#5384,#3008);
#2787=LINE('',#5386,#3009);
#2788=LINE('',#5388,#3010);
#2789=LINE('',#5392,#3011);
#2790=LINE('',#5413,#3012);
#2791=LINE('',#5416,#3013);
#2792=LINE('',#5418,#3014);
#2793=LINE('',#5420,#3015);
#2794=LINE('',#5422,#3016);
#2795=LINE('',#5427,#3017);
#2796=LINE('',#5431,#3018);
#2797=LINE('',#5435,#3019);
#2798=LINE('',#5440,#3020);
#2799=LINE('',#5444,#3021);
#2800=LINE('',#5448,#3022);
#2801=LINE('',#5451,#3023);
#2802=LINE('',#5452,#3024);
#2803=LINE('',#5454,#3025);
#2804=LINE('',#5459,#3026);
#2805=LINE('',#5463,#3027);
#2806=LINE('',#5469,#3028);
#2807=LINE('',#5473,#3029);
#2808=LINE('',#5477,#3030);
#2809=LINE('',#5478,#3031);
#2810=LINE('',#5480,#3032);
#2811=LINE('',#5481,#3033);
#2812=LINE('',#5486,#3034);
#2813=LINE('',#5487,#3035);
#2814=LINE('',#5489,#3036);
#2815=LINE('',#5490,#3037);
#2816=LINE('',#5492,#3038);
#2817=LINE('',#5493,#3039);
#2818=LINE('',#5499,#3040);
#2819=LINE('',#5502,#3041);
#2820=LINE('',#5504,#3042);
#2821=LINE('',#5506,#3043);
#2822=LINE('',#5508,#3044);
#2823=LINE('',#5510,#3045);
#2824=LINE('',#5512,#3046);
#2825=LINE('',#5514,#3047);
#2826=LINE('',#5516,#3048);
#2827=LINE('',#5519,#3049);
#2828=LINE('',#5521,#3050);
#2829=LINE('',#5523,#3051);
#2830=LINE('',#5525,#3052);
#2831=LINE('',#5527,#3053);
#2832=LINE('',#5530,#3054);
#2833=LINE('',#5532,#3055);
#2834=LINE('',#5534,#3056);
#2835=LINE('',#5536,#3057);
#2836=LINE('',#5538,#3058);
#2837=LINE('',#5540,#3059);
#2838=LINE('',#5542,#3060);
#2839=LINE('',#5545,#3061);
#2840=LINE('',#5547,#3062);
#2841=LINE('',#5549,#3063);
#2842=LINE('',#5552,#3064);
#2843=LINE('',#5554,#3065);
#2844=LINE('',#5556,#3066);
#2845=LINE('',#5558,#3067);
#2846=LINE('',#5561,#3068);
#2847=LINE('',#5563,#3069);
#2848=LINE('',#5565,#3070);
#2849=LINE('',#5578,#3071);
#2850=LINE('',#5584,#3072);
#2851=LINE('',#5643,#3073);
#2852=LINE('',#5702,#3074);
#2853=LINE('',#5708,#3075);
#2854=LINE('',#5712,#3076);
#2855=LINE('',#5715,#3077);
#2856=LINE('',#5717,#3078);
#2857=LINE('',#5719,#3079);
#2858=LINE('',#5721,#3080);
#2859=LINE('',#5723,#3081);
#2860=LINE('',#5724,#3082);
#2861=LINE('',#5751,#3083);
#2862=LINE('',#5754,#3084);
#2863=LINE('',#5756,#3085);
#2864=LINE('',#5758,#3086);
#2865=LINE('',#5765,#3087);
#2866=VECTOR('',#3502,1.);
#2867=VECTOR('',#3503,1.);
#2868=VECTOR('',#3504,1.);
#2869=VECTOR('',#3505,1.);
#2870=VECTOR('',#3506,1.);
#2871=VECTOR('',#3507,1.);
#2872=VECTOR('',#3508,1.);
#2873=VECTOR('',#3509,1.);
#2874=VECTOR('',#3512,1.);
#2875=VECTOR('',#3513,1.);
#2876=VECTOR('',#3514,1.);
#2877=VECTOR('',#3515,1.);
#2878=VECTOR('',#3516,1.);
#2879=VECTOR('',#3517,1.);
#2880=VECTOR('',#3518,1.);
#2881=VECTOR('',#3519,1.);
#2882=VECTOR('',#3522,1.);
#2883=VECTOR('',#3523,1.);
#2884=VECTOR('',#3524,1.);
#2885=VECTOR('',#3525,1.);
#2886=VECTOR('',#3528,1.);
#2887=VECTOR('',#3529,1.);
#2888=VECTOR('',#3530,1.);
#2889=VECTOR('',#3531,1.);
#2890=VECTOR('',#3534,1.);
#2891=VECTOR('',#3535,1.);
#2892=VECTOR('',#3536,1.);
#2893=VECTOR('',#3537,1.);
#2894=VECTOR('',#3554,1.);
#2895=VECTOR('',#3561,1.);
#2896=VECTOR('',#3568,1.);
#2897=VECTOR('',#3587,1.);
#2898=VECTOR('',#3594,1.);
#2899=VECTOR('',#3609,1.);
#2900=VECTOR('',#3610,1.);
#2901=VECTOR('',#3611,1.);
#2902=VECTOR('',#3612,1.);
#2903=VECTOR('',#3615,1.);
#2904=VECTOR('',#3616,1.);
#2905=VECTOR('',#3617,1.);
#2906=VECTOR('',#3618,1.);
#2907=VECTOR('',#3679,1.);
#2908=VECTOR('',#3680,1.);
#2909=VECTOR('',#3681,1.);
#2910=VECTOR('',#3682,1.);
#2911=VECTOR('',#3687,1.);
#2912=VECTOR('',#3690,1.);
#2913=VECTOR('',#3695,1.);
#2914=VECTOR('',#3742,1.);
#2915=VECTOR('',#3743,1.);
#2916=VECTOR('',#3744,1.);
#2917=VECTOR('',#3745,1.);
#2918=VECTOR('',#3748,1.);
#2919=VECTOR('',#3749,1.);
#2920=VECTOR('',#3752,1.);
#2921=VECTOR('',#3753,1.);
#2922=VECTOR('',#3754,1.);
#2923=VECTOR('',#3755,1.);
#2924=VECTOR('',#3756,1.);
#2925=VECTOR('',#3759,1.);
#2926=VECTOR('',#3760,1.);
#2927=VECTOR('',#3761,1.);
#2928=VECTOR('',#3762,1.);
#2929=VECTOR('',#3763,1.);
#2930=VECTOR('',#3764,1.);
#2931=VECTOR('',#3765,1.);
#2932=VECTOR('',#3766,1.);
#2933=VECTOR('',#3769,1.);
#2934=VECTOR('',#3770,1.);
#2935=VECTOR('',#3771,1.);
#2936=VECTOR('',#3772,1.);
#2937=VECTOR('',#3775,1.);
#2938=VECTOR('',#3776,1.);
#2939=VECTOR('',#3777,1.);
#2940=VECTOR('',#3778,1.);
#2941=VECTOR('',#3779,1.);
#2942=VECTOR('',#3782,1.);
#2943=VECTOR('',#3783,1.);
#2944=VECTOR('',#3784,1.);
#2945=VECTOR('',#3785,1.);
#2946=VECTOR('',#3802,1.);
#2947=VECTOR('',#3809,1.);
#2948=VECTOR('',#3850,1.);
#2949=VECTOR('',#3853,1.);
#2950=VECTOR('',#3864,1.);
#2951=VECTOR('',#3865,1.);
#2952=VECTOR('',#3866,1.);
#2953=VECTOR('',#3867,1.);
#2954=VECTOR('',#3868,1.);
#2955=VECTOR('',#3869,1.);
#2956=VECTOR('',#3872,1.);
#2957=VECTOR('',#3873,1.);
#2958=VECTOR('',#3874,1.);
#2959=VECTOR('',#3875,1.);
#2960=VECTOR('',#3878,1.);
#2961=VECTOR('',#3879,1.);
#2962=VECTOR('',#3880,1.);
#2963=VECTOR('',#3967,1.);
#2964=VECTOR('',#3978,1.);
#2965=VECTOR('',#3979,1.);
#2966=VECTOR('',#3980,1.);
#2967=VECTOR('',#3981,1.);
#2968=VECTOR('',#3982,0.999999999999999);
#2969=VECTOR('',#3983,1.);
#2970=VECTOR('',#3984,1.);
#2971=VECTOR('',#3987,1.);
#2972=VECTOR('',#3988,1.);
#2973=VECTOR('',#3989,1.);
#2974=VECTOR('',#3990,1.);
#2975=VECTOR('',#3991,1.);
#2976=VECTOR('',#3994,1.);
#2977=VECTOR('',#3995,1.);
#2978=VECTOR('',#3996,1.);
#2979=VECTOR('',#3997,1.);
#2980=VECTOR('',#3998,1.);
#2981=VECTOR('',#3999,1.);
#2982=VECTOR('',#4000,1.);
#2983=VECTOR('',#4003,1.);
#2984=VECTOR('',#4004,1.);
#2985=VECTOR('',#4005,1.);
#2986=VECTOR('',#4006,1.);
#2987=VECTOR('',#4009,1.);
#2988=VECTOR('',#4010,1.);
#2989=VECTOR('',#4011,1.);
#2990=VECTOR('',#4012,1.);
#2991=VECTOR('',#4041,1.);
#2992=VECTOR('',#4048,1.);
#2993=VECTOR('',#4067,1.);
#2994=VECTOR('',#4072,1.);
#2995=VECTOR('',#4073,1.);
#2996=VECTOR('',#4074,1.);
#2997=VECTOR('',#4075,1.);
#2998=VECTOR('',#4076,1.);
#2999=VECTOR('',#4079,1.);
#3000=VECTOR('',#4080,1.);
#3001=VECTOR('',#4081,1.);
#3002=VECTOR('',#4082,1.);
#3003=VECTOR('',#4085,1.);
#3004=VECTOR('',#4086,1.);
#3005=VECTOR('',#4087,1.);
#3006=VECTOR('',#4088,1.);
#3007=VECTOR('',#4167,1.);
#3008=VECTOR('',#4168,1.);
#3009=VECTOR('',#4169,1.);
#3010=VECTOR('',#4170,1.);
#3011=VECTOR('',#4177,1.);
#3012=VECTOR('',#4218,1.);
#3013=VECTOR('',#4219,1.);
#3014=VECTOR('',#4220,1.);
#3015=VECTOR('',#4221,1.);
#3016=VECTOR('',#4224,1.);
#3017=VECTOR('',#4227,1.);
#3018=VECTOR('',#4230,1.);
#3019=VECTOR('',#4233,1.);
#3020=VECTOR('',#4238,1.);
#3021=VECTOR('',#4241,1.);
#3022=VECTOR('',#4246,1.);
#3023=VECTOR('',#4247,1.);
#3024=VECTOR('',#4248,1.);
#3025=VECTOR('',#4251,1.);
#3026=VECTOR('',#4254,1.);
#3027=VECTOR('',#4257,1.);
#3028=VECTOR('',#4264,1.);
#3029=VECTOR('',#4267,1.);
#3030=VECTOR('',#4272,1.);
#3031=VECTOR('',#4273,1.);
#3032=VECTOR('',#4276,1.);
#3033=VECTOR('',#4277,1.);
#3034=VECTOR('',#4286,1.);
#3035=VECTOR('',#4287,1.);
#3036=VECTOR('',#4290,1.);
#3037=VECTOR('',#4291,1.);
#3038=VECTOR('',#4294,1.);
#3039=VECTOR('',#4295,1.);
#3040=VECTOR('',#4306,1.);
#3041=VECTOR('',#4307,1.);
#3042=VECTOR('',#4308,1.);
#3043=VECTOR('',#4309,1.);
#3044=VECTOR('',#4310,1.);
#3045=VECTOR('',#4311,1.);
#3046=VECTOR('',#4312,1.);
#3047=VECTOR('',#4313,1.);
#3048=VECTOR('',#4316,1.);
#3049=VECTOR('',#4317,1.);
#3050=VECTOR('',#4318,1.);
#3051=VECTOR('',#4319,1.);
#3052=VECTOR('',#4320,1.);
#3053=VECTOR('',#4323,1.);
#3054=VECTOR('',#4324,1.);
#3055=VECTOR('',#4325,1.);
#3056=VECTOR('',#4326,1.);
#3057=VECTOR('',#4327,1.);
#3058=VECTOR('',#4328,1.);
#3059=VECTOR('',#4329,1.);
#3060=VECTOR('',#4332,1.);
#3061=VECTOR('',#4333,1.);
#3062=VECTOR('',#4334,1.);
#3063=VECTOR('',#4337,1.);
#3064=VECTOR('',#4338,1.);
#3065=VECTOR('',#4339,1.);
#3066=VECTOR('',#4340,1.);
#3067=VECTOR('',#4343,1.);
#3068=VECTOR('',#4344,1.);
#3069=VECTOR('',#4345,1.);
#3070=VECTOR('',#4346,1.);
#3071=VECTOR('',#4369,1.);
#3072=VECTOR('',#4376,1.);
#3073=VECTOR('',#4395,1.);
#3074=VECTOR('',#4414,1.);
#3075=VECTOR('',#4421,1.);
#3076=VECTOR('',#4426,1.);
#3077=VECTOR('',#4427,1.);
#3078=VECTOR('',#4428,1.);
#3079=VECTOR('',#4429,1.);
#3080=VECTOR('',#4432,1.);
#3081=VECTOR('',#4433,1.);
#3082=VECTOR('',#4434,1.);
#3083=VECTOR('',#4487,1.);
#3084=VECTOR('',#4488,1.);
#3085=VECTOR('',#4489,1.);
#3086=VECTOR('',#4490,1.);
#3087=VECTOR('',#4503,1.);
#3088=AXIS2_PLACEMENT_3D('',#4546,#3500,#3501);
#3089=AXIS2_PLACEMENT_3D('',#4563,#3510,#3511);
#3090=AXIS2_PLACEMENT_3D('',#4580,#3520,#3521);
#3091=AXIS2_PLACEMENT_3D('',#4589,#3526,#3527);
#3092=AXIS2_PLACEMENT_3D('',#4598,#3532,#3533);
#3093=AXIS2_PLACEMENT_3D('',#4607,#3538,#3539);
#3094=AXIS2_PLACEMENT_3D('',#4608,#3540,#3541);
#3095=AXIS2_PLACEMENT_3D('',#4609,#3542,#3543);
#3096=AXIS2_PLACEMENT_3D('',#4610,#3544,#3545);
#3097=AXIS2_PLACEMENT_3D('',#4611,#3546,#3547);
#3098=AXIS2_PLACEMENT_3D('',#4612,#3548,#3549);
#3099=AXIS2_PLACEMENT_3D('',#4613,#3550,#3551);
#3100=AXIS2_PLACEMENT_3D('',#4614,#3552,#3553);
#3101=AXIS2_PLACEMENT_3D('',#4618,#3555,#3556);
#3102=AXIS2_PLACEMENT_3D('',#4619,#3557,#3558);
#3103=AXIS2_PLACEMENT_3D('',#4620,#3559,#3560);
#3104=AXIS2_PLACEMENT_3D('',#4624,#3562,#3563);
#3105=AXIS2_PLACEMENT_3D('',#4625,#3564,#3565);
#3106=AXIS2_PLACEMENT_3D('',#4626,#3566,#3567);
#3107=AXIS2_PLACEMENT_3D('',#4630,#3569,#3570);
#3108=AXIS2_PLACEMENT_3D('',#4631,#3571,#3572);
#3109=AXIS2_PLACEMENT_3D('',#4632,#3573,#3574);
#3110=AXIS2_PLACEMENT_3D('',#4633,#3575,#3576);
#3111=AXIS2_PLACEMENT_3D('',#4634,#3577,#3578);
#3112=AXIS2_PLACEMENT_3D('',#4635,#3579,#3580);
#3113=AXIS2_PLACEMENT_3D('',#4636,#3581,#3582);
#3114=AXIS2_PLACEMENT_3D('',#4637,#3583,#3584);
#3115=AXIS2_PLACEMENT_3D('',#4638,#3585,#3586);
#3116=AXIS2_PLACEMENT_3D('',#4688,#3588,#3589);
#3117=AXIS2_PLACEMENT_3D('',#4689,#3590,#3591);
#3118=AXIS2_PLACEMENT_3D('',#4738,#3592,#3593);
#3119=AXIS2_PLACEMENT_3D('',#4741,#3595,#3596);
#3120=AXIS2_PLACEMENT_3D('',#4742,#3597,#3598);
#3121=AXIS2_PLACEMENT_3D('',#4743,#3599,#3600);
#3122=AXIS2_PLACEMENT_3D('',#4744,#3601,#3602);
#3123=AXIS2_PLACEMENT_3D('',#4745,#3603,#3604);
#3124=AXIS2_PLACEMENT_3D('',#4746,#3605,#3606);
#3125=AXIS2_PLACEMENT_3D('',#4747,#3607,#3608);
#3126=AXIS2_PLACEMENT_3D('',#4756,#3613,#3614);
#3127=AXIS2_PLACEMENT_3D('',#4765,#3619,#3620);
#3128=AXIS2_PLACEMENT_3D('',#4766,#3621,#3622);
#3129=AXIS2_PLACEMENT_3D('',#4767,#3623,#3624);
#3130=AXIS2_PLACEMENT_3D('',#4768,#3625,#3626);
#3131=AXIS2_PLACEMENT_3D('',#4769,#3627,#3628);
#3132=AXIS2_PLACEMENT_3D('',#4770,#3629,#3630);
#3133=AXIS2_PLACEMENT_3D('',#4771,#3631,#3632);
#3134=AXIS2_PLACEMENT_3D('',#4772,#3633,#3634);
#3135=AXIS2_PLACEMENT_3D('',#4773,#3635,#3636);
#3136=AXIS2_PLACEMENT_3D('',#4774,#3637,#3638);
#3137=AXIS2_PLACEMENT_3D('',#4775,#3639,#3640);
#3138=AXIS2_PLACEMENT_3D('',#4776,#3641,#3642);
#3139=AXIS2_PLACEMENT_3D('',#4777,#3643,#3644);
#3140=AXIS2_PLACEMENT_3D('',#4778,#3645,#3646);
#3141=AXIS2_PLACEMENT_3D('',#4779,#3647,#3648);
#3142=AXIS2_PLACEMENT_3D('',#4780,#3649,#3650);
#3143=AXIS2_PLACEMENT_3D('',#4781,#3651,#3652);
#3144=AXIS2_PLACEMENT_3D('',#4782,#3653,#3654);
#3145=AXIS2_PLACEMENT_3D('',#4783,#3655,#3656);
#3146=AXIS2_PLACEMENT_3D('',#4784,#3657,#3658);
#3147=AXIS2_PLACEMENT_3D('',#4785,#3659,#3660);
#3148=AXIS2_PLACEMENT_3D('',#4786,#3661,#3662);
#3149=AXIS2_PLACEMENT_3D('',#4787,#3663,#3664);
#3150=AXIS2_PLACEMENT_3D('',#4788,#3665,#3666);
#3151=AXIS2_PLACEMENT_3D('',#4789,#3667,#3668);
#3152=AXIS2_PLACEMENT_3D('',#4790,#3669,#3670);
#3153=AXIS2_PLACEMENT_3D('',#4791,#3671,#3672);
#3154=AXIS2_PLACEMENT_3D('',#4792,#3673,#3674);
#3155=AXIS2_PLACEMENT_3D('',#4793,#3675,#3676);
#3156=AXIS2_PLACEMENT_3D('',#4794,#3677,#3678);
#3157=AXIS2_PLACEMENT_3D('',#4803,#3683,#3684);
#3158=AXIS2_PLACEMENT_3D('',#4804,#3685,#3686);
#3159=AXIS2_PLACEMENT_3D('',#4807,#3688,#3689);
#3160=AXIS2_PLACEMENT_3D('',#4809,#3691,#3692);
#3161=AXIS2_PLACEMENT_3D('',#4810,#3693,#3694);
#3162=AXIS2_PLACEMENT_3D('',#4812,#3696,#3697);
#3163=AXIS2_PLACEMENT_3D('',#4813,#3698,#3699);
#3164=AXIS2_PLACEMENT_3D('',#4814,#3700,#3701);
#3165=AXIS2_PLACEMENT_3D('',#4815,#3702,#3703);
#3166=AXIS2_PLACEMENT_3D('',#4816,#3704,#3705);
#3167=AXIS2_PLACEMENT_3D('',#4817,#3706,#3707);
#3168=AXIS2_PLACEMENT_3D('',#4818,#3708,#3709);
#3169=AXIS2_PLACEMENT_3D('',#4819,#3710,#3711);
#3170=AXIS2_PLACEMENT_3D('',#4820,#3712,#3713);
#3171=AXIS2_PLACEMENT_3D('',#4821,#3714,#3715);
#3172=AXIS2_PLACEMENT_3D('',#4822,#3716,#3717);
#3173=AXIS2_PLACEMENT_3D('',#4823,#3718,#3719);
#3174=AXIS2_PLACEMENT_3D('',#4824,#3720,#3721);
#3175=AXIS2_PLACEMENT_3D('',#4825,#3722,#3723);
#3176=AXIS2_PLACEMENT_3D('',#4826,#3724,#3725);
#3177=AXIS2_PLACEMENT_3D('',#4827,#3726,#3727);
#3178=AXIS2_PLACEMENT_3D('',#4828,#3728,#3729);
#3179=AXIS2_PLACEMENT_3D('',#4829,#3730,#3731);
#3180=AXIS2_PLACEMENT_3D('',#4830,#3732,#3733);
#3181=AXIS2_PLACEMENT_3D('',#4831,#3734,#3735);
#3182=AXIS2_PLACEMENT_3D('',#4832,#3736,#3737);
#3183=AXIS2_PLACEMENT_3D('',#4833,#3738,#3739);
#3184=AXIS2_PLACEMENT_3D('',#4834,#3740,#3741);
#3185=AXIS2_PLACEMENT_3D('',#4844,#3746,#3747);
#3186=AXIS2_PLACEMENT_3D('',#4849,#3750,#3751);
#3187=AXIS2_PLACEMENT_3D('',#4860,#3757,#3758);
#3188=AXIS2_PLACEMENT_3D('',#4877,#3767,#3768);
#3189=AXIS2_PLACEMENT_3D('',#4886,#3773,#3774);
#3190=AXIS2_PLACEMENT_3D('',#4897,#3780,#3781);
#3191=AXIS2_PLACEMENT_3D('',#4906,#3786,#3787);
#3192=AXIS2_PLACEMENT_3D('',#4907,#3788,#3789);
#3193=AXIS2_PLACEMENT_3D('',#4908,#3790,#3791);
#3194=AXIS2_PLACEMENT_3D('',#4909,#3792,#3793);
#3195=AXIS2_PLACEMENT_3D('',#4910,#3794,#3795);
#3196=AXIS2_PLACEMENT_3D('',#4911,#3796,#3797);
#3197=AXIS2_PLACEMENT_3D('',#4912,#3798,#3799);
#3198=AXIS2_PLACEMENT_3D('',#4913,#3800,#3801);
#3199=AXIS2_PLACEMENT_3D('',#4917,#3803,#3804);
#3200=AXIS2_PLACEMENT_3D('',#4918,#3805,#3806);
#3201=AXIS2_PLACEMENT_3D('',#4919,#3807,#3808);
#3202=AXIS2_PLACEMENT_3D('',#4923,#3810,#3811);
#3203=AXIS2_PLACEMENT_3D('',#4924,#3812,#3813);
#3204=AXIS2_PLACEMENT_3D('',#4925,#3814,#3815);
#3205=AXIS2_PLACEMENT_3D('',#4926,#3816,#3817);
#3206=AXIS2_PLACEMENT_3D('',#4927,#3818,#3819);
#3207=AXIS2_PLACEMENT_3D('',#4928,#3820,#3821);
#3208=AXIS2_PLACEMENT_3D('',#4929,#3822,#3823);
#3209=AXIS2_PLACEMENT_3D('',#4930,#3824,#3825);
#3210=AXIS2_PLACEMENT_3D('',#4931,#3826,#3827);
#3211=AXIS2_PLACEMENT_3D('',#4932,#3828,#3829);
#3212=AXIS2_PLACEMENT_3D('',#4933,#3830,#3831);
#3213=AXIS2_PLACEMENT_3D('',#4934,#3832,#3833);
#3214=AXIS2_PLACEMENT_3D('',#4935,#3834,#3835);
#3215=AXIS2_PLACEMENT_3D('',#4936,#3836,#3837);
#3216=AXIS2_PLACEMENT_3D('',#4937,#3838,#3839);
#3217=AXIS2_PLACEMENT_3D('',#4938,#3840,#3841);
#3218=AXIS2_PLACEMENT_3D('',#4939,#3842,#3843);
#3219=AXIS2_PLACEMENT_3D('',#4940,#3844,#3845);
#3220=AXIS2_PLACEMENT_3D('',#4941,#3846,#3847);
#3221=AXIS2_PLACEMENT_3D('',#4990,#3848,#3849);
#3222=AXIS2_PLACEMENT_3D('',#4993,#3851,#3852);
#3223=AXIS2_PLACEMENT_3D('',#4996,#3854,#3855);
#3224=AXIS2_PLACEMENT_3D('',#4997,#3856,#3857);
#3225=AXIS2_PLACEMENT_3D('',#4998,#3858,#3859);
#3226=AXIS2_PLACEMENT_3D('',#4999,#3860,#3861);
#3227=AXIS2_PLACEMENT_3D('',#5000,#3862,#3863);
#3228=AXIS2_PLACEMENT_3D('',#5013,#3870,#3871);
#3229=AXIS2_PLACEMENT_3D('',#5022,#3876,#3877);
#3230=AXIS2_PLACEMENT_3D('',#5028,#3881,#3882);
#3231=AXIS2_PLACEMENT_3D('',#5029,#3883,#3884);
#3232=AXIS2_PLACEMENT_3D('',#5030,#3885,#3886);
#3233=AXIS2_PLACEMENT_3D('',#5031,#3887,#3888);
#3234=AXIS2_PLACEMENT_3D('',#5032,#3889,#3890);
#3235=AXIS2_PLACEMENT_3D('',#5033,#3891,#3892);
#3236=AXIS2_PLACEMENT_3D('',#5034,#3893,#3894);
#3237=AXIS2_PLACEMENT_3D('',#5035,#3895,#3896);
#3238=AXIS2_PLACEMENT_3D('',#5036,#3897,#3898);
#3239=AXIS2_PLACEMENT_3D('',#5037,#3899,#3900);
#3240=AXIS2_PLACEMENT_3D('',#5038,#3901,#3902);
#3241=AXIS2_PLACEMENT_3D('',#5039,#3903,#3904);
#3242=AXIS2_PLACEMENT_3D('',#5040,#3905,#3906);
#3243=AXIS2_PLACEMENT_3D('',#5041,#3907,#3908);
#3244=AXIS2_PLACEMENT_3D('',#5042,#3909,#3910);
#3245=AXIS2_PLACEMENT_3D('',#5043,#3911,#3912);
#3246=AXIS2_PLACEMENT_3D('',#5044,#3913,#3914);
#3247=AXIS2_PLACEMENT_3D('',#5045,#3915,#3916);
#3248=AXIS2_PLACEMENT_3D('',#5046,#3917,#3918);
#3249=AXIS2_PLACEMENT_3D('',#5047,#3919,#3920);
#3250=AXIS2_PLACEMENT_3D('',#5096,#3921,#3922);
#3251=AXIS2_PLACEMENT_3D('',#5097,#3923,#3924);
#3252=AXIS2_PLACEMENT_3D('',#5098,#3925,#3926);
#3253=AXIS2_PLACEMENT_3D('',#5099,#3927,#3928);
#3254=AXIS2_PLACEMENT_3D('',#5100,#3929,#3930);
#3255=AXIS2_PLACEMENT_3D('',#5101,#3931,#3932);
#3256=AXIS2_PLACEMENT_3D('',#5102,#3933,#3934);
#3257=AXIS2_PLACEMENT_3D('',#5103,#3935,#3936);
#3258=AXIS2_PLACEMENT_3D('',#5104,#3937,#3938);
#3259=AXIS2_PLACEMENT_3D('',#5105,#3939,#3940);
#3260=AXIS2_PLACEMENT_3D('',#5106,#3941,#3942);
#3261=AXIS2_PLACEMENT_3D('',#5107,#3943,#3944);
#3262=AXIS2_PLACEMENT_3D('',#5108,#3945,#3946);
#3263=AXIS2_PLACEMENT_3D('',#5109,#3947,#3948);
#3264=AXIS2_PLACEMENT_3D('',#5110,#3949,#3950);
#3265=AXIS2_PLACEMENT_3D('',#5111,#3951,#3952);
#3266=AXIS2_PLACEMENT_3D('',#5112,#3953,#3954);
#3267=AXIS2_PLACEMENT_3D('',#5113,#3955,#3956);
#3268=AXIS2_PLACEMENT_3D('',#5114,#3957,#3958);
#3269=AXIS2_PLACEMENT_3D('',#5115,#3959,#3960);
#3270=AXIS2_PLACEMENT_3D('',#5116,#3961,#3962);
#3271=AXIS2_PLACEMENT_3D('',#5117,#3963,#3964);
#3272=AXIS2_PLACEMENT_3D('',#5118,#3965,#3966);
#3273=AXIS2_PLACEMENT_3D('',#5120,#3968,#3969);
#3274=AXIS2_PLACEMENT_3D('',#5121,#3970,#3971);
#3275=AXIS2_PLACEMENT_3D('',#5122,#3972,#3973);
#3276=AXIS2_PLACEMENT_3D('',#5123,#3974,#3975);
#3277=AXIS2_PLACEMENT_3D('',#5124,#3976,#3977);
#3278=AXIS2_PLACEMENT_3D('',#5139,#3985,#3986);
#3279=AXIS2_PLACEMENT_3D('',#5150,#3992,#3993);
#3280=AXIS2_PLACEMENT_3D('',#5165,#4001,#4002);
#3281=AXIS2_PLACEMENT_3D('',#5174,#4007,#4008);
#3282=AXIS2_PLACEMENT_3D('',#5183,#4013,#4014);
#3283=AXIS2_PLACEMENT_3D('',#5184,#4015,#4016);
#3284=AXIS2_PLACEMENT_3D('',#5185,#4017,#4018);
#3285=AXIS2_PLACEMENT_3D('',#5186,#4019,#4020);
#3286=AXIS2_PLACEMENT_3D('',#5187,#4021,#4022);
#3287=AXIS2_PLACEMENT_3D('',#5188,#4023,#4024);
#3288=AXIS2_PLACEMENT_3D('',#5189,#4025,#4026);
#3289=AXIS2_PLACEMENT_3D('',#5190,#4027,#4028);
#3290=AXIS2_PLACEMENT_3D('',#5191,#4029,#4030);
#3291=AXIS2_PLACEMENT_3D('',#5192,#4031,#4032);
#3292=AXIS2_PLACEMENT_3D('',#5193,#4033,#4034);
#3293=AXIS2_PLACEMENT_3D('',#5194,#4035,#4036);
#3294=AXIS2_PLACEMENT_3D('',#5195,#4037,#4038);
#3295=AXIS2_PLACEMENT_3D('',#5196,#4039,#4040);
#3296=AXIS2_PLACEMENT_3D('',#5200,#4042,#4043);
#3297=AXIS2_PLACEMENT_3D('',#5201,#4044,#4045);
#3298=AXIS2_PLACEMENT_3D('',#5202,#4046,#4047);
#3299=AXIS2_PLACEMENT_3D('',#5206,#4049,#4050);
#3300=AXIS2_PLACEMENT_3D('',#5207,#4051,#4052);
#3301=AXIS2_PLACEMENT_3D('',#5208,#4053,#4054);
#3302=AXIS2_PLACEMENT_3D('',#5209,#4055,#4056);
#3303=AXIS2_PLACEMENT_3D('',#5210,#4057,#4058);
#3304=AXIS2_PLACEMENT_3D('',#5211,#4059,#4060);
#3305=AXIS2_PLACEMENT_3D('',#5212,#4061,#4062);
#3306=AXIS2_PLACEMENT_3D('',#5213,#4063,#4064);
#3307=AXIS2_PLACEMENT_3D('',#5214,#4065,#4066);
#3308=AXIS2_PLACEMENT_3D('',#5264,#4068,#4069);
#3309=AXIS2_PLACEMENT_3D('',#5265,#4070,#4071);
#3310=AXIS2_PLACEMENT_3D('',#5324,#4077,#4078);
#3311=AXIS2_PLACEMENT_3D('',#5333,#4083,#4084);
#3312=AXIS2_PLACEMENT_3D('',#5342,#4089,#4090);
#3313=AXIS2_PLACEMENT_3D('',#5343,#4091,#4092);
#3314=AXIS2_PLACEMENT_3D('',#5344,#4093,#4094);
#3315=AXIS2_PLACEMENT_3D('',#5345,#4095,#4096);
#3316=AXIS2_PLACEMENT_3D('',#5346,#4097,#4098);
#3317=AXIS2_PLACEMENT_3D('',#5347,#4099,#4100);
#3318=AXIS2_PLACEMENT_3D('',#5348,#4101,#4102);
#3319=AXIS2_PLACEMENT_3D('',#5349,#4103,#4104);
#3320=AXIS2_PLACEMENT_3D('',#5350,#4105,#4106);
#3321=AXIS2_PLACEMENT_3D('',#5351,#4107,#4108);
#3322=AXIS2_PLACEMENT_3D('',#5352,#4109,#4110);
#3323=AXIS2_PLACEMENT_3D('',#5353,#4111,#4112);
#3324=AXIS2_PLACEMENT_3D('',#5354,#4113,#4114);
#3325=AXIS2_PLACEMENT_3D('',#5355,#4115,#4116);
#3326=AXIS2_PLACEMENT_3D('',#5356,#4117,#4118);
#3327=AXIS2_PLACEMENT_3D('',#5357,#4119,#4120);
#3328=AXIS2_PLACEMENT_3D('',#5358,#4121,#4122);
#3329=AXIS2_PLACEMENT_3D('',#5359,#4123,#4124);
#3330=AXIS2_PLACEMENT_3D('',#5360,#4125,#4126);
#3331=AXIS2_PLACEMENT_3D('',#5361,#4127,#4128);
#3332=AXIS2_PLACEMENT_3D('',#5362,#4129,#4130);
#3333=AXIS2_PLACEMENT_3D('',#5363,#4131,#4132);
#3334=AXIS2_PLACEMENT_3D('',#5364,#4133,#4134);
#3335=AXIS2_PLACEMENT_3D('',#5365,#4135,#4136);
#3336=AXIS2_PLACEMENT_3D('',#5366,#4137,#4138);
#3337=AXIS2_PLACEMENT_3D('',#5367,#4139,#4140);
#3338=AXIS2_PLACEMENT_3D('',#5368,#4141,#4142);
#3339=AXIS2_PLACEMENT_3D('',#5369,#4143,#4144);
#3340=AXIS2_PLACEMENT_3D('',#5370,#4145,#4146);
#3341=AXIS2_PLACEMENT_3D('',#5371,#4147,#4148);
#3342=AXIS2_PLACEMENT_3D('',#5372,#4149,#4150);
#3343=AXIS2_PLACEMENT_3D('',#5373,#4151,#4152);
#3344=AXIS2_PLACEMENT_3D('',#5374,#4153,#4154);
#3345=AXIS2_PLACEMENT_3D('',#5375,#4155,#4156);
#3346=AXIS2_PLACEMENT_3D('',#5376,#4157,#4158);
#3347=AXIS2_PLACEMENT_3D('',#5377,#4159,#4160);
#3348=AXIS2_PLACEMENT_3D('',#5378,#4161,#4162);
#3349=AXIS2_PLACEMENT_3D('',#5379,#4163,#4164);
#3350=AXIS2_PLACEMENT_3D('',#5380,#4165,#4166);
#3351=AXIS2_PLACEMENT_3D('',#5389,#4171,#4172);
#3352=AXIS2_PLACEMENT_3D('',#5390,#4173,#4174);
#3353=AXIS2_PLACEMENT_3D('',#5391,#4175,#4176);
#3354=AXIS2_PLACEMENT_3D('',#5393,#4178,#4179);
#3355=AXIS2_PLACEMENT_3D('',#5394,#4180,#4181);
#3356=AXIS2_PLACEMENT_3D('',#5395,#4182,#4183);
#3357=AXIS2_PLACEMENT_3D('',#5396,#4184,#4185);
#3358=AXIS2_PLACEMENT_3D('',#5397,#4186,#4187);
#3359=AXIS2_PLACEMENT_3D('',#5398,#4188,#4189);
#3360=AXIS2_PLACEMENT_3D('',#5399,#4190,#4191);
#3361=AXIS2_PLACEMENT_3D('',#5400,#4192,#4193);
#3362=AXIS2_PLACEMENT_3D('',#5401,#4194,#4195);
#3363=AXIS2_PLACEMENT_3D('',#5402,#4196,#4197);
#3364=AXIS2_PLACEMENT_3D('',#5403,#4198,#4199);
#3365=AXIS2_PLACEMENT_3D('',#5404,#4200,#4201);
#3366=AXIS2_PLACEMENT_3D('',#5405,#4202,#4203);
#3367=AXIS2_PLACEMENT_3D('',#5406,#4204,#4205);
#3368=AXIS2_PLACEMENT_3D('',#5407,#4206,#4207);
#3369=AXIS2_PLACEMENT_3D('',#5408,#4208,#4209);
#3370=AXIS2_PLACEMENT_3D('',#5409,#4210,#4211);
#3371=AXIS2_PLACEMENT_3D('',#5410,#4212,#4213);
#3372=AXIS2_PLACEMENT_3D('',#5411,#4214,#4215);
#3373=AXIS2_PLACEMENT_3D('',#5412,#4216,#4217);
#3374=AXIS2_PLACEMENT_3D('',#5421,#4222,#4223);
#3375=AXIS2_PLACEMENT_3D('',#5425,#4225,#4226);
#3376=AXIS2_PLACEMENT_3D('',#5429,#4228,#4229);
#3377=AXIS2_PLACEMENT_3D('',#5433,#4231,#4232);
#3378=AXIS2_PLACEMENT_3D('',#5437,#4234,#4235);
#3379=AXIS2_PLACEMENT_3D('',#5438,#4236,#4237);
#3380=AXIS2_PLACEMENT_3D('',#5442,#4239,#4240);
#3381=AXIS2_PLACEMENT_3D('',#5446,#4242,#4243);
#3382=AXIS2_PLACEMENT_3D('',#5447,#4244,#4245);
#3383=AXIS2_PLACEMENT_3D('',#5453,#4249,#4250);
#3384=AXIS2_PLACEMENT_3D('',#5457,#4252,#4253);
#3385=AXIS2_PLACEMENT_3D('',#5461,#4255,#4256);
#3386=AXIS2_PLACEMENT_3D('',#5465,#4258,#4259);
#3387=AXIS2_PLACEMENT_3D('',#5466,#4260,#4261);
#3388=AXIS2_PLACEMENT_3D('',#5467,#4262,#4263);
#3389=AXIS2_PLACEMENT_3D('',#5471,#4265,#4266);
#3390=AXIS2_PLACEMENT_3D('',#5475,#4268,#4269);
#3391=AXIS2_PLACEMENT_3D('',#5476,#4270,#4271);
#3392=AXIS2_PLACEMENT_3D('',#5479,#4274,#4275);
#3393=AXIS2_PLACEMENT_3D('',#5482,#4278,#4279);
#3394=AXIS2_PLACEMENT_3D('',#5483,#4280,#4281);
#3395=AXIS2_PLACEMENT_3D('',#5484,#4282,#4283);
#3396=AXIS2_PLACEMENT_3D('',#5485,#4284,#4285);
#3397=AXIS2_PLACEMENT_3D('',#5488,#4288,#4289);
#3398=AXIS2_PLACEMENT_3D('',#5491,#4292,#4293);
#3399=AXIS2_PLACEMENT_3D('',#5494,#4296,#4297);
#3400=AXIS2_PLACEMENT_3D('',#5495,#4298,#4299);
#3401=AXIS2_PLACEMENT_3D('',#5496,#4300,#4301);
#3402=AXIS2_PLACEMENT_3D('',#5497,#4302,#4303);
#3403=AXIS2_PLACEMENT_3D('',#5498,#4304,#4305);
#3404=AXIS2_PLACEMENT_3D('',#5515,#4314,#4315);
#3405=AXIS2_PLACEMENT_3D('',#5526,#4321,#4322);
#3406=AXIS2_PLACEMENT_3D('',#5541,#4330,#4331);
#3407=AXIS2_PLACEMENT_3D('',#5548,#4335,#4336);
#3408=AXIS2_PLACEMENT_3D('',#5557,#4341,#4342);
#3409=AXIS2_PLACEMENT_3D('',#5566,#4347,#4348);
#3410=AXIS2_PLACEMENT_3D('',#5567,#4349,#4350);
#3411=AXIS2_PLACEMENT_3D('',#5568,#4351,#4352);
#3412=AXIS2_PLACEMENT_3D('',#5569,#4353,#4354);
#3413=AXIS2_PLACEMENT_3D('',#5570,#4355,#4356);
#3414=AXIS2_PLACEMENT_3D('',#5571,#4357,#4358);
#3415=AXIS2_PLACEMENT_3D('',#5572,#4359,#4360);
#3416=AXIS2_PLACEMENT_3D('',#5573,#4361,#4362);
#3417=AXIS2_PLACEMENT_3D('',#5574,#4363,#4364);
#3418=AXIS2_PLACEMENT_3D('',#5575,#4365,#4366);
#3419=AXIS2_PLACEMENT_3D('',#5576,#4367,#4368);
#3420=AXIS2_PLACEMENT_3D('',#5580,#4370,#4371);
#3421=AXIS2_PLACEMENT_3D('',#5581,#4372,#4373);
#3422=AXIS2_PLACEMENT_3D('',#5582,#4374,#4375);
#3423=AXIS2_PLACEMENT_3D('',#5586,#4377,#4378);
#3424=AXIS2_PLACEMENT_3D('',#5587,#4379,#4380);
#3425=AXIS2_PLACEMENT_3D('',#5588,#4381,#4382);
#3426=AXIS2_PLACEMENT_3D('',#5589,#4383,#4384);
#3427=AXIS2_PLACEMENT_3D('',#5590,#4385,#4386);
#3428=AXIS2_PLACEMENT_3D('',#5591,#4387,#4388);
#3429=AXIS2_PLACEMENT_3D('',#5592,#4389,#4390);
#3430=AXIS2_PLACEMENT_3D('',#5593,#4391,#4392);
#3431=AXIS2_PLACEMENT_3D('',#5594,#4393,#4394);
#3432=AXIS2_PLACEMENT_3D('',#5644,#4396,#4397);
#3433=AXIS2_PLACEMENT_3D('',#5645,#4398,#4399);
#3434=AXIS2_PLACEMENT_3D('',#5694,#4400,#4401);
#3435=AXIS2_PLACEMENT_3D('',#5695,#4402,#4403);
#3436=AXIS2_PLACEMENT_3D('',#5696,#4404,#4405);
#3437=AXIS2_PLACEMENT_3D('',#5697,#4406,#4407);
#3438=AXIS2_PLACEMENT_3D('',#5698,#4408,#4409);
#3439=AXIS2_PLACEMENT_3D('',#5699,#4410,#4411);
#3440=AXIS2_PLACEMENT_3D('',#5700,#4412,#4413);
#3441=AXIS2_PLACEMENT_3D('',#5704,#4415,#4416);
#3442=AXIS2_PLACEMENT_3D('',#5705,#4417,#4418);
#3443=AXIS2_PLACEMENT_3D('',#5706,#4419,#4420);
#3444=AXIS2_PLACEMENT_3D('',#5710,#4422,#4423);
#3445=AXIS2_PLACEMENT_3D('',#5711,#4424,#4425);
#3446=AXIS2_PLACEMENT_3D('',#5720,#4430,#4431);
#3447=AXIS2_PLACEMENT_3D('',#5725,#4435,#4436);
#3448=AXIS2_PLACEMENT_3D('',#5726,#4437,#4438);
#3449=AXIS2_PLACEMENT_3D('',#5727,#4439,#4440);
#3450=AXIS2_PLACEMENT_3D('',#5728,#4441,#4442);
#3451=AXIS2_PLACEMENT_3D('',#5729,#4443,#4444);
#3452=AXIS2_PLACEMENT_3D('',#5730,#4445,#4446);
#3453=AXIS2_PLACEMENT_3D('',#5731,#4447,#4448);
#3454=AXIS2_PLACEMENT_3D('',#5732,#4449,#4450);
#3455=AXIS2_PLACEMENT_3D('',#5733,#4451,#4452);
#3456=AXIS2_PLACEMENT_3D('',#5734,#4453,#4454);
#3457=AXIS2_PLACEMENT_3D('',#5735,#4455,#4456);
#3458=AXIS2_PLACEMENT_3D('',#5736,#4457,#4458);
#3459=AXIS2_PLACEMENT_3D('',#5737,#4459,#4460);
#3460=AXIS2_PLACEMENT_3D('',#5738,#4461,#4462);
#3461=AXIS2_PLACEMENT_3D('',#5739,#4463,#4464);
#3462=AXIS2_PLACEMENT_3D('',#5740,#4465,#4466);
#3463=AXIS2_PLACEMENT_3D('',#5741,#4467,#4468);
#3464=AXIS2_PLACEMENT_3D('',#5742,#4469,#4470);
#3465=AXIS2_PLACEMENT_3D('',#5743,#4471,#4472);
#3466=AXIS2_PLACEMENT_3D('',#5744,#4473,#4474);
#3467=AXIS2_PLACEMENT_3D('',#5745,#4475,#4476);
#3468=AXIS2_PLACEMENT_3D('',#5746,#4477,#4478);
#3469=AXIS2_PLACEMENT_3D('',#5747,#4479,#4480);
#3470=AXIS2_PLACEMENT_3D('',#5748,#4481,#4482);
#3471=AXIS2_PLACEMENT_3D('',#5749,#4483,#4484);
#3472=AXIS2_PLACEMENT_3D('',#5750,#4485,#4486);
#3473=AXIS2_PLACEMENT_3D('',#5759,#4491,#4492);
#3474=AXIS2_PLACEMENT_3D('',#5760,#4493,#4494);
#3475=AXIS2_PLACEMENT_3D('',#5761,#4495,#4496);
#3476=AXIS2_PLACEMENT_3D('',#5762,#4497,#4498);
#3477=AXIS2_PLACEMENT_3D('',#5763,#4499,#4500);
#3478=AXIS2_PLACEMENT_3D('',#5764,#4501,#4502);
#3479=AXIS2_PLACEMENT_3D('',#5766,#4504,#4505);
#3480=AXIS2_PLACEMENT_3D('',#5767,#4506,#4507);
#3481=AXIS2_PLACEMENT_3D('',#5768,#4508,#4509);
#3482=AXIS2_PLACEMENT_3D('',#5769,#4510,#4511);
#3483=AXIS2_PLACEMENT_3D('',#5770,#4512,#4513);
#3484=AXIS2_PLACEMENT_3D('',#5771,#4514,#4515);
#3485=AXIS2_PLACEMENT_3D('',#5772,#4516,#4517);
#3486=AXIS2_PLACEMENT_3D('',#5773,#4518,#4519);
#3487=AXIS2_PLACEMENT_3D('',#5774,#4520,#4521);
#3488=AXIS2_PLACEMENT_3D('',#5775,#4522,#4523);
#3489=AXIS2_PLACEMENT_3D('',#5776,#4524,#4525);
#3490=AXIS2_PLACEMENT_3D('',#5777,#4526,#4527);
#3491=AXIS2_PLACEMENT_3D('',#5778,#4528,#4529);
#3492=AXIS2_PLACEMENT_3D('',#5779,#4530,#4531);
#3493=AXIS2_PLACEMENT_3D('',#5780,#4532,#4533);
#3494=AXIS2_PLACEMENT_3D('',#5781,#4534,#4535);
#3495=AXIS2_PLACEMENT_3D('',#5782,#4536,#4537);
#3496=AXIS2_PLACEMENT_3D('',#5783,#4538,#4539);
#3497=AXIS2_PLACEMENT_3D('',#5784,#4540,#4541);
#3498=AXIS2_PLACEMENT_3D('',#5785,#4542,#4543);
#3499=AXIS2_PLACEMENT_3D('',#5786,#4544,#4545);
#3500=DIRECTION('',(0.,0.,1.));
#3501=DIRECTION('',(1.,0.,0.));
#3502=DIRECTION('',(1.,5.63438184997267E-15,0.));
#3503=DIRECTION('',(0.297332781302522,2.73529840337213E-15,0.954773908924467));
#3504=DIRECTION('',(0.,1.11022302462516E-15,1.));
#3505=DIRECTION('',(1.,5.63438184997431E-15,1.47264761520972E-12));
#3506=DIRECTION('',(0.,1.11022302462516E-15,1.));
#3507=DIRECTION('',(-0.897080181523525,-4.56392049332468E-15,0.441867794614768));
#3508=DIRECTION('',(-1.,-5.63438184997267E-15,0.));
#3509=DIRECTION('',(1.04051132196932E-18,-1.11022302462516E-15,-1.));
#3510=DIRECTION('',(-5.63438184997267E-15,1.,-1.11022302462516E-15));
#3511=DIRECTION('',(1.,5.63438184997267E-15,0.));
#3512=DIRECTION('',(0.,-1.11022302462516E-15,-1.));
#3513=DIRECTION('',(-0.297332781302522,-2.73529840337213E-15,-0.954773908924467));
#3514=DIRECTION('',(-1.,-5.63438184997267E-15,0.));
#3515=DIRECTION('',(-1.04051132196932E-18,1.11022302462516E-15,1.));
#3516=DIRECTION('',(1.,5.63438184997267E-15,0.));
#3517=DIRECTION('',(0.897080181523525,4.56392049332468E-15,-0.441867794614768));
#3518=DIRECTION('',(0.,-1.11022302462516E-15,-1.));
#3519=DIRECTION('',(-1.,-5.63438184997431E-15,-1.47264761520972E-12));
#3520=DIRECTION('',(5.63438184997267E-15,-1.,1.11022302462516E-15));
#3521=DIRECTION('',(0.,-1.11022302462516E-15,-1.));
#3522=DIRECTION('',(-1.33181164454016E-17,0.991607517736153,-0.129284688842666));
#3523=DIRECTION('',(-0.897080181523525,-4.55885329486705E-15,0.441867794614768));
#3524=DIRECTION('',(0.255882981910889,-0.966707763270985,1.26007676442981E-17));
#3525=DIRECTION('',(0.897080181523525,4.57273108267486E-15,-0.441867794614768));
#3526=DIRECTION('',(-0.438876140549494,-0.11616844283257,-0.891006524188368));
#3527=DIRECTION('',(0.255882981910888,-0.966707763270986,0.));
#3528=DIRECTION('',(1.,5.63438184997267E-15,0.));
#3529=DIRECTION('',(-1.89377061769753E-16,-1.,0.));
#3530=DIRECTION('',(-1.,-5.63438184997267E-15,0.));
#3531=DIRECTION('',(0.,1.,0.));
#3532=DIRECTION('',(0.,0.,-1.));
#3533=DIRECTION('',(0.,-1.,0.));
#3534=DIRECTION('',(0.,-1.11022302462516E-15,-1.));
#3535=DIRECTION('',(0.,1.,-6.08114170036872E-16));
#3536=DIRECTION('',(0.,1.11022302462516E-15,1.));
#3537=DIRECTION('',(0.,-1.,0.));
#3538=DIRECTION('',(-1.,0.,0.));
#3539=DIRECTION('',(0.,-1.,0.));
#3540=DIRECTION('',(0.,1.11022302462516E-15,1.));
#3541=DIRECTION('',(0.,1.,0.));
#3542=DIRECTION('',(-0.894427190999652,-5.53605116174052E-15,-0.447213595500487));
#3543=DIRECTION('',(-0.447213595500487,-1.61623317268893E-15,0.894427190999651));
#3544=DIRECTION('',(0.,-1.11022302462516E-15,-1.));
#3545=DIRECTION('',(0.,1.,-1.44560289664734E-15));
#3546=DIRECTION('',(0.,1.11022302462516E-15,1.));
#3547=DIRECTION('',(0.,1.,0.));
#3548=DIRECTION('',(-0.894427190999652,-5.53605116174052E-15,-0.447213595500487));
#3549=DIRECTION('',(-0.447213595500487,-1.29298653815114E-15,0.894427190999651));
#3550=DIRECTION('',(0.,-1.11022302462516E-15,-1.));
#3551=DIRECTION('',(0.,1.,0.));
#3552=DIRECTION('',(0.,1.11022302462516E-15,1.));
#3553=DIRECTION('',(0.,1.,0.));
#3554=DIRECTION('',(0.,-1.11022302462516E-15,-1.));
#3555=DIRECTION('',(0.,-1.11022302462516E-15,-1.));
#3556=DIRECTION('',(0.,1.,0.));
#3557=DIRECTION('',(0.,-1.11022302462516E-15,-1.));
#3558=DIRECTION('',(0.,1.,0.));
#3559=DIRECTION('',(0.447213595499165,3.51278582684087E-15,0.894427191000312));
#3560=DIRECTION('',(-0.894427191000312,-4.52545288352898E-15,0.447213595499165));
#3561=DIRECTION('',(-1.,-5.63438184997431E-15,-1.47264761520972E-12));
#3562=DIRECTION('',(1.,5.63438184997431E-15,1.47264761520972E-12));
#3563=DIRECTION('',(-1.48029736616688E-12,0.,1.));
#3564=DIRECTION('',(-1.,-5.63438184997431E-15,-1.47264761520972E-12));
#3565=DIRECTION('',(-1.48029736616688E-12,0.,1.));
#3566=DIRECTION('',(-1.,-5.63438184997431E-15,-1.47264761520972E-12));
#3567=DIRECTION('',(-1.48029736616688E-12,0.,1.));
#3568=DIRECTION('',(1.,5.63438184997431E-15,1.47264761520972E-12));
#3569=DIRECTION('',(0.447213595499165,3.51278582684087E-15,0.894427191000312));
#3570=DIRECTION('',(-0.894427191000312,-4.68707620079787E-15,0.447213595499165));
#3571=DIRECTION('',(-1.,-5.63438184997431E-15,-1.47264761520972E-12));
#3572=DIRECTION('',(-1.4687325429937E-12,0.,1.));
#3573=DIRECTION('',(-1.,-5.63438184997267E-15,0.));
#3574=DIRECTION('',(0.,1.,0.));
#3575=DIRECTION('',(-1.,-5.63438184997267E-15,0.));
#3576=DIRECTION('',(0.,1.,0.));
#3577=DIRECTION('',(1.,5.63438184997267E-15,0.));
#3578=DIRECTION('',(0.,1.,0.));
#3579=DIRECTION('',(-1.,-5.63438184997267E-15,0.));
#3580=DIRECTION('',(0.,1.,0.));
#3581=DIRECTION('',(1.,5.63438184997267E-15,0.));
#3582=DIRECTION('',(0.,1.,0.));
#3583=DIRECTION('',(1.,5.63438184997267E-15,0.));
#3584=DIRECTION('',(0.,1.,0.));
#3585=DIRECTION('',(0.,1.,0.));
#3586=DIRECTION('',(0.,0.,1.));
#3587=DIRECTION('',(0.,1.,0.));
#3588=DIRECTION('',(0.,1.,0.));
#3589=DIRECTION('',(0.,0.,1.));
#3590=DIRECTION('',(0.,1.,0.));
#3591=DIRECTION('',(0.,0.,1.));
#3592=DIRECTION('',(0.,-0.991607517736153,0.129284688842666));
#3593=DIRECTION('',(0.,-0.129284688842665,-0.991607517736154));
#3594=DIRECTION('',(0.,-0.991607517736153,0.129284688842666));
#3595=DIRECTION('',(0.,0.991607517736153,-0.129284688842666));
#3596=DIRECTION('',(0.,-0.129284688842666,-0.991607517736154));
#3597=DIRECTION('',(0.,-0.991607517736153,0.129284688842666));
#3598=DIRECTION('',(0.,-0.129284688842665,-0.991607517736154));
#3599=DIRECTION('',(-0.897080181523525,-4.57041309531086E-15,0.441867794614768));
#3600=DIRECTION('',(0.441867794614761,0.,0.897080181523526));
#3601=DIRECTION('',(0.,0.,1.));
#3602=DIRECTION('',(1.00000000000001,0.,0.));
#3603=DIRECTION('',(-0.897080181523525,-4.56392049332468E-15,0.441867794614768));
#3604=DIRECTION('',(0.441867794614761,0.,0.897080181523526));
#3605=DIRECTION('',(-0.897080181523525,-4.56392049332468E-15,0.441867794614768));
#3606=DIRECTION('',(0.441867794614773,0.,0.897080181523526));
#3607=DIRECTION('',(-0.897080181523525,-4.56392049332468E-15,0.441867794614768));
#3608=DIRECTION('',(0.441867794614773,0.,0.897080181523526));
#3609=DIRECTION('',(-1.04051132196932E-18,1.11022302462516E-15,1.));
#3610=DIRECTION('',(0.,1.,0.));
#3611=DIRECTION('',(1.04051132196932E-18,-1.11022302462516E-15,-1.));
#3612=DIRECTION('',(0.,-1.,0.));
#3613=DIRECTION('',(-1.,0.,0.));
#3614=DIRECTION('',(0.,1.,0.));
#3615=DIRECTION('',(1.,5.63438184997267E-15,0.));
#3616=DIRECTION('',(-0.255882981910889,0.966707763270986,0.));
#3617=DIRECTION('',(-1.,-5.63438184997267E-15,0.));
#3618=DIRECTION('',(0.,-1.,0.));
#3619=DIRECTION('',(0.,0.,-1.));
#3620=DIRECTION('',(1.,0.,0.));
#3621=DIRECTION('',(1.04051132196932E-18,-1.11022302462516E-15,-1.));
#3622=DIRECTION('',(0.,1.,0.));
#3623=DIRECTION('',(-1.04051132196932E-18,1.11022302462516E-15,1.));
#3624=DIRECTION('',(0.,1.,-1.0842021724855E-15));
#3625=DIRECTION('',(1.04051132196932E-18,-1.11022302462516E-15,-1.));
#3626=DIRECTION('',(0.,1.,0.));
#3627=DIRECTION('',(1.04051132196932E-18,-1.11022302462516E-15,-1.));
#3628=DIRECTION('',(0.,-1.,0.));
#3629=DIRECTION('',(-1.04051132196932E-18,1.11022302462516E-15,1.));
#3630=DIRECTION('',(0.,-1.,1.0842021724855E-15));
#3631=DIRECTION('',(-1.04051132196932E-18,1.11022302462516E-15,1.));
#3632=DIRECTION('',(0.,-1.,0.));
#3633=DIRECTION('',(0.,-1.,0.));
#3634=DIRECTION('',(0.,0.,1.));
#3635=DIRECTION('',(0.,0.,1.));
#3636=DIRECTION('',(1.00000000000001,0.,0.));
#3637=DIRECTION('',(0.,-1.,0.));
#3638=DIRECTION('',(0.,0.,1.));
#3639=DIRECTION('',(0.,1.,0.));
#3640=DIRECTION('',(0.,0.,1.));
#3641=DIRECTION('',(0.,0.,1.));
#3642=DIRECTION('',(1.00000000000001,0.,0.));
#3643=DIRECTION('',(0.,1.,0.));
#3644=DIRECTION('',(0.,0.,-1.));
#3645=DIRECTION('',(0.,-1.,0.));
#3646=DIRECTION('',(0.,0.,-1.));
#3647=DIRECTION('',(0.,-1.,0.));
#3648=DIRECTION('',(0.,0.,-1.));
#3649=DIRECTION('',(1.,5.63438184997267E-15,0.));
#3650=DIRECTION('',(0.,-1.,0.));
#3651=DIRECTION('',(0.,0.,1.));
#3652=DIRECTION('',(1.00000000000001,0.,0.));
#3653=DIRECTION('',(1.,5.63438184997267E-15,0.));
#3654=DIRECTION('',(0.,-1.,0.));
#3655=DIRECTION('',(0.,0.,1.));
#3656=DIRECTION('',(1.00000000000001,0.,0.));
#3657=DIRECTION('',(1.,5.63438184997267E-15,0.));
#3658=DIRECTION('',(0.,-1.,0.));
#3659=DIRECTION('',(-1.,-5.63438184997267E-15,0.));
#3660=DIRECTION('',(0.,-1.,0.));
#3661=DIRECTION('',(-0.897080181523525,-4.57041309531086E-15,0.441867794614768));
#3662=DIRECTION('',(0.441867794614773,0.,0.897080181523526));
#3663=DIRECTION('',(-0.897080181523525,-4.57041309531086E-15,0.441867794614768));
#3664=DIRECTION('',(0.441867794614761,0.,0.897080181523526));
#3665=DIRECTION('',(1.,5.63438184997267E-15,0.));
#3666=DIRECTION('',(0.,-1.,0.));
#3667=DIRECTION('',(-1.,-5.63438184997267E-15,0.));
#3668=DIRECTION('',(0.,-1.,0.));
#3669=DIRECTION('',(0.255882981910889,-0.966707763270985,0.));
#3670=DIRECTION('',(0.966707763270988,0.255882981910889,0.));
#3671=DIRECTION('',(0.,0.,1.));
#3672=DIRECTION('',(1.00000000000001,0.,0.));
#3673=DIRECTION('',(-0.255882981910889,0.966707763270985,0.));
#3674=DIRECTION('',(0.966707763270988,0.25588298191089,0.));
#3675=DIRECTION('',(0.,0.,1.));
#3676=DIRECTION('',(1.00000000000001,0.,0.));
#3677=DIRECTION('',(0.255882981910889,-0.966707763270985,0.));
#3678=DIRECTION('',(0.966707763270988,0.25588298191089,0.));
#3679=DIRECTION('',(0.,-1.,6.08114170036872E-16));
#3680=DIRECTION('',(-0.297332781302522,-2.73529840337213E-15,-0.954773908924467));
#3681=DIRECTION('',(1.89377061769753E-16,1.,1.27618580920921E-32));
#3682=DIRECTION('',(0.297332781302522,2.73529840337213E-15,0.954773908924467));
#3683=DIRECTION('',(0.954773908924467,-1.80812277526538E-16,-0.297332781302522));
#3684=DIRECTION('',(-0.297332781302522,0.,-0.954773908924467));
#3685=DIRECTION('',(0.,1.,0.));
#3686=DIRECTION('',(0.,0.,1.));
#3687=DIRECTION('',(0.,1.,0.));
#3688=DIRECTION('',(0.,1.,0.));
#3689=DIRECTION('',(0.,0.,1.));
#3690=DIRECTION('',(0.,-1.,0.));
#3691=DIRECTION('',(0.,1.,0.));
#3692=DIRECTION('',(0.,0.,1.));
#3693=DIRECTION('',(0.,-1.11022302462516E-15,-1.));
#3694=DIRECTION('',(0.,1.,0.));
#3695=DIRECTION('',(0.,1.11022302462516E-15,1.));
#3696=DIRECTION('',(0.,1.11022302462516E-15,1.));
#3697=DIRECTION('',(0.,1.,0.));
#3698=DIRECTION('',(0.,-1.11022302462516E-15,-1.));
#3699=DIRECTION('',(0.,1.,-1.44560289664734E-15));
#3700=DIRECTION('',(0.,0.,1.));
#3701=DIRECTION('',(1.00000000000001,0.,0.));
#3702=DIRECTION('',(0.,0.,1.));
#3703=DIRECTION('',(1.00000000000001,0.,0.));
#3704=DIRECTION('',(1.47264761520972E-12,0.,-1.));
#3705=DIRECTION('',(-1.,0.,-1.4726475247584E-12));
#3706=DIRECTION('',(-1.,0.,0.));
#3707=DIRECTION('',(0.,-1.,0.));
#3708=DIRECTION('',(0.,0.,1.));
#3709=DIRECTION('',(1.00000000000001,0.,0.));
#3710=DIRECTION('',(-9.00370497981714E-16,-1.,-2.89120579329468E-15));
#3711=DIRECTION('',(0.,2.89120579329468E-15,-1.));
#3712=DIRECTION('',(0.297332781302521,-6.90111964192257E-16,0.954773908924467));
#3713=DIRECTION('',(0.95477390892447,0.,-0.297332781302521));
#3714=DIRECTION('',(0.95477390892447,0.,-0.297332781302522));
#3715=DIRECTION('',(-0.29733278130252,0.,-0.954773908924467));
#3716=DIRECTION('',(0.297332781302522,2.76044785676902E-15,0.954773908924467));
#3717=DIRECTION('',(0.95477390892447,0.,-0.297332781302522));
#3718=DIRECTION('',(0.297332781302522,2.73529840337213E-15,0.954773908924467));
#3719=DIRECTION('',(0.95477390892447,0.,-0.297332781302523));
#3720=DIRECTION('',(-2.11971026479566E-14,-1.,0.));
#3721=DIRECTION('',(1.00000000000001,-2.02384405530628E-14,0.));
#3722=DIRECTION('',(-1.89377061769753E-16,-1.,0.));
#3723=DIRECTION('',(1.00000000000001,0.,0.));
#3724=DIRECTION('',(-2.89120579329466E-15,-1.,-9.28403469229448E-15));
#3725=DIRECTION('',(0.,9.39641882820771E-15,-1.));
#3726=DIRECTION('',(0.95477390892447,0.,-0.297332781302522));
#3727=DIRECTION('',(-0.29733278130252,0.,-0.954773908924467));
#3728=DIRECTION('',(0.297332781302518,3.61112903040111E-15,0.954773908924468));
#3729=DIRECTION('',(0.95477390892447,0.,-0.297332781302518));
#3730=DIRECTION('',(0.95477390892447,0.,-0.297332781302522));
#3731=DIRECTION('',(-0.29733278130252,0.,-0.954773908924467));
#3732=DIRECTION('',(0.,-1.,0.));
#3733=DIRECTION('',(0.,0.,-1.));
#3734=DIRECTION('',(0.,-1.,6.08114170036872E-16));
#3735=DIRECTION('',(0.,0.,-1.));
#3736=DIRECTION('',(0.297332781302522,0.,0.954773908924467));
#3737=DIRECTION('',(0.954773908924458,0.,-0.297332781302522));
#3738=DIRECTION('',(-0.297332781302522,-2.73529840337213E-15,-0.954773908924467));
#3739=DIRECTION('',(-0.95477390892447,0.,0.297332781302523));
#3740=DIRECTION('',(0.95477390892447,0.,-0.297332781302522));
#3741=DIRECTION('',(-0.29733278130252,0.,-0.954773908924467));
#3742=DIRECTION('',(1.,-8.43678657601355E-11,1.47264761520972E-12));
#3743=DIRECTION('',(0.,-1.,0.));
#3744=DIRECTION('',(-1.,8.43678657601355E-11,-1.47264761520972E-12));
#3745=DIRECTION('',(0.,1.,0.));
#3746=DIRECTION('',(-1.47264761520972E-12,0.,1.));
#3747=DIRECTION('',(-1.,0.,-1.47306935168364E-12));
#3748=DIRECTION('',(-1.,8.43678657601355E-11,-1.47264761520972E-12));
#3749=DIRECTION('',(0.,1.,0.));
#3750=DIRECTION('',(1.47264761520972E-12,0.,-1.));
#3751=DIRECTION('',(-1.,0.,-1.4726475247584E-12));
#3752=DIRECTION('',(0.,4.12746338582437E-17,-1.));
#3753=DIRECTION('',(-1.,8.43678657601355E-11,-1.47264761520972E-12));
#3754=DIRECTION('',(-1.04051141911872E-18,-4.12746338581559E-17,1.));
#3755=DIRECTION('',(1.,-8.43678657601355E-11,0.));
#3756=DIRECTION('',(0.967585072328,-8.1633077069965E-11,-0.252545298526856));
#3757=DIRECTION('',(8.43678657601355E-11,1.,4.12746338582437E-17));
#3758=DIRECTION('',(1.73472347597681E-18,4.11996825544492E-17,-1.));
#3759=DIRECTION('',(1.,-8.43678657601355E-11,1.47264761520972E-12));
#3760=DIRECTION('',(0.,1.11022302462516E-15,1.));
#3761=DIRECTION('',(-0.967585072328,8.1633077069965E-11,0.252545298526857));
#3762=DIRECTION('',(-1.,8.43678657601355E-11,0.));
#3763=DIRECTION('',(1.04051132196932E-18,-1.11022302462516E-15,-1.));
#3764=DIRECTION('',(1.,-8.43678657601355E-11,0.));
#3765=DIRECTION('',(-0.297332781302522,2.50853715869624E-11,-0.954773908924467));
#3766=DIRECTION('',(0.,1.11022302462516E-15,1.));
#3767=DIRECTION('',(8.43678657601355E-11,1.,4.12746338582437E-17));
#3768=DIRECTION('',(1.,-8.43678657751895E-11,0.));
#3769=DIRECTION('',(1.,-8.43678657601355E-11,0.));
#3770=DIRECTION('',(1.89377061769753E-16,1.,0.));
#3771=DIRECTION('',(-1.,8.43678657601355E-11,0.));
#3772=DIRECTION('',(0.,1.,0.));
#3773=DIRECTION('',(0.,0.,-1.));
#3774=DIRECTION('',(0.,-1.,0.));
#3775=DIRECTION('',(0.,4.12746338582437E-17,-1.));
#3776=DIRECTION('',(-0.297332781302522,2.50853715869624E-11,-0.954773908924467));
#3777=DIRECTION('',(-1.,8.43678657601355E-11,0.));
#3778=DIRECTION('',(-1.04051141911872E-18,-4.12746338581559E-17,1.));
#3779=DIRECTION('',(1.,-8.43678657601355E-11,1.47264761520972E-12));
#3780=DIRECTION('',(8.43678657601355E-11,1.,4.12746338582437E-17));
#3781=DIRECTION('',(1.73472347597681E-18,4.13081027716977E-17,-1.));
#3782=DIRECTION('',(0.,1.,-6.08114170036872E-16));
#3783=DIRECTION('',(0.,-4.12746338582437E-17,1.));
#3784=DIRECTION('',(0.,-1.,0.));
#3785=DIRECTION('',(0.,-1.11022302462516E-15,-1.));
#3786=DIRECTION('',(-1.,0.,0.));
#3787=DIRECTION('',(0.,-1.,0.));
#3788=DIRECTION('',(-0.954773908924467,1.80812277526538E-16,0.297332781302522));
#3789=DIRECTION('',(0.297332781302522,-9.95377547925546E-17,0.954773908924467));
#3790=DIRECTION('',(1.47264761520972E-12,0.,-1.));
#3791=DIRECTION('',(-1.00000000000001,0.,-1.47162374878699E-12));
#3792=DIRECTION('',(0.,-4.12746338582437E-17,1.));
#3793=DIRECTION('',(0.,-1.,0.));
#3794=DIRECTION('',(0.954773908924467,-1.80812277526538E-16,-0.297332781302522));
#3795=DIRECTION('',(-0.297332781302522,-1.10650447962558E-15,-0.954773908924467));
#3796=DIRECTION('',(-0.894427190999652,7.5460416675643E-11,-0.447213595500487));
#3797=DIRECTION('',(0.447213595500487,-3.77314482863749E-11,-0.894427190999651));
#3798=DIRECTION('',(0.,-1.11022302462516E-15,-1.));
#3799=DIRECTION('',(0.,1.,0.));
#3800=DIRECTION('',(0.,1.11022302462516E-15,1.));
#3801=DIRECTION('',(0.,1.,0.));
#3802=DIRECTION('',(0.,-1.11022302462516E-15,-1.));
#3803=DIRECTION('',(0.,-1.11022302462516E-15,-1.));
#3804=DIRECTION('',(0.,1.,0.));
#3805=DIRECTION('',(0.,-1.11022302462516E-15,-1.));
#3806=DIRECTION('',(0.,1.,0.));
#3807=DIRECTION('',(0.,4.12746338582437E-17,-1.));
#3808=DIRECTION('',(0.,-1.,0.));
#3809=DIRECTION('',(0.,-4.12746338582437E-17,1.));
#3810=DIRECTION('',(0.,-4.12746338582437E-17,1.));
#3811=DIRECTION('',(0.,-1.,0.));
#3812=DIRECTION('',(0.,-4.12746338582437E-17,1.));
#3813=DIRECTION('',(0.,-1.,0.));
#3814=DIRECTION('',(0.447213595499165,-3.77294635775198E-11,0.894427191000312));
#3815=DIRECTION('',(0.894427191000312,-7.54614419628939E-11,-0.447213595499165));
#3816=DIRECTION('',(1.,-8.43678657601355E-11,1.47264761520972E-12));
#3817=DIRECTION('',(8.43769498715119E-11,1.,0.));
#3818=DIRECTION('',(1.,-8.43678657601355E-11,1.47264761520972E-12));
#3819=DIRECTION('',(8.43653850483387E-11,1.,0.));
#3820=DIRECTION('',(-1.,8.43678657601355E-11,-1.47264761520972E-12));
#3821=DIRECTION('',(8.43769498715119E-11,1.,0.));
#3822=DIRECTION('',(-1.,8.43678657601355E-11,-1.47264761520972E-12));
#3823=DIRECTION('',(8.43653850483387E-11,1.,0.));
#3824=DIRECTION('',(1.,-8.43678657601355E-11,1.47264761520972E-12));
#3825=DIRECTION('',(8.43653850483387E-11,1.,0.));
#3826=DIRECTION('',(0.954773908924467,-1.80812277532611E-16,-0.297332781302522));
#3827=DIRECTION('',(-0.297332781302522,2.83748373642832E-10,-0.954773908924467));
#3828=DIRECTION('',(-1.,8.43678657601355E-11,0.));
#3829=DIRECTION('',(-8.43653850483387E-11,-1.,0.));
#3830=DIRECTION('',(-1.,8.43678657601355E-11,0.));
#3831=DIRECTION('',(-8.43653850483387E-11,-1.,0.));
#3832=DIRECTION('',(-0.954773908924467,1.80812277532611E-16,0.297332781302522));
#3833=DIRECTION('',(0.297332781302522,-2.83748373642832E-10,0.954773908924467));
#3834=DIRECTION('',(1.,-8.43678657601355E-11,0.));
#3835=DIRECTION('',(8.43653850483387E-11,1.,0.));
#3836=DIRECTION('',(1.,-8.43678657601355E-11,0.));
#3837=DIRECTION('',(8.43769498715119E-11,1.,0.));
#3838=DIRECTION('',(0.,1.,0.));
#3839=DIRECTION('',(0.,0.,1.));
#3840=DIRECTION('',(-1.,8.43653850483388E-11,-1.46873254299357E-12));
#3841=DIRECTION('',(-8.43653850483387E-11,-1.,0.));
#3842=DIRECTION('',(1.47264761520972E-12,0.,-1.));
#3843=DIRECTION('',(-1.,0.,-1.47258748405142E-12));
#3844=DIRECTION('',(0.,1.,0.));
#3845=DIRECTION('',(0.,0.,1.));
#3846=DIRECTION('',(0.,1.,0.));
#3847=DIRECTION('',(0.,0.,1.));
#3848=DIRECTION('',(0.,-0.993982199140473,-0.109541717130364));
#3849=DIRECTION('',(0.,0.109541717130365,-0.993982199140473));
#3850=DIRECTION('',(0.,-0.993982199140473,-0.109541717130364));
#3851=DIRECTION('',(0.,0.993982199140473,0.109541717130364));
#3852=DIRECTION('',(0.,0.109541717130364,-0.993982199140473));
#3853=DIRECTION('',(-3.48501287008579E-18,0.993982199140473,0.109541717130364));
#3854=DIRECTION('',(0.,-0.993982199140473,-0.109541717130364));
#3855=DIRECTION('',(0.,0.109541717130364,-0.993982199140473));
#3856=DIRECTION('',(-0.967585072328,8.1633077069965E-11,0.252545298526856));
#3857=DIRECTION('',(-0.252545298526849,0.,-0.967585072328001));
#3858=DIRECTION('',(0.,0.,1.));
#3859=DIRECTION('',(1.00000000000001,0.,0.));
#3860=DIRECTION('',(-0.967585072328,8.1633077069965E-11,0.252545298526857));
#3861=DIRECTION('',(-0.252545298526849,0.,-0.967585072328001));
#3862=DIRECTION('',(0.,0.,1.));
#3863=DIRECTION('',(1.00000000000001,0.,0.));
#3864=DIRECTION('',(-1.04051132196932E-18,1.11022302462516E-15,1.));
#3865=DIRECTION('',(0.,1.,0.));
#3866=DIRECTION('',(1.04051141911872E-18,4.12746338581559E-17,-1.));
#3867=DIRECTION('',(0.,-1.,0.));
#3868=DIRECTION('',(1.04051141911872E-18,4.12746338581559E-17,-1.));
#3869=DIRECTION('',(0.,-1.,0.));
#3870=DIRECTION('',(-1.,0.,0.));
#3871=DIRECTION('',(0.,1.,0.));
#3872=DIRECTION('',(1.,-8.43678657601355E-11,0.));
#3873=DIRECTION('',(0.388979427130358,0.92124644111624,0.));
#3874=DIRECTION('',(-1.,8.43678657601355E-11,0.));
#3875=DIRECTION('',(0.,-1.,0.));
#3876=DIRECTION('',(0.,0.,-1.));
#3877=DIRECTION('',(1.,0.,0.));
#3878=DIRECTION('',(-0.967585072328,8.16330797828077E-11,0.252545298526856));
#3879=DIRECTION('',(-0.388979427130358,-0.92124644111624,-1.60862926872495E-17));
#3880=DIRECTION('',(0.967585072328,-8.16330861952203E-11,-0.252545298526857));
#3881=DIRECTION('',(-0.251121642609596,0.106031511572472,-0.962130572826119));
#3882=DIRECTION('',(-0.388979427130358,-0.92124644111624,0.));
#3883=DIRECTION('',(1.04051132196932E-18,-1.11022302462516E-15,-1.));
#3884=DIRECTION('',(0.,-1.,0.));
#3885=DIRECTION('',(-1.04051132196932E-18,1.11022302462516E-15,1.));
#3886=DIRECTION('',(0.,-1.,1.0842021724855E-15));
#3887=DIRECTION('',(-1.04051132196932E-18,1.11022302462516E-15,1.));
#3888=DIRECTION('',(0.,-1.,1.44560289664734E-15));
#3889=DIRECTION('',(4.65330852902848E-19,-0.894427190999916,-0.447213595499958));
#3890=DIRECTION('',(0.,0.447213595499958,-0.894427190999916));
#3891=DIRECTION('',(-1.04051141911872E-18,-4.12746338581559E-17,1.));
#3892=DIRECTION('',(0.,1.,0.));
#3893=DIRECTION('',(1.04051141911872E-18,4.12746338581559E-17,-1.));
#3894=DIRECTION('',(0.,1.,0.));
#3895=DIRECTION('',(1.04051141911872E-18,4.12746338581559E-17,-1.));
#3896=DIRECTION('',(0.,1.,0.));
#3897=DIRECTION('',(-1.04051141911872E-18,-4.12746338581559E-17,1.));
#3898=DIRECTION('',(0.,1.,0.));
#3899=DIRECTION('',(1.04051141911872E-18,4.12746338581559E-17,-1.));
#3900=DIRECTION('',(0.,1.,0.));
#3901=DIRECTION('',(0.,-1.,0.));
#3902=DIRECTION('',(0.,0.,1.));
#3903=DIRECTION('',(0.,0.,1.));
#3904=DIRECTION('',(1.00000000000001,0.,0.));
#3905=DIRECTION('',(-9.30661705805695E-19,0.447213595499958,0.894427190999916));
#3906=DIRECTION('',(0.,0.894427190999916,-0.447213595499958));
#3907=DIRECTION('',(0.,1.,0.));
#3908=DIRECTION('',(0.,0.,1.));
#3909=DIRECTION('',(0.,-1.,0.));
#3910=DIRECTION('',(0.,0.,1.));
#3911=DIRECTION('',(0.,0.,1.));
#3912=DIRECTION('',(1.00000000000001,0.,0.));
#3913=DIRECTION('',(0.,-1.,0.));
#3914=DIRECTION('',(0.,0.,1.));
#3915=DIRECTION('',(0.,1.,0.));
#3916=DIRECTION('',(0.,0.,1.));
#3917=DIRECTION('',(0.,0.,1.));
#3918=DIRECTION('',(1.00000000000001,0.,0.));
#3919=DIRECTION('',(-1.,8.43678657601355E-11,-1.47264761520972E-12));
#3920=DIRECTION('',(8.43653850483387E-11,1.,0.));
#3921=DIRECTION('',(1.,-8.43678657601355E-11,1.47264761520972E-12));
#3922=DIRECTION('',(8.43653850483387E-11,1.,0.));
#3923=DIRECTION('',(0.,1.,0.));
#3924=DIRECTION('',(0.,0.,-1.));
#3925=DIRECTION('',(0.,-1.,0.));
#3926=DIRECTION('',(0.,0.,-1.));
#3927=DIRECTION('',(0.,-1.,0.));
#3928=DIRECTION('',(0.,0.,-1.));
#3929=DIRECTION('',(1.,-8.43678657601355E-11,0.));
#3930=DIRECTION('',(8.43653850483387E-11,1.,0.));
#3931=DIRECTION('',(0.,0.,1.));
#3932=DIRECTION('',(1.00000000000001,0.,0.));
#3933=DIRECTION('',(1.,-8.43678657601355E-11,0.));
#3934=DIRECTION('',(-8.43653850483387E-11,-1.,0.));
#3935=DIRECTION('',(0.,0.,1.));
#3936=DIRECTION('',(1.00000000000001,0.,0.));
#3937=DIRECTION('',(1.,-8.43678657601355E-11,0.));
#3938=DIRECTION('',(8.43653850483387E-11,1.,0.));
#3939=DIRECTION('',(1.,-8.43678657601355E-11,0.));
#3940=DIRECTION('',(8.43653850483387E-11,1.,0.));
#3941=DIRECTION('',(-0.967585072328,8.1633077069965E-11,0.252545298526856));
#3942=DIRECTION('',(-0.252545298526861,0.,-0.967585072328001));
#3943=DIRECTION('',(0.967585072328,-8.1633077069965E-11,-0.252545298526856));
#3944=DIRECTION('',(-0.252545298526861,0.,-0.967585072328001));
#3945=DIRECTION('',(-0.967585072328,8.1633077069965E-11,0.252545298526857));
#3946=DIRECTION('',(-0.252545298526861,0.,-0.967585072328001));
#3947=DIRECTION('',(0.967585072328,-8.1633077069965E-11,-0.252545298526857));
#3948=DIRECTION('',(-0.252545298526861,0.,-0.967585072328001));
#3949=DIRECTION('',(1.,-8.43678657601355E-11,0.));
#3950=DIRECTION('',(-8.43653850483387E-11,-1.,0.));
#3951=DIRECTION('',(-1.,8.43678657601355E-11,0.));
#3952=DIRECTION('',(-8.43653850483387E-11,-1.,0.));
#3953=DIRECTION('',(-0.388979427130358,-0.92124644111624,0.));
#3954=DIRECTION('',(0.921246441116241,-0.388979427130358,0.));
#3955=DIRECTION('',(0.,0.,1.));
#3956=DIRECTION('',(1.00000000000001,0.,0.));
#3957=DIRECTION('',(0.388979427130358,0.92124644111624,0.));
#3958=DIRECTION('',(0.921246441116241,-0.388979427130359,0.));
#3959=DIRECTION('',(0.,0.,1.));
#3960=DIRECTION('',(1.00000000000001,0.,0.));
#3961=DIRECTION('',(-0.388979427130358,-0.92124644111624,0.));
#3962=DIRECTION('',(0.921246441116241,-0.388979427130359,0.));
#3963=DIRECTION('',(0.954773908924467,-1.80812277526538E-16,-0.297332781302522));
#3964=DIRECTION('',(-0.297332781302522,0.,-0.954773908924467));
#3965=DIRECTION('',(0.,1.,0.));
#3966=DIRECTION('',(0.,0.,1.));
#3967=DIRECTION('',(0.,1.,0.));
#3968=DIRECTION('',(0.,1.,0.));
#3969=DIRECTION('',(0.,0.,1.));
#3970=DIRECTION('',(0.,1.,0.));
#3971=DIRECTION('',(0.,0.,1.));
#3972=DIRECTION('',(0.,0.,1.));
#3973=DIRECTION('',(1.00000000000001,0.,0.));
#3974=DIRECTION('',(0.,0.,1.));
#3975=DIRECTION('',(1.00000000000001,0.,0.));
#3976=DIRECTION('',(-1.,0.,0.));
#3977=DIRECTION('',(0.,-1.,0.));
#3978=DIRECTION('',(0.,-1.11022302462516E-15,-1.));
#3979=DIRECTION('',(-0.297332781302522,-2.73529840337213E-15,-0.954773908924467));
#3980=DIRECTION('',(-1.,-5.63438184997267E-15,0.));
#3981=DIRECTION('',(-1.04051132196932E-18,1.11022302462516E-15,1.));
#3982=DIRECTION('',(0.982093952372715,5.32433543090391E-15,-0.188391795768655));
#3983=DIRECTION('',(0.,-1.11022302462516E-15,-1.));
#3984=DIRECTION('',(-1.,-5.63438184997431E-15,-1.47264761520972E-12));
#3985=DIRECTION('',(5.63438184997267E-15,-1.,1.11022302462516E-15));
#3986=DIRECTION('',(0.,-1.11022302462516E-15,-1.));
#3987=DIRECTION('',(0.,-9.43689570931383E-16,-1.));
#3988=DIRECTION('',(0.,1.,0.));
#3989=DIRECTION('',(0.,1.11022302462516E-15,1.));
#3990=DIRECTION('',(0.,-0.697194382226572,0.716882133541985));
#3991=DIRECTION('',(0.,-1.,0.));
#3992=DIRECTION('',(-1.,0.,0.));
#3993=DIRECTION('',(0.,-1.,0.));
#3994=DIRECTION('',(1.,8.43734665467721E-11,0.));
#3995=DIRECTION('',(0.297332781302522,2.50878984866675E-11,0.954773908924467));
#3996=DIRECTION('',(0.,9.43689570931383E-16,1.));
#3997=DIRECTION('',(1.,8.43734665467721E-11,1.47264761520972E-12));
#3998=DIRECTION('',(0.,9.43689570931383E-16,1.));
#3999=DIRECTION('',(-1.,-8.43734665467721E-11,0.));
#4000=DIRECTION('',(1.04051133601939E-18,-9.43689570931295E-16,-1.));
#4001=DIRECTION('',(8.43734665467721E-11,-1.,9.43689570931383E-16));
#4002=DIRECTION('',(0.,-9.43689570931383E-16,-1.));
#4003=DIRECTION('',(1.,5.63438184997267E-15,0.));
#4004=DIRECTION('',(-1.89377061769753E-16,-1.,0.));
#4005=DIRECTION('',(-1.,-8.43734665467721E-11,0.));
#4006=DIRECTION('',(8.43678657601355E-11,1.,0.));
#4007=DIRECTION('',(0.,0.,-1.));
#4008=DIRECTION('',(0.,-1.,0.));
#4009=DIRECTION('',(0.,-9.43689570931383E-16,-1.));
#4010=DIRECTION('',(0.,1.,-6.08114170036872E-16));
#4011=DIRECTION('',(0.,1.11022302462516E-15,1.));
#4012=DIRECTION('',(0.,-1.,0.));
#4013=DIRECTION('',(-1.,0.,0.));
#4014=DIRECTION('',(0.,-1.,0.));
#4015=DIRECTION('',(0.,1.11022302462516E-15,1.));
#4016=DIRECTION('',(0.,-1.,0.));
#4017=DIRECTION('',(0.,-1.11022302462516E-15,-1.));
#4018=DIRECTION('',(0.,-1.,0.));
#4019=DIRECTION('',(0.,1.11022302462516E-15,1.));
#4020=DIRECTION('',(0.,-1.,0.));
#4021=DIRECTION('',(0.,9.43689570931383E-16,1.));
#4022=DIRECTION('',(0.,1.00000000000001,0.));
#4023=DIRECTION('',(0.,-9.43689570931383E-16,-1.));
#4024=DIRECTION('',(0.,1.00000000000001,0.));
#4025=DIRECTION('',(0.,-9.43689570931383E-16,-1.));
#4026=DIRECTION('',(0.,1.00000000000001,0.));
#4027=DIRECTION('',(0.,1.11022302462516E-15,1.));
#4028=DIRECTION('',(0.,-1.,0.));
#4029=DIRECTION('',(-0.894427190999651,-5.53605116174052E-15,-0.447213595500487));
#4030=DIRECTION('',(-0.447213595500487,-2.58597307630229E-15,0.894427190999651));
#4031=DIRECTION('',(0.,1.11022302462516E-15,1.));
#4032=DIRECTION('',(0.,-1.,0.));
#4033=DIRECTION('',(0.,9.43689570931383E-16,1.));
#4034=DIRECTION('',(0.,1.00000000000001,0.));
#4035=DIRECTION('',(-0.894427190999653,-7.54663447091386E-11,-0.447213595500488));
#4036=DIRECTION('',(0.447213595500487,3.77293471832504E-11,-0.894427190999652));
#4037=DIRECTION('',(0.,-9.43689570931383E-16,-1.));
#4038=DIRECTION('',(0.,1.00000000000001,0.));
#4039=DIRECTION('',(0.447213595499167,3.77338054007227E-11,0.89442719100031));
#4040=DIRECTION('',(0.894427191000311,7.54664522857296E-11,-0.447213595499167));
#4041=DIRECTION('',(-1.,-8.43734665467721E-11,-1.47264761520972E-12));
#4042=DIRECTION('',(1.,8.43769498715114E-11,1.48029736616688E-12));
#4043=DIRECTION('',(-8.43769498715119E-11,1.00000000000001,0.));
#4044=DIRECTION('',(-1.,-8.43734665467721E-11,-1.47264761520972E-12));
#4045=DIRECTION('',(8.43769498715119E-11,-1.00000000000001,0.));
#4046=DIRECTION('',(-1.,0.,-1.48029736616688E-12));
#4047=DIRECTION('',(-1.48029736616688E-12,0.,1.));
#4048=DIRECTION('',(1.,5.63438184997431E-15,1.47264761520972E-12));
#4049=DIRECTION('',(0.447213595499165,3.51278582684087E-15,0.894427191000311));
#4050=DIRECTION('',(-0.894427191000312,-5.17194615260455E-15,0.447213595499165));
#4051=DIRECTION('',(1.,5.63438184997431E-15,1.47264761520972E-12));
#4052=DIRECTION('',(1.48029736616688E-12,0.,-1.));
#4053=DIRECTION('',(-1.,-5.63438184997267E-15,0.));
#4054=DIRECTION('',(0.,1.,0.));
#4055=DIRECTION('',(-1.,-5.63438184997267E-15,0.));
#4056=DIRECTION('',(0.,1.,0.));
#4057=DIRECTION('',(1.,5.63438184997267E-15,0.));
#4058=DIRECTION('',(0.,1.,0.));
#4059=DIRECTION('',(-1.,-8.43734665467721E-11,0.));
#4060=DIRECTION('',(8.43769498715119E-11,-1.00000000000001,0.));
#4061=DIRECTION('',(1.,8.43734665467721E-11,0.));
#4062=DIRECTION('',(8.43769498715119E-11,-1.00000000000001,0.));
#4063=DIRECTION('',(-1.,-8.43734665467721E-11,0.));
#4064=DIRECTION('',(8.43769498715119E-11,-1.00000000000001,0.));
#4065=DIRECTION('',(0.,1.,-1.15648231731787E-14));
#4066=DIRECTION('',(0.,1.15648231731787E-14,1.));
#4067=DIRECTION('',(0.,1.,0.));
#4068=DIRECTION('',(0.,1.,-1.68753899743024E-10));
#4069=DIRECTION('',(0.,1.68753899743024E-10,1.));
#4070=DIRECTION('',(0.,1.,0.));
#4071=DIRECTION('',(0.,0.,1.));
#4072=DIRECTION('',(8.43678657601355E-11,1.,0.));
#4073=DIRECTION('',(5.88208027938603E-11,0.697194382220933,-0.71688213354747));
#4074=DIRECTION('',(1.04051132196932E-18,-1.11022302462516E-15,-1.));
#4075=DIRECTION('',(-8.43678657601355E-11,-1.,0.));
#4076=DIRECTION('',(-1.04051133601939E-18,9.43689570931295E-16,1.));
#4077=DIRECTION('',(-1.,8.43678657601355E-11,-1.04051141563647E-18));
#4078=DIRECTION('',(8.43678651246682E-11,1.,0.));
#4079=DIRECTION('',(-5.8820801975823E-11,-0.697194382220933,0.71688213354747));
#4080=DIRECTION('',(0.983039421429063,-0.183394372641075,8.70329464986149E-18));
#4081=DIRECTION('',(1.22472086951101E-19,0.697194382226572,-0.716882133541985));
#4082=DIRECTION('',(-0.982093952372716,-5.30696711690195E-15,0.188391795768655));
#4083=DIRECTION('',(-0.132560199323805,-0.710555617226221,-0.691041611180902));
#4084=DIRECTION('',(0.983039421429063,-0.183394372641075,0.));
#4085=DIRECTION('',(0.,1.,0.));
#4086=DIRECTION('',(-0.983039421429063,0.183394372641075,0.));
#4087=DIRECTION('',(-8.43678657601355E-11,-1.,0.));
#4088=DIRECTION('',(1.,8.43734665467721E-11,0.));
#4089=DIRECTION('',(0.,0.,1.));
#4090=DIRECTION('',(1.,0.,0.));
#4091=DIRECTION('',(1.04051132196932E-18,-1.11022302462516E-15,-1.));
#4092=DIRECTION('',(0.,1.,0.));
#4093=DIRECTION('',(-1.04051132196932E-18,1.11022302462516E-15,1.));
#4094=DIRECTION('',(0.,1.,-1.0842021724855E-15));
#4095=DIRECTION('',(1.04051132196932E-18,-1.11022302462516E-15,-1.));
#4096=DIRECTION('',(0.,1.,-1.44560289664734E-15));
#4097=DIRECTION('',(1.04051133601939E-18,-9.43689570931295E-16,-1.));
#4098=DIRECTION('',(0.,-1.00000000000001,0.));
#4099=DIRECTION('',(-1.04051133601939E-18,9.43689570931295E-16,1.));
#4100=DIRECTION('',(0.,-1.00000000000001,9.03501810404587E-16));
#4101=DIRECTION('',(-1.04051133601939E-18,9.43689570931295E-16,1.));
#4102=DIRECTION('',(0.,-1.00000000000001,0.));
#4103=DIRECTION('',(-8.43678657601355E-11,-1.,0.));
#4104=DIRECTION('',(1.00000000000001,-8.43653850483387E-11,0.));
#4105=DIRECTION('',(0.,0.,1.));
#4106=DIRECTION('',(1.00000000000001,0.,0.));
#4107=DIRECTION('',(-8.43678657601355E-11,-1.,0.));
#4108=DIRECTION('',(1.00000000000001,-8.43653850483387E-11,0.));
#4109=DIRECTION('',(-8.43678657601355E-11,-1.,0.));
#4110=DIRECTION('',(1.00000000000001,-8.4368276254132E-11,0.));
#4111=DIRECTION('',(0.,0.,1.));
#4112=DIRECTION('',(1.00000000000001,0.,0.));
#4113=DIRECTION('',(-1.,-8.43769498715114E-11,-9.75804505156194E-25));
#4114=DIRECTION('',(8.43769498715119E-11,-1.00000000000001,0.));
#4115=DIRECTION('',(1.,8.43769498715124E-11,0.));
#4116=DIRECTION('',(-8.43769498715119E-11,1.00000000000001,0.));
#4117=DIRECTION('',(-1.,-8.43734665467721E-11,0.));
#4118=DIRECTION('',(8.43769498715119E-11,-1.00000000000001,0.));
#4119=DIRECTION('',(0.982093952372716,0.,-0.188391795768651));
#4120=DIRECTION('',(-0.188391795768646,0.,-0.982093952372713));
#4121=DIRECTION('',(-0.982093952372716,0.,0.188391795768651));
#4122=DIRECTION('',(0.188391795768646,0.,0.982093952372713));
#4123=DIRECTION('',(0.982093952372715,5.3103212681356E-15,-0.188391795768655));
#4124=DIRECTION('',(-0.188391795768646,0.,-0.982093952372719));
#4125=DIRECTION('',(0.,-0.697194382226574,0.716882133541984));
#4126=DIRECTION('',(0.,-0.716882133541986,-0.697194382226572));
#4127=DIRECTION('',(-0.132560199323807,-0.71055561722622,-0.691041611180903));
#4128=DIRECTION('',(0.,0.697194382226572,-0.716882133541986));
#4129=DIRECTION('',(0.,1.,0.));
#4130=DIRECTION('',(0.,0.,1.));
#4131=DIRECTION('',(0.,0.,1.));
#4132=DIRECTION('',(1.00000000000001,0.,0.));
#4133=DIRECTION('',(8.43653850483383E-11,1.,0.));
#4134=DIRECTION('',(-1.00000000000001,8.43653850483387E-11,0.));
#4135=DIRECTION('',(0.,0.,1.));
#4136=DIRECTION('',(1.00000000000001,0.,0.));
#4137=DIRECTION('',(-5.88231039744812E-11,-0.697194382220934,0.716882133547469));
#4138=DIRECTION('',(0.,-0.716882133547468,-0.697194382220934));
#4139=DIRECTION('',(-0.132560199323807,-0.71055561722622,-0.691041611180903));
#4140=DIRECTION('',(0.,0.697194382226572,-0.716882133541986));
#4141=DIRECTION('',(0.,-0.697194382226565,0.716882133541992));
#4142=DIRECTION('',(0.,-0.716882133541992,-0.697194382226566));
#4143=DIRECTION('',(0.,-0.697194382226572,0.716882133541985));
#4144=DIRECTION('',(0.,-0.716882133541986,-0.697194382226572));
#4145=DIRECTION('',(5.78241158658933E-15,1.,0.));
#4146=DIRECTION('',(-1.00000000000001,5.78241158658936E-15,0.));
#4147=DIRECTION('',(0.,1.,0.));
#4148=DIRECTION('',(0.,0.,1.));
#4149=DIRECTION('',(8.43653850483383E-11,1.,0.));
#4150=DIRECTION('',(-1.00000000000001,8.43653850483387E-11,0.));
#4151=DIRECTION('',(8.43678657601355E-11,1.,0.));
#4152=DIRECTION('',(-1.00000000000001,8.4368276254132E-11,0.));
#4153=DIRECTION('',(-5.88149272020515E-11,-0.697194382220934,0.716882133547468));
#4154=DIRECTION('',(0.,-0.716882133547468,-0.697194382220934));
#4155=DIRECTION('',(5.88208027938603E-11,0.697194382220933,-0.71688213354747));
#4156=DIRECTION('',(0.,0.716882133547468,0.697194382220934));
#4157=DIRECTION('',(-0.983039421429062,0.183394372641076,1.06046174527504E-15));
#4158=DIRECTION('',(0.183394372641083,0.983039421429063,0.));
#4159=DIRECTION('',(1.00000000000001,-5.78241158658936E-15,0.));
#4160=DIRECTION('',(0.,1.,0.));
#4161=DIRECTION('',(0.983039421429059,-0.183394372641093,0.));
#4162=DIRECTION('',(-0.183394372641095,-0.983039421429058,0.));
#4163=DIRECTION('',(-1.00000000000001,8.43711674599253E-11,0.));
#4164=DIRECTION('',(-8.43653850483387E-11,-1.,0.));
#4165=DIRECTION('',(0.983039421429063,-0.183394372641075,0.));
#4166=DIRECTION('',(0.183394372641083,0.983039421429063,0.));
#4167=DIRECTION('',(1.89377061769753E-16,1.,1.27618580920921E-32));
#4168=DIRECTION('',(0.297332781302522,2.73529840337213E-15,0.954773908924467));
#4169=DIRECTION('',(0.,-1.,6.08114170036872E-16));
#4170=DIRECTION('',(-0.297332781302522,-2.50878984866675E-11,-0.954773908924467));
#4171=DIRECTION('',(0.954773908924467,-1.80812277526538E-16,-0.297332781302522));
#4172=DIRECTION('',(-0.297332781302522,0.,-0.954773908924467));
#4173=DIRECTION('',(0.,1.,0.));
#4174=DIRECTION('',(0.,0.,1.));
#4175=DIRECTION('',(0.,1.,0.));
#4176=DIRECTION('',(0.,0.,1.));
#4177=DIRECTION('',(0.,-1.,0.));
#4178=DIRECTION('',(0.,1.,0.));
#4179=DIRECTION('',(0.,0.,1.));
#4180=DIRECTION('',(1.48029736616688E-12,0.,-1.));
#4181=DIRECTION('',(-1.00000000000001,0.,-1.47162374878699E-12));
#4182=DIRECTION('',(1.48029736616688E-12,0.,-1.));
#4183=DIRECTION('',(-1.00000000000001,0.,-1.47162374878699E-12));
#4184=DIRECTION('',(1.47264761520972E-12,0.,-1.));
#4185=DIRECTION('',(-1.,0.,-1.4726475247584E-12));
#4186=DIRECTION('',(0.,1.,0.));
#4187=DIRECTION('',(0.,0.,1.));
#4188=DIRECTION('',(0.297332781302522,2.50880331831199E-11,0.954773908924467));
#4189=DIRECTION('',(0.95477390892447,0.,-0.297332781302522));
#4190=DIRECTION('',(0.95477390892447,0.,-0.297332781302522));
#4191=DIRECTION('',(-0.29733278130252,0.,-0.954773908924467));
#4192=DIRECTION('',(0.297332781302527,2.50880331831204E-11,0.954773908924466));
#4193=DIRECTION('',(0.954773908924458,0.,-0.297332781302527));
#4194=DIRECTION('',(0.297332781302522,2.50878984866675E-11,0.954773908924467));
#4195=DIRECTION('',(0.95477390892447,0.,-0.29733278130252));
#4196=DIRECTION('',(-3.60148199192685E-15,1.,-1.15648231731787E-14));
#4197=DIRECTION('',(0.,1.15648231731787E-14,1.));
#4198=DIRECTION('',(-1.89377061769753E-16,-1.,0.));
#4199=DIRECTION('',(1.00000000000001,0.,0.));
#4200=DIRECTION('',(1.15648231731786E-14,1.,3.71361387691779E-14));
#4201=DIRECTION('',(0.,-3.46944695195361E-14,1.));
#4202=DIRECTION('',(0.95477390892447,0.,-0.297332781302522));
#4203=DIRECTION('',(-0.29733278130252,0.,-0.954773908924467));
#4204=DIRECTION('',(0.297332781302521,1.98407189705274E-15,0.954773908924467));
#4205=DIRECTION('',(0.95477390892447,0.,-0.297332781302521));
#4206=DIRECTION('',(0.95477390892447,0.,-0.297332781302522));
#4207=DIRECTION('',(-0.29733278130252,0.,-0.954773908924467));
#4208=DIRECTION('',(0.,1.,0.));
#4209=DIRECTION('',(0.,0.,1.));
#4210=DIRECTION('',(0.,1.,-6.08114170036872E-16));
#4211=DIRECTION('',(0.,0.,1.));
#4212=DIRECTION('',(0.297332781302521,-6.7815318258405E-16,0.954773908924467));
#4213=DIRECTION('',(0.95477390892447,0.,-0.297332781302522));
#4214=DIRECTION('',(-0.297332781302522,-2.73529840337213E-15,-0.954773908924467));
#4215=DIRECTION('',(-0.95477390892447,0.,0.297332781302522));
#4216=DIRECTION('',(0.95477390892447,0.,-0.297332781302522));
#4217=DIRECTION('',(-0.29733278130252,0.,-0.954773908924467));
#4218=DIRECTION('',(-1.47132922536798E-12,-8.43678657601355E-11,1.));
#4219=DIRECTION('',(-1.,-4.12746338581559E-17,1.31734933032325E-15));
#4220=DIRECTION('',(-1.47132922536798E-12,-8.43678657601355E-11,1.));
#4221=DIRECTION('',(1.,4.12746338030686E-17,-6.64407721764182E-16));
#4222=DIRECTION('',(-4.1274633747014E-17,1.,8.43678657601355E-11));
#4223=DIRECTION('',(1.,4.13081027716977E-17,-1.3166551182664E-15));
#4224=DIRECTION('',(0.,0.697194382220932,-0.716882133547471));
#4225=DIRECTION('',(1.,0.,1.47132922536798E-12));
#4226=DIRECTION('',(1.4687325429937E-12,0.,-1.));
#4227=DIRECTION('',(0.,1.,0.));
#4228=DIRECTION('',(1.,0.,1.47132922536798E-12));
#4229=DIRECTION('',(1.4687325429937E-12,0.,-1.));
#4230=DIRECTION('',(-1.47132922536798E-12,0.,1.));
#4231=DIRECTION('',(1.,0.,1.47132922536798E-12));
#4232=DIRECTION('',(1.4687325429937E-12,0.,-1.));
#4233=DIRECTION('',(1.2413290657481E-22,-1.,-8.43678657601355E-11));
#4234=DIRECTION('',(1.,0.,1.47132922536798E-12));
#4235=DIRECTION('',(1.4687325429937E-12,0.,-1.));
#4236=DIRECTION('',(1.,0.,1.47132922536798E-12));
#4237=DIRECTION('',(1.4687325429937E-12,0.,-1.));
#4238=DIRECTION('',(2.78636005596154E-28,-1.,-1.89377061769753E-16));
#4239=DIRECTION('',(-1.,0.,-1.47132922536798E-12));
#4240=DIRECTION('',(1.4687325429937E-12,0.,-1.));
#4241=DIRECTION('',(0.,0.902288702242876,-0.431132343723905));
#4242=DIRECTION('',(-1.,0.,-1.47132922536798E-12));
#4243=DIRECTION('',(1.4687325429937E-12,0.,-1.));
#4244=DIRECTION('',(1.,0.,1.47132922536798E-12));
#4245=DIRECTION('',(1.47133000227839E-12,0.,-1.));
#4246=DIRECTION('',(2.78636005596154E-28,-1.,-1.89377061769753E-16));
#4247=DIRECTION('',(1.,1.39049549345492E-15,-6.64407721764182E-16));
#4248=DIRECTION('',(-1.,-4.12746338030686E-17,6.64407721764182E-16));
#4249=DIRECTION('',(6.64407721764182E-16,-1.89377061769753E-16,1.));
#4250=DIRECTION('',(1.,0.,-6.66133814775094E-16));
#4251=DIRECTION('',(0.,1.,0.));
#4252=DIRECTION('',(-1.,0.,-1.47132922536798E-12));
#4253=DIRECTION('',(1.4687325429937E-12,0.,-1.));
#4254=DIRECTION('',(1.05476963423254E-12,0.697194382220932,-0.716882133547471));
#4255=DIRECTION('',(1.,0.,1.47132922536798E-12));
#4256=DIRECTION('',(1.4687325429937E-12,0.,-1.));
#4257=DIRECTION('',(6.34337617322374E-13,0.902288702242876,-0.431132343723905));
#4258=DIRECTION('',(1.,0.,1.47132922536798E-12));
#4259=DIRECTION('',(1.4687325429937E-12,0.,-1.));
#4260=DIRECTION('',(-1.,0.,-1.47132922536798E-12));
#4261=DIRECTION('',(1.4687325429937E-12,0.,-1.));
#4262=DIRECTION('',(-1.,0.,-1.47132922536798E-12));
#4263=DIRECTION('',(1.4687325429937E-12,0.,-1.));
#4264=DIRECTION('',(-1.2413290657481E-22,1.,8.43678657601355E-11));
#4265=DIRECTION('',(-1.,0.,-1.47132922536798E-12));
#4266=DIRECTION('',(1.4687325429937E-12,0.,-1.));
#4267=DIRECTION('',(-1.47132922536798E-12,0.,1.));
#4268=DIRECTION('',(-1.,0.,-1.47132922536798E-12));
#4269=DIRECTION('',(1.4687325429937E-12,0.,-1.));
#4270=DIRECTION('',(1.,0.,1.47132922536798E-12));
#4271=DIRECTION('',(1.47133000227839E-12,0.,-1.));
#4272=DIRECTION('',(-1.,0.,0.));
#4273=DIRECTION('',(1.,0.,-1.31734933032674E-15));
#4274=DIRECTION('',(0.,-1.,0.));
#4275=DIRECTION('',(1.,0.,-1.31838984174237E-15));
#4276=DIRECTION('',(1.,4.12746338581559E-17,-1.31734933032325E-15));
#4277=DIRECTION('',(-1.,0.,1.31734933032674E-15));
#4278=DIRECTION('',(-1.31734933032674E-15,8.43678657601355E-11,-1.));
#4279=DIRECTION('',(0.,1.,8.43678651246682E-11));
#4280=DIRECTION('',(1.,4.12746338581559E-17,-1.31734933032325E-15));
#4281=DIRECTION('',(0.,1.,0.));
#4282=DIRECTION('',(1.,0.,-1.31734933032674E-15));
#4283=DIRECTION('',(0.,0.,-1.));
#4284=DIRECTION('',(-1.,-4.12746338030686E-17,6.64407721764182E-16));
#4285=DIRECTION('',(0.,0.,1.));
#4286=DIRECTION('',(-1.,0.,0.));
#4287=DIRECTION('',(1.,0.,0.));
#4288=DIRECTION('',(0.,0.,1.));
#4289=DIRECTION('',(1.,0.,0.));
#4290=DIRECTION('',(-1.,0.,0.));
#4291=DIRECTION('',(1.,0.,0.));
#4292=DIRECTION('',(0.,0.716882133547471,0.697194382220932));
#4293=DIRECTION('',(0.,-0.697194382220932,0.716882133547471));
#4294=DIRECTION('',(-1.,-1.39049549345492E-15,6.64407721764182E-16));
#4295=DIRECTION('',(1.,0.,0.));
#4296=DIRECTION('',(0.,0.431132343723905,0.902288702242875));
#4297=DIRECTION('',(0.,-0.902288702242876,0.431132343723905));
#4298=DIRECTION('',(1.,1.39049549345492E-15,-6.64407721764182E-16));
#4299=DIRECTION('',(0.,1.,0.));
#4300=DIRECTION('',(1.,0.,0.));
#4301=DIRECTION('',(0.,0.,-1.));
#4302=DIRECTION('',(-1.,0.,0.));
#4303=DIRECTION('',(0.,0.,1.));
#4304=DIRECTION('',(-1.,0.,0.));
#4305=DIRECTION('',(0.,0.,1.));
#4306=DIRECTION('',(0.,-1.11022302462516E-15,-1.));
#4307=DIRECTION('',(-0.297332781302522,-2.73529840337213E-15,-0.954773908924467));
#4308=DIRECTION('',(-1.,-5.63438184997267E-15,0.));
#4309=DIRECTION('',(-1.04051132196932E-18,1.11022302462516E-15,1.));
#4310=DIRECTION('',(0.994690362357696,5.49020895555837E-15,-0.102912987677535));
#4311=DIRECTION('',(0.845962376406691,4.17445686042795E-15,-0.533242588044451));
#4312=DIRECTION('',(0.,-1.11022302462516E-15,-1.));
#4313=DIRECTION('',(-1.,-5.63438184997431E-15,-1.47264761520972E-12));
#4314=DIRECTION('',(5.63438184997267E-15,-1.,1.11022302462516E-15));
#4315=DIRECTION('',(0.,-1.11022302462516E-15,-1.));
#4316=DIRECTION('',(0.,-1.11022302462516E-15,-1.));
#4317=DIRECTION('',(0.,1.,0.));
#4318=DIRECTION('',(0.,1.11022302462516E-15,1.));
#4319=DIRECTION('',(0.,-0.823175331762636,0.567787260492409));
#4320=DIRECTION('',(0.,-0.902288702245939,0.431132343717493));
#4321=DIRECTION('',(-1.,0.,0.));
#4322=DIRECTION('',(0.,-1.,0.));
#4323=DIRECTION('',(1.,5.63438184997267E-15,0.));
#4324=DIRECTION('',(0.297332781302522,2.73529840337213E-15,0.954773908924467));
#4325=DIRECTION('',(0.,1.11022302462516E-15,1.));
#4326=DIRECTION('',(1.,5.63438184997431E-15,1.47264761520972E-12));
#4327=DIRECTION('',(0.,1.11022302462516E-15,1.));
#4328=DIRECTION('',(-0.994690362357695,-5.49020895555837E-15,0.102912987677535));
#4329=DIRECTION('',(1.04051132196932E-18,-1.11022302462516E-15,-1.));
#4330=DIRECTION('',(-5.63438184997267E-15,1.,-1.11022302462516E-15));
#4331=DIRECTION('',(1.,5.63438184997267E-15,0.));
#4332=DIRECTION('',(-2.77555756156289E-17,0.823175331762636,-0.567787260492409));
#4333=DIRECTION('',(-0.845962376406691,-4.13936344975837E-15,0.533242588044451));
#4334=DIRECTION('',(0.345929350994595,-0.860003088401884,0.3751367378166));
#4335=DIRECTION('',(-0.460569345146443,-0.503981443526752,-0.730669954830543));
#4336=DIRECTION('',(0.738184661787024,-0.674598699303799,0.));
#4337=DIRECTION('',(1.,5.63438184997267E-15,0.));
#4338=DIRECTION('',(-1.89377061769753E-16,-1.,0.));
#4339=DIRECTION('',(-1.,-5.63438184997267E-15,0.));
#4340=DIRECTION('',(0.,1.,0.));
#4341=DIRECTION('',(0.,0.,-1.));
#4342=DIRECTION('',(0.,-1.,0.));
#4343=DIRECTION('',(0.,-1.11022302462516E-15,-1.));
#4344=DIRECTION('',(0.,1.,-6.08114170036872E-16));
#4345=DIRECTION('',(0.,1.11022302462516E-15,1.));
#4346=DIRECTION('',(0.,-1.,0.));
#4347=DIRECTION('',(-1.,0.,0.));
#4348=DIRECTION('',(0.,-1.,0.));
#4349=DIRECTION('',(0.,1.11022302462516E-15,1.));
#4350=DIRECTION('',(0.,-1.,0.));
#4351=DIRECTION('',(-0.894427190999652,-5.53605116174052E-15,-0.447213595500487));
#4352=DIRECTION('',(-0.447213595500487,-1.29298653815114E-15,0.894427190999651));
#4353=DIRECTION('',(0.,1.11022302462516E-15,1.));
#4354=DIRECTION('',(0.,-1.,0.));
#4355=DIRECTION('',(0.,1.11022302462516E-15,1.));
#4356=DIRECTION('',(0.,1.,0.));
#4357=DIRECTION('',(-0.894427190999652,-5.53605116174052E-15,-0.447213595500487));
#4358=DIRECTION('',(-0.447213595500487,-2.58597307630229E-15,0.894427190999651));
#4359=DIRECTION('',(0.,-1.11022302462516E-15,-1.));
#4360=DIRECTION('',(0.,1.,0.));
#4361=DIRECTION('',(0.,1.11022302462516E-15,1.));
#4362=DIRECTION('',(0.,1.,0.));
#4363=DIRECTION('',(0.,-1.11022302462516E-15,-1.));
#4364=DIRECTION('',(0.,1.,0.));
#4365=DIRECTION('',(0.,-1.11022302462516E-15,-1.));
#4366=DIRECTION('',(0.,1.,0.));
#4367=DIRECTION('',(0.447213595499165,3.51278582684087E-15,0.894427191000312));
#4368=DIRECTION('',(-0.894427191000312,-5.17194615260455E-15,0.447213595499165));
#4369=DIRECTION('',(-1.,-5.63438184997431E-15,-1.47264761520972E-12));
#4370=DIRECTION('',(1.,5.63438184997431E-15,1.47264761520972E-12));
#4371=DIRECTION('',(-1.48029736616688E-12,0.,1.));
#4372=DIRECTION('',(-1.,-5.63438184997431E-15,-1.47264761520972E-12));
#4373=DIRECTION('',(-1.48029736616688E-12,0.,1.));
#4374=DIRECTION('',(-1.,-5.63438184997431E-15,-1.47264761520972E-12));
#4375=DIRECTION('',(-1.48029736616688E-12,0.,1.));
#4376=DIRECTION('',(1.,5.63438184997431E-15,1.47264761520972E-12));
#4377=DIRECTION('',(0.447213595499165,3.51278582684087E-15,0.894427191000312));
#4378=DIRECTION('',(-0.894427191000312,-4.52545288352898E-15,0.447213595499165));
#4379=DIRECTION('',(-1.,-5.63438184997431E-15,-1.47264761520972E-12));
#4380=DIRECTION('',(-1.4687325429937E-12,0.,1.));
#4381=DIRECTION('',(-1.,-5.63438184997267E-15,0.));
#4382=DIRECTION('',(0.,-1.,0.));
#4383=DIRECTION('',(-1.,-5.63438184997267E-15,0.));
#4384=DIRECTION('',(0.,-1.,0.));
#4385=DIRECTION('',(-1.,-5.63438184997267E-15,0.));
#4386=DIRECTION('',(0.,-1.,0.));
#4387=DIRECTION('',(-1.,-5.63438184997267E-15,0.));
#4388=DIRECTION('',(0.,-1.,0.));
#4389=DIRECTION('',(1.,5.63438184997267E-15,0.));
#4390=DIRECTION('',(0.,-1.,0.));
#4391=DIRECTION('',(-1.,-5.63438184997267E-15,0.));
#4392=DIRECTION('',(0.,-1.,0.));
#4393=DIRECTION('',(0.,1.,0.));
#4394=DIRECTION('',(0.,0.,1.));
#4395=DIRECTION('',(0.,1.,0.));
#4396=DIRECTION('',(0.,1.,0.));
#4397=DIRECTION('',(0.,0.,1.));
#4398=DIRECTION('',(0.,1.,0.));
#4399=DIRECTION('',(0.,0.,1.));
#4400=DIRECTION('',(0.,0.823175331762636,-0.567787260492409));
#4401=DIRECTION('',(0.,0.567787260492408,0.823175331762637));
#4402=DIRECTION('',(0.,0.823175331762636,-0.567787260492409));
#4403=DIRECTION('',(0.,0.567787260492408,0.823175331762637));
#4404=DIRECTION('',(0.,0.823175331762636,-0.567787260492409));
#4405=DIRECTION('',(0.,0.567787260492408,0.823175331762637));
#4406=DIRECTION('',(-0.845962376406691,-4.17445686042795E-15,0.533242588044451));
#4407=DIRECTION('',(-0.533242588044459,0.,-0.845962376406692));
#4408=DIRECTION('',(0.845962376406691,4.17445686042795E-15,-0.533242588044451));
#4409=DIRECTION('',(-0.533242588044447,0.,-0.845962376406692));
#4410=DIRECTION('',(0.845962376406691,4.17445686042795E-15,-0.533242588044451));
#4411=DIRECTION('',(-0.533242588044459,0.,-0.845962376406692));
#4412=DIRECTION('',(0.994690362357695,5.49020895555837E-15,-0.102912987677535));
#4413=DIRECTION('',(-0.102912987677538,0.,-0.994690362357698));
#4414=DIRECTION('',(0.994690362357695,5.49020895555837E-15,-0.102912987677535));
#4415=DIRECTION('',(-0.994690362357695,-5.49020895555837E-15,0.102912987677535));
#4416=DIRECTION('',(-0.102912987677538,0.,-0.994690362357698));
#4417=DIRECTION('',(0.994690362357695,5.49020895555837E-15,-0.102912987677535));
#4418=DIRECTION('',(-0.102912987677538,0.,-0.994690362357698));
#4419=DIRECTION('',(0.994690362357695,5.49680484303865E-15,-0.102912987677535));
#4420=DIRECTION('',(-0.102912987677538,0.,-0.994690362357695));
#4421=DIRECTION('',(-0.994690362357695,-5.48866507799062E-15,0.102912987677535));
#4422=DIRECTION('',(-0.994690362357695,-5.49680484303865E-15,0.102912987677535));
#4423=DIRECTION('',(-0.102912987677538,0.,-0.994690362357695));
#4424=DIRECTION('',(0.994690362357695,5.49680484303865E-15,-0.102912987677535));
#4425=DIRECTION('',(-0.102912987677538,0.,-0.994690362357695));
#4426=DIRECTION('',(-1.04051132196932E-18,1.11022302462516E-15,1.));
#4427=DIRECTION('',(0.,0.902288702245939,-0.431132343717493));
#4428=DIRECTION('',(1.04051132196932E-18,-1.11022302462516E-15,-1.));
#4429=DIRECTION('',(0.,-1.,0.));
#4430=DIRECTION('',(-1.,0.,0.));
#4431=DIRECTION('',(0.,1.,0.));
#4432=DIRECTION('',(-5.18973196844667E-18,0.902288702245939,-0.431132343717493));
#4433=DIRECTION('',(-0.345929350994595,0.860003088401884,-0.3751367378166));
#4434=DIRECTION('',(-6.90885469171697E-18,-0.90228870224594,0.431132343717493));
#4435=DIRECTION('',(-0.0929487614976904,-0.429265925793489,-0.898382598166674));
#4436=DIRECTION('',(0.977350863665462,-0.211625351251629,0.));
#4437=DIRECTION('',(1.04051132196932E-18,-1.11022302462516E-15,-1.));
#4438=DIRECTION('',(0.,-1.,0.));
#4439=DIRECTION('',(-1.04051132196932E-18,1.11022302462516E-15,1.));
#4440=DIRECTION('',(0.,-1.,1.0842021724855E-15));
#4441=DIRECTION('',(-1.04051132196932E-18,1.11022302462516E-15,1.));
#4442=DIRECTION('',(0.,-1.,1.44560289664734E-15));
#4443=DIRECTION('',(1.04051132196932E-18,-1.11022302462516E-15,-1.));
#4444=DIRECTION('',(0.,-1.,0.));
#4445=DIRECTION('',(-1.04051132196932E-18,1.11022302462516E-15,1.));
#4446=DIRECTION('',(0.,-1.,1.0842021724855E-15));
#4447=DIRECTION('',(-1.04051132196932E-18,1.11022302462516E-15,1.));
#4448=DIRECTION('',(0.,-1.,0.));
#4449=DIRECTION('',(0.,-1.,0.));
#4450=DIRECTION('',(0.,0.,1.));
#4451=DIRECTION('',(0.,0.,1.));
#4452=DIRECTION('',(1.00000000000001,0.,0.));
#4453=DIRECTION('',(0.,-1.,0.));
#4454=DIRECTION('',(0.,0.,1.));
#4455=DIRECTION('',(0.,1.,0.));
#4456=DIRECTION('',(0.,0.,1.));
#4457=DIRECTION('',(0.,0.,1.));
#4458=DIRECTION('',(1.00000000000001,0.,0.));
#4459=DIRECTION('',(0.,0.902288702245939,-0.431132343717493));
#4460=DIRECTION('',(0.,0.431132343717492,0.902288702245938));
#4461=DIRECTION('',(0.,0.,1.));
#4462=DIRECTION('',(1.00000000000001,0.,0.));
#4463=DIRECTION('',(0.,0.902288702245939,-0.431132343717493));
#4464=DIRECTION('',(0.,0.431132343717492,0.902288702245938));
#4465=DIRECTION('',(0.,0.,1.));
#4466=DIRECTION('',(1.00000000000001,0.,0.));
#4467=DIRECTION('',(0.,-0.902288702245939,0.431132343717493));
#4468=DIRECTION('',(0.,0.431132343717492,0.902288702245938));
#4469=DIRECTION('',(0.,0.902288702245939,-0.431132343717493));
#4470=DIRECTION('',(0.,0.431132343717492,0.902288702245938));
#4471=DIRECTION('',(0.,0.902288702245939,-0.431132343717493));
#4472=DIRECTION('',(0.,0.431132343717494,0.902288702245938));
#4473=DIRECTION('',(0.,0.902288702245939,-0.431132343717493));
#4474=DIRECTION('',(0.,0.431132343717492,0.902288702245938));
#4475=DIRECTION('',(0.,0.,1.));
#4476=DIRECTION('',(1.00000000000001,0.,0.));
#4477=DIRECTION('',(0.345929350994595,-0.860003088401884,0.3751367378166));
#4478=DIRECTION('',(0.,0.399821491600099,0.916593025750617));
#4479=DIRECTION('',(0.,0.,1.));
#4480=DIRECTION('',(1.00000000000001,0.,0.));
#4481=DIRECTION('',(0.345929350994595,-0.860003088401884,0.3751367378166));
#4482=DIRECTION('',(0.,0.399821491600099,0.91659302575062));
#4483=DIRECTION('',(-0.345929350994595,0.860003088401884,-0.3751367378166));
#4484=DIRECTION('',(0.,0.399821491600099,0.91659302575062));
#4485=DIRECTION('',(0.,0.,1.));
#4486=DIRECTION('',(1.00000000000001,0.,0.));
#4487=DIRECTION('',(1.89377061769753E-16,1.,1.27618580920921E-32));
#4488=DIRECTION('',(0.297332781302522,2.73529840337213E-15,0.954773908924467));
#4489=DIRECTION('',(0.,-1.,6.08114170036872E-16));
#4490=DIRECTION('',(-0.297332781302522,-2.73529840337213E-15,-0.954773908924467));
#4491=DIRECTION('',(0.954773908924467,-1.80812277526538E-16,-0.297332781302522));
#4492=DIRECTION('',(-0.297332781302522,0.,-0.954773908924467));
#4493=DIRECTION('',(0.,-1.11022302462516E-15,-1.));
#4494=DIRECTION('',(0.,-1.,0.));
#4495=DIRECTION('',(0.,1.11022302462516E-15,1.));
#4496=DIRECTION('',(0.,-1.,0.));
#4497=DIRECTION('',(0.,1.11022302462516E-15,1.));
#4498=DIRECTION('',(0.,-1.,0.));
#4499=DIRECTION('',(0.,1.,0.));
#4500=DIRECTION('',(0.,0.,1.));
#4501=DIRECTION('',(0.,1.,0.));
#4502=DIRECTION('',(0.,0.,1.));
#4503=DIRECTION('',(0.,-1.,0.));
#4504=DIRECTION('',(0.,1.,0.));
#4505=DIRECTION('',(0.,0.,1.));
#4506=DIRECTION('',(0.,0.,1.));
#4507=DIRECTION('',(1.00000000000001,0.,0.));
#4508=DIRECTION('',(0.,0.,1.));
#4509=DIRECTION('',(1.00000000000001,0.,0.));
#4510=DIRECTION('',(1.47264761520972E-12,0.,-1.));
#4511=DIRECTION('',(-1.,0.,-1.4726475247584E-12));
#4512=DIRECTION('',(0.,0.,1.));
#4513=DIRECTION('',(1.00000000000001,0.,0.));
#4514=DIRECTION('',(0.297332781302518,3.43860103935304E-15,0.954773908924468));
#4515=DIRECTION('',(0.95477390892447,0.,-0.297332781302518));
#4516=DIRECTION('',(-1.08044459757805E-14,1.,-3.46944695195362E-14));
#4517=DIRECTION('',(0.,3.46944695195361E-14,1.));
#4518=DIRECTION('',(0.95477390892447,0.,-0.297332781302522));
#4519=DIRECTION('',(-0.29733278130252,0.,-0.954773908924467));
#4520=DIRECTION('',(-8.1033344818354E-15,1.,-2.60208521396521E-14));
#4521=DIRECTION('',(0.,2.60208521396521E-14,1.));
#4522=DIRECTION('',(-1.89377061769753E-16,-1.,0.));
#4523=DIRECTION('',(1.00000000000001,0.,0.));
#4524=DIRECTION('',(0.297332781302522,0.,0.954773908924467));
#4525=DIRECTION('',(0.954773908924458,0.,-0.297332781302522));
#4526=DIRECTION('',(-0.297332781302522,-2.73529840337213E-15,-0.954773908924467));
#4527=DIRECTION('',(-0.95477390892447,0.,0.297332781302523));
#4528=DIRECTION('',(0.297332781302521,-1.12143194181242E-15,0.954773908924467));
#4529=DIRECTION('',(0.95477390892447,0.,-0.297332781302521));
#4530=DIRECTION('',(0.95477390892447,0.,-0.297332781302522));
#4531=DIRECTION('',(-0.29733278130252,0.,-0.954773908924467));
#4532=DIRECTION('',(0.,1.,0.));
#4533=DIRECTION('',(0.,0.,1.));
#4534=DIRECTION('',(0.95477390892447,0.,-0.297332781302522));
#4535=DIRECTION('',(-0.29733278130252,0.,-0.954773908924467));
#4536=DIRECTION('',(0.297332781302522,2.76044785676903E-15,0.954773908924467));
#4537=DIRECTION('',(0.95477390892447,0.,-0.297332781302522));
#4538=DIRECTION('',(0.297332781302522,2.73529840337213E-15,0.954773908924467));
#4539=DIRECTION('',(0.95477390892447,0.,-0.297332781302523));
#4540=DIRECTION('',(0.,1.,0.));
#4541=DIRECTION('',(0.,0.,1.));
#4542=DIRECTION('',(0.,1.,-6.08114170036872E-16));
#4543=DIRECTION('',(0.,0.,1.));
#4544=DIRECTION('',(0.95477390892447,0.,-0.297332781302522));
#4545=DIRECTION('',(-0.29733278130252,0.,-0.954773908924467));
#4546=CARTESIAN_POINT('',(0.,0.,0.));
#4547=CARTESIAN_POINT('',(15.618090871099,-3.18750011800011,-0.08155261006923));
#4548=CARTESIAN_POINT('',(12.6799999978301,-3.18750011800013,-0.0815526100692297));
#4549=CARTESIAN_POINT('',(14.9756777935083,-3.18750011800011,-0.08155261006923));
#4550=CARTESIAN_POINT('',(15.4748747847603,-3.18750011800011,1.52143331221338));
#4551=CARTESIAN_POINT('',(15.618090871099,-3.18750011800011,1.981318636581));
#4552=CARTESIAN_POINT('',(15.618090871099,-3.18750011800011,1.190000228));
#4553=CARTESIAN_POINT('',(15.618090871099,-3.1875001180001,2.50844738992864));
#4554=CARTESIAN_POINT('',(16.1779093610988,-3.1875001180001,2.50844738992946));
#4555=CARTESIAN_POINT('',(16.177909361099,-3.1875001180001,2.50844738992946));
#4556=CARTESIAN_POINT('',(16.177909361099,-3.1875001180001,1.190000228));
#4557=CARTESIAN_POINT('',(16.177909361099,-3.1875001180001,3.43650701444305));
#4558=CARTESIAN_POINT('',(19.2429192246338,-3.18750011800008,1.92679898971268));
#4559=CARTESIAN_POINT('',(15.4336671357716,-3.18750011800011,3.8030926079472));
#4560=CARTESIAN_POINT('',(18.88,-3.18750011800008,3.8030926079472));
#4561=CARTESIAN_POINT('',(12.6799999978301,-3.18750011800012,3.8030926079472));
#4562=CARTESIAN_POINT('',(12.6799999977822,-3.18750011800012,0.36844738993077));
#4563=CARTESIAN_POINT('',(18.88,-3.18750011800009,1.190000228));
#4564=CARTESIAN_POINT('',(15.618090871099,-0.617500118000113,1.190000228));
#4565=CARTESIAN_POINT('',(15.618090871099,-0.617500118000112,2.50844738992864));
#4566=CARTESIAN_POINT('',(15.618090871099,-0.617500118000112,1.981318636581));
#4567=CARTESIAN_POINT('',(14.9895669638151,-0.617500118000118,-0.0369526928738516));
#4568=CARTESIAN_POINT('',(14.9756777935083,-0.617500118000119,-0.08155261006923));
#4569=CARTESIAN_POINT('',(12.6799999979737,-0.617500118000132,-0.08155261006923));
#4570=CARTESIAN_POINT('',(12.6799999979737,-0.617500118000131,-0.0815526100692301));
#4571=CARTESIAN_POINT('',(12.6799999979737,-0.617500118000127,3.9530926079472));
#4572=CARTESIAN_POINT('',(12.6799999979258,-0.617500118000127,3.8030926079472));
#4573=CARTESIAN_POINT('',(18.88,-0.617500118000092,3.8030926079472));
#4574=CARTESIAN_POINT('',(14.8328088505621,-0.617500118000115,3.8030926079472));
#4575=CARTESIAN_POINT('',(19.1256033581439,-0.617500118000093,1.68862426847487));
#4576=CARTESIAN_POINT('',(16.177909361099,-0.617500118000108,3.14054693101925));
#4577=CARTESIAN_POINT('',(16.177909361099,-0.61750011800011,1.190000228));
#4578=CARTESIAN_POINT('',(16.177909361099,-0.617500118000109,2.50844738992946));
#4579=CARTESIAN_POINT('',(15.6180908710988,-0.617500118000112,2.50844738992864));
#4580=CARTESIAN_POINT('',(18.88,-0.617500118000095,1.190000228));
#4581=CARTESIAN_POINT('',(16.2437407821814,-3.39755296830886,3.61937317144978));
#4582=CARTESIAN_POINT('',(16.2437407821814,-3.02007485157522,3.5701579930713));
#4583=CARTESIAN_POINT('',(16.2437407821814,-0.750074851575222,3.27419790964751));
#4584=CARTESIAN_POINT('',(15.2143336267229,-0.750074851575227,3.78124497067008));
#4585=CARTESIAN_POINT('',(14.8986402716445,-0.75007485157523,3.93674358657545));
#4586=CARTESIAN_POINT('',(15.5689810547845,-3.28257480237042,3.93674358657545));
#4587=CARTESIAN_POINT('',(15.499498556854,-3.02007485157522,3.93674358657546));
#4588=CARTESIAN_POINT('',(15.3316494932129,-3.02007485157522,4.01941969190788));
#4589=CARTESIAN_POINT('',(15.3482354894823,-3.34100511154889,4.0530925884744));
#4590=CARTESIAN_POINT('',(15.618090871099,-0.767500118000115,-0.23155261006923));
#4591=CARTESIAN_POINT('',(12.6799999979737,-0.767500118000132,-0.23155261006923));
#4592=CARTESIAN_POINT('',(14.9756777935083,-0.767500118000118,-0.23155261006923));
#4593=CARTESIAN_POINT('',(14.9756777935083,8.3524737550005,-0.23155261006923));
#4594=CARTESIAN_POINT('',(14.9756777935083,-3.03750011800011,-0.23155261006923));
#4595=CARTESIAN_POINT('',(12.6799999977822,-3.03750011800013,-0.23155261006923));
#4596=CARTESIAN_POINT('',(12.6799999978301,-3.03750011800012,-0.23155261006923));
#4597=CARTESIAN_POINT('',(12.6799999978779,8.3524737550005,-0.23155261006923));
#4598=CARTESIAN_POINT('',(22.068090870547,8.3524737550005,-0.23155261006923));
#4599=CARTESIAN_POINT('',(15.768090871099,-3.0375001180001,2.5084473899308));
#4600=CARTESIAN_POINT('',(15.768090871099,-3.03750011800011,2.20844738992908));
#4601=CARTESIAN_POINT('',(15.768090871099,-3.03750011800011,1.981318636581));
#4602=CARTESIAN_POINT('',(15.768090871099,-0.767500118000112,1.981318636581));
#4603=CARTESIAN_POINT('',(15.768090871099,-0.767500118000113,1.981318636581));
#4604=CARTESIAN_POINT('',(15.768090871099,-0.767500118000112,2.5084473899308));
#4605=CARTESIAN_POINT('',(15.768090871099,-0.767500118000112,2.20844738992908));
#4606=CARTESIAN_POINT('',(15.768090871099,-3.1875001180001,2.20844738992908));
#4607=CARTESIAN_POINT('',(15.768090871099,-3.1875001180001,2.5084473899308));
#4608=CARTESIAN_POINT('',(15.618090871099,-0.767500118000112,1.981318636581));
#4609=CARTESIAN_POINT('',(15.618090871099,-0.767500118000112,2.50844738992864));
#4610=CARTESIAN_POINT('',(15.618090871099,-0.767500118000113,1.190000228));
#4611=CARTESIAN_POINT('',(15.618090871099,-3.03750011800011,1.981318636581));
#4612=CARTESIAN_POINT('',(15.618090871099,-3.03750011800011,2.50844738992864));
#4613=CARTESIAN_POINT('',(15.618090871099,-3.0375001180001,2.5084473899308));
#4614=CARTESIAN_POINT('',(16.177909361099,-3.0375001180001,2.50844738992946));
#4615=CARTESIAN_POINT('',(16.327909361099,-3.0375001180001,2.50844738992946));
#4616=CARTESIAN_POINT('',(16.327909361099,-3.0375001180001,2.5084473899308));
#4617=CARTESIAN_POINT('',(16.327909361099,-3.0375001180001,3.43650701444305));
#4618=CARTESIAN_POINT('',(16.177909361099,-3.0375001180001,3.43650701444305));
#4619=CARTESIAN_POINT('',(16.177909361099,-3.0375001180001,2.5084473899308));
#4620=CARTESIAN_POINT('',(15.618090871099,-3.03750011800011,2.50844738992864));
#4621=CARTESIAN_POINT('',(15.9180908710988,-3.0375001180001,2.35844738992908));
#4622=CARTESIAN_POINT('',(15.618090871099,-3.0375001180001,2.35844738992864));
#4623=CARTESIAN_POINT('',(16.1779093610992,-3.0375001180001,2.35844738992946));
#4624=CARTESIAN_POINT('',(16.177909361099,-3.03750011800011,2.50844738992946));
#4625=CARTESIAN_POINT('',(18.8799999999981,-3.03750011800009,2.50844738993344));
#4626=CARTESIAN_POINT('',(16.177909361099,-0.767500118000109,2.50844738992946));
#4627=CARTESIAN_POINT('',(16.1779093610992,-0.767500118000109,2.35844738992946));
#4628=CARTESIAN_POINT('',(16.177909361099,-0.767500118000109,2.35844738992946));
#4629=CARTESIAN_POINT('',(15.9180908710988,-0.767500118000111,2.35844738992908));
#4630=CARTESIAN_POINT('',(15.618090871099,-0.767500118000112,2.50844738992864));
#4631=CARTESIAN_POINT('',(13.5559790201338,-0.767500118000124,2.5084473899256));
#4632=CARTESIAN_POINT('',(14.9756777935083,-0.767500118000119,-0.08155261006923));
#4633=CARTESIAN_POINT('',(12.6799999979737,-0.767500118000132,-0.08155261006923));
#4634=CARTESIAN_POINT('',(18.88,-0.767500118000097,-0.08155261006923));
#4635=CARTESIAN_POINT('',(14.9756777935083,-3.03750011800012,-0.08155261006923));
#4636=CARTESIAN_POINT('',(12.6799999978301,-3.03750011800013,-0.08155261006923));
#4637=CARTESIAN_POINT('',(22.068090870547,-3.03750011800008,-0.08155261006923));
#4638=CARTESIAN_POINT('',(15.918090871099,-0.767500118000111,2.20844738992908));
#4639=CARTESIAN_POINT('',(15.768090871099,-0.767500118000111,2.20844738992908));
#4640=CARTESIAN_POINT('',(15.768090871099,-0.767500118000111,2.35844738992886));
#4641=CARTESIAN_POINT('',(15.9180908710988,-0.767500118000111,2.35844738992908));
#4642=CARTESIAN_POINT('',(15.768090871099,-0.757682542491341,2.20844739011088));
#4643=CARTESIAN_POINT('',(15.7680911837836,-0.767535020807754,2.35844707724457));
#4644=CARTESIAN_POINT('',(15.9180908709169,-0.75768254249134,2.35844738992908));
#4645=CARTESIAN_POINT('',(15.7671239545003,-0.747865389494246,2.2103812231265));
#4646=CARTESIAN_POINT('',(15.7691512797118,-0.767446036655245,2.35738698131607));
#4647=CARTESIAN_POINT('',(15.9161570379014,-0.747865389494246,2.35941430652779));
#4648=CARTESIAN_POINT('',(15.7632933718187,-0.728607749901138,2.2180423884897));
#4649=CARTESIAN_POINT('',(15.7720195225044,-0.76331230421772,2.35451873852343));
#4650=CARTESIAN_POINT('',(15.9084958725381,-0.728607749901137,2.36324488920938));
#4651=CARTESIAN_POINT('',(15.7604297807188,-0.719167754594771,2.22376957068941));
#4652=CARTESIAN_POINT('',(15.7737192632141,-0.759325641434499,2.35281899781374));
#4653=CARTESIAN_POINT('',(15.9027686903384,-0.719167754594776,2.36610848030923));
#4654=CARTESIAN_POINT('',(15.7529158212326,-0.701027451695925,2.23879748966191));
#4655=CARTESIAN_POINT('',(15.775005179174,-0.746601132504934,2.35153308185394));
#4656=CARTESIAN_POINT('',(15.8877407713659,-0.701027451695918,2.37362243979547));
#4657=CARTESIAN_POINT('',(15.7482656032343,-0.692327505326288,2.24809792565845));
#4658=CARTESIAN_POINT('',(15.774620129492,-0.738154854026635,2.35191813153582));
#4659=CARTESIAN_POINT('',(15.8784403353694,-0.692327505326286,2.37827265779374));
#4660=CARTESIAN_POINT('',(15.7373570226545,-0.676001660768054,2.26991508681803));
#4661=CARTESIAN_POINT('',(15.769943316444,-0.718673844621143,2.35659494458387));
#4662=CARTESIAN_POINT('',(15.8566231742098,-0.676001660768055,2.38918123837351));
#4663=CARTESIAN_POINT('',(15.7310988842975,-0.668376096842616,2.282431363532));
#4664=CARTESIAN_POINT('',(15.7658205127415,-0.707828886771205,2.36071774828636));
#4665=CARTESIAN_POINT('',(15.8441068974958,-0.668376096842629,2.39543937673049));
#4666=CARTESIAN_POINT('',(15.7172148922565,-0.654492104801643,2.31019934761396));
#4667=CARTESIAN_POINT('',(15.7534733147838,-0.686221393239196,2.37306494624404));
#4668=CARTESIAN_POINT('',(15.8163389134138,-0.654492104801629,2.40932336877145));
#4669=CARTESIAN_POINT('',(15.7095893309447,-0.648233968190988,2.32545047023765));
#4670=CARTESIAN_POINT('',(15.7454053330506,-0.675448960204285,2.38113292797727));
#4671=CARTESIAN_POINT('',(15.8010877907902,-0.648233968190964,2.41694893008328));
#4672=CARTESIAN_POINT('',(15.6932634811592,-0.637325384118471,2.35810216980835));
#4673=CARTESIAN_POINT('',(15.7259231063272,-0.655979671279544,2.40061515470052));
#4674=CARTESIAN_POINT('',(15.7684360912194,-0.637325384118494,2.43327477986861));
#4675=CARTESIAN_POINT('',(15.6845635429923,-0.632675170181653,2.37550204614211));
#4676=CARTESIAN_POINT('',(15.7145583603346,-0.647151953536261,2.41197990069314));
#4677=CARTESIAN_POINT('',(15.7510362148856,-0.63267517018166,2.44197471803547));
#4678=CARTESIAN_POINT('',(15.6573530718766,-0.621404224006951,2.42992298837362));
#4679=CARTESIAN_POINT('',(15.6775873725027,-0.625830497611783,2.44895088852497));
#4680=CARTESIAN_POINT('',(15.696615272654,-0.621404224006936,2.46918518915119));
#4681=CARTESIAN_POINT('',(15.6377293517008,-0.617500118000112,2.46917042872495));
#4682=CARTESIAN_POINT('',(15.6475464778054,-0.617453833633452,2.47899178322201));
#4683=CARTESIAN_POINT('',(15.6573678323027,-0.617500118000112,2.48880890932681));
#4684=CARTESIAN_POINT('',(15.618090871099,-0.617500118000112,2.50844738992864));
#4685=CARTESIAN_POINT('',(15.618090871099,-0.617500118000112,2.50844738992864));
#4686=CARTESIAN_POINT('',(15.618090871099,-0.617500118000112,2.50844738992864));
#4687=CARTESIAN_POINT('',(15.9180908710988,-3.25751318204175,2.35844738992908));
#4688=CARTESIAN_POINT('',(15.918090871099,-3.03750011800011,2.20844738992908));
#4689=CARTESIAN_POINT('',(15.918090871099,-3.25751318204175,2.20844738992908));
#4690=CARTESIAN_POINT('',(15.618090871099,-3.18750011800011,2.50844738992864));
#4691=CARTESIAN_POINT('',(15.618090871099,-3.18750011800011,2.50844738992864));
#4692=CARTESIAN_POINT('',(15.618090871099,-3.18750011800011,2.50844738992864));
#4693=CARTESIAN_POINT('',(15.6377293517008,-3.18750011800011,2.46917042872495));
#4694=CARTESIAN_POINT('',(15.6475464778054,-3.18754640236681,2.47899178322215));
#4695=CARTESIAN_POINT('',(15.6573678323027,-3.18750011800011,2.48880890932673));
#4696=CARTESIAN_POINT('',(15.6573530718766,-3.18359601199327,2.42992298837362));
#4697=CARTESIAN_POINT('',(15.6775873725029,-3.17916973838845,2.44895088852498));
#4698=CARTESIAN_POINT('',(15.696615272654,-3.18359601199328,2.46918518915119));
#4699=CARTESIAN_POINT('',(15.6845635429923,-3.17232506581856,2.37550204614211));
#4700=CARTESIAN_POINT('',(15.7145583603345,-3.15784828246395,2.41197990069314));
#4701=CARTESIAN_POINT('',(15.7510362148856,-3.17232506581856,2.44197471803547));
#4702=CARTESIAN_POINT('',(15.6932634811593,-3.16767485188173,2.35810216980836));
#4703=CARTESIAN_POINT('',(15.7259231063273,-3.14902056472068,2.40061515470054));
#4704=CARTESIAN_POINT('',(15.7684360912194,-3.16767485188172,2.43327477986861));
#4705=CARTESIAN_POINT('',(15.7095893309446,-3.15676626780925,2.32545047023765));
#4706=CARTESIAN_POINT('',(15.7454053330506,-3.12955127579593,2.38113292797726));
#4707=CARTESIAN_POINT('',(15.8010877907901,-3.15676626780925,2.41694893008327));
#4708=CARTESIAN_POINT('',(15.7172148922565,-3.15050813119859,2.31019934761396));
#4709=CARTESIAN_POINT('',(15.7534733147837,-3.11877884276102,2.37306494624404));
#4710=CARTESIAN_POINT('',(15.8163389134138,-3.15050813119859,2.40932336877144));
#4711=CARTESIAN_POINT('',(15.7310988842975,-3.13662413915758,2.28243136353201));
#4712=CARTESIAN_POINT('',(15.7658205127415,-3.09717134922902,2.36071774828636));
#4713=CARTESIAN_POINT('',(15.8441068974958,-3.13662413915759,2.39543937673049));
#4714=CARTESIAN_POINT('',(15.7373570226545,-3.12899857523216,2.26991508681803));
#4715=CARTESIAN_POINT('',(15.769943316444,-3.08632639137908,2.35659494458387));
#4716=CARTESIAN_POINT('',(15.8566231742097,-3.12899857523216,2.38918123837351));
#4717=CARTESIAN_POINT('',(15.7482656032343,-3.11267273067393,2.24809792565845));
#4718=CARTESIAN_POINT('',(15.774620129492,-3.06684538197358,2.35191813153582));
#4719=CARTESIAN_POINT('',(15.8784403353694,-3.11267273067393,2.37827265779374));
#4720=CARTESIAN_POINT('',(15.7529158212326,-3.1039727843043,2.23879748966191));
#4721=CARTESIAN_POINT('',(15.7750051791739,-3.05839910349528,2.35153308185394));
#4722=CARTESIAN_POINT('',(15.8877407713659,-3.1039727843043,2.37362243979547));
#4723=CARTESIAN_POINT('',(15.7604297807188,-3.08583248140544,2.22376957068941));
#4724=CARTESIAN_POINT('',(15.7737192632141,-3.04567459456572,2.35281899781375));
#4725=CARTESIAN_POINT('',(15.9027686903385,-3.08583248140544,2.36610848030923));
#4726=CARTESIAN_POINT('',(15.7632933718187,-3.07639248609908,2.21804238848971));
#4727=CARTESIAN_POINT('',(15.7720195225044,-3.04168793178248,2.35451873852346));
#4728=CARTESIAN_POINT('',(15.9084958725382,-3.07639248609908,2.36324488920938));
#4729=CARTESIAN_POINT('',(15.7671239545003,-3.05713484650597,2.2103812231265));
#4730=CARTESIAN_POINT('',(15.7691512797118,-3.03755419934499,2.35738698131603));
#4731=CARTESIAN_POINT('',(15.9161570379013,-3.05713484650597,2.35941430652779));
#4732=CARTESIAN_POINT('',(15.768090871099,-3.04731769350888,2.20844739011088));
#4733=CARTESIAN_POINT('',(15.7680911837836,-3.03746521519244,2.35844707724458));
#4734=CARTESIAN_POINT('',(15.9180908709169,-3.04731769350888,2.35844738992908));
#4735=CARTESIAN_POINT('',(15.768090871099,-3.03750011800011,2.20844738992908));
#4736=CARTESIAN_POINT('',(15.768090871099,-3.03750011800011,2.35844738992886));
#4737=CARTESIAN_POINT('',(15.9180908710988,-3.03750011800011,2.35844738992908));
#4738=CARTESIAN_POINT('',(16.177909361099,-3.0375001180001,3.43650701444305));
#4739=CARTESIAN_POINT('',(16.327909361099,-3.06601600135309,3.44022488370122));
#4740=CARTESIAN_POINT('',(16.327909361099,-0.767500118000108,3.14054693101925));
#4741=CARTESIAN_POINT('',(16.177909361099,-0.767500118000107,3.14054693101925));
#4742=CARTESIAN_POINT('',(16.177909361099,-3.06601600135309,3.44022488370122));
#4743=CARTESIAN_POINT('',(16.177909361099,-3.0375001180001,3.43650701444304));
#4744=CARTESIAN_POINT('',(16.177909361099,-3.0375001180001,3.43650701444305));
#4745=CARTESIAN_POINT('',(16.177909361099,-0.767500118000108,3.14054693101926));
#4746=CARTESIAN_POINT('',(14.8328088505621,-0.767500118000115,3.8030926079472));
#4747=CARTESIAN_POINT('',(15.1485022056406,-0.767500118000113,3.64759399204182));
#4748=CARTESIAN_POINT('',(12.5299999978301,-3.03750011800013,-9.49366177184643));
#4749=CARTESIAN_POINT('',(12.5299999978779,-3.03750011800012,-0.0815526100692299));
#4750=CARTESIAN_POINT('',(12.5299999978779,-3.03750011800012,3.8030926079472));
#4751=CARTESIAN_POINT('',(12.5299999978779,-1.90250011798747,3.8030926079472));
#4752=CARTESIAN_POINT('',(12.5299999978779,-0.767500118000127,3.8030926079472));
#4753=CARTESIAN_POINT('',(12.5299999979258,-0.767500118000142,-9.49366177184644));
#4754=CARTESIAN_POINT('',(12.5299999978779,-0.767500118000132,-0.0815526100692299));
#4755=CARTESIAN_POINT('',(12.5299999978779,-1.90250011798747,-0.0815526100692299));
#4756=CARTESIAN_POINT('',(12.5299999978779,-1.90250011798747,1.86076999893899));
#4757=CARTESIAN_POINT('',(11.79386716979,-3.03750011800012,3.9530926079472));
#4758=CARTESIAN_POINT('',(12.6799999978301,-3.03750011800012,3.9530926079472));
#4759=CARTESIAN_POINT('',(15.4336671357716,-3.0375001180001,3.9530926079472));
#4760=CARTESIAN_POINT('',(15.2324518356659,-2.2773229805896,3.9530926079472));
#4761=CARTESIAN_POINT('',(14.8328088505621,-0.767500118000115,3.9530926079472));
#4762=CARTESIAN_POINT('',(11.79386716979,-0.767500118000132,3.9530926079472));
#4763=CARTESIAN_POINT('',(12.6799999979258,-0.767500118000127,3.9530926079472));
#4764=CARTESIAN_POINT('',(12.6799999978779,-1.90250011798747,3.9530926079472));
#4765=CARTESIAN_POINT('',(11.79386716979,-3.1875001109358,3.9530926079472));
#4766=CARTESIAN_POINT('',(12.6799999977822,-3.03750011800012,3.8030926079472));
#4767=CARTESIAN_POINT('',(12.6799999977822,-3.03750011800012,-0.0815526100692299));
#4768=CARTESIAN_POINT('',(12.6799999977822,-3.03750011800013,-9.49366177184643));
#4769=CARTESIAN_POINT('',(12.6799999979737,-0.767500118000127,3.8030926079472));
#4770=CARTESIAN_POINT('',(12.6799999979737,-0.767500118000132,-0.0815526100692299));
#4771=CARTESIAN_POINT('',(12.6799999979737,-0.767500118000142,-9.49366177184644));
#4772=CARTESIAN_POINT('',(12.6799999978779,-0.767500118000131,-0.08155261006923));
#4773=CARTESIAN_POINT('',(12.6799999979737,-0.767500118000132,-0.0815526100692299));
#4774=CARTESIAN_POINT('',(12.6799999978779,-3.03750011800012,-0.08155261006923));
#4775=CARTESIAN_POINT('',(12.6799999978779,8.3524737550005,-0.08155261006923));
#4776=CARTESIAN_POINT('',(12.6799999978301,-3.03750011800012,-0.0815526100692299));
#4777=CARTESIAN_POINT('',(12.6799999978779,-0.767500118000127,3.8030926079472));
#4778=CARTESIAN_POINT('',(12.6799999978779,-3.03750011800012,3.8030926079472));
#4779=CARTESIAN_POINT('',(12.6799999978779,-1.90250011798747,3.8030926079472));
#4780=CARTESIAN_POINT('',(12.6799999979258,-0.767500118000127,3.8030926079472));
#4781=CARTESIAN_POINT('',(12.6799999979258,-0.767500118000127,3.8030926079472));
#4782=CARTESIAN_POINT('',(12.6799999978301,-3.03750011800012,3.8030926079472));
#4783=CARTESIAN_POINT('',(12.6799999978301,-3.03750011800012,3.8030926079472));
#4784=CARTESIAN_POINT('',(14.8328088505621,-0.767500118000115,3.8030926079472));
#4785=CARTESIAN_POINT('',(11.79386716979,-0.767500118000132,3.8030926079472));
#4786=CARTESIAN_POINT('',(15.4336671357716,-3.0375001180001,3.8030926079472));
#4787=CARTESIAN_POINT('',(19.2429192246338,-3.03750011800008,1.92679898971268));
#4788=CARTESIAN_POINT('',(15.4336671357716,-3.0375001180001,3.8030926079472));
#4789=CARTESIAN_POINT('',(18.88,-3.03750011800008,3.8030926079472));
#4790=CARTESIAN_POINT('',(14.8328088505621,-0.767500118000117,3.8030926079472));
#4791=CARTESIAN_POINT('',(14.8328088505621,-0.767500118000115,3.8030926079472));
#4792=CARTESIAN_POINT('',(15.4336671357716,-3.0375001180001,3.8030926079472));
#4793=CARTESIAN_POINT('',(15.4336671357716,-3.0375001180001,3.8030926079472));
#4794=CARTESIAN_POINT('',(15.5031496337021,-3.30000006879531,3.8030926079472));
#4795=CARTESIAN_POINT('',(15.7613069574377,-3.03750011800011,1.93671871938562));
#4796=CARTESIAN_POINT('',(15.7613069574377,-0.767500118000112,1.93671871938562));
#4797=CARTESIAN_POINT('',(15.7613069574377,-3.03750011800011,1.93671871938562));
#4798=CARTESIAN_POINT('',(15.1327830501537,-3.03750011800011,-0.0815526100692305));
#4799=CARTESIAN_POINT('',(15.1188938798469,-3.03750011800012,-0.126152527264608));
#4800=CARTESIAN_POINT('',(15.1188938798469,-7.11250011831938,-0.126152527264608));
#4801=CARTESIAN_POINT('',(15.1188938798469,-0.767500118000118,-0.126152527264608));
#4802=CARTESIAN_POINT('',(15.618090871099,-0.767500118000114,1.476833395018));
#4803=CARTESIAN_POINT('',(15.4634566901001,-7.11250011831938,0.980283096060489));
#4804=CARTESIAN_POINT('',(16.177909361099,-0.767500118000109,2.50844738992946));
#4805=CARTESIAN_POINT('',(16.327909361099,-0.767500118000109,2.50844738992946));
#4806=CARTESIAN_POINT('',(16.327909361099,-0.767500118000109,2.50844738992946));
#4807=CARTESIAN_POINT('',(16.177909361099,-3.0375001180001,2.50844738992946));
#4808=CARTESIAN_POINT('',(16.1779093610992,-3.0375001180001,2.35844738992946));
#4809=CARTESIAN_POINT('',(16.177909361099,-3.25751318204175,2.50844738992946));
#4810=CARTESIAN_POINT('',(16.177909361099,-0.767500118000108,3.14054693101925));
#4811=CARTESIAN_POINT('',(16.327909361099,-0.767500118000109,2.5084473899308));
#4812=CARTESIAN_POINT('',(16.177909361099,-0.767500118000109,2.50844738992946));
#4813=CARTESIAN_POINT('',(16.177909361099,-0.76750011800011,1.190000228));
#4814=CARTESIAN_POINT('',(16.177909361099,-3.0375001180001,2.50844738992946));
#4815=CARTESIAN_POINT('',(16.177909361099,-0.767500118000109,2.50844738992946));
#4816=CARTESIAN_POINT('',(13.5559790201341,-3.25751318204175,2.3584473899256));
#4817=CARTESIAN_POINT('',(16.327909361099,-3.1875001180001,2.5084473899308));
#4818=CARTESIAN_POINT('',(16.177909361099,-0.767500118000108,3.14054693101925));
#4819=CARTESIAN_POINT('',(14.9756777935083,-0.767500118000119,-0.08155261006923));
#4820=CARTESIAN_POINT('',(14.9756777935083,-0.767500118000119,-0.0815526100692301));
#4821=CARTESIAN_POINT('',(14.9756777935083,-0.767500118000119,-0.08155261006923));
#4822=CARTESIAN_POINT('',(15.618090871099,-0.767500118000112,1.981318636581));
#4823=CARTESIAN_POINT('',(15.681821876239,-0.767500118000112,2.18596711372054));
#4824=CARTESIAN_POINT('',(14.9756777935083,-3.03750011800011,-0.08155261006923));
#4825=CARTESIAN_POINT('',(14.9756777935083,8.3524737550005,-0.08155261006923));
#4826=CARTESIAN_POINT('',(15.618090871099,-0.767500118000112,1.981318636581));
#4827=CARTESIAN_POINT('',(15.618090871099,-0.767500118000112,1.981318636581));
#4828=CARTESIAN_POINT('',(14.9756777935083,-3.03750011800012,-0.08155261006923));
#4829=CARTESIAN_POINT('',(14.9756777935083,-3.03750011800012,-0.08155261006923));
#4830=CARTESIAN_POINT('',(15.618090871099,-3.03750011800011,1.981318636581));
#4831=CARTESIAN_POINT('',(15.618090871099,-3.1875001180001,1.981318636581));
#4832=CARTESIAN_POINT('',(15.618090871099,-3.03750011800011,1.981318636581));
#4833=CARTESIAN_POINT('',(15.681821876239,-3.03750011800011,2.18596711372054));
#4834=CARTESIAN_POINT('',(15.618090871099,-3.03750011800011,1.981318636581));
#4835=CARTESIAN_POINT('',(13.5559790205114,1.21474086885629,2.3584473899256));
#4836=CARTESIAN_POINT('',(12.6799999981412,1.21474086893019,2.35844738992431));
#4837=CARTESIAN_POINT('',(16.1779093610992,1.21474086863508,2.35844738992946));
#4838=CARTESIAN_POINT('',(16.1779093610992,-0.467500118000109,2.35844738992946));
#4839=CARTESIAN_POINT('',(16.1779093610992,-0.467500118073892,2.35844738992946));
#4840=CARTESIAN_POINT('',(13.5559790203694,-0.467500117926468,2.3584473899256));
#4841=CARTESIAN_POINT('',(15.9180908710988,-0.467500118125754,2.35844738992908));
#4842=CARTESIAN_POINT('',(15.9180908710988,-3.25751318204175,2.35844738992908));
#4843=CARTESIAN_POINT('',(15.9180908710988,0.749999998682314,2.35844738992908));
#4844=CARTESIAN_POINT('',(15.6180908710988,0.749999998682314,2.35844738992864));
#4845=CARTESIAN_POINT('',(15.6180908711241,1.04999999868231,2.35844738992864));
#4846=CARTESIAN_POINT('',(12.679999998127,1.04999999893019,2.35844738992431));
#4847=CARTESIAN_POINT('',(12.6799999980702,1.04999999893019,2.35844738992431));
#4848=CARTESIAN_POINT('',(12.6799999980702,-3.25751318204175,2.35844738992431));
#4849=CARTESIAN_POINT('',(13.5559790201341,-3.25751318204175,2.3584473899256));
#4850=CARTESIAN_POINT('',(16.1779093611116,1.36474086863508,2.35844738992968));
#4851=CARTESIAN_POINT('',(16.1779093611117,1.36474086863508,3.5123034182498));
#4852=CARTESIAN_POINT('',(16.1779093611117,1.36474086863508,2.50844738992946));
#4853=CARTESIAN_POINT('',(9.24073932344636,1.36474086922036,2.50844738991924));
#4854=CARTESIAN_POINT('',(12.6799999981536,1.36474086893019,2.50844738992431));
#4855=CARTESIAN_POINT('',(12.6799999981536,1.36474086893019,-13.1264617718451));
#4856=CARTESIAN_POINT('',(12.6799999981181,1.36474086893019,3.8810487151528));
#4857=CARTESIAN_POINT('',(14.8510783502394,1.36474086874702,3.8810487151528));
#4858=CARTESIAN_POINT('',(14.7651234298124,1.36474086875428,3.8810487151528));
#4859=CARTESIAN_POINT('',(16.1357733721148,1.36474086863864,3.52330115501141));
#4860=CARTESIAN_POINT('',(9.24073932346939,1.36474086922036,-13.1264617718451));
#4861=CARTESIAN_POINT('',(13.5559790203566,-0.617500117926468,2.5084473899256));
#4862=CARTESIAN_POINT('',(15.6180908710863,-0.617500118100444,2.50844738992864));
#4863=CARTESIAN_POINT('',(16.1779093610863,-0.617500118147675,2.50844738992946));
#4864=CARTESIAN_POINT('',(16.1779093610863,-0.617500118073892,2.50844738993079));
#4865=CARTESIAN_POINT('',(16.1779093610863,-0.617500118147675,3.3269122045415));
#4866=CARTESIAN_POINT('',(14.8892419757008,-0.617500118038953,3.66326184328205));
#4867=CARTESIAN_POINT('',(14.054828001652,-0.617500117968555,3.8810487151528));
#4868=CARTESIAN_POINT('',(14.428954679549,-0.617500118000119,3.8810487151528));
#4869=CARTESIAN_POINT('',(12.6799999980218,-0.617500117852564,3.8810487151528));
#4870=CARTESIAN_POINT('',(12.6799999979863,-0.617500117926347,1.190000228));
#4871=CARTESIAN_POINT('',(12.6799999980218,-0.617500117852564,-0.0815526100692299));
#4872=CARTESIAN_POINT('',(22.0680908697902,-0.617500118644617,-0.08155261006923));
#4873=CARTESIAN_POINT('',(15.1327830501537,-0.6175001180595,-0.0815526100692299));
#4874=CARTESIAN_POINT('',(15.4634566901486,-0.617500118087398,0.980283096216049));
#4875=CARTESIAN_POINT('',(15.618090871099,-0.617500118000113,1.476833395018));
#4876=CARTESIAN_POINT('',(15.6180908710863,-0.617500118050278,2.50844738993079));
#4877=CARTESIAN_POINT('',(14.428954679549,-0.617500118000119,1.89974805254179));
#4878=CARTESIAN_POINT('',(22.0680908699056,0.749999998138142,-0.23155261006923));
#4879=CARTESIAN_POINT('',(12.6799999981017,0.749999998930195,-0.23155261006923));
#4880=CARTESIAN_POINT('',(15.0860705072381,0.7499999987272,-0.23155261006923));
#4881=CARTESIAN_POINT('',(15.0860705072381,8.3524737550005,-0.23155261006923));
#4882=CARTESIAN_POINT('',(15.0860705072381,-0.467500118055559,-0.23155261006923));
#4883=CARTESIAN_POINT('',(22.0680908698029,-0.467500118644618,-0.23155261006923));
#4884=CARTESIAN_POINT('',(12.6799999980345,-0.467500118000131,-0.23155261006923));
#4885=CARTESIAN_POINT('',(12.67999999807,8.3524737550005,-0.23155261006923));
#4886=CARTESIAN_POINT('',(22.068090870547,8.3524737550005,-0.23155261006923));
#4887=CARTESIAN_POINT('',(15.6180908711117,0.899999998682314,0.368447389930769));
#4888=CARTESIAN_POINT('',(15.6180908711116,0.899999998682314,2.20844738992875));
#4889=CARTESIAN_POINT('',(15.6180908711117,0.899999998682314,1.47683339505864));
#4890=CARTESIAN_POINT('',(10.9086247922946,0.899999999079642,-13.6458695821299));
#4891=CARTESIAN_POINT('',(15.1327830501537,0.899999998723259,-0.08155261006923));
#4892=CARTESIAN_POINT('',(9.24073932343018,0.899999999220358,-0.08155261006923));
#4893=CARTESIAN_POINT('',(12.6799999981144,0.899999998930194,-0.0815526100692299));
#4894=CARTESIAN_POINT('',(12.6799999981144,0.899999998930195,-13.1264617718451));
#4895=CARTESIAN_POINT('',(12.6799999981144,0.899999998930194,2.20844738992431));
#4896=CARTESIAN_POINT('',(15.6180908711119,0.899999998682314,2.20844738992864));
#4897=CARTESIAN_POINT('',(9.24073932343018,0.899999999220358,-13.1264617718451));
#4898=CARTESIAN_POINT('',(15.768090871099,-3.1875001180001,1.95850274109981));
#4899=CARTESIAN_POINT('',(15.768090871099,-0.467500118000113,1.95850274109981));
#4900=CARTESIAN_POINT('',(15.768090871099,0.749999998682315,1.95850274109981));
#4901=CARTESIAN_POINT('',(15.768090871099,0.749999998682314,2.35844738992886));
#4902=CARTESIAN_POINT('',(15.768090871099,0.749999998682314,2.20844738992908));
#4903=CARTESIAN_POINT('',(15.768090871099,-3.1875001180001,2.20844738992908));
#4904=CARTESIAN_POINT('',(15.768090871099,-0.467500118000112,2.20844738992908));
#4905=CARTESIAN_POINT('',(15.768090871099,-0.467500118000112,2.50844738993079));
#4906=CARTESIAN_POINT('',(15.768090871099,-3.1875001180001,2.5084473899308));
#4907=CARTESIAN_POINT('',(15.618090871099,0.749999998682314,1.476833395018));
#4908=CARTESIAN_POINT('',(15.618090871099,0.749999998682314,2.20844738992886));
#4909=CARTESIAN_POINT('',(15.618090871099,0.749999998682315,-13.1264617718451));
#4910=CARTESIAN_POINT('',(15.618090871099,-0.467500118000113,1.476833395018));
#4911=CARTESIAN_POINT('',(15.618090871099,-0.467500118050278,2.50844738992864));
#4912=CARTESIAN_POINT('',(15.618090871099,-0.467500118000112,2.50844738993079));
#4913=CARTESIAN_POINT('',(16.177909361099,-0.467500118000109,2.50844738992946));
#4914=CARTESIAN_POINT('',(16.327909361099,-0.467500118073892,2.50844738992946));
#4915=CARTESIAN_POINT('',(16.327909361099,-0.467500118000109,2.50844738993079));
#4916=CARTESIAN_POINT('',(16.327909361099,-0.467500118000109,3.3269122045415));
#4917=CARTESIAN_POINT('',(16.177909361099,-0.467500118000108,3.3269122045415));
#4918=CARTESIAN_POINT('',(16.177909361099,-0.467500118000109,2.50844738993079));
#4919=CARTESIAN_POINT('',(16.177909361099,1.21474086863508,3.5123034182498));
#4920=CARTESIAN_POINT('',(16.327909361099,1.21474086863508,3.5123034182498));
#4921=CARTESIAN_POINT('',(16.327909361099,1.21474086863508,3.64558728217111));
#4922=CARTESIAN_POINT('',(16.327909361099,1.21474086863508,2.50844738992946));
#4923=CARTESIAN_POINT('',(16.177909361099,1.21474086863508,2.50844738992946));
#4924=CARTESIAN_POINT('',(16.177909361099,1.21474086863508,-13.1264617718451));
#4925=CARTESIAN_POINT('',(15.618090871099,-0.467500118050278,2.50844738992864));
#4926=CARTESIAN_POINT('',(16.177909361099,-0.467500118147675,2.50844738992946));
#4927=CARTESIAN_POINT('',(13.5559790203692,-0.467500117926468,2.5084473899256));
#4928=CARTESIAN_POINT('',(16.177909361099,1.21474086863508,2.50844738992946));
#4929=CARTESIAN_POINT('',(12.6799999981409,1.21474086893019,2.50844738992431));
#4930=CARTESIAN_POINT('',(13.5559790205112,1.21474086885629,2.5084473899256));
#4931=CARTESIAN_POINT('',(15.1327830501537,0.749999998723259,-0.08155261006923));
#4932=CARTESIAN_POINT('',(12.6799999981017,0.749999998930195,-0.08155261006923));
#4933=CARTESIAN_POINT('',(9.24073932341752,0.749999999220358,-0.08155261006923));
#4934=CARTESIAN_POINT('',(15.1327830501537,-0.4675001180595,-0.08155261006923));
#4935=CARTESIAN_POINT('',(12.6799999980345,-0.467500117852564,-0.08155261006923));
#4936=CARTESIAN_POINT('',(22.0680908698029,-0.467500118644618,-0.08155261006923));
#4937=CARTESIAN_POINT('',(15.918090871099,0.749999998682314,2.20844738992908));
#4938=CARTESIAN_POINT('',(15.6180908711243,1.04999999868231,2.20844738992864));
#4939=CARTESIAN_POINT('',(15.618090871099,0.749999998682314,2.20844738992864));
#4940=CARTESIAN_POINT('',(15.918090871099,-0.467500118075588,2.20844738992908));
#4941=CARTESIAN_POINT('',(15.918090871099,-3.25751318204175,2.20844738992908));
#4942=CARTESIAN_POINT('',(15.9180908710988,-0.46750011803785,2.35844738992908));
#4943=CARTESIAN_POINT('',(15.768090871099,-0.467500118062933,2.35844738992886));
#4944=CARTESIAN_POINT('',(15.768090871099,-0.467500117975029,2.20844738992908));
#4945=CARTESIAN_POINT('',(15.9180908709242,-0.477317693549714,2.35844738992333));
#4946=CARTESIAN_POINT('',(15.7680911835835,-0.467465214475824,2.35844707769505));
#4947=CARTESIAN_POINT('',(15.7680908711006,-0.477317693485942,2.20844739010266));
#4948=CARTESIAN_POINT('',(15.9161570379151,-0.487134846548237,2.35941430652652));
#4949=CARTESIAN_POINT('',(15.7691512797076,-0.467554199402893,2.35738698132671));
#4950=CARTESIAN_POINT('',(15.7671239545128,-0.487134846487411,2.21038122311108));
#4951=CARTESIAN_POINT('',(15.9084958725624,-0.506392486147238,2.3632448891988));
#4952=CARTESIAN_POINT('',(15.7720195225015,-0.471687931827738,2.354518738538));
#4953=CARTESIAN_POINT('',(15.7632933718323,-0.506392486086726,2.21804238846222));
#4954=CARTESIAN_POINT('',(15.9027686903667,-0.51583248145391,2.36610848030356));
#4955=CARTESIAN_POINT('',(15.7737192632138,-0.475674594603738,2.35281899782739));
#4956=CARTESIAN_POINT('',(15.7604297807414,-0.515832481399079,2.22376957065704));
#4957=CARTESIAN_POINT('',(15.8877407714001,-0.5339727843587,2.37362243978282));
#4958=CARTESIAN_POINT('',(15.7750051791809,-0.488399103523183,2.35153308186204));
#4959=CARTESIAN_POINT('',(15.7529158212541,-0.533972784304509,2.23879748962215));
#4960=CARTESIAN_POINT('',(15.8784403354053,-0.542672730727156,2.37827265778583));
#4961=CARTESIAN_POINT('',(15.7746201295034,-0.496845381998431,2.35191813153957));
#4962=CARTESIAN_POINT('',(15.7482656032623,-0.54267273068149,2.24809792561619));
#4963=CARTESIAN_POINT('',(15.8566231742471,-0.558998575290759,2.38918123836096));
#4964=CARTESIAN_POINT('',(15.7699433164622,-0.51632639140263,2.35659494457931));
#4965=CARTESIAN_POINT('',(15.7373570226792,-0.558998575246017,2.26991508677304));
#4966=CARTESIAN_POINT('',(15.8441068975327,-0.566624139213855,2.39543937672206));
#4967=CARTESIAN_POINT('',(15.7658205127625,-0.527171349253951,2.36071774827781));
#4968=CARTESIAN_POINT('',(15.7310988843259,-0.566624139179227,2.28243136348679));
#4969=CARTESIAN_POINT('',(15.8163389134479,-0.580508131259122,2.40932336876053));
#4970=CARTESIAN_POINT('',(15.7534733148071,-0.548778842790893,2.37306494622984));
#4971=CARTESIAN_POINT('',(15.7172148922796,-0.580508131225686,2.31019934757034));
#4972=CARTESIAN_POINT('',(15.8010877908218,-0.586766267866783,2.4169489300756));
#4973=CARTESIAN_POINT('',(15.7454053330738,-0.559551275829201,2.38113292796127));
#4974=CARTESIAN_POINT('',(15.7095893309687,-0.586766267843574,2.32545047019583));
#4975=CARTESIAN_POINT('',(15.768436091245,-0.597674851941968,2.43327477986028));
#4976=CARTESIAN_POINT('',(15.7259231063475,-0.579020564760568,2.40061515468335));
#4977=CARTESIAN_POINT('',(15.6932634811765,-0.597674851920147,2.35810216977182));
#4978=CARTESIAN_POINT('',(15.7510362149073,-0.602325065875659,2.44197471802945));
#4979=CARTESIAN_POINT('',(15.7145583603523,-0.587848282507127,2.4119799006765));
#4980=CARTESIAN_POINT('',(15.684563543008,-0.602325065862699,2.37550204610904));
#4981=CARTESIAN_POINT('',(15.6966152726627,-0.613596012051643,2.46918518914631));
#4982=CARTESIAN_POINT('',(15.6775873725101,-0.609169738438854,2.44895088851217));
#4983=CARTESIAN_POINT('',(15.6573530718803,-0.613596012040994,2.4299229883527));
#4984=CARTESIAN_POINT('',(15.6573678323002,-0.617500118053592,2.48880890932501));
#4985=CARTESIAN_POINT('',(15.6475464778022,-0.617546402419432,2.47899178321568));
#4986=CARTESIAN_POINT('',(15.6377293516968,-0.617500118051935,2.46917042871415));
#4987=CARTESIAN_POINT('',(15.6180908710863,-0.617500118050278,2.50844738992864));
#4988=CARTESIAN_POINT('',(15.6180908710863,-0.617500118050278,2.50844738992864));
#4989=CARTESIAN_POINT('',(15.6180908710863,-0.617500118050278,2.50844738992864));
#4990=CARTESIAN_POINT('',(16.177909361099,-0.467500118000109,3.3269122045415));
#4991=CARTESIAN_POINT('',(16.2155776074904,-0.48340484473598,3.47123179046542));
#4992=CARTESIAN_POINT('',(16.327909361099,-3.24397829220764,3.02093068189384));
#4993=CARTESIAN_POINT('',(16.177909361099,1.21474086863508,3.5123034182498));
#4994=CARTESIAN_POINT('',(16.2155776074904,1.19883614189921,3.65662300417372));
#4995=CARTESIAN_POINT('',(16.2155776074904,-0.785441816041533,3.43794583373272));
#4996=CARTESIAN_POINT('',(16.177909361099,-3.24397829220764,3.02093068189384));
#4997=CARTESIAN_POINT('',(16.177909361099,1.21474086863508,3.5123034182498));
#4998=CARTESIAN_POINT('',(16.177909361099,1.21474086863508,3.5123034182498));
#4999=CARTESIAN_POINT('',(16.177909361095,-0.467500118147675,3.32691220452627));
#5000=CARTESIAN_POINT('',(16.177909361099,-0.467500118000109,3.3269122045415));
#5001=CARTESIAN_POINT('',(12.5299999980345,-0.46750011800013,1.190000228));
#5002=CARTESIAN_POINT('',(12.52999999807,-0.467500118000131,-0.0815526100692299));
#5003=CARTESIAN_POINT('',(12.52999999807,-0.467500118000127,3.8810487151528));
#5004=CARTESIAN_POINT('',(12.52999999807,0.373620375477687,3.8810487151528));
#5005=CARTESIAN_POINT('',(12.52999999807,1.21474086893019,3.8810487151528));
#5006=CARTESIAN_POINT('',(12.5299999981055,1.21474086893019,-9.49366177184644));
#5007=CARTESIAN_POINT('',(12.52999999807,1.21474086893019,2.50844738992431));
#5008=CARTESIAN_POINT('',(12.52999999807,0.373620375477687,2.50844738992431));
#5009=CARTESIAN_POINT('',(12.5299999981017,0.749999998930195,2.50844738992431));
#5010=CARTESIAN_POINT('',(12.5299999980858,0.749999998930195,-9.49366177184644));
#5011=CARTESIAN_POINT('',(12.52999999807,0.749999998930195,-0.0815526100692299));
#5012=CARTESIAN_POINT('',(12.52999999807,0.373620375477687,-0.0815526100692301));
#5013=CARTESIAN_POINT('',(12.52999999807,0.373620375477687,1.89974805254179));
#5014=CARTESIAN_POINT('',(11.2938671694497,-0.467500117735619,4.0310487151528));
#5015=CARTESIAN_POINT('',(12.6799999980345,-0.467500118000127,4.0310487151528));
#5016=CARTESIAN_POINT('',(14.0548280016646,-0.467500117968555,4.0310487151528));
#5017=CARTESIAN_POINT('',(13.5833289505449,-1.58418339872264,4.0310487151528));
#5018=CARTESIAN_POINT('',(14.7651234297998,1.21474086875428,4.0310487151528));
#5019=CARTESIAN_POINT('',(12.6799999981409,1.21474086893019,4.0310487151528));
#5020=CARTESIAN_POINT('',(12.6799999981055,1.21474086893019,4.0310487151528));
#5021=CARTESIAN_POINT('',(12.67999999807,0.373620375477687,4.0310487151528));
#5022=CARTESIAN_POINT('',(11.293867169437,-0.61750011800013,4.0310487151528));
#5023=CARTESIAN_POINT('',(14.8466106076214,1.19883614201471,4.0139313066091));
#5024=CARTESIAN_POINT('',(14.8027916761912,1.19883614201841,4.02536830107672));
#5025=CARTESIAN_POINT('',(13.9940061862702,-0.71666555870915,4.02536830107672));
#5026=CARTESIAN_POINT('',(14.0924962480561,-0.483404844704426,4.02536830107672));
#5027=CARTESIAN_POINT('',(14.2963284663929,-0.483404844721623,3.97216691351766));
#5028=CARTESIAN_POINT('',(14.2867185651805,-0.840257996498702,3.93534818442304));
#5029=CARTESIAN_POINT('',(12.679999997999,-0.467500118000127,3.8810487151528));
#5030=CARTESIAN_POINT('',(12.679999997999,-0.467500118000131,-0.0815526100692299));
#5031=CARTESIAN_POINT('',(12.679999997999,-0.46750011800013,1.190000228));
#5032=CARTESIAN_POINT('',(12.6799999980858,0.749999998930195,2.50844738992431));
#5033=CARTESIAN_POINT('',(12.6799999981017,0.749999998930195,-0.0815526100692299));
#5034=CARTESIAN_POINT('',(12.6799999981017,0.749999998930195,-9.49366177184644));
#5035=CARTESIAN_POINT('',(12.6799999981409,1.21474086893019,3.8810487151528));
#5036=CARTESIAN_POINT('',(12.6799999981409,1.21474086893019,2.50844738992431));
#5037=CARTESIAN_POINT('',(12.6799999981409,1.21474086893019,-9.49366177184644));
#5038=CARTESIAN_POINT('',(12.67999999807,1.21474086893019,2.50844738992431));
#5039=CARTESIAN_POINT('',(12.6799999981409,1.21474086893019,2.50844738992431));
#5040=CARTESIAN_POINT('',(12.6799999980858,0.749999998930195,2.50844738992431));
#5041=CARTESIAN_POINT('',(12.67999999807,-3.25751318204175,2.50844738992431));
#5042=CARTESIAN_POINT('',(12.67999999807,0.749999998930195,-0.08155261006923));
#5043=CARTESIAN_POINT('',(12.6799999981017,0.749999998930195,-0.0815526100692299));
#5044=CARTESIAN_POINT('',(12.67999999807,-0.467500118000131,-0.08155261006923));
#5045=CARTESIAN_POINT('',(12.67999999807,8.3524737550005,-0.08155261006923));
#5046=CARTESIAN_POINT('',(12.6799999980345,-0.467500118000131,-0.0815526100692299));
#5047=CARTESIAN_POINT('',(12.6799999981112,1.04999999893019,2.20844738992431));
#5048=CARTESIAN_POINT('',(12.6799999981223,0.899999998930195,2.20844738992431));
#5049=CARTESIAN_POINT('',(12.6799999980858,0.899999998930195,2.35844738992431));
#5050=CARTESIAN_POINT('',(12.6799999981064,1.04999999893019,2.35844738992431));
#5051=CARTESIAN_POINT('',(12.6701824226125,0.899999998931543,2.20844739010238));
#5052=CARTESIAN_POINT('',(12.6800349012454,0.900000311509438,2.35844707742835));
#5053=CARTESIAN_POINT('',(12.6701824225963,1.04999999875212,2.35844738992192));
#5054=CARTESIAN_POINT('',(12.6603652696136,0.899033082337023,2.21038122311473));
#5055=CARTESIAN_POINT('',(12.6799459167433,0.901060407540665,2.3573869813159));
#5056=CARTESIAN_POINT('',(12.6603652695983,1.04806616573977,2.35941430652156));
#5057=CARTESIAN_POINT('',(12.6411076300175,0.895202499657114,2.21804238847247));
#5058=CARTESIAN_POINT('',(12.6758121843117,0.903928650333632,2.35451873852464));
#5059=CARTESIAN_POINT('',(12.6411076300022,1.04040500038204,2.36324488919939));
#5060=CARTESIAN_POINT('',(12.6316676347087,0.892338908560694,2.22376957066996));
#5061=CARTESIAN_POINT('',(12.6718255215318,0.90562839104457,2.35281899781437));
#5062=CARTESIAN_POINT('',(12.6316676346951,1.03467781818454,2.36610848030046));
#5063=CARTESIAN_POINT('',(12.6135273318066,0.884824949075072,2.23879748963913));
#5064=CARTESIAN_POINT('',(12.6591010126069,0.906914307007982,2.35153308185186));
#5065=CARTESIAN_POINT('',(12.613527331793,1.01964989921538,2.37362243978401));
#5066=CARTESIAN_POINT('',(12.604827385434,0.880174731079265,2.24809792563455));
#5067=CARTESIAN_POINT('',(12.6506547341299,0.906529257328373,2.35191813153169));
#5068=CARTESIAN_POINT('',(12.604827385423,1.01034946321996,2.37827265778362));
#5069=CARTESIAN_POINT('',(12.5885015408725,0.869266150499036,2.26991508679291));
#5070=CARTESIAN_POINT('',(12.6311737247249,0.901852444284199,2.35659494457595));
#5071=CARTESIAN_POINT('',(12.5885015408615,0.98853230206159,2.38918123836175));
#5072=CARTESIAN_POINT('',(12.5808759769439,0.863008012143429,2.28243136350681));
#5073=CARTESIAN_POINT('',(12.6203287668742,0.897729640583383,2.36071774827666));
#5074=CARTESIAN_POINT('',(12.580875976936,0.976016025347695,2.39543937672004));
#5075=CARTESIAN_POINT('',(12.5669919848999,0.849124020101037,2.31019934758953));
#5076=CARTESIAN_POINT('',(12.5987212733394,0.885382442627666,2.37306494623189));
#5077=CARTESIAN_POINT('',(12.566991984892,0.948248041264975,2.40932336876037));
#5078=CARTESIAN_POINT('',(12.5607338482863,0.841498458789497,2.32545047021406));
#5079=CARTESIAN_POINT('',(12.5879488403026,0.877314460894855,2.38113292796438));
#5080=CARTESIAN_POINT('',(12.5607338482814,0.932996918640442,2.41694893007337));
#5081=CARTESIAN_POINT('',(12.5498252642114,0.825172609001897,2.35810216978722));
#5082=CARTESIAN_POINT('',(12.5684795513741,0.857832234171124,2.40061515468733));
#5083=CARTESIAN_POINT('',(12.5498252642065,0.900345219067293,2.43327477985891));
#5084=CARTESIAN_POINT('',(12.5451750502722,0.816472670834401,2.37550204612256));
#5085=CARTESIAN_POINT('',(12.5596518336289,0.8464674881777,2.41197990068029));
#5086=CARTESIAN_POINT('',(12.5451750502699,0.882945342731939,2.44197471802675));
#5087=CARTESIAN_POINT('',(12.5339041040948,0.78926219971426,2.42992298835968));
#5088=CARTESIAN_POINT('',(12.5383303776997,0.809496500342361,2.44895088851429));
#5089=CARTESIAN_POINT('',(12.5339041040925,0.828524400494829,2.46918518914378));
#5090=CARTESIAN_POINT('',(12.5299999980858,0.769638479535522,2.46917042871571));
#5091=CARTESIAN_POINT('',(12.5299537137192,0.779455605639809,2.47899178321369));
#5092=CARTESIAN_POINT('',(12.5299999980858,0.789276960138612,2.48880890932118));
#5093=CARTESIAN_POINT('',(12.5299999980858,0.749999998930195,2.50844738992431));
#5094=CARTESIAN_POINT('',(12.5299999980858,0.749999998930195,2.50844738992431));
#5095=CARTESIAN_POINT('',(12.5299999980858,0.749999998930195,2.50844738992431));
#5096=CARTESIAN_POINT('',(13.5559790204977,1.04999999885629,2.2084473899256));
#5097=CARTESIAN_POINT('',(12.67999999807,1.21474086893019,3.8810487151528));
#5098=CARTESIAN_POINT('',(12.67999999807,-0.467500118000127,3.8810487151528));
#5099=CARTESIAN_POINT('',(12.67999999807,0.373620375477687,3.8810487151528));
#5100=CARTESIAN_POINT('',(12.6799999981055,1.21474086893019,3.8810487151528));
#5101=CARTESIAN_POINT('',(12.6799999981055,1.21474086893019,3.8810487151528));
#5102=CARTESIAN_POINT('',(12.6799999980345,-0.467500117852564,3.8810487151528));
#5103=CARTESIAN_POINT('',(12.6799999980345,-0.467500118000127,3.8810487151528));
#5104=CARTESIAN_POINT('',(14.7651234297998,1.21474086875428,3.8810487151528));
#5105=CARTESIAN_POINT('',(11.2938671695916,1.21474086904714,3.8810487151528));
#5106=CARTESIAN_POINT('',(14.7651234297998,1.21474086875428,3.8810487151528));
#5107=CARTESIAN_POINT('',(14.3039622430269,1.21474086879318,4.001414451369));
#5108=CARTESIAN_POINT('',(14.0548280016646,-0.467500117968555,3.8810487151528));
#5109=CARTESIAN_POINT('',(14.2586602200015,-0.467500117985752,3.82784732759374));
#5110=CARTESIAN_POINT('',(14.0548280016646,-0.467500117968555,3.8810487151528));
#5111=CARTESIAN_POINT('',(14.4289546795617,-0.467500118000119,3.8810487151528));
#5112=CARTESIAN_POINT('',(14.7651234297998,1.21474086875428,3.8810487151528));
#5113=CARTESIAN_POINT('',(14.7651234297998,1.21474086875428,3.8810487151528));
#5114=CARTESIAN_POINT('',(14.0548280016646,-0.467500117968551,3.8810487151528));
#5115=CARTESIAN_POINT('',(14.0548280016646,-0.467500117968555,3.8810487151528));
#5116=CARTESIAN_POINT('',(13.9563379398787,-0.70076083197328,3.8810487151528));
#5117=CARTESIAN_POINT('',(15.4634566901001,-7.11250011831938,0.980283096060489));
#5118=CARTESIAN_POINT('',(16.177909361099,1.21474086863508,2.50844738992946));
#5119=CARTESIAN_POINT('',(16.327909361099,1.21474086863508,2.50844738992946));
#5120=CARTESIAN_POINT('',(16.177909361099,-0.467500118073892,2.50844738992946));
#5121=CARTESIAN_POINT('',(16.177909361099,-3.25751318204175,2.50844738992946));
#5122=CARTESIAN_POINT('',(16.177909361099,-0.467500118073892,2.50844738992946));
#5123=CARTESIAN_POINT('',(16.177909361099,1.21474086863508,2.50844738992946));
#5124=CARTESIAN_POINT('',(16.327909361099,-3.1875001180001,2.5084473899308));
#5125=CARTESIAN_POINT('',(15.618090871099,-5.75750011800002,1.190000228));
#5126=CARTESIAN_POINT('',(15.618090871099,-5.75750011800002,2.50844738992864));
#5127=CARTESIAN_POINT('',(15.618090871099,-5.75750011800002,1.981318636581));
#5128=CARTESIAN_POINT('',(14.9895669638151,-5.75750011800002,-0.0369526928738516));
#5129=CARTESIAN_POINT('',(14.9756777935083,-5.75750011800003,-0.08155261006923));
#5130=CARTESIAN_POINT('',(12.67999999754,-5.75750011800004,-0.08155261006923));
#5131=CARTESIAN_POINT('',(12.67999999754,-5.75750011800004,-0.0815526100692301));
#5132=CARTESIAN_POINT('',(12.67999999754,-5.75750011800003,5.5955885500848));
#5133=CARTESIAN_POINT('',(12.67999999754,-5.75750011800003,5.50398670398932));
#5134=CARTESIAN_POINT('',(19.4581199561017,-5.75750011799999,4.20376263902717));
#5135=CARTESIAN_POINT('',(16.482851161099,-5.75750011800001,4.77449849360688));
#5136=CARTESIAN_POINT('',(16.482851161099,-5.75750011800001,1.190000228));
#5137=CARTESIAN_POINT('',(16.482851161099,-5.75750011800001,2.50844738992991));
#5138=CARTESIAN_POINT('',(15.6180908710988,-5.75750011800002,2.50844738992864));
#5139=CARTESIAN_POINT('',(18.88,-5.757500118,1.190000228));
#5140=CARTESIAN_POINT('',(16.632851161099,-8.31750011851552,2.35844738993013));
#5141=CARTESIAN_POINT('',(16.632851161099,-8.31750011851552,5.8038620757567));
#5142=CARTESIAN_POINT('',(16.632851161099,-8.31750011851552,2.50844738992991));
#5143=CARTESIAN_POINT('',(16.632851161099,-5.90750011800001,2.50844738992991));
#5144=CARTESIAN_POINT('',(16.632851161099,-5.90750011800001,2.50844738992991));
#5145=CARTESIAN_POINT('',(16.632851161099,-5.90750011800001,2.5084473899308));
#5146=CARTESIAN_POINT('',(16.632851161099,-5.90750011800001,4.77449849360688));
#5147=CARTESIAN_POINT('',(16.632851161099,-3.4527761174478,2.25045667165097));
#5148=CARTESIAN_POINT('',(16.632851161099,-6.90859426327828,5.8038620757567));
#5149=CARTESIAN_POINT('',(16.632851161099,-8.31750011851552,5.8038620757567));
#5150=CARTESIAN_POINT('',(16.632851161099,-3.1875001180001,2.5084473899308));
#5151=CARTESIAN_POINT('',(18.8800000015442,-8.46750011831327,-0.08155261006923));
#5152=CARTESIAN_POINT('',(12.6799999973494,-8.46750011883638,-0.0815526100692298));
#5153=CARTESIAN_POINT('',(14.9756777935209,-8.46750011864269,-0.08155261006923));
#5154=CARTESIAN_POINT('',(17.4135239257502,-8.46750011843699,7.74668573899022));
#5155=CARTESIAN_POINT('',(15.6180908711117,-8.46750011858848,1.981318636581));
#5156=CARTESIAN_POINT('',(15.6180908711117,-8.46750011858848,2.35844738992886));
#5157=CARTESIAN_POINT('',(15.6180908711117,-8.46750011858848,2.50844738992864));
#5158=CARTESIAN_POINT('',(18.8800000015512,-8.46750011831327,2.50844738993344));
#5159=CARTESIAN_POINT('',(16.4828511611116,-8.46750011851552,2.50844738992991));
#5160=CARTESIAN_POINT('',(16.4828511611116,-8.46750011851552,5.9538620757567));
#5161=CARTESIAN_POINT('',(16.4828511611116,-8.46750011851552,5.8038620757567));
#5162=CARTESIAN_POINT('',(18.8800000015442,-8.46750011831326,5.8038620757567));
#5163=CARTESIAN_POINT('',(12.6799999973494,-8.46750011883638,5.8038620757567));
#5164=CARTESIAN_POINT('',(12.6799999973494,-8.46750011883638,7.29000022815485));
#5165=CARTESIAN_POINT('',(18.8800000015442,-8.46750011831326,7.29000022815485));
#5166=CARTESIAN_POINT('',(15.618090871099,-5.90750011800002,-0.23155261006923));
#5167=CARTESIAN_POINT('',(12.67999999754,-5.90750011800004,-0.23155261006923));
#5168=CARTESIAN_POINT('',(14.9756777935083,-5.90750011800002,-0.23155261006923));
#5169=CARTESIAN_POINT('',(14.9756777935083,8.3524737550005,-0.23155261006923));
#5170=CARTESIAN_POINT('',(14.9756777935083,-8.31750011864269,-0.23155261006923));
#5171=CARTESIAN_POINT('',(22.0680908719535,-8.31750011804428,-0.23155261006923));
#5172=CARTESIAN_POINT('',(12.6799999973367,-8.31750011883638,-0.23155261006923));
#5173=CARTESIAN_POINT('',(12.6799999987431,8.35247375579255,-0.23155261006923));
#5174=CARTESIAN_POINT('',(22.068090870547,8.3524737550005,-0.23155261006923));
#5175=CARTESIAN_POINT('',(15.768090871099,-8.31750011858849,0.36844738993077));
#5176=CARTESIAN_POINT('',(15.768090871099,-8.31750011858849,2.20844738992908));
#5177=CARTESIAN_POINT('',(15.768090871099,-8.31750011858849,1.981318636581));
#5178=CARTESIAN_POINT('',(15.768090871099,-5.90750011800002,1.981318636581));
#5179=CARTESIAN_POINT('',(15.768090871099,-5.90750011800002,1.981318636581));
#5180=CARTESIAN_POINT('',(15.768090871099,-5.90750011800002,2.5084473899308));
#5181=CARTESIAN_POINT('',(15.768090871099,-5.90750011800002,2.20844738992908));
#5182=CARTESIAN_POINT('',(15.768090871099,-3.1875001180001,2.20844738992908));
#5183=CARTESIAN_POINT('',(15.768090871099,-3.1875001180001,2.5084473899308));
#5184=CARTESIAN_POINT('',(16.482851161099,-5.90750011800001,2.50844738992991));
#5185=CARTESIAN_POINT('',(16.482851161099,-5.90750011800001,4.77449849360688));
#5186=CARTESIAN_POINT('',(16.482851161099,-5.90750011800001,2.5084473899308));
#5187=CARTESIAN_POINT('',(16.482851161099,-8.31750011851552,2.50844738992991));
#5188=CARTESIAN_POINT('',(16.482851161099,-8.31750011851552,5.8038620757567));
#5189=CARTESIAN_POINT('',(16.482851161099,-8.31750011851552,7.29000022815485));
#5190=CARTESIAN_POINT('',(15.618090871099,-5.90750011800002,1.981318636581));
#5191=CARTESIAN_POINT('',(15.618090871099,-5.90750011800002,2.50844738992864));
#5192=CARTESIAN_POINT('',(15.618090871099,-5.90750011800002,2.5084473899308));
#5193=CARTESIAN_POINT('',(15.618090871099,-8.31750011858849,1.981318636581));
#5194=CARTESIAN_POINT('',(15.618090871099,-8.31750011858849,2.50844738992864));
#5195=CARTESIAN_POINT('',(15.618090871099,-8.31750011858848,7.29000022815485));
#5196=CARTESIAN_POINT('',(15.618090871099,-8.31750011858849,2.50844738992864));
#5197=CARTESIAN_POINT('',(15.9180908710988,-8.31750011856317,2.35844738992908));
#5198=CARTESIAN_POINT('',(13.555979020561,-8.31750011876247,2.3584473899256));
#5199=CARTESIAN_POINT('',(16.4828511610992,-8.31750011851552,2.35844738992991));
#5200=CARTESIAN_POINT('',(16.482851161099,-8.31750011851552,2.50844738992991));
#5201=CARTESIAN_POINT('',(13.5559790205608,-8.31750011876247,2.5084473899256));
#5202=CARTESIAN_POINT('',(16.482851161099,-5.90750011800001,2.50844738992991));
#5203=CARTESIAN_POINT('',(16.4828511610992,-5.90750011800001,2.35844738992991));
#5204=CARTESIAN_POINT('',(16.482851161099,-5.90750011800001,2.35844738992991));
#5205=CARTESIAN_POINT('',(15.9180908710988,-5.90750011800002,2.35844738992908));
#5206=CARTESIAN_POINT('',(15.618090871099,-5.90750011800002,2.50844738992864));
#5207=CARTESIAN_POINT('',(18.8799999999981,-5.907500118,2.50844738993344));
#5208=CARTESIAN_POINT('',(14.9756777935083,-5.90750011800002,-0.08155261006923));
#5209=CARTESIAN_POINT('',(12.67999999754,-5.90750011800003,-0.08155261006923));
#5210=CARTESIAN_POINT('',(18.88,-5.907500118,-0.08155261006923));
#5211=CARTESIAN_POINT('',(14.9756777935083,-8.31750011864269,-0.08155261006923));
#5212=CARTESIAN_POINT('',(12.6799999973367,-8.31750011883639,-0.08155261006923));
#5213=CARTESIAN_POINT('',(22.0680908719535,-8.31750011804428,-0.08155261006923));
#5214=CARTESIAN_POINT('',(15.918090871099,-5.90750011800002,2.20844738992908));
#5215=CARTESIAN_POINT('',(15.618090871099,-5.75750011800002,2.50844738992864));
#5216=CARTESIAN_POINT('',(15.618090871099,-5.75750011800002,2.50844738992864));
#5217=CARTESIAN_POINT('',(15.618090871099,-5.75750011800002,2.50844738992864));
#5218=CARTESIAN_POINT('',(15.6573678323027,-5.75750011800002,2.48880890932675));
#5219=CARTESIAN_POINT('',(15.6475464778056,-5.75745383363335,2.47899178322214));
#5220=CARTESIAN_POINT('',(15.6377293517009,-5.75750011800002,2.46917042872501));
#5221=CARTESIAN_POINT('',(15.696615272654,-5.76140422400685,2.46918518915118));
#5222=CARTESIAN_POINT('',(15.6775873725027,-5.7658304976117,2.44895088852498));
#5223=CARTESIAN_POINT('',(15.6573530718766,-5.76140422400686,2.42992298837362));
#5224=CARTESIAN_POINT('',(15.7510362148856,-5.77267517018157,2.44197471803548));
#5225=CARTESIAN_POINT('',(15.7145583603346,-5.78715195353616,2.41197990069314));
#5226=CARTESIAN_POINT('',(15.6845635429923,-5.77267517018156,2.37550204614211));
#5227=CARTESIAN_POINT('',(15.7684360912194,-5.7773253841184,2.43327477986861));
#5228=CARTESIAN_POINT('',(15.7259231063273,-5.79597967127943,2.40061515470053));
#5229=CARTESIAN_POINT('',(15.6932634811593,-5.77732538411842,2.35810216980836));
#5230=CARTESIAN_POINT('',(15.8010877907901,-5.78823396819087,2.41694893008327));
#5231=CARTESIAN_POINT('',(15.7454053330505,-5.81544896020422,2.38113292797726));
#5232=CARTESIAN_POINT('',(15.7095893309446,-5.78823396819086,2.32545047023765));
#5233=CARTESIAN_POINT('',(15.8163389134138,-5.79449210480154,2.40932336877145));
#5234=CARTESIAN_POINT('',(15.7534733147838,-5.82622139323911,2.37306494624404));
#5235=CARTESIAN_POINT('',(15.7172148922565,-5.79449210480156,2.31019934761397));
#5236=CARTESIAN_POINT('',(15.8441068974958,-5.80837609684254,2.39543937673049));
#5237=CARTESIAN_POINT('',(15.7658205127415,-5.8478288867711,2.36071774828636));
#5238=CARTESIAN_POINT('',(15.7310988842975,-5.80837609684252,2.28243136353201));
#5239=CARTESIAN_POINT('',(15.8566231742098,-5.81600166076796,2.38918123837351));
#5240=CARTESIAN_POINT('',(15.7699433164441,-5.85867384462104,2.35659494458388));
#5241=CARTESIAN_POINT('',(15.7373570226545,-5.81600166076798,2.26991508681803));
#5242=CARTESIAN_POINT('',(15.8784403353694,-5.83232750532619,2.37827265779374));
#5243=CARTESIAN_POINT('',(15.774620129492,-5.87815485402656,2.35191813153582));
#5244=CARTESIAN_POINT('',(15.7482656032343,-5.83232750532618,2.24809792565846));
#5245=CARTESIAN_POINT('',(15.8877407713659,-5.84102745169582,2.37362243979548));
#5246=CARTESIAN_POINT('',(15.775005179174,-5.88660113250485,2.35153308185395));
#5247=CARTESIAN_POINT('',(15.7529158212326,-5.84102745169583,2.23879748966191));
#5248=CARTESIAN_POINT('',(15.9027686903384,-5.85916775459469,2.36610848030923));
#5249=CARTESIAN_POINT('',(15.7737192632141,-5.89932564143439,2.35281899781374));
#5250=CARTESIAN_POINT('',(15.7604297807188,-5.85916775459468,2.22376957068941));
#5251=CARTESIAN_POINT('',(15.9084958725381,-5.86860774990105,2.36324488920939));
#5252=CARTESIAN_POINT('',(15.7720195225044,-5.90331230421762,2.35451873852343));
#5253=CARTESIAN_POINT('',(15.7632933718187,-5.86860774990105,2.2180423884897));
#5254=CARTESIAN_POINT('',(15.9161570379014,-5.88786538949415,2.35941430652779));
#5255=CARTESIAN_POINT('',(15.7691512797118,-5.90744603665516,2.35738698131607));
#5256=CARTESIAN_POINT('',(15.7671239545003,-5.88786538949415,2.2103812231265));
#5257=CARTESIAN_POINT('',(15.918090870917,-5.89768254249125,2.35844738992908));
#5258=CARTESIAN_POINT('',(15.7680911837917,-5.90753502079761,2.3584470772443));
#5259=CARTESIAN_POINT('',(15.768090871099,-5.89768254249125,2.20844739011088));
#5260=CARTESIAN_POINT('',(15.9180908710988,-5.90750011800002,2.35844738992908));
#5261=CARTESIAN_POINT('',(15.768090871099,-5.90750011800002,2.35844738992886));
#5262=CARTESIAN_POINT('',(15.768090871099,-5.90750011800002,2.20844738992908));
#5263=CARTESIAN_POINT('',(15.9180908710988,-3.25751318204175,2.35844738992908));
#5264=CARTESIAN_POINT('',(15.918090871099,-8.31750011858849,2.20844738992908));
#5265=CARTESIAN_POINT('',(15.918090871099,-3.25751318204175,2.20844738992908));
#5266=CARTESIAN_POINT('',(15.6180908711117,-8.46750011858849,2.50844738992864));
#5267=CARTESIAN_POINT('',(15.6180908711117,-8.46750011858849,2.50844738992864));
#5268=CARTESIAN_POINT('',(15.6180908711116,-8.46750011858849,2.50844738992864));
#5269=CARTESIAN_POINT('',(15.6377293517136,-8.46750011858683,2.46917042872499));
#5270=CARTESIAN_POINT('',(15.6475464778201,-8.46754640296055,2.47899178322407));
#5271=CARTESIAN_POINT('',(15.6573678323154,-8.46750011858518,2.48880890932686));
#5272=CARTESIAN_POINT('',(15.6573530718889,-8.46359601257837,2.42992298837362));
#5273=CARTESIAN_POINT('',(15.6775873725147,-8.4591697389718,2.44895088852499));
#5274=CARTESIAN_POINT('',(15.6966152726664,-8.46359601257503,2.46918518915117));
#5275=CARTESIAN_POINT('',(15.6845635430038,-8.45232506640133,2.37550204614211));
#5276=CARTESIAN_POINT('',(15.7145583603448,-8.43784828304421,2.41197990069313));
#5277=CARTESIAN_POINT('',(15.751036214897,-8.45232506639573,2.44197471803548));
#5278=CARTESIAN_POINT('',(15.6932634811702,-8.44767485246376,2.35810216980835));
#5279=CARTESIAN_POINT('',(15.7259231063367,-8.42902056529997,2.40061515470052));
#5280=CARTESIAN_POINT('',(15.7684360912304,-8.44767485245742,2.43327477986861));
#5281=CARTESIAN_POINT('',(15.7095893309547,-8.43676626838992,2.32545047023765));
#5282=CARTESIAN_POINT('',(15.7454053330583,-8.40955127637357,2.38113292797727));
#5283=CARTESIAN_POINT('',(15.8010877908002,-8.4367662683822,2.41694893008327));
#5284=CARTESIAN_POINT('',(15.717214892266,-8.4305081317786,2.31019934761397));
#5285=CARTESIAN_POINT('',(15.7534733147907,-8.39877884333799,2.37306494624405));
#5286=CARTESIAN_POINT('',(15.8163389134234,-8.43050813177025,2.40932336877145));
#5287=CARTESIAN_POINT('',(15.7310988843058,-8.41662413973645,2.28243136353201));
#5288=CARTESIAN_POINT('',(15.7658205127465,-8.37717134980492,2.36071774828635));
#5289=CARTESIAN_POINT('',(15.8441068975042,-8.4166241397269,2.39543937673048));
#5290=CARTESIAN_POINT('',(15.7373570226622,-8.40899857581049,2.26991508681803));
#5291=CARTESIAN_POINT('',(15.7699433164481,-8.36632639195462,2.35659494458388));
#5292=CARTESIAN_POINT('',(15.8566231742175,-8.40899857580043,2.38918123837351));
#5293=CARTESIAN_POINT('',(15.7482656032406,-8.39267273125132,2.24809792565845));
#5294=CARTESIAN_POINT('',(15.7746201294945,-8.34684538254879,2.35191813153581));
#5295=CARTESIAN_POINT('',(15.8784403353757,-8.39267273124034,2.37827265779373));
#5296=CARTESIAN_POINT('',(15.7529158212382,-8.3839727848813,2.23879748966191));
#5297=CARTESIAN_POINT('',(15.7750051791757,-8.33839910407043,2.35153308185394));
#5298=CARTESIAN_POINT('',(15.8877407713715,-8.38397278486993,2.37362243979547));
#5299=CARTESIAN_POINT('',(15.7604297807229,-8.36583248198181,2.22376957068941));
#5300=CARTESIAN_POINT('',(15.7737192632148,-8.32567459514096,2.35281899781374));
#5301=CARTESIAN_POINT('',(15.9027686903425,-8.3658324819698,2.36610848030923));
#5302=CARTESIAN_POINT('',(15.763293371822,-8.35639248667522,2.2180423884897));
#5303=CARTESIAN_POINT('',(15.7720195225048,-8.32168793235791,2.35451873852341));
#5304=CARTESIAN_POINT('',(15.9084958725414,-8.35639248666296,2.36324488920938));
#5305=CARTESIAN_POINT('',(15.767123954502,-8.33713484708177,2.21038122312649));
#5306=CARTESIAN_POINT('',(15.7691512797118,-8.31755419992059,2.35738698131608));
#5307=CARTESIAN_POINT('',(15.916157037903,-8.3371348470692,2.35941430652778));
#5308=CARTESIAN_POINT('',(15.7680908710998,-8.32731769408461,2.20844739011088));
#5309=CARTESIAN_POINT('',(15.7680911837917,-8.31746521577746,2.35844707724497));
#5310=CARTESIAN_POINT('',(15.9180908709178,-8.32731769407195,2.35844738992908));
#5311=CARTESIAN_POINT('',(15.768090871099,-8.31750011857583,2.20844738992908));
#5312=CARTESIAN_POINT('',(15.768090871099,-8.31750011857583,2.35844738992885));
#5313=CARTESIAN_POINT('',(15.9180908710988,-8.31750011856317,2.35844738992908));
#5314=CARTESIAN_POINT('',(12.5299999982789,2.84999999539671,5.8038620757567));
#5315=CARTESIAN_POINT('',(12.5299999973367,-8.31750011882372,5.8038620757567));
#5316=CARTESIAN_POINT('',(12.5299999975154,-6.19914000518619,5.8038620757567));
#5317=CARTESIAN_POINT('',(12.5299999975297,-6.03037128725487,5.63032757566325));
#5318=CARTESIAN_POINT('',(12.52999999754,-5.90750011798738,5.50398670398932));
#5319=CARTESIAN_POINT('',(12.52999999754,-5.90750011798738,0.36844738993077));
#5320=CARTESIAN_POINT('',(12.52999999754,-5.90750011798738,-0.0815526100692299));
#5321=CARTESIAN_POINT('',(12.5299999982789,2.84999999539671,-0.08155261006923));
#5322=CARTESIAN_POINT('',(12.5299999973367,-8.31750011882373,-0.0815526100692299));
#5323=CARTESIAN_POINT('',(12.5299999973367,-8.31750011882374,-9.49366177184643));
#5324=CARTESIAN_POINT('',(12.5299999982789,2.84999999539671,-9.49366177184644));
#5325=CARTESIAN_POINT('',(12.6998840274115,-6.1222221958902,5.93802156205188));
#5326=CARTESIAN_POINT('',(12.6998840274386,-5.8009167754161,5.60764294566646));
#5327=CARTESIAN_POINT('',(12.699884027414,-6.09255666261491,5.90751831743383));
#5328=CARTESIAN_POINT('',(16.6409767400127,-6.82780105850763,5.90751831743383));
#5329=CARTESIAN_POINT('',(16.5027351909975,-6.80201092069434,5.90751831743383));
#5330=CARTESIAN_POINT('',(16.5027351909975,-6.30910600434929,5.40069448598772));
#5331=CARTESIAN_POINT('',(16.5027351909975,-5.80091677541608,4.87815473528402));
#5332=CARTESIAN_POINT('',(14.9210423203084,-5.80091677541608,5.18156558466731));
#5333=CARTESIAN_POINT('',(14.9901322741242,-6.16408346058394,5.54173427213757));
#5334=CARTESIAN_POINT('',(16.482851161099,-6.8713561811594,5.9538620757567));
#5335=CARTESIAN_POINT('',(16.482851161099,-8.31750011851552,5.9538620757567));
#5336=CARTESIAN_POINT('',(16.482851161099,-6.90859426327827,5.9538620757567));
#5337=CARTESIAN_POINT('',(12.5182415465384,-6.16896258912614,5.9538620757567));
#5338=CARTESIAN_POINT('',(12.6799999975154,-6.19914000519884,5.9538620757567));
#5339=CARTESIAN_POINT('',(12.679999997438,-7.11750011818025,5.9538620757567));
#5340=CARTESIAN_POINT('',(12.6799999973367,-8.31750011883638,5.9538620757567));
#5341=CARTESIAN_POINT('',(16.0680908715953,-8.31750011855051,5.9538620757567));
#5342=CARTESIAN_POINT('',(16.068090871494,-7.1175001184661,5.9538620757567));
#5343=CARTESIAN_POINT('',(12.67999999754,-5.90750011800003,5.50398670398932));
#5344=CARTESIAN_POINT('',(12.67999999754,-5.90750011800004,-0.0815526100692299));
#5345=CARTESIAN_POINT('',(12.67999999754,-5.90750011800004,1.190000228));
#5346=CARTESIAN_POINT('',(12.6799999973367,-8.31750011883638,5.8038620757567));
#5347=CARTESIAN_POINT('',(12.6799999973367,-8.31750011883638,-0.0815526100692299));
#5348=CARTESIAN_POINT('',(12.6799999973367,-8.31750011883639,-9.49366177184643));
#5349=CARTESIAN_POINT('',(12.67999999754,-5.90750011800004,-0.08155261006923));
#5350=CARTESIAN_POINT('',(12.67999999754,-5.90750011800004,-0.0815526100692299));
#5351=CARTESIAN_POINT('',(12.6799999973367,-8.31750011883638,-0.08155261006923));
#5352=CARTESIAN_POINT('',(12.6799999982789,2.84999999538405,-0.08155261006923));
#5353=CARTESIAN_POINT('',(12.6799999973367,-8.31750011883638,-0.0815526100692299));
#5354=CARTESIAN_POINT('',(12.6799999973367,-8.31750011883638,5.8038620757567));
#5355=CARTESIAN_POINT('',(16.482851161099,-8.31750011851552,5.8038620757567));
#5356=CARTESIAN_POINT('',(18.8800000015315,-8.31750011831326,5.8038620757567));
#5357=CARTESIAN_POINT('',(16.482851161099,-5.90750011800001,4.77449849360688));
#5358=CARTESIAN_POINT('',(12.67999999754,-5.90750011800003,5.50398670398932));
#5359=CARTESIAN_POINT('',(19.4581199561017,-5.90750011799999,4.20376263902718));
#5360=CARTESIAN_POINT('',(16.482851161099,-5.90750011800001,4.77449849360688));
#5361=CARTESIAN_POINT('',(16.482851161099,-5.90750011800001,4.77449849360688));
#5362=CARTESIAN_POINT('',(16.482851161099,-8.31750011851552,5.8038620757567));
#5363=CARTESIAN_POINT('',(16.482851161099,-8.31750011851552,5.8038620757567));
#5364=CARTESIAN_POINT('',(12.6799999973367,-8.31750011883638,5.8038620757567));
#5365=CARTESIAN_POINT('',(12.6799999973367,-8.31750011883638,5.8038620757567));
#5366=CARTESIAN_POINT('',(12.67999999754,-5.90750011800003,5.50398670398932));
#5367=CARTESIAN_POINT('',(12.67999999754,-5.90750011800003,5.50398670398932));
#5368=CARTESIAN_POINT('',(16.482851161099,-6.90859426327828,5.8038620757567));
#5369=CARTESIAN_POINT('',(16.482851161099,-3.4527761174478,2.25045667165097));
#5370=CARTESIAN_POINT('',(16.482851161099,-6.90859426327827,5.8038620757567));
#5371=CARTESIAN_POINT('',(16.482851161099,-3.1875001180001,5.8038620757567));
#5372=CARTESIAN_POINT('',(12.6799999975154,-6.19914000519884,5.8038620757567));
#5373=CARTESIAN_POINT('',(12.6799999982789,2.84999999538405,5.8038620757567));
#5374=CARTESIAN_POINT('',(12.6799999975154,-6.19914000519884,5.8038620757567));
#5375=CARTESIAN_POINT('',(12.6799999975279,-6.05108661921492,5.65162787833677));
#5376=CARTESIAN_POINT('',(16.482851161099,-6.90859426327827,5.8038620757567));
#5377=CARTESIAN_POINT('',(16.482851161099,-6.90859426327827,5.8038620757567));
#5378=CARTESIAN_POINT('',(12.6799999975154,-6.19914000519884,5.8038620757567));
#5379=CARTESIAN_POINT('',(12.6799999975154,-6.19914000519885,5.8038620757567));
#5380=CARTESIAN_POINT('',(16.1197030718837,-6.84084589577066,5.8038620757567));
#5381=CARTESIAN_POINT('',(15.1188938798469,-7.11250011831938,-0.126152527264609));
#5382=CARTESIAN_POINT('',(15.1188938798469,-8.31750011864269,-0.126152527264608));
#5383=CARTESIAN_POINT('',(15.1188938798469,-5.90750011800002,-0.126152527264609));
#5384=CARTESIAN_POINT('',(15.618090871099,-5.90750011800002,1.476833395018));
#5385=CARTESIAN_POINT('',(15.7613069574377,-5.90750011800002,1.93671871938562));
#5386=CARTESIAN_POINT('',(15.7613069574377,-8.31750011858849,1.93671871938563));
#5387=CARTESIAN_POINT('',(15.7613069574377,-8.31750011858849,1.93671871938563));
#5388=CARTESIAN_POINT('',(15.4634566901091,-8.31750011861361,0.980283096089352));
#5389=CARTESIAN_POINT('',(15.4634566901001,-7.11250011831938,0.980283096060489));
#5390=CARTESIAN_POINT('',(16.482851161099,-5.90750011800001,2.50844738992991));
#5391=CARTESIAN_POINT('',(16.482851161099,-8.31750011851552,2.50844738992991));
#5392=CARTESIAN_POINT('',(16.4828511610992,-8.31750011851552,2.35844738992991));
#5393=CARTESIAN_POINT('',(16.482851161099,-3.25751318204175,2.50844738992991));
#5394=CARTESIAN_POINT('',(16.482851161099,-8.31750011851552,2.50844738992991));
#5395=CARTESIAN_POINT('',(16.482851161099,-5.90750011800001,2.50844738992991));
#5396=CARTESIAN_POINT('',(13.5559790201341,-3.25751318204175,2.3584473899256));
#5397=CARTESIAN_POINT('',(14.9756777935083,-8.31750011864269,-0.0815526100692301));
#5398=CARTESIAN_POINT('',(14.9756777935083,-8.31750011864269,-0.08155261006923));
#5399=CARTESIAN_POINT('',(14.9756777935083,-8.31750011864269,-0.08155261006923));
#5400=CARTESIAN_POINT('',(15.618090871099,-8.31750011858848,1.98131863658099));
#5401=CARTESIAN_POINT('',(17.4135239257375,-8.31750011843699,7.74668573899022));
#5402=CARTESIAN_POINT('',(14.9756777935083,-5.90750011800002,-0.0815526100692305));
#5403=CARTESIAN_POINT('',(14.9756777935083,8.3524737550005,-0.08155261006923));
#5404=CARTESIAN_POINT('',(15.618090871099,-8.31750011858849,1.981318636581));
#5405=CARTESIAN_POINT('',(15.618090871099,-8.31750011858849,1.981318636581));
#5406=CARTESIAN_POINT('',(14.9756777935083,-5.90750011800002,-0.0815526100692301));
#5407=CARTESIAN_POINT('',(14.9756777935083,-5.90750011800002,-0.08155261006923));
#5408=CARTESIAN_POINT('',(15.618090871099,-5.90750011800002,1.981318636581));
#5409=CARTESIAN_POINT('',(15.618090871099,-7.11250011831938,1.981318636581));
#5410=CARTESIAN_POINT('',(15.618090871099,-5.90750011800002,1.981318636581));
#5411=CARTESIAN_POINT('',(15.3202406037614,-5.90750011800002,1.02488301325586));
#5412=CARTESIAN_POINT('',(15.618090871099,-5.90750011800002,1.981318636581));
#5413=CARTESIAN_POINT('',(12.5299999942731,0.749999998868945,1.59098075543335));
#5414=CARTESIAN_POINT('',(12.5299999942741,0.749999998917539,1.88000000375624));
#5415=CARTESIAN_POINT('',(12.5299999942698,0.749999998694969,3.65309260686171));
#5416=CARTESIAN_POINT('',(25.5149091560435,0.74999999891754,1.88000000375623));
#5417=CARTESIAN_POINT('',(12.3299999942726,0.749999998917539,1.88000000375624));
#5418=CARTESIAN_POINT('',(12.3299999942731,0.749999998868945,1.59098075543308));
#5419=CARTESIAN_POINT('',(12.32999999427,0.749999998694969,3.6530926068617));
#5420=CARTESIAN_POINT('',(25.5149091560435,0.749999998694969,3.6530926068617));
#5421=CARTESIAN_POINT('',(25.5149091560435,0.749999999220358,-2.57425894092798));
#5422=CARTESIAN_POINT('',(12.5299999942698,-6.19914000518619,5.80386207575648));
#5423=CARTESIAN_POINT('',(12.5299999942698,-6.15496655621715,5.75844123308962));
#5424=CARTESIAN_POINT('',(12.5299999942698,-5.43254464729602,5.0156191843246));
#5425=CARTESIAN_POINT('',(12.5299999942671,-6.26249887624927,5.65386207575648));
#5426=CARTESIAN_POINT('',(12.5299999942698,-6.26249887624927,5.80386207575648));
#5427=CARTESIAN_POINT('',(12.5299999942698,-8.31750011882373,5.80386207575648));
#5428=CARTESIAN_POINT('',(12.5299999942698,-8.167500119084,5.80386207575648));
#5429=CARTESIAN_POINT('',(12.5299999942671,-8.167500119084,5.65386207575648));
#5430=CARTESIAN_POINT('',(12.5299999942671,-8.317500119084,5.65386207575648));
#5431=CARTESIAN_POINT('',(12.5299999942736,-8.317500119084,1.24693532058637));
#5432=CARTESIAN_POINT('',(12.5299999942741,-8.31750011909665,1.88000000299124));
#5433=CARTESIAN_POINT('',(12.5299999942741,-8.16750011909665,1.88000000299124));
#5434=CARTESIAN_POINT('',(12.5299999942743,-8.167500119084,1.73000000299124));
#5435=CARTESIAN_POINT('',(12.5299999942728,2.84999999531107,1.73000000393342));
#5436=CARTESIAN_POINT('',(12.5299999942743,0.599999998930195,1.73000000374358));
#5437=CARTESIAN_POINT('',(12.5299999942741,0.59999999891754,1.88000000374358));
#5438=CARTESIAN_POINT('',(12.5299999942698,0.599999998694969,3.65309260684906));
#5439=CARTESIAN_POINT('',(12.5299999942696,0.599999998694968,3.80309260684906));
#5440=CARTESIAN_POINT('',(12.5299999942698,3.3524737550005,3.80309260686172));
#5441=CARTESIAN_POINT('',(12.5299999942698,-2.88245301999073,3.80309260686172));
#5442=CARTESIAN_POINT('',(12.5299999942696,-2.88245301999073,3.95309260686172));
#5443=CARTESIAN_POINT('',(12.5299999942698,-2.94712287154931,3.81774930152529));
#5444=CARTESIAN_POINT('',(12.5299999942698,-5.41386144112889,4.99640839169611));
#5445=CARTESIAN_POINT('',(12.5299999942698,-5.38968217882249,4.98485503632131));
#5446=CARTESIAN_POINT('',(12.5299999942679,-5.3250123272639,5.12019834165774));
#5447=CARTESIAN_POINT('',(12.5299999942731,3.3524737550005,1.59098075565292));
#5448=CARTESIAN_POINT('',(12.3299999942698,3.3524737550005,3.80309260686172));
#5449=CARTESIAN_POINT('',(12.3299999942698,0.599999998694968,3.80309260684907));
#5450=CARTESIAN_POINT('',(12.3299999942698,-2.88245301999073,3.80309260686172));
#5451=CARTESIAN_POINT('',(12.5299999942698,-2.88245301999073,3.80309260686172));
#5452=CARTESIAN_POINT('',(8.44948177001162,0.599999998694968,3.80309260684907));
#5453=CARTESIAN_POINT('',(8.44948177001162,-4.47250011800009,3.80309260686172));
#5454=CARTESIAN_POINT('',(12.3299999942669,-8.31750011882373,5.80386207575648));
#5455=CARTESIAN_POINT('',(12.3299999942669,-8.167500119084,5.80386207575648));
#5456=CARTESIAN_POINT('',(12.3299999942669,-6.26249887624927,5.80386207575648));
#5457=CARTESIAN_POINT('',(12.3299999942671,-6.26249887624927,5.65386207575648));
#5458=CARTESIAN_POINT('',(12.3299999942669,-6.15496655621715,5.75844123308962));
#5459=CARTESIAN_POINT('',(12.3299999942669,-6.19914000518604,5.80386207575633));
#5460=CARTESIAN_POINT('',(12.329999994268,-5.43254464729602,5.0156191843246));
#5461=CARTESIAN_POINT('',(12.3299999942679,-5.3250123272639,5.12019834165774));
#5462=CARTESIAN_POINT('',(12.3299999942681,-5.38968217882249,4.98485503632131));
#5463=CARTESIAN_POINT('',(12.329999994268,-5.41386144112878,4.99640839169606));
#5464=CARTESIAN_POINT('',(12.3299999942698,-2.94712287154931,3.81774930152529));
#5465=CARTESIAN_POINT('',(12.3299999942696,-2.88245301999073,3.95309260686172));
#5466=CARTESIAN_POINT('',(12.32999999427,0.599999998694968,3.65309260684906));
#5467=CARTESIAN_POINT('',(12.3299999942726,0.59999999891754,1.88000000374358));
#5468=CARTESIAN_POINT('',(12.3299999942728,0.599999998930195,1.73000000374358));
#5469=CARTESIAN_POINT('',(12.3299999942728,3.35247375498877,1.73000000397581));
#5470=CARTESIAN_POINT('',(12.3299999942728,-8.167500119084,1.73000000299124));
#5471=CARTESIAN_POINT('',(12.3299999942726,-8.16750011909665,1.88000000299124));
#5472=CARTESIAN_POINT('',(12.3299999942726,-8.31750011909665,1.88000000299124));
#5473=CARTESIAN_POINT('',(12.3299999942736,-8.317500119084,1.24693532058608));
#5474=CARTESIAN_POINT('',(12.3299999942671,-8.317500119084,5.65386207575648));
#5475=CARTESIAN_POINT('',(12.3299999942671,-8.167500119084,5.65386207575648));
#5476=CARTESIAN_POINT('',(12.3299999942731,3.3524737550005,1.59098075565264));
#5477=CARTESIAN_POINT('',(10.0484471560435,-8.317500119084,5.65386207575648));
#5478=CARTESIAN_POINT('',(10.0484471560435,-8.31750011909665,1.88000000299124));
#5479=CARTESIAN_POINT('',(10.0484471560435,-8.317500119084,1.24693532058272));
#5480=CARTESIAN_POINT('',(21.8821091560449,0.599999998930195,1.73000000374357));
#5481=CARTESIAN_POINT('',(21.8821091560449,-8.167500119084,1.73000000299123));
#5482=CARTESIAN_POINT('',(21.8821091560449,2.84999999531107,1.73000000393341));
#5483=CARTESIAN_POINT('',(21.8821091560449,0.59999999891754,1.88000000374357));
#5484=CARTESIAN_POINT('',(10.0484471560435,-8.16750011909665,1.88000000299124));
#5485=CARTESIAN_POINT('',(8.44948177001162,0.599999998694968,3.65309260684907));
#5486=CARTESIAN_POINT('',(12.5299999942698,-6.26249887624927,5.80386207575648));
#5487=CARTESIAN_POINT('',(12.5299999942698,-8.167500119084,5.80386207575648));
#5488=CARTESIAN_POINT('',(12.5299999942698,-8.31750011882373,5.80386207575648));
#5489=CARTESIAN_POINT('',(12.3799999942698,-5.43254464729602,5.0156191843246));
#5490=CARTESIAN_POINT('',(12.5299999942698,-6.15496655621715,5.75844123308962));
#5491=CARTESIAN_POINT('',(12.5299999942698,-6.19914000518619,5.80386207575648));
#5492=CARTESIAN_POINT('',(12.3799999942698,-2.94712287154931,3.81774930152529));
#5493=CARTESIAN_POINT('',(12.5299999942698,-5.38968217882249,4.98485503632131));
#5494=CARTESIAN_POINT('',(12.5299999942698,-5.41386144112889,4.99640839169611));
#5495=CARTESIAN_POINT('',(12.5299999942698,-2.88245301999073,3.95309260686172));
#5496=CARTESIAN_POINT('',(12.5299999942698,-5.3250123272639,5.12019834165774));
#5497=CARTESIAN_POINT('',(12.5299999942698,-6.26249887624927,5.65386207575648));
#5498=CARTESIAN_POINT('',(10.0484471560435,-8.167500119084,5.65386207575648));
#5499=CARTESIAN_POINT('',(15.618090871099,-3.18750011800011,1.190000228));
#5500=CARTESIAN_POINT('',(15.618090871099,-3.18750011800011,2.50844738992864));
#5501=CARTESIAN_POINT('',(15.618090871099,-3.18750011800011,1.981318636581));
#5502=CARTESIAN_POINT('',(14.9895669638151,-3.18750011800011,-0.0369526928738516));
#5503=CARTESIAN_POINT('',(14.9756777935083,-3.18750011800011,-0.08155261006923));
#5504=CARTESIAN_POINT('',(12.6799999977569,-3.18750011800013,-0.08155261006923));
#5505=CARTESIAN_POINT('',(12.6799999977569,-3.18750011800013,-0.0815526100692301));
#5506=CARTESIAN_POINT('',(12.6799999977569,-3.18750011800012,4.08284980049625));
#5507=CARTESIAN_POINT('',(12.679999997709,-3.18750011800012,4.00427968452149));
#5508=CARTESIAN_POINT('',(19.1024233835844,-3.18750011800008,3.33980076345424));
#5509=CARTESIAN_POINT('',(15.5137354640874,-3.18750011800011,3.71109479586279));
#5510=CARTESIAN_POINT('',(19.0600843078274,-3.18750011800009,1.47569486758598));
#5511=CARTESIAN_POINT('',(16.418090871099,-3.1875001180001,3.14104483714568));
#5512=CARTESIAN_POINT('',(16.418090871099,-3.1875001180001,1.190000228));
#5513=CARTESIAN_POINT('',(16.418090871099,-3.1875001180001,2.50844738992981));
#5514=CARTESIAN_POINT('',(15.6180908710988,-3.1875001180001,2.50844738992864));
#5515=CARTESIAN_POINT('',(18.88,-3.18750011800009,1.190000228));
#5516=CARTESIAN_POINT('',(16.568090871099,-5.60750011800001,2.5084473899308));
#5517=CARTESIAN_POINT('',(16.568090871099,-5.60750011800001,4.70218137560365));
#5518=CARTESIAN_POINT('',(16.568090871099,-5.60750011800001,2.50844738992981));
#5519=CARTESIAN_POINT('',(16.568090871099,-3.33750011800011,2.50844738992981));
#5520=CARTESIAN_POINT('',(16.568090871099,-3.33750011800011,2.50844738992981));
#5521=CARTESIAN_POINT('',(16.568090871099,-3.33750011800011,2.5084473899308));
#5522=CARTESIAN_POINT('',(16.568090871099,-3.3375001180001,3.14104483714568));
#5523=CARTESIAN_POINT('',(16.568090871099,-2.94018872319443,2.86699830086756));
#5524=CARTESIAN_POINT('',(16.568090871099,-5.5857870610039,4.69180642451681));
#5525=CARTESIAN_POINT('',(16.568090871099,-2.78394251645946,3.35302671663097));
#5526=CARTESIAN_POINT('',(16.568090871099,-3.1875001180001,2.5084473899308));
#5527=CARTESIAN_POINT('',(15.618090871099,-5.75750011800002,-0.08155261006923));
#5528=CARTESIAN_POINT('',(12.6799999976132,-5.75750011800004,-0.0815526100692297));
#5529=CARTESIAN_POINT('',(14.9756777935083,-5.75750011800002,-0.08155261006923));
#5530=CARTESIAN_POINT('',(15.4748747847603,-5.75750011800002,1.52143331221338));
#5531=CARTESIAN_POINT('',(15.618090871099,-5.75750011800002,1.981318636581));
#5532=CARTESIAN_POINT('',(15.618090871099,-5.75750011800002,1.190000228));
#5533=CARTESIAN_POINT('',(15.618090871099,-5.75750011800002,2.50844738992864));
#5534=CARTESIAN_POINT('',(16.4180908710988,-5.75750011800001,2.50844738992981));
#5535=CARTESIAN_POINT('',(16.418090871099,-5.75750011800001,2.50844738992981));
#5536=CARTESIAN_POINT('',(16.418090871099,-5.75750011800001,1.190000228));
#5537=CARTESIAN_POINT('',(16.418090871099,-5.75750011800001,4.70218137560365));
#5538=CARTESIAN_POINT('',(12.8056617919083,-5.75750011807636,5.07593172383415));
#5539=CARTESIAN_POINT('',(12.6799999975654,-5.75750011800003,5.08893298652067));
#5540=CARTESIAN_POINT('',(12.6799999975654,-5.75750011800004,0.368447389930769));
#5541=CARTESIAN_POINT('',(18.88,-5.757500118,1.190000228));
#5542=CARTESIAN_POINT('',(16.487176272871,-5.79569152159208,4.99833241934655));
#5543=CARTESIAN_POINT('',(16.487176272871,-5.51018984447489,4.80140691774138));
#5544=CARTESIAN_POINT('',(16.487176272871,-3.26190290147109,3.25064533037026));
#5545=CARTESIAN_POINT('',(15.7675009753553,-3.26190290147109,3.70428432059225));
#5546=CARTESIAN_POINT('',(15.5828208658594,-3.2619029014711,3.82069528908736));
#5547=CARTESIAN_POINT('',(16.6091578831423,-5.81344413978107,4.93368763696698));
#5548=CARTESIAN_POINT('',(16.562822549898,-5.81797789122322,4.96602174421976));
#5549=CARTESIAN_POINT('',(15.618090871099,-3.33750011800011,-0.23155261006923));
#5550=CARTESIAN_POINT('',(12.6799999977569,-3.33750011800012,-0.23155261006923));
#5551=CARTESIAN_POINT('',(14.9756777935083,-3.33750011800011,-0.23155261006923));
#5552=CARTESIAN_POINT('',(14.9756777935083,8.3524737550005,-0.23155261006923));
#5553=CARTESIAN_POINT('',(14.9756777935083,-5.60750011800003,-0.23155261006923));
#5554=CARTESIAN_POINT('',(12.6799999975654,-5.60750011800004,-0.23155261006923));
#5555=CARTESIAN_POINT('',(12.6799999976132,-5.60750011800004,-0.23155261006923));
#5556=CARTESIAN_POINT('',(12.6799999976611,8.3524737550005,-0.23155261006923));
#5557=CARTESIAN_POINT('',(22.068090870547,8.3524737550005,-0.23155261006923));
#5558=CARTESIAN_POINT('',(15.768090871099,-5.60750011800002,2.5084473899308));
#5559=CARTESIAN_POINT('',(15.768090871099,-5.60750011800002,2.20844738992908));
#5560=CARTESIAN_POINT('',(15.768090871099,-5.60750011800002,1.981318636581));
#5561=CARTESIAN_POINT('',(15.768090871099,-3.33750011800011,1.981318636581));
#5562=CARTESIAN_POINT('',(15.768090871099,-3.33750011800011,1.981318636581));
#5563=CARTESIAN_POINT('',(15.768090871099,-3.33750011800011,2.5084473899308));
#5564=CARTESIAN_POINT('',(15.768090871099,-3.33750011800011,2.20844738992908));
#5565=CARTESIAN_POINT('',(15.768090871099,-3.1875001180001,2.20844738992908));
#5566=CARTESIAN_POINT('',(15.768090871099,-3.1875001180001,2.5084473899308));
#5567=CARTESIAN_POINT('',(15.618090871099,-3.33750011800011,1.981318636581));
#5568=CARTESIAN_POINT('',(15.618090871099,-3.33750011800011,2.50844738992864));
#5569=CARTESIAN_POINT('',(15.618090871099,-3.33750011800011,2.5084473899308));
#5570=CARTESIAN_POINT('',(15.618090871099,-5.60750011800002,1.981318636581));
#5571=CARTESIAN_POINT('',(15.618090871099,-5.60750011800002,2.50844738992864));
#5572=CARTESIAN_POINT('',(15.618090871099,-5.60750011800002,2.5084473899308));
#5573=CARTESIAN_POINT('',(16.418090871099,-5.60750011800001,2.50844738992981));
#5574=CARTESIAN_POINT('',(16.418090871099,-5.60750011800001,4.70218137560365));
#5575=CARTESIAN_POINT('',(16.418090871099,-5.60750011800001,2.5084473899308));
#5576=CARTESIAN_POINT('',(15.618090871099,-5.60750011800002,2.50844738992864));
#5577=CARTESIAN_POINT('',(15.9180908710988,-5.60750011800002,2.35844738992908));
#5578=CARTESIAN_POINT('',(15.618090871099,-5.60750011800002,2.35844738992864));
#5579=CARTESIAN_POINT('',(16.4180908710992,-5.60750011800001,2.35844738992981));
#5580=CARTESIAN_POINT('',(16.418090871099,-5.60750011800001,2.50844738992981));
#5581=CARTESIAN_POINT('',(18.8799999999981,-5.607500118,2.50844738993344));
#5582=CARTESIAN_POINT('',(16.418090871099,-3.3375001180001,2.50844738992981));
#5583=CARTESIAN_POINT('',(16.4180908710992,-3.33750011800011,2.35844738992981));
#5584=CARTESIAN_POINT('',(16.418090871099,-3.33750011800011,2.35844738992982));
#5585=CARTESIAN_POINT('',(15.9180908710988,-3.33750011800011,2.35844738992908));
#5586=CARTESIAN_POINT('',(15.618090871099,-3.33750011800011,2.50844738992864));
#5587=CARTESIAN_POINT('',(13.5559790201338,-3.33750011800012,2.5084473899256));
#5588=CARTESIAN_POINT('',(14.9756777935083,-3.33750011800011,-0.08155261006923));
#5589=CARTESIAN_POINT('',(12.6799999977569,-3.33750011800012,-0.08155261006923));
#5590=CARTESIAN_POINT('',(22.068090870547,-3.33750011800007,-0.08155261006923));
#5591=CARTESIAN_POINT('',(14.9756777935083,-5.60750011800002,-0.08155261006923));
#5592=CARTESIAN_POINT('',(12.6799999976132,-5.60750011800004,-0.08155261006923));
#5593=CARTESIAN_POINT('',(18.88,-5.607500118,-0.08155261006923));
#5594=CARTESIAN_POINT('',(15.918090871099,-3.33750011800011,2.20844738992908));
#5595=CARTESIAN_POINT('',(15.768090871099,-3.33750011800011,2.20844738992908));
#5596=CARTESIAN_POINT('',(15.768090871099,-3.33750011800011,2.35844738992886));
#5597=CARTESIAN_POINT('',(15.9180908710988,-3.33750011800011,2.35844738992908));
#5598=CARTESIAN_POINT('',(15.768090871099,-3.32768254249134,2.20844739011088));
#5599=CARTESIAN_POINT('',(15.7680911837836,-3.33753502080776,2.35844707724458));
#5600=CARTESIAN_POINT('',(15.9180908709169,-3.32768254249134,2.35844738992908));
#5601=CARTESIAN_POINT('',(15.7671239545003,-3.31786538949424,2.2103812231265));
#5602=CARTESIAN_POINT('',(15.7691512797118,-3.33744603665523,2.35738698131607));
#5603=CARTESIAN_POINT('',(15.9161570379014,-3.31786538949424,2.35941430652779));
#5604=CARTESIAN_POINT('',(15.7632933718187,-3.29860774990113,2.2180423884897));
#5605=CARTESIAN_POINT('',(15.7720195225044,-3.33331230421772,2.35451873852343));
#5606=CARTESIAN_POINT('',(15.9084958725381,-3.29860774990113,2.36324488920938));
#5607=CARTESIAN_POINT('',(15.7604297807188,-3.28916775459476,2.22376957068941));
#5608=CARTESIAN_POINT('',(15.7737192632141,-3.32932564143449,2.35281899781374));
#5609=CARTESIAN_POINT('',(15.9027686903384,-3.28916775459477,2.36610848030923));
#5610=CARTESIAN_POINT('',(15.7529158212326,-3.27102745169592,2.23879748966191));
#5611=CARTESIAN_POINT('',(15.775005179174,-3.31660113250493,2.35153308185394));
#5612=CARTESIAN_POINT('',(15.8877407713659,-3.27102745169591,2.37362243979547));
#5613=CARTESIAN_POINT('',(15.7482656032343,-3.26232750532626,2.24809792565845));
#5614=CARTESIAN_POINT('',(15.774620129492,-3.30815485402663,2.35191813153581));
#5615=CARTESIAN_POINT('',(15.8784403353694,-3.26232750532628,2.37827265779374));
#5616=CARTESIAN_POINT('',(15.7373570226545,-3.24600166076807,2.26991508681803));
#5617=CARTESIAN_POINT('',(15.7699433164441,-3.28867384462113,2.35659494458388));
#5618=CARTESIAN_POINT('',(15.8566231742098,-3.24600166076805,2.38918123837351));
#5619=CARTESIAN_POINT('',(15.7310988842975,-3.23837609684263,2.282431363532));
#5620=CARTESIAN_POINT('',(15.7658205127415,-3.27782888677119,2.36071774828637));
#5621=CARTESIAN_POINT('',(15.8441068974958,-3.23837609684262,2.39543937673049));
#5622=CARTESIAN_POINT('',(15.7172148922565,-3.22449210480162,2.31019934761396));
#5623=CARTESIAN_POINT('',(15.7534733147837,-3.2562213932392,2.37306494624403));
#5624=CARTESIAN_POINT('',(15.8163389134138,-3.22449210480163,2.40932336877144));
#5625=CARTESIAN_POINT('',(15.7095893309446,-3.21823396819096,2.32545047023765));
#5626=CARTESIAN_POINT('',(15.7454053330506,-3.2454489602043,2.38113292797726));
#5627=CARTESIAN_POINT('',(15.8010877907902,-3.21823396819096,2.41694893008328));
#5628=CARTESIAN_POINT('',(15.6932634811592,-3.20732538411849,2.35810216980835));
#5629=CARTESIAN_POINT('',(15.7259231063273,-3.22597967127952,2.40061515470053));
#5630=CARTESIAN_POINT('',(15.7684360912194,-3.20732538411849,2.4332747798686));
#5631=CARTESIAN_POINT('',(15.6845635429923,-3.20267517018165,2.37550204614211));
#5632=CARTESIAN_POINT('',(15.7145583603346,-3.21715195353625,2.41197990069313));
#5633=CARTESIAN_POINT('',(15.7510362148856,-3.20267517018166,2.44197471803546));
#5634=CARTESIAN_POINT('',(15.6573530718766,-3.19140422400695,2.42992298837362));
#5635=CARTESIAN_POINT('',(15.6775873725027,-3.19583049761179,2.448950888525));
#5636=CARTESIAN_POINT('',(15.696615272654,-3.19140422400693,2.4691851891512));
#5637=CARTESIAN_POINT('',(15.6377293517008,-3.18750011800011,2.46917042872495));
#5638=CARTESIAN_POINT('',(15.6475464778054,-3.18745383363342,2.47899178322202));
#5639=CARTESIAN_POINT('',(15.6573678323027,-3.18750011800011,2.48880890932681));
#5640=CARTESIAN_POINT('',(15.618090871099,-3.18750011800011,2.50844738992864));
#5641=CARTESIAN_POINT('',(15.618090871099,-3.18750011800011,2.50844738992864));
#5642=CARTESIAN_POINT('',(15.618090871099,-3.18750011800011,2.50844738992864));
#5643=CARTESIAN_POINT('',(15.9180908710988,-3.25751318204175,2.35844738992908));
#5644=CARTESIAN_POINT('',(15.918090871099,-5.60750011800002,2.20844738992908));
#5645=CARTESIAN_POINT('',(15.918090871099,-3.25751318204175,2.20844738992908));
#5646=CARTESIAN_POINT('',(15.618090871099,-5.75750011800002,2.50844738992864));
#5647=CARTESIAN_POINT('',(15.618090871099,-5.75750011800002,2.50844738992864));
#5648=CARTESIAN_POINT('',(15.618090871099,-5.75750011800002,2.50844738992864));
#5649=CARTESIAN_POINT('',(15.6377293517009,-5.75750011800002,2.46917042872499));
#5650=CARTESIAN_POINT('',(15.6475464778055,-5.75754640236668,2.47899178322222));
#5651=CARTESIAN_POINT('',(15.6573678323027,-5.75750011800002,2.48880890932682));
#5652=CARTESIAN_POINT('',(15.6573530718765,-5.75359601199322,2.42992298837362));
#5653=CARTESIAN_POINT('',(15.6775873725028,-5.74916973838832,2.44895088852496));
#5654=CARTESIAN_POINT('',(15.6966152726541,-5.7535960119932,2.46918518915119));
#5655=CARTESIAN_POINT('',(15.6845635429924,-5.74232506581846,2.37550204614211));
#5656=CARTESIAN_POINT('',(15.7145583603346,-5.72784828246389,2.41197990069315));
#5657=CARTESIAN_POINT('',(15.7510362148856,-5.74232506581847,2.44197471803547));
#5658=CARTESIAN_POINT('',(15.6932634811592,-5.73767485188164,2.35810216980835));
#5659=CARTESIAN_POINT('',(15.7259231063273,-5.7190205647206,2.40061515470053));
#5660=CARTESIAN_POINT('',(15.7684360912194,-5.73767485188164,2.43327477986861));
#5661=CARTESIAN_POINT('',(15.7095893309446,-5.72676626780916,2.32545047023765));
#5662=CARTESIAN_POINT('',(15.7454053330506,-5.69955127579583,2.38113292797726));
#5663=CARTESIAN_POINT('',(15.8010877907901,-5.72676626780916,2.41694893008327));
#5664=CARTESIAN_POINT('',(15.7172148922565,-5.7205081311985,2.31019934761396));
#5665=CARTESIAN_POINT('',(15.7534733147837,-5.68877884276093,2.37306494624403));
#5666=CARTESIAN_POINT('',(15.8163389134138,-5.7205081311985,2.40932336877145));
#5667=CARTESIAN_POINT('',(15.7310988842975,-5.7066241391575,2.282431363532));
#5668=CARTESIAN_POINT('',(15.7658205127415,-5.66717134922892,2.36071774828637));
#5669=CARTESIAN_POINT('',(15.8441068974958,-5.7066241391575,2.39543937673049));
#5670=CARTESIAN_POINT('',(15.7373570226545,-5.69899857523209,2.26991508681803));
#5671=CARTESIAN_POINT('',(15.769943316444,-5.65632639137898,2.35659494458387));
#5672=CARTESIAN_POINT('',(15.8566231742098,-5.69899857523208,2.38918123837351));
#5673=CARTESIAN_POINT('',(15.7482656032343,-5.68267273067383,2.24809792565845));
#5674=CARTESIAN_POINT('',(15.7746201294921,-5.6368453819735,2.35191813153582));
#5675=CARTESIAN_POINT('',(15.8784403353694,-5.68267273067384,2.37827265779373));
#5676=CARTESIAN_POINT('',(15.7529158212326,-5.67397278430422,2.23879748966191));
#5677=CARTESIAN_POINT('',(15.7750051791739,-5.62839910349519,2.35153308185394));
#5678=CARTESIAN_POINT('',(15.8877407713659,-5.67397278430421,2.37362243979547));
#5679=CARTESIAN_POINT('',(15.7604297807188,-5.65583248140535,2.22376957068941));
#5680=CARTESIAN_POINT('',(15.7737192632141,-5.61567459456563,2.35281899781375));
#5681=CARTESIAN_POINT('',(15.9027686903385,-5.65583248140535,2.36610848030923));
#5682=CARTESIAN_POINT('',(15.7632933718187,-5.64639248609899,2.2180423884897));
#5683=CARTESIAN_POINT('',(15.7720195225044,-5.6116879317824,2.35451873852346));
#5684=CARTESIAN_POINT('',(15.9084958725382,-5.64639248609899,2.36324488920938));
#5685=CARTESIAN_POINT('',(15.7671239545003,-5.62713484650588,2.2103812231265));
#5686=CARTESIAN_POINT('',(15.7691512797118,-5.6075541993449,2.35738698131603));
#5687=CARTESIAN_POINT('',(15.9161570379013,-5.62713484650588,2.35941430652779));
#5688=CARTESIAN_POINT('',(15.768090871099,-5.61731769350879,2.20844739011088));
#5689=CARTESIAN_POINT('',(15.7680911837836,-5.60746521519241,2.35844707724455));
#5690=CARTESIAN_POINT('',(15.9180908709169,-5.61731769350879,2.35844738992908));
#5691=CARTESIAN_POINT('',(15.768090871099,-5.60750011800002,2.20844738992908));
#5692=CARTESIAN_POINT('',(15.768090871099,-5.60750011800002,2.35844738992886));
#5693=CARTESIAN_POINT('',(15.9180908710988,-5.60750011800002,2.35844738992908));
#5694=CARTESIAN_POINT('',(16.418090871099,-3.3375001180001,3.14104483714568));
#5695=CARTESIAN_POINT('',(16.418090871099,-5.5857870610039,4.6918064245168));
#5696=CARTESIAN_POINT('',(16.418090871099,-5.87128873812109,4.88873192612197));
#5697=CARTESIAN_POINT('',(16.418090871099,-3.3375001180001,3.14104483714568));
#5698=CARTESIAN_POINT('',(15.5137354640874,-3.33750011800011,3.71109479586279));
#5699=CARTESIAN_POINT('',(19.0600843078274,-3.33750011800009,1.47569486758598));
#5700=CARTESIAN_POINT('',(16.418090871099,-5.60750011800001,4.70218137560365));
#5701=CARTESIAN_POINT('',(16.4320331853237,-5.54311022913099,4.83693876532864));
#5702=CARTESIAN_POINT('',(12.8196290983397,-5.54311022913101,5.21068652780709));
#5703=CARTESIAN_POINT('',(12.69394231179,-5.54311022913101,5.22369037624566));
#5704=CARTESIAN_POINT('',(12.6799999975654,-5.60750011800003,5.08893298652067));
#5705=CARTESIAN_POINT('',(14.2889991867539,-5.60750011800002,4.92246217309322));
#5706=CARTESIAN_POINT('',(12.6799999977085,-3.33750011800012,4.00427968451658));
#5707=CARTESIAN_POINT('',(12.6939423119332,-3.27311022913301,4.13903707424249));
#5708=CARTESIAN_POINT('',(14.1919092769106,-3.27311022913109,3.98405391401203));
#5709=CARTESIAN_POINT('',(15.527677778312,-3.27311022913108,3.84585218558779));
#5710=CARTESIAN_POINT('',(15.5137354640874,-3.33750011800011,3.71109479586278));
#5711=CARTESIAN_POINT('',(19.1024233835844,-3.33750011800009,3.33980076345424));
#5712=CARTESIAN_POINT('',(12.5299999976132,-5.60750011800004,1.190000228));
#5713=CARTESIAN_POINT('',(12.5299999976611,-5.60750011800004,-0.0815526100692299));
#5714=CARTESIAN_POINT('',(12.5299999976611,-5.60750011800003,5.08893298652067));
#5715=CARTESIAN_POINT('',(12.5299999976611,-5.03882425646215,4.81720780986816));
#5716=CARTESIAN_POINT('',(12.5299999976611,-3.33750011800012,4.00427968452149));
#5717=CARTESIAN_POINT('',(12.529999997709,-3.33750011800013,-9.49366177184643));
#5718=CARTESIAN_POINT('',(12.5299999976611,-3.33750011800012,-0.0815526100692299));
#5719=CARTESIAN_POINT('',(12.5299999976611,-4.47250011798743,-0.0815526100692299));
#5720=CARTESIAN_POINT('',(12.5299999976611,-4.47250011798743,2.50369018822572));
#5721=CARTESIAN_POINT('',(16.4320331853237,-5.1248830039905,4.63710108218747));
#5722=CARTESIAN_POINT('',(16.4320331853237,-5.52139717213487,4.82656381424181));
#5723=CARTESIAN_POINT('',(16.0294996007123,-4.52067224100102,4.39004365381436));
#5724=CARTESIAN_POINT('',(12.6939423118858,-4.97443436759313,4.95196519959316));
#5725=CARTESIAN_POINT('',(14.2782448175663,-5.03819850808374,4.81851739774881));
#5726=CARTESIAN_POINT('',(12.6799999975654,-5.60750011800004,5.08893298652067));
#5727=CARTESIAN_POINT('',(12.6799999975654,-5.60750011800004,-0.0815526100692299));
#5728=CARTESIAN_POINT('',(12.6799999975654,-5.60750011800004,1.190000228));
#5729=CARTESIAN_POINT('',(12.6799999977569,-3.33750011800012,4.00427968452149));
#5730=CARTESIAN_POINT('',(12.6799999977569,-3.33750011800012,-0.0815526100692299));
#5731=CARTESIAN_POINT('',(12.6799999977569,-3.33750011800013,-9.49366177184643));
#5732=CARTESIAN_POINT('',(12.6799999976611,-3.33750011800012,-0.08155261006923));
#5733=CARTESIAN_POINT('',(12.6799999977569,-3.33750011800012,-0.0815526100692299));
#5734=CARTESIAN_POINT('',(12.6799999976611,-5.60750011800004,-0.08155261006923));
#5735=CARTESIAN_POINT('',(12.6799999976611,8.3524737550005,-0.08155261006923));
#5736=CARTESIAN_POINT('',(12.6799999976132,-5.60750011800004,-0.0815526100692299));
#5737=CARTESIAN_POINT('',(16.418090871099,-5.60750011800001,4.70218137560364));
#5738=CARTESIAN_POINT('',(16.418090871099,-5.60750011800001,4.70218137560365));
#5739=CARTESIAN_POINT('',(12.6799999976611,-5.60750011800389,5.0889329865126));
#5740=CARTESIAN_POINT('',(12.6799999975654,-5.60750011800003,5.08893298652067));
#5741=CARTESIAN_POINT('',(16.418090871099,-5.5857870610039,4.69180642451681));
#5742=CARTESIAN_POINT('',(16.418090871099,-5.18927289285952,4.50234369246247));
#5743=CARTESIAN_POINT('',(12.6799999976611,-3.33750011800012,4.00427968452149));
#5744=CARTESIAN_POINT('',(12.6799999976611,-5.03882425646215,4.81720780986816));
#5745=CARTESIAN_POINT('',(12.679999997709,-3.33750011800012,4.00427968452149));
#5746=CARTESIAN_POINT('',(15.5137354640874,-3.33750011800011,3.71109479586279));
#5747=CARTESIAN_POINT('',(15.5137354640874,-3.33750011800011,3.71109479586279));
#5748=CARTESIAN_POINT('',(16.418090871099,-5.5857870610039,4.69180642451681));
#5749=CARTESIAN_POINT('',(16.0155572864876,-4.58506212987005,4.25528626408935));
#5750=CARTESIAN_POINT('',(16.418090871099,-5.5857870610039,4.69180642451681));
#5751=CARTESIAN_POINT('',(15.1188938798469,-7.11250011831938,-0.126152527264609));
#5752=CARTESIAN_POINT('',(15.1188938798469,-5.60750011800002,-0.126152527264608));
#5753=CARTESIAN_POINT('',(15.1188938798469,-3.33750011800011,-0.126152527264609));
#5754=CARTESIAN_POINT('',(15.618090871099,-3.33750011800011,1.476833395018));
#5755=CARTESIAN_POINT('',(15.7613069574377,-3.33750011800011,1.93671871938562));
#5756=CARTESIAN_POINT('',(15.7613069574377,-5.60750011800002,1.93671871938562));
#5757=CARTESIAN_POINT('',(15.7613069574377,-5.60750011800002,1.93671871938562));
#5758=CARTESIAN_POINT('',(15.1327830501537,-5.60750011800002,-0.0815526100692302));
#5759=CARTESIAN_POINT('',(15.4634566901001,-7.11250011831938,0.980283096060489));
#5760=CARTESIAN_POINT('',(16.418090871099,-3.3375001180001,3.14104483714568));
#5761=CARTESIAN_POINT('',(16.418090871099,-3.33750011800011,2.50844738992981));
#5762=CARTESIAN_POINT('',(16.418090871099,-3.33750011800011,2.5084473899308));
#5763=CARTESIAN_POINT('',(16.418090871099,-3.33750011800011,2.50844738992981));
#5764=CARTESIAN_POINT('',(16.418090871099,-5.60750011800001,2.50844738992981));
#5765=CARTESIAN_POINT('',(16.4180908710992,-5.60750011800001,2.35844738992982));
#5766=CARTESIAN_POINT('',(16.418090871099,-3.25751318204175,2.50844738992981));
#5767=CARTESIAN_POINT('',(16.418090871099,-5.60750011800001,2.50844738992981));
#5768=CARTESIAN_POINT('',(16.418090871099,-3.33750011800011,2.50844738992981));
#5769=CARTESIAN_POINT('',(13.5559790201341,-3.25751318204175,2.3584473899256));
#5770=CARTESIAN_POINT('',(16.418090871099,-3.3375001180001,3.14104483714568));
#5771=CARTESIAN_POINT('',(14.9756777935083,-5.60750011800002,-0.08155261006923));
#5772=CARTESIAN_POINT('',(14.9756777935083,-5.60750011800002,-0.0815526100692301));
#5773=CARTESIAN_POINT('',(14.9756777935083,-5.60750011800002,-0.08155261006923));
#5774=CARTESIAN_POINT('',(14.9756777935083,-3.33750011800011,-0.0815526100692304));
#5775=CARTESIAN_POINT('',(14.9756777935083,8.3524737550005,-0.08155261006923));
#5776=CARTESIAN_POINT('',(15.618090871099,-5.60750011800002,1.981318636581));
#5777=CARTESIAN_POINT('',(15.681821876239,-5.60750011800002,2.18596711372054));
#5778=CARTESIAN_POINT('',(14.9756777935083,-3.33750011800011,-0.0815526100692301));
#5779=CARTESIAN_POINT('',(14.9756777935083,-3.33750011800011,-0.08155261006923));
#5780=CARTESIAN_POINT('',(15.618090871099,-5.60750011800002,1.981318636581));
#5781=CARTESIAN_POINT('',(15.618090871099,-5.60750011800002,1.981318636581));
#5782=CARTESIAN_POINT('',(15.618090871099,-3.33750011800011,1.981318636581));
#5783=CARTESIAN_POINT('',(15.681821876239,-3.33750011800011,2.18596711372054));
#5784=CARTESIAN_POINT('',(15.618090871099,-3.33750011800011,1.981318636581));
#5785=CARTESIAN_POINT('',(15.618090871099,-7.11250011831938,1.981318636581));
#5786=CARTESIAN_POINT('',(15.618090871099,-3.33750011800011,1.981318636581));
#5787=MECHANICAL_DESIGN_GEOMETRIC_PRESENTATION_REPRESENTATION('',(#34,#35,
#36,#37,#38),#5788);
#5788=(
GEOMETRIC_REPRESENTATION_CONTEXT(3)
GLOBAL_UNCERTAINTY_ASSIGNED_CONTEXT((#5789))
GLOBAL_UNIT_ASSIGNED_CONTEXT((#5795,#5791,#5790))
REPRESENTATION_CONTEXT('613-35102-91','TOP_LEVEL_ASSEMBLY_PART')
);
#5789=UNCERTAINTY_MEASURE_WITH_UNIT(LENGTH_MEASURE(0.0001),#5795,
'DISTANCE_ACCURACY_VALUE','Maximum Tolerance applied to model');
#5790=(
NAMED_UNIT(*)
SI_UNIT($,.STERADIAN.)
SOLID_ANGLE_UNIT()
);
#5791=(
CONVERSION_BASED_UNIT('DEGREE',#5793)
NAMED_UNIT(#5792)
PLANE_ANGLE_UNIT()
);
#5792=DIMENSIONAL_EXPONENTS(0.,0.,0.,0.,0.,0.,0.);
#5793=PLANE_ANGLE_MEASURE_WITH_UNIT(PLANE_ANGLE_MEASURE(0.0174532925),#5794);
#5794=(
NAMED_UNIT(*)
PLANE_ANGLE_UNIT()
SI_UNIT($,.RADIAN.)
);
#5795=(
LENGTH_UNIT()
NAMED_UNIT(*)
SI_UNIT(.MILLI.,.METRE.)
);
ENDSEC;
END-ISO-10303-21;
