ISO-10303-21;
HEADER;
/* Generated by software containing ST-Developer
 * from STEP Tools, Inc. (www.steptools.com) 
 */
/* OPTION: using custom schema-name function */

FILE_DESCRIPTION(
/* description */ (''),
/* implementation_level */ '2;1');

FILE_NAME(
/* name */ '613-35106-90.stp',
/* time_stamp */ '2025-06-09T16:51:01-07:00',
/* author */ (''),
/* organization */ (''),
/* preprocessor_version */ 'ST-DEVELOPER v19.4',
/* originating_system */ 'SIEMENS PLM Software NX2306.9160',
/* authorisation */ '');

FILE_SCHEMA (('AUTOMOTIVE_DESIGN { 1 0 10303 214 3 1 1 1 }'));
ENDSEC;

DATA;
#10=PROPERTY_DEFINITION_REPRESENTATION(#14,#12);
#11=PROPERTY_DEFINITION_REPRESENTATION(#15,#13);
#12=REPRESENTATION('',(#16),#5951);
#13=REPRESENTATION('',(#17),#5951);
#14=PROPERTY_DEFINITION('pmi validation property','',#21);
#15=PROPERTY_DEFINITION('pmi validation property','',#21);
#16=VALUE_REPRESENTATION_ITEM('number of annotations',COUNT_MEASURE(0.));
#17=VALUE_REPRESENTATION_ITEM('number of views',COUNT_MEASURE(0.));
#18=SHAPE_REPRESENTATION_RELATIONSHIP('None',
'relationship between khel2B04028Flr03-None and khel2B04028Flr03-None',
#30,#19);
#19=ADVANCED_BREP_SHAPE_REPRESENTATION('khel2B04028Flr03-None',(#69,#70,
#71,#72,#73),#5951);
#20=SHAPE_DEFINITION_REPRESENTATION(#21,#30);
#21=PRODUCT_DEFINITION_SHAPE('','',#22);
#22=PRODUCT_DEFINITION(' ','',#24,#23);
#23=PRODUCT_DEFINITION_CONTEXT('part definition',#29,'design');
#24=PRODUCT_DEFINITION_FORMATION_WITH_SPECIFIED_SOURCE(' ',' ',#26,
 .NOT_KNOWN.);
#25=PRODUCT_RELATED_PRODUCT_CATEGORY('part','',(#26));
#26=PRODUCT('khel2B04028Flr03','khel2B04028Flr03',' ',(#27));
#27=PRODUCT_CONTEXT(' ',#29,'mechanical');
#28=APPLICATION_PROTOCOL_DEFINITION('international standard',
'automotive_design',2010,#29);
#29=APPLICATION_CONTEXT(
'core data for automotive mechanical design processes');
#30=SHAPE_REPRESENTATION('khel2B04028Flr03-None',(#3175),#5951);
#31=TOROIDAL_SURFACE('',#3497,0.3,0.15);
#32=PRESENTATION_LAYER_ASSIGNMENT('3','Layer 3',(#69,#70,#71,#72,#73));
#33=STYLED_ITEM('',(#38),#69);
#34=STYLED_ITEM('',(#39),#70);
#35=STYLED_ITEM('',(#40),#71);
#36=STYLED_ITEM('',(#41),#72);
#37=STYLED_ITEM('',(#42),#73);
#38=PRESENTATION_STYLE_ASSIGNMENT((#43));
#39=PRESENTATION_STYLE_ASSIGNMENT((#44));
#40=PRESENTATION_STYLE_ASSIGNMENT((#45));
#41=PRESENTATION_STYLE_ASSIGNMENT((#46));
#42=PRESENTATION_STYLE_ASSIGNMENT((#47));
#43=SURFACE_STYLE_USAGE(.BOTH.,#48);
#44=SURFACE_STYLE_USAGE(.BOTH.,#49);
#45=SURFACE_STYLE_USAGE(.BOTH.,#50);
#46=SURFACE_STYLE_USAGE(.BOTH.,#51);
#47=SURFACE_STYLE_USAGE(.BOTH.,#52);
#48=SURFACE_SIDE_STYLE('',(#53));
#49=SURFACE_SIDE_STYLE('',(#54));
#50=SURFACE_SIDE_STYLE('',(#55));
#51=SURFACE_SIDE_STYLE('',(#56));
#52=SURFACE_SIDE_STYLE('',(#57));
#53=SURFACE_STYLE_FILL_AREA(#58);
#54=SURFACE_STYLE_FILL_AREA(#59);
#55=SURFACE_STYLE_FILL_AREA(#60);
#56=SURFACE_STYLE_FILL_AREA(#61);
#57=SURFACE_STYLE_FILL_AREA(#62);
#58=FILL_AREA_STYLE('',(#63));
#59=FILL_AREA_STYLE('',(#64));
#60=FILL_AREA_STYLE('',(#65));
#61=FILL_AREA_STYLE('',(#66));
#62=FILL_AREA_STYLE('',(#67));
#63=FILL_AREA_STYLE_COLOUR('',#68);
#64=FILL_AREA_STYLE_COLOUR('',#68);
#65=FILL_AREA_STYLE_COLOUR('',#68);
#66=FILL_AREA_STYLE_COLOUR('',#68);
#67=FILL_AREA_STYLE_COLOUR('',#68);
#68=COLOUR_RGB('orange orange yellow',1.,0.6,0.);
#69=MANIFOLD_SOLID_BREP('M1',#74);
#70=MANIFOLD_SOLID_BREP('M2',#75);
#71=MANIFOLD_SOLID_BREP('M3',#76);
#72=MANIFOLD_SOLID_BREP('M4',#77);
#73=MANIFOLD_SOLID_BREP('P20830POCKETBRMCO_UNNAMED_1_1',#78);
#74=CLOSED_SHELL('',(#463,#464,#465,#466,#467,#468,#469,#470,#471,#472,
#473,#474,#475,#476,#477,#478,#479,#480,#481,#482,#483,#484,#485,#486,#487,
#488,#489,#490,#491,#492,#493,#494,#495,#496,#497,#498,#499,#500,#501,#502,
#503,#504,#505,#506,#507,#508,#509,#510,#511,#512));
#75=CLOSED_SHELL('',(#513,#514,#515,#516,#517,#518,#519,#520,#521,#522,
#523,#524,#525,#526,#527,#528,#529,#530,#531,#532,#533,#534,#535,#536,#537,
#538,#539,#540,#541,#542,#543,#544,#545,#546,#547,#548,#549,#550,#551,#552,
#553,#554,#555,#556,#557,#558,#559,#560,#561,#562));
#76=CLOSED_SHELL('',(#563,#564,#565,#566,#567,#568,#569,#570,#571,#572,
#573,#574,#575,#576,#577,#578,#579,#580,#581,#582,#583,#584,#585,#586,#587,
#588,#589,#590,#591,#592,#593,#594,#595,#596,#597,#598,#599,#600,#601,#602,
#603,#604,#605,#606,#607,#608,#609,#610,#611,#612));
#77=CLOSED_SHELL('',(#613,#614,#615,#616,#617,#618,#619,#620,#621,#622,
#623,#624,#625,#626,#627,#628,#629,#630,#631,#632,#633,#634,#635,#636,#637,
#638,#639,#640,#641,#642,#643,#644,#645,#646,#647,#648,#649,#650,#651,#652,
#653,#654,#655,#656,#657,#658,#659,#660,#661,#662,#663,#664,#665,#666,#667,
#668));
#78=CLOSED_SHELL('',(#669,#670,#671,#672,#673,#674,#675,#676,#677,#678,
#679,#680,#681,#682,#683,#684));
#79=SPHERICAL_SURFACE('',#3218,0.15);
#80=SPHERICAL_SURFACE('',#3221,0.15);
#81=SPHERICAL_SURFACE('',#3229,0.15);
#82=SPHERICAL_SURFACE('',#3231,0.15);
#83=SPHERICAL_SURFACE('',#3233,0.15);
#84=SPHERICAL_SURFACE('',#3235,0.15);
#85=SPHERICAL_SURFACE('',#3245,0.15);
#86=SPHERICAL_SURFACE('',#3247,0.15);
#87=SPHERICAL_SURFACE('',#3253,0.15);
#88=SPHERICAL_SURFACE('',#3254,0.15);
#89=SPHERICAL_SURFACE('',#3258,0.15);
#90=SPHERICAL_SURFACE('',#3264,0.15);
#91=SPHERICAL_SURFACE('',#3266,0.15);
#92=SPHERICAL_SURFACE('',#3271,0.15);
#93=SPHERICAL_SURFACE('',#3317,0.15);
#94=SPHERICAL_SURFACE('',#3320,0.15);
#95=SPHERICAL_SURFACE('',#3325,0.15);
#96=SPHERICAL_SURFACE('',#3327,0.15);
#97=SPHERICAL_SURFACE('',#3333,0.15);
#98=SPHERICAL_SURFACE('',#3337,0.15);
#99=SPHERICAL_SURFACE('',#3340,0.15);
#100=SPHERICAL_SURFACE('',#3348,0.15);
#101=SPHERICAL_SURFACE('',#3349,0.15);
#102=SPHERICAL_SURFACE('',#3351,0.15);
#103=SPHERICAL_SURFACE('',#3354,0.15);
#104=SPHERICAL_SURFACE('',#3360,0.15);
#105=SPHERICAL_SURFACE('',#3362,0.15);
#106=SPHERICAL_SURFACE('',#3367,0.15);
#107=SPHERICAL_SURFACE('',#3401,0.15);
#108=SPHERICAL_SURFACE('',#3414,0.15);
#109=SPHERICAL_SURFACE('',#3417,0.15);
#110=SPHERICAL_SURFACE('',#3422,0.15);
#111=SPHERICAL_SURFACE('',#3424,0.15);
#112=SPHERICAL_SURFACE('',#3432,0.15);
#113=SPHERICAL_SURFACE('',#3434,0.15);
#114=SPHERICAL_SURFACE('',#3443,0.15);
#115=SPHERICAL_SURFACE('',#3444,0.15);
#116=SPHERICAL_SURFACE('',#3447,0.15);
#117=SPHERICAL_SURFACE('',#3450,0.15);
#118=SPHERICAL_SURFACE('',#3456,0.15);
#119=SPHERICAL_SURFACE('',#3458,0.15);
#120=SPHERICAL_SURFACE('',#3463,0.15);
#121=SPHERICAL_SURFACE('',#3504,0.15);
#122=SPHERICAL_SURFACE('',#3506,0.15);
#123=SPHERICAL_SURFACE('',#3520,0.15);
#124=SPHERICAL_SURFACE('',#3524,0.15);
#125=SPHERICAL_SURFACE('',#3527,0.15);
#126=SPHERICAL_SURFACE('',#3534,0.15);
#127=SPHERICAL_SURFACE('',#3536,0.15);
#128=SPHERICAL_SURFACE('',#3546,0.15);
#129=SPHERICAL_SURFACE('',#3548,0.15);
#130=SPHERICAL_SURFACE('',#3554,0.15);
#131=SPHERICAL_SURFACE('',#3555,0.15);
#132=SPHERICAL_SURFACE('',#3559,0.15);
#133=SPHERICAL_SURFACE('',#3565,0.15);
#134=SPHERICAL_SURFACE('',#3567,0.15);
#135=SPHERICAL_SURFACE('',#3572,0.15);
#136=(
BOUNDED_SURFACE()
B_SPLINE_SURFACE(3,2,((#4776,#4777,#4778),(#4779,#4780,#4781),(#4782,#4783,
#4784),(#4785,#4786,#4787),(#4788,#4789,#4790),(#4791,#4792,#4793),(#4794,
#4795,#4796),(#4797,#4798,#4799),(#4800,#4801,#4802),(#4803,#4804,#4805),
(#4806,#4807,#4808),(#4809,#4810,#4811),(#4812,#4813,#4814),(#4815,#4816,
#4817),(#4818,#4819,#4820),(#4821,#4822,#4823)),.UNSPECIFIED.,.F.,.F.,.F.)
B_SPLINE_SURFACE_WITH_KNOTS((4,2,2,2,2,2,2,4),(3,3),(0.,0.25,0.375,0.5,
0.625,0.75,0.875,1.),(0.,1.),.UNSPECIFIED.)
GEOMETRIC_REPRESENTATION_ITEM()
RATIONAL_B_SPLINE_SURFACE(((1.,1.,1.),(1.,1.00015863059421,1.),(1.,0.986729122915204,
1.),(1.,0.950674068364214,1.),(1.,0.936042128540744,1.),(1.,0.903165155145898,
1.),(1.,0.884919061634879,1.),(1.,0.847131745934422,1.),(1.,0.827594150540316,
1.),(1.,0.790218127703657,1.),(1.,0.772396684493227,1.),(1.,0.741833555204814,
1.),(1.,0.729128792213926,1.),(1.,0.711746104330367,1.),(1.,0.70707165192022,
1.),(1.,0.707106781187071,1.)))
REPRESENTATION_ITEM('')
SURFACE()
);
#137=(
BOUNDED_SURFACE()
B_SPLINE_SURFACE(3,2,((#4827,#4828,#4829),(#4830,#4831,#4832),(#4833,#4834,
#4835),(#4836,#4837,#4838),(#4839,#4840,#4841),(#4842,#4843,#4844),(#4845,
#4846,#4847),(#4848,#4849,#4850),(#4851,#4852,#4853),(#4854,#4855,#4856),
(#4857,#4858,#4859),(#4860,#4861,#4862),(#4863,#4864,#4865),(#4866,#4867,
#4868),(#4869,#4870,#4871),(#4872,#4873,#4874)),.UNSPECIFIED.,.F.,.F.,.F.)
B_SPLINE_SURFACE_WITH_KNOTS((4,2,2,2,2,2,2,4),(3,3),(0.,0.25,0.375,0.5,
0.625,0.75,0.875,1.),(0.,1.),.UNSPECIFIED.)
GEOMETRIC_REPRESENTATION_ITEM()
RATIONAL_B_SPLINE_SURFACE(((1.,1.,1.),(1.,1.00015863059426,1.),(1.,0.986729122915152,
1.),(1.,0.95067406836425,1.),(1.,0.93604212854071,1.),(1.,0.903165155145937,
1.),(1.,0.884919061634875,1.),(1.,0.847131745934439,1.),(1.,0.827594150540236,
1.),(1.,0.790218127703751,1.),(1.,0.772396684493241,1.),(1.,0.741833555204806,
1.),(1.,0.729128792213976,1.),(1.,0.711746104330327,1.),(1.,0.707071651920251,
1.),(1.,0.707106781187071,1.)))
REPRESENTATION_ITEM('')
SURFACE()
);
#138=(
BOUNDED_SURFACE()
B_SPLINE_SURFACE(3,2,((#5070,#5071,#5072),(#5073,#5074,#5075),(#5076,#5077,
#5078),(#5079,#5080,#5081),(#5082,#5083,#5084),(#5085,#5086,#5087),(#5088,
#5089,#5090),(#5091,#5092,#5093),(#5094,#5095,#5096),(#5097,#5098,#5099),
(#5100,#5101,#5102),(#5103,#5104,#5105),(#5106,#5107,#5108),(#5109,#5110,
#5111),(#5112,#5113,#5114),(#5115,#5116,#5117)),.UNSPECIFIED.,.F.,.F.,.F.)
B_SPLINE_SURFACE_WITH_KNOTS((4,2,2,2,2,2,2,4),(3,3),(0.,0.25,0.375,0.5,
0.625,0.75,0.875,1.),(0.,1.),.UNSPECIFIED.)
GEOMETRIC_REPRESENTATION_ITEM()
RATIONAL_B_SPLINE_SURFACE(((1.,1.,1.),(1.,1.00015863059425,1.),(1.,0.98672912291515,
1.),(1.,0.950674068364245,1.),(1.,0.936042128540717,1.),(1.,0.903165155145924,
1.),(1.,0.884919061634867,1.),(1.,0.847131745934435,1.),(1.,0.827594150540269,
1.),(1.,0.790218127703705,1.),(1.,0.772396684493219,1.),(1.,0.741833555204821,
1.),(1.,0.729128792213928,1.),(1.,0.711746104330367,1.),(1.,0.707071651920215,
1.),(1.,0.707106781187071,1.)))
REPRESENTATION_ITEM('')
SURFACE()
);
#139=(
BOUNDED_SURFACE()
B_SPLINE_SURFACE(3,2,((#5121,#5122,#5123),(#5124,#5125,#5126),(#5127,#5128,
#5129),(#5130,#5131,#5132),(#5133,#5134,#5135),(#5136,#5137,#5138),(#5139,
#5140,#5141),(#5142,#5143,#5144),(#5145,#5146,#5147),(#5148,#5149,#5150),
(#5151,#5152,#5153),(#5154,#5155,#5156),(#5157,#5158,#5159),(#5160,#5161,
#5162),(#5163,#5164,#5165),(#5166,#5167,#5168)),.UNSPECIFIED.,.F.,.F.,.F.)
B_SPLINE_SURFACE_WITH_KNOTS((4,2,2,2,2,2,2,4),(3,3),(0.,0.25,0.375,0.5,
0.625,0.75,0.875,1.),(0.,1.),.UNSPECIFIED.)
GEOMETRIC_REPRESENTATION_ITEM()
RATIONAL_B_SPLINE_SURFACE(((1.,1.,1.),(1.,1.00015863059427,1.),(1.,0.986729122915128,
1.),(1.,0.950674068364258,1.),(1.,0.936042128540704,1.),(1.,0.903165155145946,
1.),(1.,0.884919061634851,1.),(1.,0.847131745934453,1.),(1.,0.827594150540281,
1.),(1.,0.79021812770369,1.),(1.,0.772396684493252,1.),(1.,0.741833555204785,
1.),(1.,0.729128792213849,1.),(1.,0.711746104330458,1.),(1.,0.707071651920149,
1.),(1.,0.707106781187071,1.)))
REPRESENTATION_ITEM('')
SURFACE()
);
#140=(
BOUNDED_SURFACE()
B_SPLINE_SURFACE(3,2,((#5354,#5355,#5356),(#5357,#5358,#5359),(#5360,#5361,
#5362),(#5363,#5364,#5365),(#5366,#5367,#5368),(#5369,#5370,#5371),(#5372,
#5373,#5374),(#5375,#5376,#5377),(#5378,#5379,#5380),(#5381,#5382,#5383),
(#5384,#5385,#5386),(#5387,#5388,#5389),(#5390,#5391,#5392),(#5393,#5394,
#5395),(#5396,#5397,#5398),(#5399,#5400,#5401)),.UNSPECIFIED.,.F.,.F.,.F.)
B_SPLINE_SURFACE_WITH_KNOTS((4,2,2,2,2,2,2,4),(3,3),(0.,0.125,0.25,0.375,
0.5,0.625,0.75,1.),(0.,1.),.UNSPECIFIED.)
GEOMETRIC_REPRESENTATION_ITEM()
RATIONAL_B_SPLINE_SURFACE(((1.,0.707106781187071,1.),(1.,0.70707165192022,
1.),(1.,0.711746104330366,1.),(1.,0.729128792213927,1.),(1.,0.741833555204818,
1.),(1.,0.77239668449322,1.),(1.,0.790218127703675,1.),(1.,0.827594150540297,
1.),(1.,0.847131745934452,1.),(1.,0.884919061634847,1.),(1.,0.903165155145901,
1.),(1.,0.936042128540741,1.),(1.,0.950674068364222,1.),(1.,0.98672912291519,
1.),(1.,1.00015863059422,1.),(1.,1.,1.)))
REPRESENTATION_ITEM('')
SURFACE()
);
#141=(
BOUNDED_SURFACE()
B_SPLINE_SURFACE(3,2,((#5405,#5406,#5407),(#5408,#5409,#5410),(#5411,#5412,
#5413),(#5414,#5415,#5416),(#5417,#5418,#5419),(#5420,#5421,#5422),(#5423,
#5424,#5425),(#5426,#5427,#5428),(#5429,#5430,#5431),(#5432,#5433,#5434),
(#5435,#5436,#5437),(#5438,#5439,#5440),(#5441,#5442,#5443),(#5444,#5445,
#5446),(#5447,#5448,#5449),(#5450,#5451,#5452)),.UNSPECIFIED.,.F.,.F.,.F.)
B_SPLINE_SURFACE_WITH_KNOTS((4,2,2,2,2,2,2,4),(3,3),(0.,0.25,0.375,0.5,
0.625,0.75,0.875,1.),(0.,1.),.UNSPECIFIED.)
GEOMETRIC_REPRESENTATION_ITEM()
RATIONAL_B_SPLINE_SURFACE(((1.,1.,1.),(1.,1.00015863059423,1.),(1.,0.98672912291519,
1.),(1.,0.950674068364226,1.),(1.,0.936042128540709,1.),(1.,0.90316515514594,
1.),(1.,0.884919061634862,1.),(1.,0.847131745934437,1.),(1.,0.827594150540266,
1.),(1.,0.790218127703704,1.),(1.,0.772396684493217,1.),(1.,0.741833555204817,
1.),(1.,0.729128792213852,1.),(1.,0.711746104330453,1.),(1.,0.707071651920151,
1.),(1.,0.707106781187071,1.)))
REPRESENTATION_ITEM('')
SURFACE()
);
#142=(
BOUNDED_SURFACE()
B_SPLINE_SURFACE(3,2,((#5657,#5658,#5659),(#5660,#5661,#5662),(#5663,#5664,
#5665),(#5666,#5667,#5668),(#5669,#5670,#5671),(#5672,#5673,#5674),(#5675,
#5676,#5677),(#5678,#5679,#5680),(#5681,#5682,#5683),(#5684,#5685,#5686),
(#5687,#5688,#5689),(#5690,#5691,#5692),(#5693,#5694,#5695),(#5696,#5697,
#5698),(#5699,#5700,#5701),(#5702,#5703,#5704)),.UNSPECIFIED.,.F.,.F.,.F.)
B_SPLINE_SURFACE_WITH_KNOTS((4,2,2,2,2,2,2,4),(3,3),(0.,0.25,0.375,0.5,
0.625,0.75,0.875,1.),(0.,1.),.UNSPECIFIED.)
GEOMETRIC_REPRESENTATION_ITEM()
RATIONAL_B_SPLINE_SURFACE(((1.,1.,1.),(1.,1.00015863059431,1.),(1.,0.986729122915085,
1.),(1.,0.950674068364282,1.),(1.,0.936042128540699,1.),(1.,0.903165155145949,
1.),(1.,0.884919061634852,1.),(1.,0.84713174593445,1.),(1.,0.827594150540277,
1.),(1.,0.790218127703694,1.),(1.,0.77239668449322,1.),(1.,0.741833555204815,
1.),(1.,0.729128792213847,1.),(1.,0.711746104330444,1.),(1.,0.707071651920156,
1.),(1.,0.707106781187071,1.)))
REPRESENTATION_ITEM('')
SURFACE()
);
#143=(
BOUNDED_SURFACE()
B_SPLINE_SURFACE(3,2,((#5763,#5764,#5765),(#5766,#5767,#5768),(#5769,#5770,
#5771),(#5772,#5773,#5774),(#5775,#5776,#5777),(#5778,#5779,#5780),(#5781,
#5782,#5783),(#5784,#5785,#5786),(#5787,#5788,#5789),(#5790,#5791,#5792),
(#5793,#5794,#5795),(#5796,#5797,#5798),(#5799,#5800,#5801),(#5802,#5803,
#5804),(#5805,#5806,#5807),(#5808,#5809,#5810)),.UNSPECIFIED.,.F.,.F.,.F.)
B_SPLINE_SURFACE_WITH_KNOTS((4,2,2,2,2,2,2,4),(3,3),(0.,0.125,0.25,0.375,
0.5,0.625,0.75,1.),(0.,1.),.UNSPECIFIED.)
GEOMETRIC_REPRESENTATION_ITEM()
RATIONAL_B_SPLINE_SURFACE(((1.,0.707106781186548,1.),(1.,0.707071651919673,
1.),(1.,0.711746104329889,1.),(1.,0.72912879221343,1.),(1.,0.741833555204405,
1.),(1.,0.772396684492804,1.),(1.,0.790218127703387,1.),(1.,0.82759415053996,
1.),(1.,0.847131745934183,1.),(1.,0.884919061634702,1.),(1.,0.903165155145754,
1.),(1.,0.936042128540646,1.),(1.,0.950674068364164,1.),(1.,0.986729122915145,
1.),(1.,1.00015863059425,1.),(1.,1.,1.)))
REPRESENTATION_ITEM('')
SURFACE()
);
#144=ELLIPSE('',#3188,0.335410196624573,0.15);
#145=ELLIPSE('',#3191,0.335410196624573,0.15);
#146=ELLIPSE('',#3194,0.335410196624574,0.15);
#147=ELLIPSE('',#3196,0.335410196624575,0.15);
#148=ELLIPSE('',#3279,0.335410196624573,0.15);
#149=ELLIPSE('',#3282,0.335410196624573,0.15);
#150=ELLIPSE('',#3288,0.335410196624575,0.15);
#151=ELLIPSE('',#3290,0.335410196624575,0.15);
#152=ELLIPSE('',#3374,0.335410196624573,0.15);
#153=ELLIPSE('',#3377,0.335410196624573,0.15);
#154=ELLIPSE('',#3383,0.335410196624575,0.15);
#155=ELLIPSE('',#3385,0.335410196624575,0.15);
#156=ELLIPSE('',#3475,0.335410196624573,0.15);
#157=ELLIPSE('',#3484,0.335410196624575,0.15);
#158=ELLIPSE('',#3514,0.335410196624969,0.15);
#159=ELLIPSE('',#3521,0.335410196624969,0.15);
#160=CYLINDRICAL_SURFACE('',#3183,0.15);
#161=CYLINDRICAL_SURFACE('',#3186,0.15);
#162=CYLINDRICAL_SURFACE('',#3189,0.15);
#163=CYLINDRICAL_SURFACE('',#3192,0.15);
#164=CYLINDRICAL_SURFACE('',#3195,0.15);
#165=CYLINDRICAL_SURFACE('',#3198,0.15);
#166=CYLINDRICAL_SURFACE('',#3201,0.15);
#167=CYLINDRICAL_SURFACE('',#3204,0.15);
#168=CYLINDRICAL_SURFACE('',#3207,0.15);
#169=CYLINDRICAL_SURFACE('',#3213,0.15);
#170=CYLINDRICAL_SURFACE('',#3216,0.15);
#171=CYLINDRICAL_SURFACE('',#3220,0.15);
#172=CYLINDRICAL_SURFACE('',#3224,0.15);
#173=CYLINDRICAL_SURFACE('',#3227,0.15);
#174=CYLINDRICAL_SURFACE('',#3237,0.15);
#175=CYLINDRICAL_SURFACE('',#3239,0.15);
#176=CYLINDRICAL_SURFACE('',#3241,0.15);
#177=CYLINDRICAL_SURFACE('',#3243,0.15);
#178=CYLINDRICAL_SURFACE('',#3248,0.15);
#179=CYLINDRICAL_SURFACE('',#3252,0.15);
#180=CYLINDRICAL_SURFACE('',#3260,0.15);
#181=CYLINDRICAL_SURFACE('',#3262,0.15);
#182=CYLINDRICAL_SURFACE('',#3268,0.15);
#183=CYLINDRICAL_SURFACE('',#3270,0.15);
#184=CYLINDRICAL_SURFACE('',#3280,0.15);
#185=CYLINDRICAL_SURFACE('',#3283,0.15);
#186=CYLINDRICAL_SURFACE('',#3286,0.15);
#187=CYLINDRICAL_SURFACE('',#3289,0.15);
#188=CYLINDRICAL_SURFACE('',#3292,0.15);
#189=CYLINDRICAL_SURFACE('',#3295,0.15);
#190=CYLINDRICAL_SURFACE('',#3298,0.15);
#191=CYLINDRICAL_SURFACE('',#3301,0.15);
#192=CYLINDRICAL_SURFACE('',#3304,0.15);
#193=CYLINDRICAL_SURFACE('',#3307,0.15);
#194=CYLINDRICAL_SURFACE('',#3312,0.15);
#195=CYLINDRICAL_SURFACE('',#3315,0.15);
#196=CYLINDRICAL_SURFACE('',#3319,0.15);
#197=CYLINDRICAL_SURFACE('',#3323,0.15);
#198=CYLINDRICAL_SURFACE('',#3329,0.15);
#199=CYLINDRICAL_SURFACE('',#3331,0.15);
#200=CYLINDRICAL_SURFACE('',#3335,0.15);
#201=CYLINDRICAL_SURFACE('',#3339,0.15);
#202=CYLINDRICAL_SURFACE('',#3344,0.15);
#203=CYLINDRICAL_SURFACE('',#3347,0.15);
#204=CYLINDRICAL_SURFACE('',#3356,0.15);
#205=CYLINDRICAL_SURFACE('',#3358,0.15);
#206=CYLINDRICAL_SURFACE('',#3364,0.15);
#207=CYLINDRICAL_SURFACE('',#3366,0.15);
#208=CYLINDRICAL_SURFACE('',#3375,0.15);
#209=CYLINDRICAL_SURFACE('',#3378,0.15);
#210=CYLINDRICAL_SURFACE('',#3381,0.15);
#211=CYLINDRICAL_SURFACE('',#3384,0.15);
#212=CYLINDRICAL_SURFACE('',#3387,0.15);
#213=CYLINDRICAL_SURFACE('',#3390,0.15);
#214=CYLINDRICAL_SURFACE('',#3393,0.15);
#215=CYLINDRICAL_SURFACE('',#3396,0.15);
#216=CYLINDRICAL_SURFACE('',#3399,0.15);
#217=CYLINDRICAL_SURFACE('',#3404,0.15);
#218=CYLINDRICAL_SURFACE('',#3409,0.15);
#219=CYLINDRICAL_SURFACE('',#3412,0.15);
#220=CYLINDRICAL_SURFACE('',#3416,0.15);
#221=CYLINDRICAL_SURFACE('',#3420,0.15);
#222=CYLINDRICAL_SURFACE('',#3426,0.15);
#223=CYLINDRICAL_SURFACE('',#3428,0.15);
#224=CYLINDRICAL_SURFACE('',#3430,0.15);
#225=CYLINDRICAL_SURFACE('',#3435,0.15);
#226=CYLINDRICAL_SURFACE('',#3439,0.15);
#227=CYLINDRICAL_SURFACE('',#3442,0.15);
#228=CYLINDRICAL_SURFACE('',#3452,0.15);
#229=CYLINDRICAL_SURFACE('',#3454,0.15);
#230=CYLINDRICAL_SURFACE('',#3460,0.15);
#231=CYLINDRICAL_SURFACE('',#3462,0.15);
#232=CYLINDRICAL_SURFACE('',#3473,0.15);
#233=CYLINDRICAL_SURFACE('',#3476,0.15);
#234=CYLINDRICAL_SURFACE('',#3479,0.15);
#235=CYLINDRICAL_SURFACE('',#3482,0.15);
#236=CYLINDRICAL_SURFACE('',#3485,0.15);
#237=CYLINDRICAL_SURFACE('',#3488,0.15);
#238=CYLINDRICAL_SURFACE('',#3491,0.15);
#239=CYLINDRICAL_SURFACE('',#3494,0.15);
#240=CYLINDRICAL_SURFACE('',#3499,0.15);
#241=CYLINDRICAL_SURFACE('',#3502,0.15);
#242=CYLINDRICAL_SURFACE('',#3512,0.15);
#243=CYLINDRICAL_SURFACE('',#3515,0.15);
#244=CYLINDRICAL_SURFACE('',#3518,0.15);
#245=CYLINDRICAL_SURFACE('',#3522,0.15);
#246=CYLINDRICAL_SURFACE('',#3526,0.15);
#247=CYLINDRICAL_SURFACE('',#3529,0.15);
#248=CYLINDRICAL_SURFACE('',#3532,0.15);
#249=CYLINDRICAL_SURFACE('',#3538,0.15);
#250=CYLINDRICAL_SURFACE('',#3540,0.15);
#251=CYLINDRICAL_SURFACE('',#3542,0.15);
#252=CYLINDRICAL_SURFACE('',#3544,0.15);
#253=CYLINDRICAL_SURFACE('',#3549,0.15);
#254=CYLINDRICAL_SURFACE('',#3553,0.15);
#255=CYLINDRICAL_SURFACE('',#3561,0.15);
#256=CYLINDRICAL_SURFACE('',#3563,0.15);
#257=CYLINDRICAL_SURFACE('',#3569,0.15);
#258=CYLINDRICAL_SURFACE('',#3571,0.15);
#259=CYLINDRICAL_SURFACE('',#3593,0.15);
#260=CYLINDRICAL_SURFACE('',#3594,0.15);
#261=CYLINDRICAL_SURFACE('',#3595,0.15);
#262=CYLINDRICAL_SURFACE('',#3599,0.15);
#263=CYLINDRICAL_SURFACE('',#3600,0.15);
#264=CYLINDRICAL_SURFACE('',#3601,0.15);
#265=CYLINDRICAL_SURFACE('',#3602,0.15);
#266=CIRCLE('',#3181,0.15);
#267=CIRCLE('',#3182,0.15);
#268=CIRCLE('',#3184,0.15);
#269=CIRCLE('',#3185,0.15);
#270=CIRCLE('',#3187,0.15);
#271=CIRCLE('',#3190,0.15);
#272=CIRCLE('',#3193,0.15);
#273=CIRCLE('',#3197,0.15);
#274=CIRCLE('',#3199,0.15);
#275=CIRCLE('',#3200,0.15);
#276=CIRCLE('',#3202,0.15);
#277=CIRCLE('',#3203,0.15);
#278=CIRCLE('',#3205,0.15);
#279=CIRCLE('',#3206,0.15);
#280=CIRCLE('',#3211,0.15);
#281=CIRCLE('',#3212,0.15);
#282=CIRCLE('',#3214,0.15);
#283=CIRCLE('',#3215,0.15);
#284=CIRCLE('',#3217,0.15);
#285=CIRCLE('',#3219,0.15);
#286=CIRCLE('',#3222,0.15);
#287=CIRCLE('',#3223,0.15);
#288=CIRCLE('',#3225,0.15);
#289=CIRCLE('',#3226,0.15);
#290=CIRCLE('',#3228,0.15);
#291=CIRCLE('',#3230,0.15);
#292=CIRCLE('',#3232,0.15);
#293=CIRCLE('',#3234,0.15);
#294=CIRCLE('',#3236,0.15);
#295=CIRCLE('',#3238,0.15);
#296=CIRCLE('',#3240,0.15);
#297=CIRCLE('',#3242,0.15);
#298=CIRCLE('',#3244,0.15);
#299=CIRCLE('',#3246,0.15);
#300=CIRCLE('',#3250,0.15);
#301=CIRCLE('',#3251,0.15);
#302=CIRCLE('',#3256,0.15);
#303=CIRCLE('',#3257,0.15);
#304=CIRCLE('',#3259,0.15);
#305=CIRCLE('',#3261,0.15);
#306=CIRCLE('',#3263,0.15);
#307=CIRCLE('',#3265,0.15);
#308=CIRCLE('',#3267,0.15);
#309=CIRCLE('',#3269,0.15);
#310=CIRCLE('',#3278,0.15);
#311=CIRCLE('',#3281,0.15);
#312=CIRCLE('',#3284,0.15);
#313=CIRCLE('',#3285,0.15);
#314=CIRCLE('',#3287,0.15);
#315=CIRCLE('',#3291,0.15);
#316=CIRCLE('',#3293,0.15);
#317=CIRCLE('',#3294,0.15);
#318=CIRCLE('',#3296,0.15);
#319=CIRCLE('',#3297,0.15);
#320=CIRCLE('',#3299,0.15);
#321=CIRCLE('',#3300,0.15);
#322=CIRCLE('',#3302,0.15);
#323=CIRCLE('',#3303,0.15);
#324=CIRCLE('',#3305,0.15);
#325=CIRCLE('',#3306,0.15);
#326=CIRCLE('',#3310,0.15);
#327=CIRCLE('',#3311,0.15);
#328=CIRCLE('',#3313,0.15);
#329=CIRCLE('',#3314,0.15);
#330=CIRCLE('',#3316,0.15);
#331=CIRCLE('',#3318,0.15);
#332=CIRCLE('',#3321,0.15);
#333=CIRCLE('',#3322,0.15);
#334=CIRCLE('',#3324,0.15);
#335=CIRCLE('',#3326,0.15);
#336=CIRCLE('',#3328,0.15);
#337=CIRCLE('',#3330,0.15);
#338=CIRCLE('',#3332,0.15);
#339=CIRCLE('',#3334,0.15);
#340=CIRCLE('',#3336,0.15);
#341=CIRCLE('',#3338,0.15);
#342=CIRCLE('',#3342,0.15);
#343=CIRCLE('',#3343,0.15);
#344=CIRCLE('',#3345,0.15);
#345=CIRCLE('',#3346,0.15);
#346=CIRCLE('',#3352,0.15);
#347=CIRCLE('',#3353,0.15);
#348=CIRCLE('',#3355,0.15);
#349=CIRCLE('',#3357,0.15);
#350=CIRCLE('',#3359,0.15);
#351=CIRCLE('',#3361,0.15);
#352=CIRCLE('',#3363,0.15);
#353=CIRCLE('',#3365,0.15);
#354=CIRCLE('',#3373,0.15);
#355=CIRCLE('',#3376,0.15);
#356=CIRCLE('',#3379,0.15);
#357=CIRCLE('',#3380,0.15);
#358=CIRCLE('',#3382,0.15);
#359=CIRCLE('',#3386,0.15);
#360=CIRCLE('',#3388,0.15);
#361=CIRCLE('',#3389,0.15);
#362=CIRCLE('',#3391,0.15);
#363=CIRCLE('',#3392,0.15);
#364=CIRCLE('',#3394,0.15);
#365=CIRCLE('',#3395,0.15);
#366=CIRCLE('',#3397,0.15);
#367=CIRCLE('',#3398,0.15);
#368=CIRCLE('',#3400,0.15);
#369=CIRCLE('',#3402,0.15);
#370=CIRCLE('',#3403,0.15);
#371=CIRCLE('',#3407,0.15);
#372=CIRCLE('',#3408,0.15);
#373=CIRCLE('',#3410,0.15);
#374=CIRCLE('',#3411,0.15);
#375=CIRCLE('',#3413,0.15);
#376=CIRCLE('',#3415,0.15);
#377=CIRCLE('',#3418,0.15);
#378=CIRCLE('',#3419,0.15);
#379=CIRCLE('',#3421,0.15);
#380=CIRCLE('',#3423,0.15);
#381=CIRCLE('',#3425,0.15);
#382=CIRCLE('',#3427,0.15);
#383=CIRCLE('',#3429,0.15);
#384=CIRCLE('',#3431,0.15);
#385=CIRCLE('',#3433,0.15);
#386=CIRCLE('',#3437,0.15);
#387=CIRCLE('',#3438,0.15);
#388=CIRCLE('',#3440,0.15);
#389=CIRCLE('',#3441,0.15);
#390=CIRCLE('',#3448,0.15);
#391=CIRCLE('',#3449,0.15);
#392=CIRCLE('',#3451,0.15);
#393=CIRCLE('',#3453,0.15);
#394=CIRCLE('',#3455,0.15);
#395=CIRCLE('',#3457,0.15);
#396=CIRCLE('',#3459,0.15);
#397=CIRCLE('',#3461,0.15);
#398=CIRCLE('',#3464,0.3);
#399=CIRCLE('',#3471,0.15);
#400=CIRCLE('',#3472,0.15);
#401=CIRCLE('',#3474,0.15);
#402=CIRCLE('',#3477,0.15);
#403=CIRCLE('',#3478,0.15);
#404=CIRCLE('',#3480,0.15);
#405=CIRCLE('',#3481,0.15);
#406=CIRCLE('',#3483,0.15);
#407=CIRCLE('',#3486,0.15);
#408=CIRCLE('',#3487,0.15);
#409=CIRCLE('',#3489,0.15);
#410=CIRCLE('',#3490,0.15);
#411=CIRCLE('',#3492,0.15);
#412=CIRCLE('',#3493,0.15);
#413=CIRCLE('',#3495,0.15);
#414=CIRCLE('',#3496,0.15);
#415=CIRCLE('',#3498,0.15);
#416=CIRCLE('',#3500,0.15);
#417=CIRCLE('',#3501,0.15);
#418=CIRCLE('',#3503,0.15);
#419=CIRCLE('',#3505,0.15);
#420=CIRCLE('',#3510,0.15);
#421=CIRCLE('',#3511,0.15);
#422=CIRCLE('',#3513,0.15);
#423=CIRCLE('',#3516,0.15);
#424=CIRCLE('',#3517,0.15);
#425=CIRCLE('',#3519,0.15);
#426=CIRCLE('',#3523,0.15);
#427=CIRCLE('',#3525,0.15);
#428=CIRCLE('',#3528,0.15);
#429=CIRCLE('',#3530,0.15);
#430=CIRCLE('',#3531,0.15);
#431=CIRCLE('',#3533,0.15);
#432=CIRCLE('',#3535,0.15);
#433=CIRCLE('',#3537,0.15);
#434=CIRCLE('',#3539,0.15);
#435=CIRCLE('',#3541,0.15);
#436=CIRCLE('',#3543,0.15);
#437=CIRCLE('',#3545,0.15);
#438=CIRCLE('',#3547,0.15);
#439=CIRCLE('',#3551,0.15);
#440=CIRCLE('',#3552,0.15);
#441=CIRCLE('',#3557,0.15);
#442=CIRCLE('',#3558,0.15);
#443=CIRCLE('',#3560,0.15);
#444=CIRCLE('',#3562,0.15);
#445=CIRCLE('',#3564,0.15);
#446=CIRCLE('',#3566,0.15);
#447=CIRCLE('',#3568,0.15);
#448=CIRCLE('',#3570,0.15);
#449=CIRCLE('',#3574,0.15);
#450=CIRCLE('',#3575,0.15);
#451=CIRCLE('',#3576,0.15);
#452=CIRCLE('',#3577,0.15);
#453=CIRCLE('',#3578,0.15);
#454=CIRCLE('',#3579,0.15);
#455=CIRCLE('',#3580,0.15);
#456=CIRCLE('',#3583,0.15);
#457=CIRCLE('',#3584,0.15);
#458=CIRCLE('',#3585,0.15);
#459=CIRCLE('',#3586,0.15);
#460=CIRCLE('',#3587,0.15);
#461=CIRCLE('',#3588,0.15);
#462=CIRCLE('',#3589,0.15);
#463=ADVANCED_FACE('',(#735),#685,.F.);
#464=ADVANCED_FACE('',(#736),#686,.F.);
#465=ADVANCED_FACE('',(#737),#687,.T.);
#466=ADVANCED_FACE('',(#738),#688,.T.);
#467=ADVANCED_FACE('',(#739),#689,.F.);
#468=ADVANCED_FACE('',(#740),#160,.T.);
#469=ADVANCED_FACE('',(#741),#161,.T.);
#470=ADVANCED_FACE('',(#742),#162,.T.);
#471=ADVANCED_FACE('',(#743),#163,.T.);
#472=ADVANCED_FACE('',(#744),#164,.T.);
#473=ADVANCED_FACE('',(#745),#165,.T.);
#474=ADVANCED_FACE('',(#746),#166,.T.);
#475=ADVANCED_FACE('',(#747),#167,.T.);
#476=ADVANCED_FACE('',(#748),#136,.T.);
#477=ADVANCED_FACE('',(#749),#168,.F.);
#478=ADVANCED_FACE('',(#750),#137,.T.);
#479=ADVANCED_FACE('',(#751),#690,.T.);
#480=ADVANCED_FACE('',(#752),#691,.F.);
#481=ADVANCED_FACE('',(#753),#692,.T.);
#482=ADVANCED_FACE('',(#754),#169,.T.);
#483=ADVANCED_FACE('',(#755),#170,.T.);
#484=ADVANCED_FACE('',(#756),#79,.T.);
#485=ADVANCED_FACE('',(#757),#171,.T.);
#486=ADVANCED_FACE('',(#758),#80,.T.);
#487=ADVANCED_FACE('',(#759),#172,.T.);
#488=ADVANCED_FACE('',(#760),#173,.T.);
#489=ADVANCED_FACE('',(#761),#81,.T.);
#490=ADVANCED_FACE('',(#762),#82,.T.);
#491=ADVANCED_FACE('',(#763),#83,.T.);
#492=ADVANCED_FACE('',(#764),#84,.T.);
#493=ADVANCED_FACE('',(#765),#174,.T.);
#494=ADVANCED_FACE('',(#766),#175,.T.);
#495=ADVANCED_FACE('',(#767),#176,.T.);
#496=ADVANCED_FACE('',(#768),#177,.T.);
#497=ADVANCED_FACE('',(#769),#85,.T.);
#498=ADVANCED_FACE('',(#770),#86,.T.);
#499=ADVANCED_FACE('',(#771),#178,.T.);
#500=ADVANCED_FACE('',(#772),#693,.T.);
#501=ADVANCED_FACE('',(#773),#179,.T.);
#502=ADVANCED_FACE('',(#774),#87,.T.);
#503=ADVANCED_FACE('',(#775),#88,.T.);
#504=ADVANCED_FACE('',(#776),#694,.T.);
#505=ADVANCED_FACE('',(#777),#89,.T.);
#506=ADVANCED_FACE('',(#778),#180,.T.);
#507=ADVANCED_FACE('',(#779),#181,.T.);
#508=ADVANCED_FACE('',(#780),#90,.T.);
#509=ADVANCED_FACE('',(#781),#91,.T.);
#510=ADVANCED_FACE('',(#782),#182,.T.);
#511=ADVANCED_FACE('',(#783),#183,.T.);
#512=ADVANCED_FACE('',(#784),#92,.T.);
#513=ADVANCED_FACE('',(#785),#695,.F.);
#514=ADVANCED_FACE('',(#786),#696,.F.);
#515=ADVANCED_FACE('',(#787),#697,.F.);
#516=ADVANCED_FACE('',(#788),#698,.F.);
#517=ADVANCED_FACE('',(#789),#699,.T.);
#518=ADVANCED_FACE('',(#790),#700,.F.);
#519=ADVANCED_FACE('',(#791),#184,.T.);
#520=ADVANCED_FACE('',(#792),#185,.T.);
#521=ADVANCED_FACE('',(#793),#186,.T.);
#522=ADVANCED_FACE('',(#794),#187,.T.);
#523=ADVANCED_FACE('',(#795),#188,.T.);
#524=ADVANCED_FACE('',(#796),#189,.T.);
#525=ADVANCED_FACE('',(#797),#190,.T.);
#526=ADVANCED_FACE('',(#798),#138,.T.);
#527=ADVANCED_FACE('',(#799),#191,.F.);
#528=ADVANCED_FACE('',(#800),#139,.T.);
#529=ADVANCED_FACE('',(#801),#192,.T.);
#530=ADVANCED_FACE('',(#802),#193,.T.);
#531=ADVANCED_FACE('',(#803),#701,.T.);
#532=ADVANCED_FACE('',(#804),#702,.F.);
#533=ADVANCED_FACE('',(#805),#194,.T.);
#534=ADVANCED_FACE('',(#806),#195,.T.);
#535=ADVANCED_FACE('',(#807),#93,.T.);
#536=ADVANCED_FACE('',(#808),#196,.T.);
#537=ADVANCED_FACE('',(#809),#94,.T.);
#538=ADVANCED_FACE('',(#810),#197,.T.);
#539=ADVANCED_FACE('',(#811),#95,.T.);
#540=ADVANCED_FACE('',(#812),#96,.T.);
#541=ADVANCED_FACE('',(#813),#198,.T.);
#542=ADVANCED_FACE('',(#814),#199,.T.);
#543=ADVANCED_FACE('',(#815),#97,.T.);
#544=ADVANCED_FACE('',(#816),#200,.T.);
#545=ADVANCED_FACE('',(#817),#98,.T.);
#546=ADVANCED_FACE('',(#818),#201,.T.);
#547=ADVANCED_FACE('',(#819),#99,.T.);
#548=ADVANCED_FACE('',(#820),#703,.T.);
#549=ADVANCED_FACE('',(#821),#202,.T.);
#550=ADVANCED_FACE('',(#822),#203,.T.);
#551=ADVANCED_FACE('',(#823),#100,.T.);
#552=ADVANCED_FACE('',(#824),#101,.T.);
#553=ADVANCED_FACE('',(#825),#704,.T.);
#554=ADVANCED_FACE('',(#826),#102,.T.);
#555=ADVANCED_FACE('',(#827),#103,.T.);
#556=ADVANCED_FACE('',(#828),#204,.T.);
#557=ADVANCED_FACE('',(#829),#205,.T.);
#558=ADVANCED_FACE('',(#830),#104,.T.);
#559=ADVANCED_FACE('',(#831),#105,.T.);
#560=ADVANCED_FACE('',(#832),#206,.T.);
#561=ADVANCED_FACE('',(#833),#207,.T.);
#562=ADVANCED_FACE('',(#834),#106,.T.);
#563=ADVANCED_FACE('',(#835),#705,.F.);
#564=ADVANCED_FACE('',(#836),#706,.F.);
#565=ADVANCED_FACE('',(#837),#707,.F.);
#566=ADVANCED_FACE('',(#838),#708,.T.);
#567=ADVANCED_FACE('',(#839),#709,.F.);
#568=ADVANCED_FACE('',(#840),#208,.T.);
#569=ADVANCED_FACE('',(#841),#209,.T.);
#570=ADVANCED_FACE('',(#842),#210,.T.);
#571=ADVANCED_FACE('',(#843),#211,.T.);
#572=ADVANCED_FACE('',(#844),#212,.T.);
#573=ADVANCED_FACE('',(#845),#213,.T.);
#574=ADVANCED_FACE('',(#846),#214,.T.);
#575=ADVANCED_FACE('',(#847),#140,.T.);
#576=ADVANCED_FACE('',(#848),#215,.F.);
#577=ADVANCED_FACE('',(#849),#141,.T.);
#578=ADVANCED_FACE('',(#850),#216,.T.);
#579=ADVANCED_FACE('',(#851),#107,.T.);
#580=ADVANCED_FACE('',(#852),#217,.T.);
#581=ADVANCED_FACE('',(#853),#710,.T.);
#582=ADVANCED_FACE('',(#854),#711,.F.);
#583=ADVANCED_FACE('',(#855),#218,.T.);
#584=ADVANCED_FACE('',(#856),#219,.T.);
#585=ADVANCED_FACE('',(#857),#108,.T.);
#586=ADVANCED_FACE('',(#858),#220,.T.);
#587=ADVANCED_FACE('',(#859),#109,.T.);
#588=ADVANCED_FACE('',(#860),#221,.T.);
#589=ADVANCED_FACE('',(#861),#110,.T.);
#590=ADVANCED_FACE('',(#862),#111,.T.);
#591=ADVANCED_FACE('',(#863),#222,.T.);
#592=ADVANCED_FACE('',(#864),#223,.T.);
#593=ADVANCED_FACE('',(#865),#224,.T.);
#594=ADVANCED_FACE('',(#866),#112,.T.);
#595=ADVANCED_FACE('',(#867),#113,.T.);
#596=ADVANCED_FACE('',(#868),#225,.T.);
#597=ADVANCED_FACE('',(#869),#712,.T.);
#598=ADVANCED_FACE('',(#870),#226,.T.);
#599=ADVANCED_FACE('',(#871),#227,.T.);
#600=ADVANCED_FACE('',(#872),#114,.T.);
#601=ADVANCED_FACE('',(#873),#115,.T.);
#602=ADVANCED_FACE('',(#874),#713,.T.);
#603=ADVANCED_FACE('',(#875),#714,.F.);
#604=ADVANCED_FACE('',(#876),#116,.T.);
#605=ADVANCED_FACE('',(#877),#117,.T.);
#606=ADVANCED_FACE('',(#878),#228,.T.);
#607=ADVANCED_FACE('',(#879),#229,.T.);
#608=ADVANCED_FACE('',(#880),#118,.T.);
#609=ADVANCED_FACE('',(#881),#119,.T.);
#610=ADVANCED_FACE('',(#882),#230,.T.);
#611=ADVANCED_FACE('',(#883),#231,.T.);
#612=ADVANCED_FACE('',(#884),#120,.T.);
#613=ADVANCED_FACE('',(#885),#715,.T.);
#614=ADVANCED_FACE('',(#886),#716,.T.);
#615=ADVANCED_FACE('',(#887),#717,.F.);
#616=ADVANCED_FACE('',(#888),#718,.T.);
#617=ADVANCED_FACE('',(#889),#719,.T.);
#618=ADVANCED_FACE('',(#890),#720,.F.);
#619=ADVANCED_FACE('',(#891),#232,.T.);
#620=ADVANCED_FACE('',(#892),#233,.T.);
#621=ADVANCED_FACE('',(#893),#234,.T.);
#622=ADVANCED_FACE('',(#894),#235,.T.);
#623=ADVANCED_FACE('',(#895),#236,.T.);
#624=ADVANCED_FACE('',(#896),#237,.T.);
#625=ADVANCED_FACE('',(#897),#238,.T.);
#626=ADVANCED_FACE('',(#898),#239,.T.);
#627=ADVANCED_FACE('',(#899),#31,.F.);
#628=ADVANCED_FACE('',(#900),#240,.F.);
#629=ADVANCED_FACE('',(#901),#142,.T.);
#630=ADVANCED_FACE('',(#902),#241,.T.);
#631=ADVANCED_FACE('',(#903),#121,.T.);
#632=ADVANCED_FACE('',(#904),#122,.T.);
#633=ADVANCED_FACE('',(#905),#721,.T.);
#634=ADVANCED_FACE('',(#906),#722,.F.);
#635=ADVANCED_FACE('',(#907),#723,.F.);
#636=ADVANCED_FACE('',(#908),#242,.T.);
#637=ADVANCED_FACE('',(#909),#243,.T.);
#638=ADVANCED_FACE('',(#910),#244,.T.);
#639=ADVANCED_FACE('',(#911),#123,.T.);
#640=ADVANCED_FACE('',(#912),#245,.T.);
#641=ADVANCED_FACE('',(#913),#124,.T.);
#642=ADVANCED_FACE('',(#914),#246,.T.);
#643=ADVANCED_FACE('',(#915),#125,.T.);
#644=ADVANCED_FACE('',(#916),#143,.T.);
#645=ADVANCED_FACE('',(#917),#247,.F.);
#646=ADVANCED_FACE('',(#918),#248,.T.);
#647=ADVANCED_FACE('',(#919),#126,.T.);
#648=ADVANCED_FACE('',(#920),#127,.T.);
#649=ADVANCED_FACE('',(#921),#249,.T.);
#650=ADVANCED_FACE('',(#922),#250,.T.);
#651=ADVANCED_FACE('',(#923),#251,.T.);
#652=ADVANCED_FACE('',(#924),#252,.T.);
#653=ADVANCED_FACE('',(#925),#128,.T.);
#654=ADVANCED_FACE('',(#926),#129,.T.);
#655=ADVANCED_FACE('',(#927),#253,.T.);
#656=ADVANCED_FACE('',(#928),#724,.T.);
#657=ADVANCED_FACE('',(#929),#254,.T.);
#658=ADVANCED_FACE('',(#930),#130,.T.);
#659=ADVANCED_FACE('',(#931),#131,.T.);
#660=ADVANCED_FACE('',(#932),#725,.F.);
#661=ADVANCED_FACE('',(#933),#132,.T.);
#662=ADVANCED_FACE('',(#934),#255,.T.);
#663=ADVANCED_FACE('',(#935),#256,.T.);
#664=ADVANCED_FACE('',(#936),#133,.T.);
#665=ADVANCED_FACE('',(#937),#134,.T.);
#666=ADVANCED_FACE('',(#938),#257,.T.);
#667=ADVANCED_FACE('',(#939),#258,.T.);
#668=ADVANCED_FACE('',(#940),#135,.T.);
#669=ADVANCED_FACE('',(#941),#726,.T.);
#670=ADVANCED_FACE('',(#942),#727,.T.);
#671=ADVANCED_FACE('',(#943),#728,.T.);
#672=ADVANCED_FACE('',(#944),#729,.F.);
#673=ADVANCED_FACE('',(#945),#730,.T.);
#674=ADVANCED_FACE('',(#946),#731,.T.);
#675=ADVANCED_FACE('',(#947),#259,.T.);
#676=ADVANCED_FACE('',(#948),#260,.T.);
#677=ADVANCED_FACE('',(#949),#261,.T.);
#678=ADVANCED_FACE('',(#950),#732,.T.);
#679=ADVANCED_FACE('',(#951),#733,.T.);
#680=ADVANCED_FACE('',(#952),#734,.T.);
#681=ADVANCED_FACE('',(#953),#262,.F.);
#682=ADVANCED_FACE('',(#954),#263,.F.);
#683=ADVANCED_FACE('',(#955),#264,.T.);
#684=ADVANCED_FACE('',(#956),#265,.T.);
#685=PLANE('',#3176);
#686=PLANE('',#3177);
#687=PLANE('',#3178);
#688=PLANE('',#3179);
#689=PLANE('',#3180);
#690=PLANE('',#3208);
#691=PLANE('',#3209);
#692=PLANE('',#3210);
#693=PLANE('',#3249);
#694=PLANE('',#3255);
#695=PLANE('',#3272);
#696=PLANE('',#3273);
#697=PLANE('',#3274);
#698=PLANE('',#3275);
#699=PLANE('',#3276);
#700=PLANE('',#3277);
#701=PLANE('',#3308);
#702=PLANE('',#3309);
#703=PLANE('',#3341);
#704=PLANE('',#3350);
#705=PLANE('',#3368);
#706=PLANE('',#3369);
#707=PLANE('',#3370);
#708=PLANE('',#3371);
#709=PLANE('',#3372);
#710=PLANE('',#3405);
#711=PLANE('',#3406);
#712=PLANE('',#3436);
#713=PLANE('',#3445);
#714=PLANE('',#3446);
#715=PLANE('',#3465);
#716=PLANE('',#3466);
#717=PLANE('',#3467);
#718=PLANE('',#3468);
#719=PLANE('',#3469);
#720=PLANE('',#3470);
#721=PLANE('',#3507);
#722=PLANE('',#3508);
#723=PLANE('',#3509);
#724=PLANE('',#3550);
#725=PLANE('',#3556);
#726=PLANE('',#3573);
#727=PLANE('',#3581);
#728=PLANE('',#3582);
#729=PLANE('',#3590);
#730=PLANE('',#3591);
#731=PLANE('',#3592);
#732=PLANE('',#3596);
#733=PLANE('',#3597);
#734=PLANE('',#3598);
#735=FACE_OUTER_BOUND('',#957,.T.);
#736=FACE_OUTER_BOUND('',#958,.T.);
#737=FACE_OUTER_BOUND('',#959,.T.);
#738=FACE_OUTER_BOUND('',#960,.T.);
#739=FACE_OUTER_BOUND('',#961,.T.);
#740=FACE_OUTER_BOUND('',#962,.T.);
#741=FACE_OUTER_BOUND('',#963,.T.);
#742=FACE_OUTER_BOUND('',#964,.T.);
#743=FACE_OUTER_BOUND('',#965,.T.);
#744=FACE_OUTER_BOUND('',#966,.T.);
#745=FACE_OUTER_BOUND('',#967,.T.);
#746=FACE_OUTER_BOUND('',#968,.T.);
#747=FACE_OUTER_BOUND('',#969,.T.);
#748=FACE_OUTER_BOUND('',#970,.T.);
#749=FACE_OUTER_BOUND('',#971,.T.);
#750=FACE_OUTER_BOUND('',#972,.T.);
#751=FACE_OUTER_BOUND('',#973,.T.);
#752=FACE_OUTER_BOUND('',#974,.T.);
#753=FACE_OUTER_BOUND('',#975,.T.);
#754=FACE_OUTER_BOUND('',#976,.T.);
#755=FACE_OUTER_BOUND('',#977,.T.);
#756=FACE_OUTER_BOUND('',#978,.T.);
#757=FACE_OUTER_BOUND('',#979,.T.);
#758=FACE_OUTER_BOUND('',#980,.T.);
#759=FACE_OUTER_BOUND('',#981,.T.);
#760=FACE_OUTER_BOUND('',#982,.T.);
#761=FACE_OUTER_BOUND('',#983,.T.);
#762=FACE_OUTER_BOUND('',#984,.T.);
#763=FACE_OUTER_BOUND('',#985,.T.);
#764=FACE_OUTER_BOUND('',#986,.T.);
#765=FACE_OUTER_BOUND('',#987,.T.);
#766=FACE_OUTER_BOUND('',#988,.T.);
#767=FACE_OUTER_BOUND('',#989,.T.);
#768=FACE_OUTER_BOUND('',#990,.T.);
#769=FACE_OUTER_BOUND('',#991,.T.);
#770=FACE_OUTER_BOUND('',#992,.T.);
#771=FACE_OUTER_BOUND('',#993,.T.);
#772=FACE_OUTER_BOUND('',#994,.T.);
#773=FACE_OUTER_BOUND('',#995,.T.);
#774=FACE_OUTER_BOUND('',#996,.T.);
#775=FACE_OUTER_BOUND('',#997,.T.);
#776=FACE_OUTER_BOUND('',#998,.T.);
#777=FACE_OUTER_BOUND('',#999,.T.);
#778=FACE_OUTER_BOUND('',#1000,.T.);
#779=FACE_OUTER_BOUND('',#1001,.T.);
#780=FACE_OUTER_BOUND('',#1002,.T.);
#781=FACE_OUTER_BOUND('',#1003,.T.);
#782=FACE_OUTER_BOUND('',#1004,.T.);
#783=FACE_OUTER_BOUND('',#1005,.T.);
#784=FACE_OUTER_BOUND('',#1006,.T.);
#785=FACE_OUTER_BOUND('',#1007,.T.);
#786=FACE_OUTER_BOUND('',#1008,.T.);
#787=FACE_OUTER_BOUND('',#1009,.T.);
#788=FACE_OUTER_BOUND('',#1010,.T.);
#789=FACE_OUTER_BOUND('',#1011,.T.);
#790=FACE_OUTER_BOUND('',#1012,.T.);
#791=FACE_OUTER_BOUND('',#1013,.T.);
#792=FACE_OUTER_BOUND('',#1014,.T.);
#793=FACE_OUTER_BOUND('',#1015,.T.);
#794=FACE_OUTER_BOUND('',#1016,.T.);
#795=FACE_OUTER_BOUND('',#1017,.T.);
#796=FACE_OUTER_BOUND('',#1018,.T.);
#797=FACE_OUTER_BOUND('',#1019,.T.);
#798=FACE_OUTER_BOUND('',#1020,.T.);
#799=FACE_OUTER_BOUND('',#1021,.T.);
#800=FACE_OUTER_BOUND('',#1022,.T.);
#801=FACE_OUTER_BOUND('',#1023,.T.);
#802=FACE_OUTER_BOUND('',#1024,.T.);
#803=FACE_OUTER_BOUND('',#1025,.T.);
#804=FACE_OUTER_BOUND('',#1026,.T.);
#805=FACE_OUTER_BOUND('',#1027,.T.);
#806=FACE_OUTER_BOUND('',#1028,.T.);
#807=FACE_OUTER_BOUND('',#1029,.T.);
#808=FACE_OUTER_BOUND('',#1030,.T.);
#809=FACE_OUTER_BOUND('',#1031,.T.);
#810=FACE_OUTER_BOUND('',#1032,.T.);
#811=FACE_OUTER_BOUND('',#1033,.T.);
#812=FACE_OUTER_BOUND('',#1034,.T.);
#813=FACE_OUTER_BOUND('',#1035,.T.);
#814=FACE_OUTER_BOUND('',#1036,.T.);
#815=FACE_OUTER_BOUND('',#1037,.T.);
#816=FACE_OUTER_BOUND('',#1038,.T.);
#817=FACE_OUTER_BOUND('',#1039,.T.);
#818=FACE_OUTER_BOUND('',#1040,.T.);
#819=FACE_OUTER_BOUND('',#1041,.T.);
#820=FACE_OUTER_BOUND('',#1042,.T.);
#821=FACE_OUTER_BOUND('',#1043,.T.);
#822=FACE_OUTER_BOUND('',#1044,.T.);
#823=FACE_OUTER_BOUND('',#1045,.T.);
#824=FACE_OUTER_BOUND('',#1046,.T.);
#825=FACE_OUTER_BOUND('',#1047,.T.);
#826=FACE_OUTER_BOUND('',#1048,.T.);
#827=FACE_OUTER_BOUND('',#1049,.T.);
#828=FACE_OUTER_BOUND('',#1050,.T.);
#829=FACE_OUTER_BOUND('',#1051,.T.);
#830=FACE_OUTER_BOUND('',#1052,.T.);
#831=FACE_OUTER_BOUND('',#1053,.T.);
#832=FACE_OUTER_BOUND('',#1054,.T.);
#833=FACE_OUTER_BOUND('',#1055,.T.);
#834=FACE_OUTER_BOUND('',#1056,.T.);
#835=FACE_OUTER_BOUND('',#1057,.T.);
#836=FACE_OUTER_BOUND('',#1058,.T.);
#837=FACE_OUTER_BOUND('',#1059,.T.);
#838=FACE_OUTER_BOUND('',#1060,.T.);
#839=FACE_OUTER_BOUND('',#1061,.T.);
#840=FACE_OUTER_BOUND('',#1062,.T.);
#841=FACE_OUTER_BOUND('',#1063,.T.);
#842=FACE_OUTER_BOUND('',#1064,.T.);
#843=FACE_OUTER_BOUND('',#1065,.T.);
#844=FACE_OUTER_BOUND('',#1066,.T.);
#845=FACE_OUTER_BOUND('',#1067,.T.);
#846=FACE_OUTER_BOUND('',#1068,.T.);
#847=FACE_OUTER_BOUND('',#1069,.T.);
#848=FACE_OUTER_BOUND('',#1070,.T.);
#849=FACE_OUTER_BOUND('',#1071,.T.);
#850=FACE_OUTER_BOUND('',#1072,.T.);
#851=FACE_OUTER_BOUND('',#1073,.T.);
#852=FACE_OUTER_BOUND('',#1074,.T.);
#853=FACE_OUTER_BOUND('',#1075,.T.);
#854=FACE_OUTER_BOUND('',#1076,.T.);
#855=FACE_OUTER_BOUND('',#1077,.T.);
#856=FACE_OUTER_BOUND('',#1078,.T.);
#857=FACE_OUTER_BOUND('',#1079,.T.);
#858=FACE_OUTER_BOUND('',#1080,.T.);
#859=FACE_OUTER_BOUND('',#1081,.T.);
#860=FACE_OUTER_BOUND('',#1082,.T.);
#861=FACE_OUTER_BOUND('',#1083,.T.);
#862=FACE_OUTER_BOUND('',#1084,.T.);
#863=FACE_OUTER_BOUND('',#1085,.T.);
#864=FACE_OUTER_BOUND('',#1086,.T.);
#865=FACE_OUTER_BOUND('',#1087,.T.);
#866=FACE_OUTER_BOUND('',#1088,.T.);
#867=FACE_OUTER_BOUND('',#1089,.T.);
#868=FACE_OUTER_BOUND('',#1090,.T.);
#869=FACE_OUTER_BOUND('',#1091,.T.);
#870=FACE_OUTER_BOUND('',#1092,.T.);
#871=FACE_OUTER_BOUND('',#1093,.T.);
#872=FACE_OUTER_BOUND('',#1094,.T.);
#873=FACE_OUTER_BOUND('',#1095,.T.);
#874=FACE_OUTER_BOUND('',#1096,.T.);
#875=FACE_OUTER_BOUND('',#1097,.T.);
#876=FACE_OUTER_BOUND('',#1098,.T.);
#877=FACE_OUTER_BOUND('',#1099,.T.);
#878=FACE_OUTER_BOUND('',#1100,.T.);
#879=FACE_OUTER_BOUND('',#1101,.T.);
#880=FACE_OUTER_BOUND('',#1102,.T.);
#881=FACE_OUTER_BOUND('',#1103,.T.);
#882=FACE_OUTER_BOUND('',#1104,.T.);
#883=FACE_OUTER_BOUND('',#1105,.T.);
#884=FACE_OUTER_BOUND('',#1106,.T.);
#885=FACE_OUTER_BOUND('',#1107,.T.);
#886=FACE_OUTER_BOUND('',#1108,.T.);
#887=FACE_OUTER_BOUND('',#1109,.T.);
#888=FACE_OUTER_BOUND('',#1110,.T.);
#889=FACE_OUTER_BOUND('',#1111,.T.);
#890=FACE_OUTER_BOUND('',#1112,.T.);
#891=FACE_OUTER_BOUND('',#1113,.T.);
#892=FACE_OUTER_BOUND('',#1114,.T.);
#893=FACE_OUTER_BOUND('',#1115,.T.);
#894=FACE_OUTER_BOUND('',#1116,.T.);
#895=FACE_OUTER_BOUND('',#1117,.T.);
#896=FACE_OUTER_BOUND('',#1118,.T.);
#897=FACE_OUTER_BOUND('',#1119,.T.);
#898=FACE_OUTER_BOUND('',#1120,.T.);
#899=FACE_OUTER_BOUND('',#1121,.T.);
#900=FACE_OUTER_BOUND('',#1122,.T.);
#901=FACE_OUTER_BOUND('',#1123,.T.);
#902=FACE_OUTER_BOUND('',#1124,.T.);
#903=FACE_OUTER_BOUND('',#1125,.T.);
#904=FACE_OUTER_BOUND('',#1126,.T.);
#905=FACE_OUTER_BOUND('',#1127,.T.);
#906=FACE_OUTER_BOUND('',#1128,.T.);
#907=FACE_OUTER_BOUND('',#1129,.T.);
#908=FACE_OUTER_BOUND('',#1130,.T.);
#909=FACE_OUTER_BOUND('',#1131,.T.);
#910=FACE_OUTER_BOUND('',#1132,.T.);
#911=FACE_OUTER_BOUND('',#1133,.T.);
#912=FACE_OUTER_BOUND('',#1134,.T.);
#913=FACE_OUTER_BOUND('',#1135,.T.);
#914=FACE_OUTER_BOUND('',#1136,.T.);
#915=FACE_OUTER_BOUND('',#1137,.T.);
#916=FACE_OUTER_BOUND('',#1138,.T.);
#917=FACE_OUTER_BOUND('',#1139,.T.);
#918=FACE_OUTER_BOUND('',#1140,.T.);
#919=FACE_OUTER_BOUND('',#1141,.T.);
#920=FACE_OUTER_BOUND('',#1142,.T.);
#921=FACE_OUTER_BOUND('',#1143,.T.);
#922=FACE_OUTER_BOUND('',#1144,.T.);
#923=FACE_OUTER_BOUND('',#1145,.T.);
#924=FACE_OUTER_BOUND('',#1146,.T.);
#925=FACE_OUTER_BOUND('',#1147,.T.);
#926=FACE_OUTER_BOUND('',#1148,.T.);
#927=FACE_OUTER_BOUND('',#1149,.T.);
#928=FACE_OUTER_BOUND('',#1150,.T.);
#929=FACE_OUTER_BOUND('',#1151,.T.);
#930=FACE_OUTER_BOUND('',#1152,.T.);
#931=FACE_OUTER_BOUND('',#1153,.T.);
#932=FACE_OUTER_BOUND('',#1154,.T.);
#933=FACE_OUTER_BOUND('',#1155,.T.);
#934=FACE_OUTER_BOUND('',#1156,.T.);
#935=FACE_OUTER_BOUND('',#1157,.T.);
#936=FACE_OUTER_BOUND('',#1158,.T.);
#937=FACE_OUTER_BOUND('',#1159,.T.);
#938=FACE_OUTER_BOUND('',#1160,.T.);
#939=FACE_OUTER_BOUND('',#1161,.T.);
#940=FACE_OUTER_BOUND('',#1162,.T.);
#941=FACE_OUTER_BOUND('',#1163,.T.);
#942=FACE_OUTER_BOUND('',#1164,.T.);
#943=FACE_OUTER_BOUND('',#1165,.T.);
#944=FACE_OUTER_BOUND('',#1166,.T.);
#945=FACE_OUTER_BOUND('',#1167,.T.);
#946=FACE_OUTER_BOUND('',#1168,.T.);
#947=FACE_OUTER_BOUND('',#1169,.T.);
#948=FACE_OUTER_BOUND('',#1170,.T.);
#949=FACE_OUTER_BOUND('',#1171,.T.);
#950=FACE_OUTER_BOUND('',#1172,.T.);
#951=FACE_OUTER_BOUND('',#1173,.T.);
#952=FACE_OUTER_BOUND('',#1174,.T.);
#953=FACE_OUTER_BOUND('',#1175,.T.);
#954=FACE_OUTER_BOUND('',#1176,.T.);
#955=FACE_OUTER_BOUND('',#1177,.T.);
#956=FACE_OUTER_BOUND('',#1178,.T.);
#957=EDGE_LOOP('',(#1179,#1180,#1181,#1182,#1183,#1184,#1185));
#958=EDGE_LOOP('',(#1186,#1187,#1188,#1189,#1190));
#959=EDGE_LOOP('',(#1191,#1192,#1193,#1194,#1195,#1196,#1197));
#960=EDGE_LOOP('',(#1198,#1199,#1200,#1201));
#961=EDGE_LOOP('',(#1202,#1203,#1204,#1205));
#962=EDGE_LOOP('',(#1206,#1207,#1208,#1209));
#963=EDGE_LOOP('',(#1210,#1211,#1212,#1213));
#964=EDGE_LOOP('',(#1214,#1215,#1216,#1217));
#965=EDGE_LOOP('',(#1218,#1219,#1220,#1221));
#966=EDGE_LOOP('',(#1222,#1223,#1224,#1225));
#967=EDGE_LOOP('',(#1226,#1227,#1228,#1229));
#968=EDGE_LOOP('',(#1230,#1231,#1232,#1233));
#969=EDGE_LOOP('',(#1234,#1235,#1236,#1237));
#970=EDGE_LOOP('',(#1238,#1239,#1240));
#971=EDGE_LOOP('',(#1241,#1242,#1243,#1244));
#972=EDGE_LOOP('',(#1245,#1246,#1247));
#973=EDGE_LOOP('',(#1248,#1249,#1250,#1251,#1252));
#974=EDGE_LOOP('',(#1253,#1254,#1255,#1256));
#975=EDGE_LOOP('',(#1257,#1258,#1259,#1260));
#976=EDGE_LOOP('',(#1261,#1262,#1263,#1264));
#977=EDGE_LOOP('',(#1265,#1266,#1267,#1268));
#978=EDGE_LOOP('',(#1269,#1270,#1271));
#979=EDGE_LOOP('',(#1272,#1273,#1274,#1275));
#980=EDGE_LOOP('',(#1276,#1277,#1278));
#981=EDGE_LOOP('',(#1279,#1280,#1281,#1282));
#982=EDGE_LOOP('',(#1283,#1284,#1285,#1286));
#983=EDGE_LOOP('',(#1287,#1288,#1289));
#984=EDGE_LOOP('',(#1290,#1291,#1292));
#985=EDGE_LOOP('',(#1293,#1294,#1295));
#986=EDGE_LOOP('',(#1296,#1297,#1298));
#987=EDGE_LOOP('',(#1299,#1300,#1301,#1302));
#988=EDGE_LOOP('',(#1303,#1304,#1305,#1306));
#989=EDGE_LOOP('',(#1307,#1308,#1309,#1310));
#990=EDGE_LOOP('',(#1311,#1312,#1313,#1314));
#991=EDGE_LOOP('',(#1315,#1316,#1317));
#992=EDGE_LOOP('',(#1318,#1319,#1320));
#993=EDGE_LOOP('',(#1321,#1322,#1323,#1324));
#994=EDGE_LOOP('',(#1325,#1326,#1327,#1328));
#995=EDGE_LOOP('',(#1329,#1330,#1331,#1332));
#996=EDGE_LOOP('',(#1333,#1334,#1335));
#997=EDGE_LOOP('',(#1336,#1337,#1338));
#998=EDGE_LOOP('',(#1339,#1340,#1341,#1342));
#999=EDGE_LOOP('',(#1343,#1344,#1345));
#1000=EDGE_LOOP('',(#1346,#1347,#1348,#1349));
#1001=EDGE_LOOP('',(#1350,#1351,#1352,#1353));
#1002=EDGE_LOOP('',(#1354,#1355,#1356));
#1003=EDGE_LOOP('',(#1357,#1358,#1359));
#1004=EDGE_LOOP('',(#1360,#1361,#1362,#1363));
#1005=EDGE_LOOP('',(#1364,#1365,#1366,#1367));
#1006=EDGE_LOOP('',(#1368,#1369,#1370));
#1007=EDGE_LOOP('',(#1371,#1372,#1373,#1374,#1375,#1376,#1377,#1378));
#1008=EDGE_LOOP('',(#1379,#1380,#1381,#1382,#1383));
#1009=EDGE_LOOP('',(#1384,#1385,#1386,#1387,#1388,#1389,#1390));
#1010=EDGE_LOOP('',(#1391,#1392,#1393));
#1011=EDGE_LOOP('',(#1394,#1395,#1396,#1397));
#1012=EDGE_LOOP('',(#1398,#1399,#1400,#1401));
#1013=EDGE_LOOP('',(#1402,#1403,#1404,#1405));
#1014=EDGE_LOOP('',(#1406,#1407,#1408,#1409));
#1015=EDGE_LOOP('',(#1410,#1411,#1412,#1413));
#1016=EDGE_LOOP('',(#1414,#1415,#1416,#1417));
#1017=EDGE_LOOP('',(#1418,#1419,#1420,#1421));
#1018=EDGE_LOOP('',(#1422,#1423,#1424,#1425));
#1019=EDGE_LOOP('',(#1426,#1427,#1428,#1429));
#1020=EDGE_LOOP('',(#1430,#1431,#1432));
#1021=EDGE_LOOP('',(#1433,#1434,#1435,#1436));
#1022=EDGE_LOOP('',(#1437,#1438,#1439));
#1023=EDGE_LOOP('',(#1440,#1441,#1442,#1443));
#1024=EDGE_LOOP('',(#1444,#1445,#1446,#1447));
#1025=EDGE_LOOP('',(#1448,#1449,#1450,#1451));
#1026=EDGE_LOOP('',(#1452,#1453,#1454,#1455,#1456));
#1027=EDGE_LOOP('',(#1457,#1458,#1459,#1460));
#1028=EDGE_LOOP('',(#1461,#1462,#1463,#1464));
#1029=EDGE_LOOP('',(#1465,#1466,#1467));
#1030=EDGE_LOOP('',(#1468,#1469,#1470,#1471));
#1031=EDGE_LOOP('',(#1472,#1473,#1474));
#1032=EDGE_LOOP('',(#1475,#1476,#1477,#1478));
#1033=EDGE_LOOP('',(#1479,#1480,#1481));
#1034=EDGE_LOOP('',(#1482,#1483,#1484));
#1035=EDGE_LOOP('',(#1485,#1486,#1487,#1488));
#1036=EDGE_LOOP('',(#1489,#1490,#1491,#1492));
#1037=EDGE_LOOP('',(#1493,#1494,#1495));
#1038=EDGE_LOOP('',(#1496,#1497,#1498,#1499));
#1039=EDGE_LOOP('',(#1500,#1501,#1502));
#1040=EDGE_LOOP('',(#1503,#1504,#1505,#1506));
#1041=EDGE_LOOP('',(#1507,#1508,#1509));
#1042=EDGE_LOOP('',(#1510,#1511,#1512,#1513));
#1043=EDGE_LOOP('',(#1514,#1515,#1516,#1517));
#1044=EDGE_LOOP('',(#1518,#1519,#1520,#1521));
#1045=EDGE_LOOP('',(#1522,#1523,#1524));
#1046=EDGE_LOOP('',(#1525,#1526,#1527));
#1047=EDGE_LOOP('',(#1528,#1529,#1530,#1531));
#1048=EDGE_LOOP('',(#1532,#1533,#1534));
#1049=EDGE_LOOP('',(#1535,#1536,#1537));
#1050=EDGE_LOOP('',(#1538,#1539,#1540,#1541));
#1051=EDGE_LOOP('',(#1542,#1543,#1544,#1545));
#1052=EDGE_LOOP('',(#1546,#1547,#1548));
#1053=EDGE_LOOP('',(#1549,#1550,#1551));
#1054=EDGE_LOOP('',(#1552,#1553,#1554,#1555));
#1055=EDGE_LOOP('',(#1556,#1557,#1558,#1559));
#1056=EDGE_LOOP('',(#1560,#1561,#1562));
#1057=EDGE_LOOP('',(#1563,#1564,#1565,#1566,#1567,#1568,#1569,#1570));
#1058=EDGE_LOOP('',(#1571,#1572,#1573,#1574,#1575,#1576,#1577,#1578));
#1059=EDGE_LOOP('',(#1579,#1580,#1581,#1582));
#1060=EDGE_LOOP('',(#1583,#1584,#1585,#1586));
#1061=EDGE_LOOP('',(#1587,#1588,#1589,#1590));
#1062=EDGE_LOOP('',(#1591,#1592,#1593,#1594));
#1063=EDGE_LOOP('',(#1595,#1596,#1597,#1598));
#1064=EDGE_LOOP('',(#1599,#1600,#1601,#1602));
#1065=EDGE_LOOP('',(#1603,#1604,#1605,#1606));
#1066=EDGE_LOOP('',(#1607,#1608,#1609,#1610));
#1067=EDGE_LOOP('',(#1611,#1612,#1613,#1614));
#1068=EDGE_LOOP('',(#1615,#1616,#1617,#1618));
#1069=EDGE_LOOP('',(#1619,#1620,#1621));
#1070=EDGE_LOOP('',(#1622,#1623,#1624,#1625));
#1071=EDGE_LOOP('',(#1626,#1627,#1628));
#1072=EDGE_LOOP('',(#1629,#1630,#1631,#1632));
#1073=EDGE_LOOP('',(#1633,#1634,#1635));
#1074=EDGE_LOOP('',(#1636,#1637,#1638,#1639));
#1075=EDGE_LOOP('',(#1640,#1641,#1642,#1643));
#1076=EDGE_LOOP('',(#1644,#1645,#1646,#1647));
#1077=EDGE_LOOP('',(#1648,#1649,#1650,#1651));
#1078=EDGE_LOOP('',(#1652,#1653,#1654,#1655));
#1079=EDGE_LOOP('',(#1656,#1657,#1658));
#1080=EDGE_LOOP('',(#1659,#1660,#1661,#1662));
#1081=EDGE_LOOP('',(#1663,#1664,#1665));
#1082=EDGE_LOOP('',(#1666,#1667,#1668,#1669));
#1083=EDGE_LOOP('',(#1670,#1671,#1672));
#1084=EDGE_LOOP('',(#1673,#1674,#1675));
#1085=EDGE_LOOP('',(#1676,#1677,#1678,#1679));
#1086=EDGE_LOOP('',(#1680,#1681,#1682,#1683));
#1087=EDGE_LOOP('',(#1684,#1685,#1686,#1687));
#1088=EDGE_LOOP('',(#1688,#1689,#1690));
#1089=EDGE_LOOP('',(#1691,#1692,#1693));
#1090=EDGE_LOOP('',(#1694,#1695,#1696,#1697));
#1091=EDGE_LOOP('',(#1698,#1699,#1700,#1701));
#1092=EDGE_LOOP('',(#1702,#1703,#1704,#1705));
#1093=EDGE_LOOP('',(#1706,#1707,#1708,#1709));
#1094=EDGE_LOOP('',(#1710,#1711,#1712));
#1095=EDGE_LOOP('',(#1713,#1714,#1715));
#1096=EDGE_LOOP('',(#1716,#1717,#1718,#1719));
#1097=EDGE_LOOP('',(#1720,#1721,#1722,#1723));
#1098=EDGE_LOOP('',(#1724,#1725,#1726));
#1099=EDGE_LOOP('',(#1727,#1728,#1729));
#1100=EDGE_LOOP('',(#1730,#1731,#1732,#1733));
#1101=EDGE_LOOP('',(#1734,#1735,#1736,#1737));
#1102=EDGE_LOOP('',(#1738,#1739,#1740));
#1103=EDGE_LOOP('',(#1741,#1742,#1743));
#1104=EDGE_LOOP('',(#1744,#1745,#1746,#1747));
#1105=EDGE_LOOP('',(#1748,#1749,#1750,#1751));
#1106=EDGE_LOOP('',(#1752,#1753,#1754));
#1107=EDGE_LOOP('',(#1755,#1756,#1757,#1758,#1759,#1760,#1761));
#1108=EDGE_LOOP('',(#1762,#1763,#1764,#1765,#1766));
#1109=EDGE_LOOP('',(#1767,#1768,#1769,#1770,#1771,#1772,#1773,#1774));
#1110=EDGE_LOOP('',(#1775,#1776,#1777,#1778));
#1111=EDGE_LOOP('',(#1779,#1780,#1781,#1782,#1783));
#1112=EDGE_LOOP('',(#1784,#1785,#1786,#1787));
#1113=EDGE_LOOP('',(#1788,#1789,#1790,#1791));
#1114=EDGE_LOOP('',(#1792,#1793,#1794,#1795));
#1115=EDGE_LOOP('',(#1796,#1797,#1798,#1799));
#1116=EDGE_LOOP('',(#1800,#1801,#1802,#1803));
#1117=EDGE_LOOP('',(#1804,#1805,#1806,#1807));
#1118=EDGE_LOOP('',(#1808,#1809,#1810,#1811));
#1119=EDGE_LOOP('',(#1812,#1813,#1814,#1815));
#1120=EDGE_LOOP('',(#1816,#1817,#1818,#1819));
#1121=EDGE_LOOP('',(#1820,#1821,#1822,#1823));
#1122=EDGE_LOOP('',(#1824,#1825,#1826,#1827));
#1123=EDGE_LOOP('',(#1828,#1829,#1830));
#1124=EDGE_LOOP('',(#1831,#1832,#1833,#1834));
#1125=EDGE_LOOP('',(#1835,#1836,#1837));
#1126=EDGE_LOOP('',(#1838,#1839,#1840));
#1127=EDGE_LOOP('',(#1841,#1842,#1843,#1844,#1845,#1846));
#1128=EDGE_LOOP('',(#1847,#1848,#1849,#1850));
#1129=EDGE_LOOP('',(#1851,#1852,#1853,#1854));
#1130=EDGE_LOOP('',(#1855,#1856,#1857,#1858));
#1131=EDGE_LOOP('',(#1859,#1860,#1861,#1862));
#1132=EDGE_LOOP('',(#1863,#1864,#1865,#1866));
#1133=EDGE_LOOP('',(#1867,#1868,#1869));
#1134=EDGE_LOOP('',(#1870,#1871,#1872,#1873));
#1135=EDGE_LOOP('',(#1874,#1875,#1876));
#1136=EDGE_LOOP('',(#1877,#1878,#1879,#1880));
#1137=EDGE_LOOP('',(#1881,#1882,#1883));
#1138=EDGE_LOOP('',(#1884,#1885,#1886));
#1139=EDGE_LOOP('',(#1887,#1888,#1889,#1890));
#1140=EDGE_LOOP('',(#1891,#1892,#1893,#1894));
#1141=EDGE_LOOP('',(#1895,#1896,#1897));
#1142=EDGE_LOOP('',(#1898,#1899,#1900));
#1143=EDGE_LOOP('',(#1901,#1902,#1903,#1904));
#1144=EDGE_LOOP('',(#1905,#1906,#1907,#1908));
#1145=EDGE_LOOP('',(#1909,#1910,#1911,#1912));
#1146=EDGE_LOOP('',(#1913,#1914,#1915,#1916));
#1147=EDGE_LOOP('',(#1917,#1918,#1919));
#1148=EDGE_LOOP('',(#1920,#1921,#1922));
#1149=EDGE_LOOP('',(#1923,#1924,#1925,#1926));
#1150=EDGE_LOOP('',(#1927,#1928,#1929,#1930));
#1151=EDGE_LOOP('',(#1931,#1932,#1933,#1934));
#1152=EDGE_LOOP('',(#1935,#1936,#1937));
#1153=EDGE_LOOP('',(#1938,#1939,#1940));
#1154=EDGE_LOOP('',(#1941,#1942,#1943,#1944));
#1155=EDGE_LOOP('',(#1945,#1946,#1947));
#1156=EDGE_LOOP('',(#1948,#1949,#1950,#1951));
#1157=EDGE_LOOP('',(#1952,#1953,#1954,#1955));
#1158=EDGE_LOOP('',(#1956,#1957,#1958));
#1159=EDGE_LOOP('',(#1959,#1960,#1961));
#1160=EDGE_LOOP('',(#1962,#1963,#1964,#1965));
#1161=EDGE_LOOP('',(#1966,#1967,#1968,#1969));
#1162=EDGE_LOOP('',(#1970,#1971,#1972));
#1163=EDGE_LOOP('',(#1973,#1974,#1975,#1976));
#1164=EDGE_LOOP('',(#1977,#1978,#1979,#1980,#1981,#1982,#1983,#1984,#1985,
#1986,#1987,#1988,#1989,#1990));
#1165=EDGE_LOOP('',(#1991,#1992,#1993,#1994));
#1166=EDGE_LOOP('',(#1995,#1996,#1997,#1998,#1999,#2000,#2001,#2002,#2003,
#2004,#2005,#2006,#2007,#2008));
#1167=EDGE_LOOP('',(#2009,#2010,#2011,#2012));
#1168=EDGE_LOOP('',(#2013,#2014,#2015,#2016));
#1169=EDGE_LOOP('',(#2017,#2018,#2019,#2020));
#1170=EDGE_LOOP('',(#2021,#2022,#2023,#2024));
#1171=EDGE_LOOP('',(#2025,#2026,#2027,#2028));
#1172=EDGE_LOOP('',(#2029,#2030,#2031,#2032));
#1173=EDGE_LOOP('',(#2033,#2034,#2035,#2036));
#1174=EDGE_LOOP('',(#2037,#2038,#2039,#2040));
#1175=EDGE_LOOP('',(#2041,#2042,#2043,#2044));
#1176=EDGE_LOOP('',(#2045,#2046,#2047,#2048));
#1177=EDGE_LOOP('',(#2049,#2050,#2051,#2052));
#1178=EDGE_LOOP('',(#2053,#2054,#2055,#2056));
#1179=ORIENTED_EDGE('',*,*,#2284,.T.);
#1180=ORIENTED_EDGE('',*,*,#2285,.T.);
#1181=ORIENTED_EDGE('',*,*,#2286,.T.);
#1182=ORIENTED_EDGE('',*,*,#2287,.T.);
#1183=ORIENTED_EDGE('',*,*,#2288,.T.);
#1184=ORIENTED_EDGE('',*,*,#2289,.T.);
#1185=ORIENTED_EDGE('',*,*,#2290,.T.);
#1186=ORIENTED_EDGE('',*,*,#2291,.T.);
#1187=ORIENTED_EDGE('',*,*,#2292,.T.);
#1188=ORIENTED_EDGE('',*,*,#2293,.T.);
#1189=ORIENTED_EDGE('',*,*,#2294,.T.);
#1190=ORIENTED_EDGE('',*,*,#2295,.T.);
#1191=ORIENTED_EDGE('',*,*,#2296,.T.);
#1192=ORIENTED_EDGE('',*,*,#2297,.T.);
#1193=ORIENTED_EDGE('',*,*,#2298,.T.);
#1194=ORIENTED_EDGE('',*,*,#2299,.T.);
#1195=ORIENTED_EDGE('',*,*,#2300,.T.);
#1196=ORIENTED_EDGE('',*,*,#2301,.T.);
#1197=ORIENTED_EDGE('',*,*,#2302,.T.);
#1198=ORIENTED_EDGE('',*,*,#2303,.T.);
#1199=ORIENTED_EDGE('',*,*,#2304,.T.);
#1200=ORIENTED_EDGE('',*,*,#2305,.T.);
#1201=ORIENTED_EDGE('',*,*,#2306,.T.);
#1202=ORIENTED_EDGE('',*,*,#2307,.T.);
#1203=ORIENTED_EDGE('',*,*,#2308,.T.);
#1204=ORIENTED_EDGE('',*,*,#2309,.T.);
#1205=ORIENTED_EDGE('',*,*,#2310,.T.);
#1206=ORIENTED_EDGE('',*,*,#2288,.F.);
#1207=ORIENTED_EDGE('',*,*,#2311,.T.);
#1208=ORIENTED_EDGE('',*,*,#2291,.F.);
#1209=ORIENTED_EDGE('',*,*,#2312,.T.);
#1210=ORIENTED_EDGE('',*,*,#2293,.F.);
#1211=ORIENTED_EDGE('',*,*,#2313,.T.);
#1212=ORIENTED_EDGE('',*,*,#2301,.F.);
#1213=ORIENTED_EDGE('',*,*,#2314,.T.);
#1214=ORIENTED_EDGE('',*,*,#2286,.F.);
#1215=ORIENTED_EDGE('',*,*,#2315,.T.);
#1216=ORIENTED_EDGE('',*,*,#2307,.F.);
#1217=ORIENTED_EDGE('',*,*,#2316,.T.);
#1218=ORIENTED_EDGE('',*,*,#2309,.F.);
#1219=ORIENTED_EDGE('',*,*,#2317,.T.);
#1220=ORIENTED_EDGE('',*,*,#2296,.F.);
#1221=ORIENTED_EDGE('',*,*,#2318,.T.);
#1222=ORIENTED_EDGE('',*,*,#2302,.F.);
#1223=ORIENTED_EDGE('',*,*,#2319,.F.);
#1224=ORIENTED_EDGE('',*,*,#2320,.F.);
#1225=ORIENTED_EDGE('',*,*,#2321,.T.);
#1226=ORIENTED_EDGE('',*,*,#2322,.T.);
#1227=ORIENTED_EDGE('',*,*,#2323,.F.);
#1228=ORIENTED_EDGE('',*,*,#2324,.T.);
#1229=ORIENTED_EDGE('',*,*,#2287,.F.);
#1230=ORIENTED_EDGE('',*,*,#2305,.F.);
#1231=ORIENTED_EDGE('',*,*,#2325,.T.);
#1232=ORIENTED_EDGE('',*,*,#2284,.F.);
#1233=ORIENTED_EDGE('',*,*,#2326,.F.);
#1234=ORIENTED_EDGE('',*,*,#2298,.F.);
#1235=ORIENTED_EDGE('',*,*,#2327,.T.);
#1236=ORIENTED_EDGE('',*,*,#2303,.F.);
#1237=ORIENTED_EDGE('',*,*,#2328,.T.);
#1238=ORIENTED_EDGE('',*,*,#2329,.F.);
#1239=ORIENTED_EDGE('',*,*,#2322,.F.);
#1240=ORIENTED_EDGE('',*,*,#2316,.F.);
#1241=ORIENTED_EDGE('',*,*,#2330,.F.);
#1242=ORIENTED_EDGE('',*,*,#2331,.F.);
#1243=ORIENTED_EDGE('',*,*,#2329,.T.);
#1244=ORIENTED_EDGE('',*,*,#2310,.F.);
#1245=ORIENTED_EDGE('',*,*,#2321,.F.);
#1246=ORIENTED_EDGE('',*,*,#2330,.T.);
#1247=ORIENTED_EDGE('',*,*,#2318,.F.);
#1248=ORIENTED_EDGE('',*,*,#2332,.T.);
#1249=ORIENTED_EDGE('',*,*,#2333,.T.);
#1250=ORIENTED_EDGE('',*,*,#2334,.T.);
#1251=ORIENTED_EDGE('',*,*,#2335,.T.);
#1252=ORIENTED_EDGE('',*,*,#2336,.T.);
#1253=ORIENTED_EDGE('',*,*,#2337,.T.);
#1254=ORIENTED_EDGE('',*,*,#2338,.T.);
#1255=ORIENTED_EDGE('',*,*,#2339,.T.);
#1256=ORIENTED_EDGE('',*,*,#2340,.T.);
#1257=ORIENTED_EDGE('',*,*,#2341,.T.);
#1258=ORIENTED_EDGE('',*,*,#2342,.T.);
#1259=ORIENTED_EDGE('',*,*,#2343,.T.);
#1260=ORIENTED_EDGE('',*,*,#2344,.T.);
#1261=ORIENTED_EDGE('',*,*,#2335,.F.);
#1262=ORIENTED_EDGE('',*,*,#2345,.T.);
#1263=ORIENTED_EDGE('',*,*,#2290,.F.);
#1264=ORIENTED_EDGE('',*,*,#2346,.T.);
#1265=ORIENTED_EDGE('',*,*,#2299,.F.);
#1266=ORIENTED_EDGE('',*,*,#2347,.T.);
#1267=ORIENTED_EDGE('',*,*,#2333,.F.);
#1268=ORIENTED_EDGE('',*,*,#2348,.T.);
#1269=ORIENTED_EDGE('',*,*,#2345,.F.);
#1270=ORIENTED_EDGE('',*,*,#2349,.F.);
#1271=ORIENTED_EDGE('',*,*,#2326,.T.);
#1272=ORIENTED_EDGE('',*,*,#2349,.T.);
#1273=ORIENTED_EDGE('',*,*,#2334,.F.);
#1274=ORIENTED_EDGE('',*,*,#2350,.F.);
#1275=ORIENTED_EDGE('',*,*,#2306,.F.);
#1276=ORIENTED_EDGE('',*,*,#2347,.F.);
#1277=ORIENTED_EDGE('',*,*,#2328,.F.);
#1278=ORIENTED_EDGE('',*,*,#2350,.T.);
#1279=ORIENTED_EDGE('',*,*,#2351,.F.);
#1280=ORIENTED_EDGE('',*,*,#2342,.F.);
#1281=ORIENTED_EDGE('',*,*,#2352,.F.);
#1282=ORIENTED_EDGE('',*,*,#2300,.F.);
#1283=ORIENTED_EDGE('',*,*,#2353,.F.);
#1284=ORIENTED_EDGE('',*,*,#2338,.F.);
#1285=ORIENTED_EDGE('',*,*,#2354,.F.);
#1286=ORIENTED_EDGE('',*,*,#2289,.F.);
#1287=ORIENTED_EDGE('',*,*,#2312,.F.);
#1288=ORIENTED_EDGE('',*,*,#2355,.F.);
#1289=ORIENTED_EDGE('',*,*,#2353,.T.);
#1290=ORIENTED_EDGE('',*,*,#2352,.T.);
#1291=ORIENTED_EDGE('',*,*,#2356,.F.);
#1292=ORIENTED_EDGE('',*,*,#2314,.F.);
#1293=ORIENTED_EDGE('',*,*,#2348,.F.);
#1294=ORIENTED_EDGE('',*,*,#2357,.F.);
#1295=ORIENTED_EDGE('',*,*,#2351,.T.);
#1296=ORIENTED_EDGE('',*,*,#2354,.T.);
#1297=ORIENTED_EDGE('',*,*,#2358,.F.);
#1298=ORIENTED_EDGE('',*,*,#2346,.F.);
#1299=ORIENTED_EDGE('',*,*,#2355,.T.);
#1300=ORIENTED_EDGE('',*,*,#2295,.F.);
#1301=ORIENTED_EDGE('',*,*,#2359,.F.);
#1302=ORIENTED_EDGE('',*,*,#2339,.F.);
#1303=ORIENTED_EDGE('',*,*,#2356,.T.);
#1304=ORIENTED_EDGE('',*,*,#2341,.F.);
#1305=ORIENTED_EDGE('',*,*,#2360,.F.);
#1306=ORIENTED_EDGE('',*,*,#2294,.F.);
#1307=ORIENTED_EDGE('',*,*,#2357,.T.);
#1308=ORIENTED_EDGE('',*,*,#2332,.F.);
#1309=ORIENTED_EDGE('',*,*,#2361,.F.);
#1310=ORIENTED_EDGE('',*,*,#2343,.F.);
#1311=ORIENTED_EDGE('',*,*,#2358,.T.);
#1312=ORIENTED_EDGE('',*,*,#2337,.F.);
#1313=ORIENTED_EDGE('',*,*,#2362,.F.);
#1314=ORIENTED_EDGE('',*,*,#2336,.F.);
#1315=ORIENTED_EDGE('',*,*,#2360,.T.);
#1316=ORIENTED_EDGE('',*,*,#2363,.F.);
#1317=ORIENTED_EDGE('',*,*,#2359,.T.);
#1318=ORIENTED_EDGE('',*,*,#2362,.T.);
#1319=ORIENTED_EDGE('',*,*,#2364,.F.);
#1320=ORIENTED_EDGE('',*,*,#2361,.T.);
#1321=ORIENTED_EDGE('',*,*,#2363,.T.);
#1322=ORIENTED_EDGE('',*,*,#2344,.F.);
#1323=ORIENTED_EDGE('',*,*,#2364,.T.);
#1324=ORIENTED_EDGE('',*,*,#2340,.F.);
#1325=ORIENTED_EDGE('',*,*,#2365,.T.);
#1326=ORIENTED_EDGE('',*,*,#2366,.T.);
#1327=ORIENTED_EDGE('',*,*,#2367,.T.);
#1328=ORIENTED_EDGE('',*,*,#2368,.T.);
#1329=ORIENTED_EDGE('',*,*,#2369,.F.);
#1330=ORIENTED_EDGE('',*,*,#2370,.F.);
#1331=ORIENTED_EDGE('',*,*,#2371,.T.);
#1332=ORIENTED_EDGE('',*,*,#2292,.F.);
#1333=ORIENTED_EDGE('',*,*,#2313,.F.);
#1334=ORIENTED_EDGE('',*,*,#2371,.F.);
#1335=ORIENTED_EDGE('',*,*,#2319,.T.);
#1336=ORIENTED_EDGE('',*,*,#2311,.F.);
#1337=ORIENTED_EDGE('',*,*,#2324,.F.);
#1338=ORIENTED_EDGE('',*,*,#2369,.T.);
#1339=ORIENTED_EDGE('',*,*,#2320,.T.);
#1340=ORIENTED_EDGE('',*,*,#2370,.T.);
#1341=ORIENTED_EDGE('',*,*,#2323,.T.);
#1342=ORIENTED_EDGE('',*,*,#2331,.T.);
#1343=ORIENTED_EDGE('',*,*,#2372,.F.);
#1344=ORIENTED_EDGE('',*,*,#2317,.F.);
#1345=ORIENTED_EDGE('',*,*,#2373,.F.);
#1346=ORIENTED_EDGE('',*,*,#2373,.T.);
#1347=ORIENTED_EDGE('',*,*,#2308,.F.);
#1348=ORIENTED_EDGE('',*,*,#2374,.F.);
#1349=ORIENTED_EDGE('',*,*,#2368,.F.);
#1350=ORIENTED_EDGE('',*,*,#2372,.T.);
#1351=ORIENTED_EDGE('',*,*,#2367,.F.);
#1352=ORIENTED_EDGE('',*,*,#2375,.F.);
#1353=ORIENTED_EDGE('',*,*,#2297,.F.);
#1354=ORIENTED_EDGE('',*,*,#2374,.T.);
#1355=ORIENTED_EDGE('',*,*,#2315,.F.);
#1356=ORIENTED_EDGE('',*,*,#2376,.F.);
#1357=ORIENTED_EDGE('',*,*,#2327,.F.);
#1358=ORIENTED_EDGE('',*,*,#2375,.T.);
#1359=ORIENTED_EDGE('',*,*,#2377,.F.);
#1360=ORIENTED_EDGE('',*,*,#2376,.T.);
#1361=ORIENTED_EDGE('',*,*,#2285,.F.);
#1362=ORIENTED_EDGE('',*,*,#2378,.F.);
#1363=ORIENTED_EDGE('',*,*,#2365,.F.);
#1364=ORIENTED_EDGE('',*,*,#2377,.T.);
#1365=ORIENTED_EDGE('',*,*,#2366,.F.);
#1366=ORIENTED_EDGE('',*,*,#2379,.F.);
#1367=ORIENTED_EDGE('',*,*,#2304,.F.);
#1368=ORIENTED_EDGE('',*,*,#2378,.T.);
#1369=ORIENTED_EDGE('',*,*,#2325,.F.);
#1370=ORIENTED_EDGE('',*,*,#2379,.T.);
#1371=ORIENTED_EDGE('',*,*,#2380,.T.);
#1372=ORIENTED_EDGE('',*,*,#2381,.T.);
#1373=ORIENTED_EDGE('',*,*,#2382,.T.);
#1374=ORIENTED_EDGE('',*,*,#2383,.T.);
#1375=ORIENTED_EDGE('',*,*,#2384,.T.);
#1376=ORIENTED_EDGE('',*,*,#2385,.T.);
#1377=ORIENTED_EDGE('',*,*,#2386,.T.);
#1378=ORIENTED_EDGE('',*,*,#2387,.T.);
#1379=ORIENTED_EDGE('',*,*,#2388,.T.);
#1380=ORIENTED_EDGE('',*,*,#2389,.T.);
#1381=ORIENTED_EDGE('',*,*,#2390,.T.);
#1382=ORIENTED_EDGE('',*,*,#2391,.T.);
#1383=ORIENTED_EDGE('',*,*,#2392,.T.);
#1384=ORIENTED_EDGE('',*,*,#2393,.T.);
#1385=ORIENTED_EDGE('',*,*,#2394,.T.);
#1386=ORIENTED_EDGE('',*,*,#2395,.T.);
#1387=ORIENTED_EDGE('',*,*,#2396,.T.);
#1388=ORIENTED_EDGE('',*,*,#2397,.T.);
#1389=ORIENTED_EDGE('',*,*,#2398,.T.);
#1390=ORIENTED_EDGE('',*,*,#2399,.T.);
#1391=ORIENTED_EDGE('',*,*,#2400,.T.);
#1392=ORIENTED_EDGE('',*,*,#2401,.T.);
#1393=ORIENTED_EDGE('',*,*,#2402,.T.);
#1394=ORIENTED_EDGE('',*,*,#2403,.T.);
#1395=ORIENTED_EDGE('',*,*,#2404,.T.);
#1396=ORIENTED_EDGE('',*,*,#2405,.T.);
#1397=ORIENTED_EDGE('',*,*,#2406,.T.);
#1398=ORIENTED_EDGE('',*,*,#2407,.T.);
#1399=ORIENTED_EDGE('',*,*,#2408,.T.);
#1400=ORIENTED_EDGE('',*,*,#2409,.T.);
#1401=ORIENTED_EDGE('',*,*,#2410,.T.);
#1402=ORIENTED_EDGE('',*,*,#2382,.F.);
#1403=ORIENTED_EDGE('',*,*,#2411,.T.);
#1404=ORIENTED_EDGE('',*,*,#2407,.F.);
#1405=ORIENTED_EDGE('',*,*,#2412,.T.);
#1406=ORIENTED_EDGE('',*,*,#2409,.F.);
#1407=ORIENTED_EDGE('',*,*,#2413,.T.);
#1408=ORIENTED_EDGE('',*,*,#2393,.F.);
#1409=ORIENTED_EDGE('',*,*,#2414,.T.);
#1410=ORIENTED_EDGE('',*,*,#2391,.F.);
#1411=ORIENTED_EDGE('',*,*,#2415,.T.);
#1412=ORIENTED_EDGE('',*,*,#2398,.F.);
#1413=ORIENTED_EDGE('',*,*,#2416,.T.);
#1414=ORIENTED_EDGE('',*,*,#2399,.F.);
#1415=ORIENTED_EDGE('',*,*,#2417,.F.);
#1416=ORIENTED_EDGE('',*,*,#2418,.F.);
#1417=ORIENTED_EDGE('',*,*,#2419,.T.);
#1418=ORIENTED_EDGE('',*,*,#2420,.T.);
#1419=ORIENTED_EDGE('',*,*,#2421,.F.);
#1420=ORIENTED_EDGE('',*,*,#2422,.T.);
#1421=ORIENTED_EDGE('',*,*,#2383,.F.);
#1422=ORIENTED_EDGE('',*,*,#2405,.F.);
#1423=ORIENTED_EDGE('',*,*,#2423,.T.);
#1424=ORIENTED_EDGE('',*,*,#2380,.F.);
#1425=ORIENTED_EDGE('',*,*,#2424,.F.);
#1426=ORIENTED_EDGE('',*,*,#2395,.F.);
#1427=ORIENTED_EDGE('',*,*,#2425,.T.);
#1428=ORIENTED_EDGE('',*,*,#2403,.F.);
#1429=ORIENTED_EDGE('',*,*,#2426,.T.);
#1430=ORIENTED_EDGE('',*,*,#2427,.F.);
#1431=ORIENTED_EDGE('',*,*,#2420,.F.);
#1432=ORIENTED_EDGE('',*,*,#2412,.F.);
#1433=ORIENTED_EDGE('',*,*,#2428,.F.);
#1434=ORIENTED_EDGE('',*,*,#2429,.F.);
#1435=ORIENTED_EDGE('',*,*,#2427,.T.);
#1436=ORIENTED_EDGE('',*,*,#2410,.F.);
#1437=ORIENTED_EDGE('',*,*,#2419,.F.);
#1438=ORIENTED_EDGE('',*,*,#2428,.T.);
#1439=ORIENTED_EDGE('',*,*,#2414,.F.);
#1440=ORIENTED_EDGE('',*,*,#2401,.F.);
#1441=ORIENTED_EDGE('',*,*,#2430,.F.);
#1442=ORIENTED_EDGE('',*,*,#2388,.F.);
#1443=ORIENTED_EDGE('',*,*,#2431,.T.);
#1444=ORIENTED_EDGE('',*,*,#2385,.F.);
#1445=ORIENTED_EDGE('',*,*,#2432,.T.);
#1446=ORIENTED_EDGE('',*,*,#2400,.F.);
#1447=ORIENTED_EDGE('',*,*,#2433,.T.);
#1448=ORIENTED_EDGE('',*,*,#2434,.T.);
#1449=ORIENTED_EDGE('',*,*,#2435,.T.);
#1450=ORIENTED_EDGE('',*,*,#2436,.T.);
#1451=ORIENTED_EDGE('',*,*,#2437,.T.);
#1452=ORIENTED_EDGE('',*,*,#2438,.T.);
#1453=ORIENTED_EDGE('',*,*,#2439,.T.);
#1454=ORIENTED_EDGE('',*,*,#2440,.T.);
#1455=ORIENTED_EDGE('',*,*,#2441,.T.);
#1456=ORIENTED_EDGE('',*,*,#2442,.T.);
#1457=ORIENTED_EDGE('',*,*,#2396,.F.);
#1458=ORIENTED_EDGE('',*,*,#2443,.T.);
#1459=ORIENTED_EDGE('',*,*,#2434,.F.);
#1460=ORIENTED_EDGE('',*,*,#2444,.T.);
#1461=ORIENTED_EDGE('',*,*,#2436,.F.);
#1462=ORIENTED_EDGE('',*,*,#2445,.T.);
#1463=ORIENTED_EDGE('',*,*,#2387,.F.);
#1464=ORIENTED_EDGE('',*,*,#2446,.T.);
#1465=ORIENTED_EDGE('',*,*,#2445,.F.);
#1466=ORIENTED_EDGE('',*,*,#2447,.F.);
#1467=ORIENTED_EDGE('',*,*,#2424,.T.);
#1468=ORIENTED_EDGE('',*,*,#2447,.T.);
#1469=ORIENTED_EDGE('',*,*,#2435,.F.);
#1470=ORIENTED_EDGE('',*,*,#2448,.F.);
#1471=ORIENTED_EDGE('',*,*,#2406,.F.);
#1472=ORIENTED_EDGE('',*,*,#2443,.F.);
#1473=ORIENTED_EDGE('',*,*,#2426,.F.);
#1474=ORIENTED_EDGE('',*,*,#2448,.T.);
#1475=ORIENTED_EDGE('',*,*,#2438,.F.);
#1476=ORIENTED_EDGE('',*,*,#2449,.F.);
#1477=ORIENTED_EDGE('',*,*,#2397,.F.);
#1478=ORIENTED_EDGE('',*,*,#2450,.F.);
#1479=ORIENTED_EDGE('',*,*,#2449,.T.);
#1480=ORIENTED_EDGE('',*,*,#2451,.F.);
#1481=ORIENTED_EDGE('',*,*,#2416,.F.);
#1482=ORIENTED_EDGE('',*,*,#2444,.F.);
#1483=ORIENTED_EDGE('',*,*,#2452,.F.);
#1484=ORIENTED_EDGE('',*,*,#2450,.T.);
#1485=ORIENTED_EDGE('',*,*,#2392,.F.);
#1486=ORIENTED_EDGE('',*,*,#2451,.T.);
#1487=ORIENTED_EDGE('',*,*,#2442,.F.);
#1488=ORIENTED_EDGE('',*,*,#2453,.T.);
#1489=ORIENTED_EDGE('',*,*,#2452,.T.);
#1490=ORIENTED_EDGE('',*,*,#2437,.F.);
#1491=ORIENTED_EDGE('',*,*,#2454,.F.);
#1492=ORIENTED_EDGE('',*,*,#2439,.F.);
#1493=ORIENTED_EDGE('',*,*,#2446,.F.);
#1494=ORIENTED_EDGE('',*,*,#2455,.F.);
#1495=ORIENTED_EDGE('',*,*,#2454,.T.);
#1496=ORIENTED_EDGE('',*,*,#2440,.F.);
#1497=ORIENTED_EDGE('',*,*,#2455,.T.);
#1498=ORIENTED_EDGE('',*,*,#2386,.F.);
#1499=ORIENTED_EDGE('',*,*,#2456,.T.);
#1500=ORIENTED_EDGE('',*,*,#2457,.F.);
#1501=ORIENTED_EDGE('',*,*,#2456,.F.);
#1502=ORIENTED_EDGE('',*,*,#2433,.F.);
#1503=ORIENTED_EDGE('',*,*,#2458,.F.);
#1504=ORIENTED_EDGE('',*,*,#2441,.F.);
#1505=ORIENTED_EDGE('',*,*,#2457,.T.);
#1506=ORIENTED_EDGE('',*,*,#2402,.F.);
#1507=ORIENTED_EDGE('',*,*,#2458,.T.);
#1508=ORIENTED_EDGE('',*,*,#2431,.F.);
#1509=ORIENTED_EDGE('',*,*,#2453,.F.);
#1510=ORIENTED_EDGE('',*,*,#2459,.T.);
#1511=ORIENTED_EDGE('',*,*,#2460,.T.);
#1512=ORIENTED_EDGE('',*,*,#2461,.T.);
#1513=ORIENTED_EDGE('',*,*,#2462,.T.);
#1514=ORIENTED_EDGE('',*,*,#2463,.F.);
#1515=ORIENTED_EDGE('',*,*,#2464,.F.);
#1516=ORIENTED_EDGE('',*,*,#2465,.T.);
#1517=ORIENTED_EDGE('',*,*,#2390,.F.);
#1518=ORIENTED_EDGE('',*,*,#2384,.F.);
#1519=ORIENTED_EDGE('',*,*,#2466,.T.);
#1520=ORIENTED_EDGE('',*,*,#2389,.F.);
#1521=ORIENTED_EDGE('',*,*,#2467,.T.);
#1522=ORIENTED_EDGE('',*,*,#2415,.F.);
#1523=ORIENTED_EDGE('',*,*,#2465,.F.);
#1524=ORIENTED_EDGE('',*,*,#2417,.T.);
#1525=ORIENTED_EDGE('',*,*,#2466,.F.);
#1526=ORIENTED_EDGE('',*,*,#2422,.F.);
#1527=ORIENTED_EDGE('',*,*,#2463,.T.);
#1528=ORIENTED_EDGE('',*,*,#2418,.T.);
#1529=ORIENTED_EDGE('',*,*,#2464,.T.);
#1530=ORIENTED_EDGE('',*,*,#2421,.T.);
#1531=ORIENTED_EDGE('',*,*,#2429,.T.);
#1532=ORIENTED_EDGE('',*,*,#2430,.T.);
#1533=ORIENTED_EDGE('',*,*,#2432,.F.);
#1534=ORIENTED_EDGE('',*,*,#2467,.F.);
#1535=ORIENTED_EDGE('',*,*,#2468,.F.);
#1536=ORIENTED_EDGE('',*,*,#2469,.F.);
#1537=ORIENTED_EDGE('',*,*,#2425,.F.);
#1538=ORIENTED_EDGE('',*,*,#2469,.T.);
#1539=ORIENTED_EDGE('',*,*,#2461,.F.);
#1540=ORIENTED_EDGE('',*,*,#2470,.F.);
#1541=ORIENTED_EDGE('',*,*,#2404,.F.);
#1542=ORIENTED_EDGE('',*,*,#2468,.T.);
#1543=ORIENTED_EDGE('',*,*,#2394,.F.);
#1544=ORIENTED_EDGE('',*,*,#2471,.F.);
#1545=ORIENTED_EDGE('',*,*,#2462,.F.);
#1546=ORIENTED_EDGE('',*,*,#2423,.F.);
#1547=ORIENTED_EDGE('',*,*,#2470,.T.);
#1548=ORIENTED_EDGE('',*,*,#2472,.F.);
#1549=ORIENTED_EDGE('',*,*,#2471,.T.);
#1550=ORIENTED_EDGE('',*,*,#2413,.F.);
#1551=ORIENTED_EDGE('',*,*,#2473,.F.);
#1552=ORIENTED_EDGE('',*,*,#2472,.T.);
#1553=ORIENTED_EDGE('',*,*,#2460,.F.);
#1554=ORIENTED_EDGE('',*,*,#2474,.F.);
#1555=ORIENTED_EDGE('',*,*,#2381,.F.);
#1556=ORIENTED_EDGE('',*,*,#2473,.T.);
#1557=ORIENTED_EDGE('',*,*,#2408,.F.);
#1558=ORIENTED_EDGE('',*,*,#2475,.F.);
#1559=ORIENTED_EDGE('',*,*,#2459,.F.);
#1560=ORIENTED_EDGE('',*,*,#2411,.F.);
#1561=ORIENTED_EDGE('',*,*,#2474,.T.);
#1562=ORIENTED_EDGE('',*,*,#2475,.T.);
#1563=ORIENTED_EDGE('',*,*,#2476,.T.);
#1564=ORIENTED_EDGE('',*,*,#2477,.T.);
#1565=ORIENTED_EDGE('',*,*,#2478,.T.);
#1566=ORIENTED_EDGE('',*,*,#2479,.T.);
#1567=ORIENTED_EDGE('',*,*,#2480,.T.);
#1568=ORIENTED_EDGE('',*,*,#2481,.T.);
#1569=ORIENTED_EDGE('',*,*,#2482,.T.);
#1570=ORIENTED_EDGE('',*,*,#2483,.T.);
#1571=ORIENTED_EDGE('',*,*,#2484,.T.);
#1572=ORIENTED_EDGE('',*,*,#2485,.T.);
#1573=ORIENTED_EDGE('',*,*,#2486,.T.);
#1574=ORIENTED_EDGE('',*,*,#2487,.T.);
#1575=ORIENTED_EDGE('',*,*,#2488,.T.);
#1576=ORIENTED_EDGE('',*,*,#2489,.T.);
#1577=ORIENTED_EDGE('',*,*,#2490,.T.);
#1578=ORIENTED_EDGE('',*,*,#2491,.T.);
#1579=ORIENTED_EDGE('',*,*,#2492,.T.);
#1580=ORIENTED_EDGE('',*,*,#2493,.T.);
#1581=ORIENTED_EDGE('',*,*,#2494,.T.);
#1582=ORIENTED_EDGE('',*,*,#2495,.T.);
#1583=ORIENTED_EDGE('',*,*,#2496,.T.);
#1584=ORIENTED_EDGE('',*,*,#2497,.T.);
#1585=ORIENTED_EDGE('',*,*,#2498,.T.);
#1586=ORIENTED_EDGE('',*,*,#2499,.T.);
#1587=ORIENTED_EDGE('',*,*,#2500,.T.);
#1588=ORIENTED_EDGE('',*,*,#2501,.T.);
#1589=ORIENTED_EDGE('',*,*,#2502,.T.);
#1590=ORIENTED_EDGE('',*,*,#2503,.T.);
#1591=ORIENTED_EDGE('',*,*,#2486,.F.);
#1592=ORIENTED_EDGE('',*,*,#2504,.T.);
#1593=ORIENTED_EDGE('',*,*,#2500,.F.);
#1594=ORIENTED_EDGE('',*,*,#2505,.T.);
#1595=ORIENTED_EDGE('',*,*,#2502,.F.);
#1596=ORIENTED_EDGE('',*,*,#2506,.T.);
#1597=ORIENTED_EDGE('',*,*,#2476,.F.);
#1598=ORIENTED_EDGE('',*,*,#2507,.T.);
#1599=ORIENTED_EDGE('',*,*,#2508,.T.);
#1600=ORIENTED_EDGE('',*,*,#2509,.F.);
#1601=ORIENTED_EDGE('',*,*,#2510,.T.);
#1602=ORIENTED_EDGE('',*,*,#2482,.F.);
#1603=ORIENTED_EDGE('',*,*,#2483,.F.);
#1604=ORIENTED_EDGE('',*,*,#2511,.F.);
#1605=ORIENTED_EDGE('',*,*,#2512,.F.);
#1606=ORIENTED_EDGE('',*,*,#2513,.T.);
#1607=ORIENTED_EDGE('',*,*,#2514,.T.);
#1608=ORIENTED_EDGE('',*,*,#2515,.F.);
#1609=ORIENTED_EDGE('',*,*,#2516,.T.);
#1610=ORIENTED_EDGE('',*,*,#2487,.F.);
#1611=ORIENTED_EDGE('',*,*,#2498,.F.);
#1612=ORIENTED_EDGE('',*,*,#2517,.T.);
#1613=ORIENTED_EDGE('',*,*,#2484,.F.);
#1614=ORIENTED_EDGE('',*,*,#2518,.F.);
#1615=ORIENTED_EDGE('',*,*,#2478,.F.);
#1616=ORIENTED_EDGE('',*,*,#2519,.T.);
#1617=ORIENTED_EDGE('',*,*,#2496,.F.);
#1618=ORIENTED_EDGE('',*,*,#2520,.T.);
#1619=ORIENTED_EDGE('',*,*,#2521,.F.);
#1620=ORIENTED_EDGE('',*,*,#2514,.F.);
#1621=ORIENTED_EDGE('',*,*,#2505,.F.);
#1622=ORIENTED_EDGE('',*,*,#2522,.F.);
#1623=ORIENTED_EDGE('',*,*,#2523,.F.);
#1624=ORIENTED_EDGE('',*,*,#2521,.T.);
#1625=ORIENTED_EDGE('',*,*,#2503,.F.);
#1626=ORIENTED_EDGE('',*,*,#2513,.F.);
#1627=ORIENTED_EDGE('',*,*,#2522,.T.);
#1628=ORIENTED_EDGE('',*,*,#2507,.F.);
#1629=ORIENTED_EDGE('',*,*,#2493,.F.);
#1630=ORIENTED_EDGE('',*,*,#2524,.F.);
#1631=ORIENTED_EDGE('',*,*,#2525,.F.);
#1632=ORIENTED_EDGE('',*,*,#2526,.F.);
#1633=ORIENTED_EDGE('',*,*,#2526,.T.);
#1634=ORIENTED_EDGE('',*,*,#2508,.F.);
#1635=ORIENTED_EDGE('',*,*,#2527,.F.);
#1636=ORIENTED_EDGE('',*,*,#2489,.F.);
#1637=ORIENTED_EDGE('',*,*,#2528,.T.);
#1638=ORIENTED_EDGE('',*,*,#2492,.F.);
#1639=ORIENTED_EDGE('',*,*,#2529,.F.);
#1640=ORIENTED_EDGE('',*,*,#2530,.T.);
#1641=ORIENTED_EDGE('',*,*,#2531,.T.);
#1642=ORIENTED_EDGE('',*,*,#2532,.T.);
#1643=ORIENTED_EDGE('',*,*,#2533,.T.);
#1644=ORIENTED_EDGE('',*,*,#2534,.T.);
#1645=ORIENTED_EDGE('',*,*,#2535,.T.);
#1646=ORIENTED_EDGE('',*,*,#2536,.T.);
#1647=ORIENTED_EDGE('',*,*,#2537,.T.);
#1648=ORIENTED_EDGE('',*,*,#2479,.F.);
#1649=ORIENTED_EDGE('',*,*,#2538,.T.);
#1650=ORIENTED_EDGE('',*,*,#2530,.F.);
#1651=ORIENTED_EDGE('',*,*,#2539,.T.);
#1652=ORIENTED_EDGE('',*,*,#2532,.F.);
#1653=ORIENTED_EDGE('',*,*,#2540,.T.);
#1654=ORIENTED_EDGE('',*,*,#2491,.F.);
#1655=ORIENTED_EDGE('',*,*,#2541,.T.);
#1656=ORIENTED_EDGE('',*,*,#2540,.F.);
#1657=ORIENTED_EDGE('',*,*,#2542,.F.);
#1658=ORIENTED_EDGE('',*,*,#2518,.T.);
#1659=ORIENTED_EDGE('',*,*,#2542,.T.);
#1660=ORIENTED_EDGE('',*,*,#2531,.F.);
#1661=ORIENTED_EDGE('',*,*,#2543,.F.);
#1662=ORIENTED_EDGE('',*,*,#2499,.F.);
#1663=ORIENTED_EDGE('',*,*,#2538,.F.);
#1664=ORIENTED_EDGE('',*,*,#2520,.F.);
#1665=ORIENTED_EDGE('',*,*,#2543,.T.);
#1666=ORIENTED_EDGE('',*,*,#2544,.F.);
#1667=ORIENTED_EDGE('',*,*,#2535,.F.);
#1668=ORIENTED_EDGE('',*,*,#2545,.F.);
#1669=ORIENTED_EDGE('',*,*,#2533,.F.);
#1670=ORIENTED_EDGE('',*,*,#2541,.F.);
#1671=ORIENTED_EDGE('',*,*,#2546,.F.);
#1672=ORIENTED_EDGE('',*,*,#2544,.T.);
#1673=ORIENTED_EDGE('',*,*,#2545,.T.);
#1674=ORIENTED_EDGE('',*,*,#2547,.F.);
#1675=ORIENTED_EDGE('',*,*,#2539,.F.);
#1676=ORIENTED_EDGE('',*,*,#2546,.T.);
#1677=ORIENTED_EDGE('',*,*,#2490,.F.);
#1678=ORIENTED_EDGE('',*,*,#2548,.F.);
#1679=ORIENTED_EDGE('',*,*,#2536,.F.);
#1680=ORIENTED_EDGE('',*,*,#2527,.T.);
#1681=ORIENTED_EDGE('',*,*,#2481,.F.);
#1682=ORIENTED_EDGE('',*,*,#2549,.F.);
#1683=ORIENTED_EDGE('',*,*,#2494,.F.);
#1684=ORIENTED_EDGE('',*,*,#2547,.T.);
#1685=ORIENTED_EDGE('',*,*,#2534,.F.);
#1686=ORIENTED_EDGE('',*,*,#2550,.F.);
#1687=ORIENTED_EDGE('',*,*,#2480,.F.);
#1688=ORIENTED_EDGE('',*,*,#2529,.T.);
#1689=ORIENTED_EDGE('',*,*,#2551,.F.);
#1690=ORIENTED_EDGE('',*,*,#2548,.T.);
#1691=ORIENTED_EDGE('',*,*,#2550,.T.);
#1692=ORIENTED_EDGE('',*,*,#2552,.F.);
#1693=ORIENTED_EDGE('',*,*,#2549,.T.);
#1694=ORIENTED_EDGE('',*,*,#2551,.T.);
#1695=ORIENTED_EDGE('',*,*,#2495,.F.);
#1696=ORIENTED_EDGE('',*,*,#2552,.T.);
#1697=ORIENTED_EDGE('',*,*,#2537,.F.);
#1698=ORIENTED_EDGE('',*,*,#2553,.T.);
#1699=ORIENTED_EDGE('',*,*,#2554,.T.);
#1700=ORIENTED_EDGE('',*,*,#2555,.T.);
#1701=ORIENTED_EDGE('',*,*,#2556,.T.);
#1702=ORIENTED_EDGE('',*,*,#2557,.F.);
#1703=ORIENTED_EDGE('',*,*,#2558,.F.);
#1704=ORIENTED_EDGE('',*,*,#2559,.T.);
#1705=ORIENTED_EDGE('',*,*,#2560,.F.);
#1706=ORIENTED_EDGE('',*,*,#2488,.F.);
#1707=ORIENTED_EDGE('',*,*,#2561,.T.);
#1708=ORIENTED_EDGE('',*,*,#2562,.F.);
#1709=ORIENTED_EDGE('',*,*,#2563,.T.);
#1710=ORIENTED_EDGE('',*,*,#2510,.F.);
#1711=ORIENTED_EDGE('',*,*,#2559,.F.);
#1712=ORIENTED_EDGE('',*,*,#2511,.T.);
#1713=ORIENTED_EDGE('',*,*,#2561,.F.);
#1714=ORIENTED_EDGE('',*,*,#2516,.F.);
#1715=ORIENTED_EDGE('',*,*,#2557,.T.);
#1716=ORIENTED_EDGE('',*,*,#2512,.T.);
#1717=ORIENTED_EDGE('',*,*,#2558,.T.);
#1718=ORIENTED_EDGE('',*,*,#2515,.T.);
#1719=ORIENTED_EDGE('',*,*,#2523,.T.);
#1720=ORIENTED_EDGE('',*,*,#2562,.T.);
#1721=ORIENTED_EDGE('',*,*,#2560,.T.);
#1722=ORIENTED_EDGE('',*,*,#2509,.T.);
#1723=ORIENTED_EDGE('',*,*,#2525,.T.);
#1724=ORIENTED_EDGE('',*,*,#2524,.T.);
#1725=ORIENTED_EDGE('',*,*,#2528,.F.);
#1726=ORIENTED_EDGE('',*,*,#2563,.F.);
#1727=ORIENTED_EDGE('',*,*,#2564,.F.);
#1728=ORIENTED_EDGE('',*,*,#2565,.F.);
#1729=ORIENTED_EDGE('',*,*,#2519,.F.);
#1730=ORIENTED_EDGE('',*,*,#2565,.T.);
#1731=ORIENTED_EDGE('',*,*,#2555,.F.);
#1732=ORIENTED_EDGE('',*,*,#2566,.F.);
#1733=ORIENTED_EDGE('',*,*,#2497,.F.);
#1734=ORIENTED_EDGE('',*,*,#2564,.T.);
#1735=ORIENTED_EDGE('',*,*,#2477,.F.);
#1736=ORIENTED_EDGE('',*,*,#2567,.F.);
#1737=ORIENTED_EDGE('',*,*,#2556,.F.);
#1738=ORIENTED_EDGE('',*,*,#2517,.F.);
#1739=ORIENTED_EDGE('',*,*,#2566,.T.);
#1740=ORIENTED_EDGE('',*,*,#2568,.F.);
#1741=ORIENTED_EDGE('',*,*,#2567,.T.);
#1742=ORIENTED_EDGE('',*,*,#2506,.F.);
#1743=ORIENTED_EDGE('',*,*,#2569,.F.);
#1744=ORIENTED_EDGE('',*,*,#2568,.T.);
#1745=ORIENTED_EDGE('',*,*,#2554,.F.);
#1746=ORIENTED_EDGE('',*,*,#2570,.F.);
#1747=ORIENTED_EDGE('',*,*,#2485,.F.);
#1748=ORIENTED_EDGE('',*,*,#2569,.T.);
#1749=ORIENTED_EDGE('',*,*,#2501,.F.);
#1750=ORIENTED_EDGE('',*,*,#2571,.F.);
#1751=ORIENTED_EDGE('',*,*,#2553,.F.);
#1752=ORIENTED_EDGE('',*,*,#2504,.F.);
#1753=ORIENTED_EDGE('',*,*,#2570,.T.);
#1754=ORIENTED_EDGE('',*,*,#2571,.T.);
#1755=ORIENTED_EDGE('',*,*,#2572,.T.);
#1756=ORIENTED_EDGE('',*,*,#2573,.T.);
#1757=ORIENTED_EDGE('',*,*,#2574,.T.);
#1758=ORIENTED_EDGE('',*,*,#2575,.T.);
#1759=ORIENTED_EDGE('',*,*,#2576,.T.);
#1760=ORIENTED_EDGE('',*,*,#2577,.T.);
#1761=ORIENTED_EDGE('',*,*,#2578,.T.);
#1762=ORIENTED_EDGE('',*,*,#2579,.T.);
#1763=ORIENTED_EDGE('',*,*,#2580,.T.);
#1764=ORIENTED_EDGE('',*,*,#2581,.T.);
#1765=ORIENTED_EDGE('',*,*,#2582,.T.);
#1766=ORIENTED_EDGE('',*,*,#2583,.T.);
#1767=ORIENTED_EDGE('',*,*,#2584,.T.);
#1768=ORIENTED_EDGE('',*,*,#2585,.T.);
#1769=ORIENTED_EDGE('',*,*,#2586,.T.);
#1770=ORIENTED_EDGE('',*,*,#2587,.T.);
#1771=ORIENTED_EDGE('',*,*,#2588,.T.);
#1772=ORIENTED_EDGE('',*,*,#2589,.T.);
#1773=ORIENTED_EDGE('',*,*,#2590,.T.);
#1774=ORIENTED_EDGE('',*,*,#2591,.T.);
#1775=ORIENTED_EDGE('',*,*,#2592,.T.);
#1776=ORIENTED_EDGE('',*,*,#2593,.T.);
#1777=ORIENTED_EDGE('',*,*,#2594,.T.);
#1778=ORIENTED_EDGE('',*,*,#2595,.T.);
#1779=ORIENTED_EDGE('',*,*,#2596,.T.);
#1780=ORIENTED_EDGE('',*,*,#2597,.T.);
#1781=ORIENTED_EDGE('',*,*,#2598,.T.);
#1782=ORIENTED_EDGE('',*,*,#2599,.T.);
#1783=ORIENTED_EDGE('',*,*,#2600,.T.);
#1784=ORIENTED_EDGE('',*,*,#2601,.T.);
#1785=ORIENTED_EDGE('',*,*,#2602,.T.);
#1786=ORIENTED_EDGE('',*,*,#2603,.T.);
#1787=ORIENTED_EDGE('',*,*,#2604,.T.);
#1788=ORIENTED_EDGE('',*,*,#2598,.F.);
#1789=ORIENTED_EDGE('',*,*,#2605,.T.);
#1790=ORIENTED_EDGE('',*,*,#2601,.F.);
#1791=ORIENTED_EDGE('',*,*,#2606,.T.);
#1792=ORIENTED_EDGE('',*,*,#2603,.F.);
#1793=ORIENTED_EDGE('',*,*,#2607,.T.);
#1794=ORIENTED_EDGE('',*,*,#2584,.F.);
#1795=ORIENTED_EDGE('',*,*,#2608,.T.);
#1796=ORIENTED_EDGE('',*,*,#2609,.T.);
#1797=ORIENTED_EDGE('',*,*,#2610,.F.);
#1798=ORIENTED_EDGE('',*,*,#2611,.T.);
#1799=ORIENTED_EDGE('',*,*,#2590,.F.);
#1800=ORIENTED_EDGE('',*,*,#2580,.F.);
#1801=ORIENTED_EDGE('',*,*,#2612,.T.);
#1802=ORIENTED_EDGE('',*,*,#2613,.F.);
#1803=ORIENTED_EDGE('',*,*,#2614,.T.);
#1804=ORIENTED_EDGE('',*,*,#2591,.F.);
#1805=ORIENTED_EDGE('',*,*,#2615,.F.);
#1806=ORIENTED_EDGE('',*,*,#2574,.F.);
#1807=ORIENTED_EDGE('',*,*,#2616,.T.);
#1808=ORIENTED_EDGE('',*,*,#2576,.F.);
#1809=ORIENTED_EDGE('',*,*,#2617,.T.);
#1810=ORIENTED_EDGE('',*,*,#2579,.F.);
#1811=ORIENTED_EDGE('',*,*,#2618,.F.);
#1812=ORIENTED_EDGE('',*,*,#2594,.F.);
#1813=ORIENTED_EDGE('',*,*,#2619,.T.);
#1814=ORIENTED_EDGE('',*,*,#2596,.F.);
#1815=ORIENTED_EDGE('',*,*,#2620,.F.);
#1816=ORIENTED_EDGE('',*,*,#2586,.F.);
#1817=ORIENTED_EDGE('',*,*,#2621,.T.);
#1818=ORIENTED_EDGE('',*,*,#2592,.F.);
#1819=ORIENTED_EDGE('',*,*,#2622,.T.);
#1820=ORIENTED_EDGE('',*,*,#2623,.F.);
#1821=ORIENTED_EDGE('',*,*,#2572,.F.);
#1822=ORIENTED_EDGE('',*,*,#2624,.T.);
#1823=ORIENTED_EDGE('',*,*,#2606,.F.);
#1824=ORIENTED_EDGE('',*,*,#2625,.F.);
#1825=ORIENTED_EDGE('',*,*,#2573,.F.);
#1826=ORIENTED_EDGE('',*,*,#2623,.T.);
#1827=ORIENTED_EDGE('',*,*,#2604,.F.);
#1828=ORIENTED_EDGE('',*,*,#2616,.F.);
#1829=ORIENTED_EDGE('',*,*,#2625,.T.);
#1830=ORIENTED_EDGE('',*,*,#2608,.F.);
#1831=ORIENTED_EDGE('',*,*,#2626,.F.);
#1832=ORIENTED_EDGE('',*,*,#2627,.F.);
#1833=ORIENTED_EDGE('',*,*,#2628,.F.);
#1834=ORIENTED_EDGE('',*,*,#2629,.F.);
#1835=ORIENTED_EDGE('',*,*,#2614,.F.);
#1836=ORIENTED_EDGE('',*,*,#2626,.T.);
#1837=ORIENTED_EDGE('',*,*,#2630,.F.);
#1838=ORIENTED_EDGE('',*,*,#2628,.T.);
#1839=ORIENTED_EDGE('',*,*,#2609,.F.);
#1840=ORIENTED_EDGE('',*,*,#2631,.F.);
#1841=ORIENTED_EDGE('',*,*,#2632,.T.);
#1842=ORIENTED_EDGE('',*,*,#2633,.T.);
#1843=ORIENTED_EDGE('',*,*,#2634,.T.);
#1844=ORIENTED_EDGE('',*,*,#2635,.T.);
#1845=ORIENTED_EDGE('',*,*,#2636,.T.);
#1846=ORIENTED_EDGE('',*,*,#2637,.T.);
#1847=ORIENTED_EDGE('',*,*,#2638,.T.);
#1848=ORIENTED_EDGE('',*,*,#2639,.T.);
#1849=ORIENTED_EDGE('',*,*,#2640,.T.);
#1850=ORIENTED_EDGE('',*,*,#2641,.T.);
#1851=ORIENTED_EDGE('',*,*,#2642,.T.);
#1852=ORIENTED_EDGE('',*,*,#2629,.T.);
#1853=ORIENTED_EDGE('',*,*,#2643,.T.);
#1854=ORIENTED_EDGE('',*,*,#2644,.T.);
#1855=ORIENTED_EDGE('',*,*,#2587,.F.);
#1856=ORIENTED_EDGE('',*,*,#2645,.T.);
#1857=ORIENTED_EDGE('',*,*,#2632,.F.);
#1858=ORIENTED_EDGE('',*,*,#2646,.T.);
#1859=ORIENTED_EDGE('',*,*,#2634,.F.);
#1860=ORIENTED_EDGE('',*,*,#2647,.T.);
#1861=ORIENTED_EDGE('',*,*,#2600,.F.);
#1862=ORIENTED_EDGE('',*,*,#2648,.T.);
#1863=ORIENTED_EDGE('',*,*,#2636,.F.);
#1864=ORIENTED_EDGE('',*,*,#2649,.T.);
#1865=ORIENTED_EDGE('',*,*,#2583,.F.);
#1866=ORIENTED_EDGE('',*,*,#2650,.T.);
#1867=ORIENTED_EDGE('',*,*,#2649,.F.);
#1868=ORIENTED_EDGE('',*,*,#2651,.F.);
#1869=ORIENTED_EDGE('',*,*,#2618,.T.);
#1870=ORIENTED_EDGE('',*,*,#2577,.F.);
#1871=ORIENTED_EDGE('',*,*,#2651,.T.);
#1872=ORIENTED_EDGE('',*,*,#2635,.F.);
#1873=ORIENTED_EDGE('',*,*,#2652,.T.);
#1874=ORIENTED_EDGE('',*,*,#2647,.F.);
#1875=ORIENTED_EDGE('',*,*,#2653,.F.);
#1876=ORIENTED_EDGE('',*,*,#2620,.T.);
#1877=ORIENTED_EDGE('',*,*,#2653,.T.);
#1878=ORIENTED_EDGE('',*,*,#2633,.F.);
#1879=ORIENTED_EDGE('',*,*,#2654,.F.);
#1880=ORIENTED_EDGE('',*,*,#2595,.F.);
#1881=ORIENTED_EDGE('',*,*,#2645,.F.);
#1882=ORIENTED_EDGE('',*,*,#2622,.F.);
#1883=ORIENTED_EDGE('',*,*,#2654,.T.);
#1884=ORIENTED_EDGE('',*,*,#2648,.F.);
#1885=ORIENTED_EDGE('',*,*,#2655,.F.);
#1886=ORIENTED_EDGE('',*,*,#2652,.F.);
#1887=ORIENTED_EDGE('',*,*,#2655,.T.);
#1888=ORIENTED_EDGE('',*,*,#2599,.F.);
#1889=ORIENTED_EDGE('',*,*,#2624,.F.);
#1890=ORIENTED_EDGE('',*,*,#2578,.F.);
#1891=ORIENTED_EDGE('',*,*,#2656,.F.);
#1892=ORIENTED_EDGE('',*,*,#2639,.F.);
#1893=ORIENTED_EDGE('',*,*,#2657,.F.);
#1894=ORIENTED_EDGE('',*,*,#2637,.F.);
#1895=ORIENTED_EDGE('',*,*,#2650,.F.);
#1896=ORIENTED_EDGE('',*,*,#2658,.F.);
#1897=ORIENTED_EDGE('',*,*,#2656,.T.);
#1898=ORIENTED_EDGE('',*,*,#2657,.T.);
#1899=ORIENTED_EDGE('',*,*,#2659,.F.);
#1900=ORIENTED_EDGE('',*,*,#2646,.F.);
#1901=ORIENTED_EDGE('',*,*,#2658,.T.);
#1902=ORIENTED_EDGE('',*,*,#2582,.F.);
#1903=ORIENTED_EDGE('',*,*,#2660,.F.);
#1904=ORIENTED_EDGE('',*,*,#2640,.F.);
#1905=ORIENTED_EDGE('',*,*,#2630,.T.);
#1906=ORIENTED_EDGE('',*,*,#2642,.F.);
#1907=ORIENTED_EDGE('',*,*,#2661,.F.);
#1908=ORIENTED_EDGE('',*,*,#2581,.F.);
#1909=ORIENTED_EDGE('',*,*,#2631,.T.);
#1910=ORIENTED_EDGE('',*,*,#2589,.F.);
#1911=ORIENTED_EDGE('',*,*,#2662,.F.);
#1912=ORIENTED_EDGE('',*,*,#2643,.F.);
#1913=ORIENTED_EDGE('',*,*,#2659,.T.);
#1914=ORIENTED_EDGE('',*,*,#2638,.F.);
#1915=ORIENTED_EDGE('',*,*,#2663,.F.);
#1916=ORIENTED_EDGE('',*,*,#2588,.F.);
#1917=ORIENTED_EDGE('',*,*,#2661,.T.);
#1918=ORIENTED_EDGE('',*,*,#2664,.F.);
#1919=ORIENTED_EDGE('',*,*,#2660,.T.);
#1920=ORIENTED_EDGE('',*,*,#2663,.T.);
#1921=ORIENTED_EDGE('',*,*,#2665,.F.);
#1922=ORIENTED_EDGE('',*,*,#2662,.T.);
#1923=ORIENTED_EDGE('',*,*,#2664,.T.);
#1924=ORIENTED_EDGE('',*,*,#2644,.F.);
#1925=ORIENTED_EDGE('',*,*,#2665,.T.);
#1926=ORIENTED_EDGE('',*,*,#2641,.F.);
#1927=ORIENTED_EDGE('',*,*,#2666,.T.);
#1928=ORIENTED_EDGE('',*,*,#2667,.T.);
#1929=ORIENTED_EDGE('',*,*,#2668,.T.);
#1930=ORIENTED_EDGE('',*,*,#2669,.T.);
#1931=ORIENTED_EDGE('',*,*,#2670,.F.);
#1932=ORIENTED_EDGE('',*,*,#2575,.F.);
#1933=ORIENTED_EDGE('',*,*,#2671,.T.);
#1934=ORIENTED_EDGE('',*,*,#2672,.F.);
#1935=ORIENTED_EDGE('',*,*,#2611,.F.);
#1936=ORIENTED_EDGE('',*,*,#2671,.F.);
#1937=ORIENTED_EDGE('',*,*,#2615,.T.);
#1938=ORIENTED_EDGE('',*,*,#2612,.F.);
#1939=ORIENTED_EDGE('',*,*,#2617,.F.);
#1940=ORIENTED_EDGE('',*,*,#2670,.T.);
#1941=ORIENTED_EDGE('',*,*,#2613,.T.);
#1942=ORIENTED_EDGE('',*,*,#2672,.T.);
#1943=ORIENTED_EDGE('',*,*,#2610,.T.);
#1944=ORIENTED_EDGE('',*,*,#2627,.T.);
#1945=ORIENTED_EDGE('',*,*,#2673,.F.);
#1946=ORIENTED_EDGE('',*,*,#2607,.F.);
#1947=ORIENTED_EDGE('',*,*,#2674,.F.);
#1948=ORIENTED_EDGE('',*,*,#2674,.T.);
#1949=ORIENTED_EDGE('',*,*,#2602,.F.);
#1950=ORIENTED_EDGE('',*,*,#2675,.F.);
#1951=ORIENTED_EDGE('',*,*,#2669,.F.);
#1952=ORIENTED_EDGE('',*,*,#2673,.T.);
#1953=ORIENTED_EDGE('',*,*,#2668,.F.);
#1954=ORIENTED_EDGE('',*,*,#2676,.F.);
#1955=ORIENTED_EDGE('',*,*,#2585,.F.);
#1956=ORIENTED_EDGE('',*,*,#2675,.T.);
#1957=ORIENTED_EDGE('',*,*,#2605,.F.);
#1958=ORIENTED_EDGE('',*,*,#2677,.F.);
#1959=ORIENTED_EDGE('',*,*,#2621,.F.);
#1960=ORIENTED_EDGE('',*,*,#2676,.T.);
#1961=ORIENTED_EDGE('',*,*,#2678,.F.);
#1962=ORIENTED_EDGE('',*,*,#2677,.T.);
#1963=ORIENTED_EDGE('',*,*,#2597,.F.);
#1964=ORIENTED_EDGE('',*,*,#2679,.F.);
#1965=ORIENTED_EDGE('',*,*,#2666,.F.);
#1966=ORIENTED_EDGE('',*,*,#2678,.T.);
#1967=ORIENTED_EDGE('',*,*,#2667,.F.);
#1968=ORIENTED_EDGE('',*,*,#2680,.F.);
#1969=ORIENTED_EDGE('',*,*,#2593,.F.);
#1970=ORIENTED_EDGE('',*,*,#2679,.T.);
#1971=ORIENTED_EDGE('',*,*,#2619,.F.);
#1972=ORIENTED_EDGE('',*,*,#2680,.T.);
#1973=ORIENTED_EDGE('',*,*,#2681,.F.);
#1974=ORIENTED_EDGE('',*,*,#2682,.T.);
#1975=ORIENTED_EDGE('',*,*,#2683,.T.);
#1976=ORIENTED_EDGE('',*,*,#2684,.T.);
#1977=ORIENTED_EDGE('',*,*,#2685,.F.);
#1978=ORIENTED_EDGE('',*,*,#2686,.T.);
#1979=ORIENTED_EDGE('',*,*,#2687,.F.);
#1980=ORIENTED_EDGE('',*,*,#2688,.T.);
#1981=ORIENTED_EDGE('',*,*,#2689,.T.);
#1982=ORIENTED_EDGE('',*,*,#2690,.T.);
#1983=ORIENTED_EDGE('',*,*,#2681,.T.);
#1984=ORIENTED_EDGE('',*,*,#2691,.T.);
#1985=ORIENTED_EDGE('',*,*,#2692,.F.);
#1986=ORIENTED_EDGE('',*,*,#2693,.T.);
#1987=ORIENTED_EDGE('',*,*,#2694,.F.);
#1988=ORIENTED_EDGE('',*,*,#2695,.T.);
#1989=ORIENTED_EDGE('',*,*,#2696,.F.);
#1990=ORIENTED_EDGE('',*,*,#2697,.T.);
#1991=ORIENTED_EDGE('',*,*,#2698,.T.);
#1992=ORIENTED_EDGE('',*,*,#2699,.T.);
#1993=ORIENTED_EDGE('',*,*,#2689,.F.);
#1994=ORIENTED_EDGE('',*,*,#2700,.T.);
#1995=ORIENTED_EDGE('',*,*,#2701,.T.);
#1996=ORIENTED_EDGE('',*,*,#2702,.T.);
#1997=ORIENTED_EDGE('',*,*,#2703,.T.);
#1998=ORIENTED_EDGE('',*,*,#2704,.T.);
#1999=ORIENTED_EDGE('',*,*,#2705,.F.);
#2000=ORIENTED_EDGE('',*,*,#2706,.T.);
#2001=ORIENTED_EDGE('',*,*,#2683,.F.);
#2002=ORIENTED_EDGE('',*,*,#2707,.T.);
#2003=ORIENTED_EDGE('',*,*,#2698,.F.);
#2004=ORIENTED_EDGE('',*,*,#2708,.T.);
#2005=ORIENTED_EDGE('',*,*,#2709,.T.);
#2006=ORIENTED_EDGE('',*,*,#2710,.T.);
#2007=ORIENTED_EDGE('',*,*,#2711,.T.);
#2008=ORIENTED_EDGE('',*,*,#2712,.T.);
#2009=ORIENTED_EDGE('',*,*,#2694,.T.);
#2010=ORIENTED_EDGE('',*,*,#2713,.T.);
#2011=ORIENTED_EDGE('',*,*,#2703,.F.);
#2012=ORIENTED_EDGE('',*,*,#2714,.T.);
#2013=ORIENTED_EDGE('',*,*,#2705,.T.);
#2014=ORIENTED_EDGE('',*,*,#2715,.T.);
#2015=ORIENTED_EDGE('',*,*,#2692,.T.);
#2016=ORIENTED_EDGE('',*,*,#2716,.T.);
#2017=ORIENTED_EDGE('',*,*,#2706,.F.);
#2018=ORIENTED_EDGE('',*,*,#2716,.F.);
#2019=ORIENTED_EDGE('',*,*,#2691,.F.);
#2020=ORIENTED_EDGE('',*,*,#2684,.F.);
#2021=ORIENTED_EDGE('',*,*,#2704,.F.);
#2022=ORIENTED_EDGE('',*,*,#2713,.F.);
#2023=ORIENTED_EDGE('',*,*,#2693,.F.);
#2024=ORIENTED_EDGE('',*,*,#2715,.F.);
#2025=ORIENTED_EDGE('',*,*,#2690,.F.);
#2026=ORIENTED_EDGE('',*,*,#2699,.F.);
#2027=ORIENTED_EDGE('',*,*,#2707,.F.);
#2028=ORIENTED_EDGE('',*,*,#2682,.F.);
#2029=ORIENTED_EDGE('',*,*,#2696,.T.);
#2030=ORIENTED_EDGE('',*,*,#2717,.T.);
#2031=ORIENTED_EDGE('',*,*,#2701,.F.);
#2032=ORIENTED_EDGE('',*,*,#2718,.T.);
#2033=ORIENTED_EDGE('',*,*,#2685,.T.);
#2034=ORIENTED_EDGE('',*,*,#2719,.T.);
#2035=ORIENTED_EDGE('',*,*,#2711,.F.);
#2036=ORIENTED_EDGE('',*,*,#2720,.T.);
#2037=ORIENTED_EDGE('',*,*,#2687,.T.);
#2038=ORIENTED_EDGE('',*,*,#2721,.T.);
#2039=ORIENTED_EDGE('',*,*,#2709,.F.);
#2040=ORIENTED_EDGE('',*,*,#2722,.T.);
#2041=ORIENTED_EDGE('',*,*,#2688,.F.);
#2042=ORIENTED_EDGE('',*,*,#2722,.F.);
#2043=ORIENTED_EDGE('',*,*,#2708,.F.);
#2044=ORIENTED_EDGE('',*,*,#2700,.F.);
#2045=ORIENTED_EDGE('',*,*,#2686,.F.);
#2046=ORIENTED_EDGE('',*,*,#2720,.F.);
#2047=ORIENTED_EDGE('',*,*,#2710,.F.);
#2048=ORIENTED_EDGE('',*,*,#2721,.F.);
#2049=ORIENTED_EDGE('',*,*,#2697,.F.);
#2050=ORIENTED_EDGE('',*,*,#2718,.F.);
#2051=ORIENTED_EDGE('',*,*,#2712,.F.);
#2052=ORIENTED_EDGE('',*,*,#2719,.F.);
#2053=ORIENTED_EDGE('',*,*,#2695,.F.);
#2054=ORIENTED_EDGE('',*,*,#2714,.F.);
#2055=ORIENTED_EDGE('',*,*,#2702,.F.);
#2056=ORIENTED_EDGE('',*,*,#2717,.F.);
#2057=VERTEX_POINT('',#4687);
#2058=VERTEX_POINT('',#4688);
#2059=VERTEX_POINT('',#4690);
#2060=VERTEX_POINT('',#4692);
#2061=VERTEX_POINT('',#4694);
#2062=VERTEX_POINT('',#4696);
#2063=VERTEX_POINT('',#4698);
#2064=VERTEX_POINT('',#4702);
#2065=VERTEX_POINT('',#4703);
#2066=VERTEX_POINT('',#4705);
#2067=VERTEX_POINT('',#4707);
#2068=VERTEX_POINT('',#4709);
#2069=VERTEX_POINT('',#4713);
#2070=VERTEX_POINT('',#4714);
#2071=VERTEX_POINT('',#4716);
#2072=VERTEX_POINT('',#4718);
#2073=VERTEX_POINT('',#4720);
#2074=VERTEX_POINT('',#4722);
#2075=VERTEX_POINT('',#4724);
#2076=VERTEX_POINT('',#4728);
#2077=VERTEX_POINT('',#4729);
#2078=VERTEX_POINT('',#4731);
#2079=VERTEX_POINT('',#4733);
#2080=VERTEX_POINT('',#4737);
#2081=VERTEX_POINT('',#4738);
#2082=VERTEX_POINT('',#4740);
#2083=VERTEX_POINT('',#4742);
#2084=VERTEX_POINT('',#4758);
#2085=VERTEX_POINT('',#4760);
#2086=VERTEX_POINT('',#4764);
#2087=VERTEX_POINT('',#4766);
#2088=VERTEX_POINT('',#4876);
#2089=VERTEX_POINT('',#4877);
#2090=VERTEX_POINT('',#4879);
#2091=VERTEX_POINT('',#4881);
#2092=VERTEX_POINT('',#4883);
#2093=VERTEX_POINT('',#4887);
#2094=VERTEX_POINT('',#4888);
#2095=VERTEX_POINT('',#4890);
#2096=VERTEX_POINT('',#4892);
#2097=VERTEX_POINT('',#4896);
#2098=VERTEX_POINT('',#4897);
#2099=VERTEX_POINT('',#4899);
#2100=VERTEX_POINT('',#4901);
#2101=VERTEX_POINT('',#4943);
#2102=VERTEX_POINT('',#4944);
#2103=VERTEX_POINT('',#4946);
#2104=VERTEX_POINT('',#4948);
#2105=VERTEX_POINT('',#4975);
#2106=VERTEX_POINT('',#4976);
#2107=VERTEX_POINT('',#4978);
#2108=VERTEX_POINT('',#4980);
#2109=VERTEX_POINT('',#4982);
#2110=VERTEX_POINT('',#4984);
#2111=VERTEX_POINT('',#4986);
#2112=VERTEX_POINT('',#4988);
#2113=VERTEX_POINT('',#4992);
#2114=VERTEX_POINT('',#4993);
#2115=VERTEX_POINT('',#4995);
#2116=VERTEX_POINT('',#4997);
#2117=VERTEX_POINT('',#4999);
#2118=VERTEX_POINT('',#5003);
#2119=VERTEX_POINT('',#5004);
#2120=VERTEX_POINT('',#5006);
#2121=VERTEX_POINT('',#5008);
#2122=VERTEX_POINT('',#5010);
#2123=VERTEX_POINT('',#5012);
#2124=VERTEX_POINT('',#5014);
#2125=VERTEX_POINT('',#5018);
#2126=VERTEX_POINT('',#5019);
#2127=VERTEX_POINT('',#5021);
#2128=VERTEX_POINT('',#5025);
#2129=VERTEX_POINT('',#5026);
#2130=VERTEX_POINT('',#5028);
#2131=VERTEX_POINT('',#5030);
#2132=VERTEX_POINT('',#5034);
#2133=VERTEX_POINT('',#5035);
#2134=VERTEX_POINT('',#5037);
#2135=VERTEX_POINT('',#5039);
#2136=VERTEX_POINT('',#5052);
#2137=VERTEX_POINT('',#5054);
#2138=VERTEX_POINT('',#5058);
#2139=VERTEX_POINT('',#5060);
#2140=VERTEX_POINT('',#5176);
#2141=VERTEX_POINT('',#5177);
#2142=VERTEX_POINT('',#5179);
#2143=VERTEX_POINT('',#5181);
#2144=VERTEX_POINT('',#5185);
#2145=VERTEX_POINT('',#5186);
#2146=VERTEX_POINT('',#5188);
#2147=VERTEX_POINT('',#5190);
#2148=VERTEX_POINT('',#5192);
#2149=VERTEX_POINT('',#5227);
#2150=VERTEX_POINT('',#5228);
#2151=VERTEX_POINT('',#5230);
#2152=VERTEX_POINT('',#5232);
#2153=VERTEX_POINT('',#5263);
#2154=VERTEX_POINT('',#5264);
#2155=VERTEX_POINT('',#5266);
#2156=VERTEX_POINT('',#5268);
#2157=VERTEX_POINT('',#5270);
#2158=VERTEX_POINT('',#5272);
#2159=VERTEX_POINT('',#5274);
#2160=VERTEX_POINT('',#5276);
#2161=VERTEX_POINT('',#5280);
#2162=VERTEX_POINT('',#5281);
#2163=VERTEX_POINT('',#5283);
#2164=VERTEX_POINT('',#5285);
#2165=VERTEX_POINT('',#5287);
#2166=VERTEX_POINT('',#5289);
#2167=VERTEX_POINT('',#5291);
#2168=VERTEX_POINT('',#5293);
#2169=VERTEX_POINT('',#5297);
#2170=VERTEX_POINT('',#5298);
#2171=VERTEX_POINT('',#5300);
#2172=VERTEX_POINT('',#5302);
#2173=VERTEX_POINT('',#5306);
#2174=VERTEX_POINT('',#5307);
#2175=VERTEX_POINT('',#5309);
#2176=VERTEX_POINT('',#5311);
#2177=VERTEX_POINT('',#5315);
#2178=VERTEX_POINT('',#5316);
#2179=VERTEX_POINT('',#5318);
#2180=VERTEX_POINT('',#5320);
#2181=VERTEX_POINT('',#5330);
#2182=VERTEX_POINT('',#5332);
#2183=VERTEX_POINT('',#5336);
#2184=VERTEX_POINT('',#5338);
#2185=VERTEX_POINT('',#5342);
#2186=VERTEX_POINT('',#5344);
#2187=VERTEX_POINT('',#5454);
#2188=VERTEX_POINT('',#5464);
#2189=VERTEX_POINT('',#5465);
#2190=VERTEX_POINT('',#5467);
#2191=VERTEX_POINT('',#5469);
#2192=VERTEX_POINT('',#5473);
#2193=VERTEX_POINT('',#5474);
#2194=VERTEX_POINT('',#5476);
#2195=VERTEX_POINT('',#5478);
#2196=VERTEX_POINT('',#5511);
#2197=VERTEX_POINT('',#5512);
#2198=VERTEX_POINT('',#5514);
#2199=VERTEX_POINT('',#5516);
#2200=VERTEX_POINT('',#5520);
#2201=VERTEX_POINT('',#5551);
#2202=VERTEX_POINT('',#5552);
#2203=VERTEX_POINT('',#5554);
#2204=VERTEX_POINT('',#5556);
#2205=VERTEX_POINT('',#5558);
#2206=VERTEX_POINT('',#5560);
#2207=VERTEX_POINT('',#5562);
#2208=VERTEX_POINT('',#5566);
#2209=VERTEX_POINT('',#5567);
#2210=VERTEX_POINT('',#5569);
#2211=VERTEX_POINT('',#5571);
#2212=VERTEX_POINT('',#5573);
#2213=VERTEX_POINT('',#5577);
#2214=VERTEX_POINT('',#5578);
#2215=VERTEX_POINT('',#5580);
#2216=VERTEX_POINT('',#5582);
#2217=VERTEX_POINT('',#5584);
#2218=VERTEX_POINT('',#5586);
#2219=VERTEX_POINT('',#5588);
#2220=VERTEX_POINT('',#5590);
#2221=VERTEX_POINT('',#5594);
#2222=VERTEX_POINT('',#5595);
#2223=VERTEX_POINT('',#5597);
#2224=VERTEX_POINT('',#5599);
#2225=VERTEX_POINT('',#5603);
#2226=VERTEX_POINT('',#5604);
#2227=VERTEX_POINT('',#5606);
#2228=VERTEX_POINT('',#5608);
#2229=VERTEX_POINT('',#5610);
#2230=VERTEX_POINT('',#5614);
#2231=VERTEX_POINT('',#5615);
#2232=VERTEX_POINT('',#5617);
#2233=VERTEX_POINT('',#5619);
#2234=VERTEX_POINT('',#5629);
#2235=VERTEX_POINT('',#5631);
#2236=VERTEX_POINT('',#5635);
#2237=VERTEX_POINT('',#5637);
#2238=VERTEX_POINT('',#5706);
#2239=VERTEX_POINT('',#5709);
#2240=VERTEX_POINT('',#5717);
#2241=VERTEX_POINT('',#5718);
#2242=VERTEX_POINT('',#5720);
#2243=VERTEX_POINT('',#5722);
#2244=VERTEX_POINT('',#5724);
#2245=VERTEX_POINT('',#5726);
#2246=VERTEX_POINT('',#5730);
#2247=VERTEX_POINT('',#5731);
#2248=VERTEX_POINT('',#5733);
#2249=VERTEX_POINT('',#5735);
#2250=VERTEX_POINT('',#5739);
#2251=VERTEX_POINT('',#5741);
#2252=VERTEX_POINT('',#5833);
#2253=VERTEX_POINT('',#5834);
#2254=VERTEX_POINT('',#5836);
#2255=VERTEX_POINT('',#5838);
#2256=VERTEX_POINT('',#5865);
#2257=VERTEX_POINT('',#5866);
#2258=VERTEX_POINT('',#5868);
#2259=VERTEX_POINT('',#5870);
#2260=VERTEX_POINT('',#5874);
#2261=VERTEX_POINT('',#5875);
#2262=VERTEX_POINT('',#5877);
#2263=VERTEX_POINT('',#5879);
#2264=VERTEX_POINT('',#5881);
#2265=VERTEX_POINT('',#5883);
#2266=VERTEX_POINT('',#5886);
#2267=VERTEX_POINT('',#5888);
#2268=VERTEX_POINT('',#5890);
#2269=VERTEX_POINT('',#5892);
#2270=VERTEX_POINT('',#5894);
#2271=VERTEX_POINT('',#5896);
#2272=VERTEX_POINT('',#5900);
#2273=VERTEX_POINT('',#5901);
#2274=VERTEX_POINT('',#5906);
#2275=VERTEX_POINT('',#5907);
#2276=VERTEX_POINT('',#5909);
#2277=VERTEX_POINT('',#5911);
#2278=VERTEX_POINT('',#5913);
#2279=VERTEX_POINT('',#5915);
#2280=VERTEX_POINT('',#5919);
#2281=VERTEX_POINT('',#5921);
#2282=VERTEX_POINT('',#5923);
#2283=VERTEX_POINT('',#5925);
#2284=EDGE_CURVE('',#2057,#2058,#2723,.T.);
#2285=EDGE_CURVE('',#2058,#2059,#2724,.T.);
#2286=EDGE_CURVE('',#2059,#2060,#2725,.T.);
#2287=EDGE_CURVE('',#2060,#2061,#2726,.T.);
#2288=EDGE_CURVE('',#2061,#2062,#2727,.T.);
#2289=EDGE_CURVE('',#2062,#2063,#2728,.T.);
#2290=EDGE_CURVE('',#2063,#2057,#2729,.T.);
#2291=EDGE_CURVE('',#2064,#2065,#2730,.T.);
#2292=EDGE_CURVE('',#2065,#2066,#2731,.T.);
#2293=EDGE_CURVE('',#2066,#2067,#2732,.T.);
#2294=EDGE_CURVE('',#2067,#2068,#2733,.T.);
#2295=EDGE_CURVE('',#2068,#2064,#2734,.T.);
#2296=EDGE_CURVE('',#2069,#2070,#2735,.T.);
#2297=EDGE_CURVE('',#2070,#2071,#2736,.T.);
#2298=EDGE_CURVE('',#2071,#2072,#2737,.T.);
#2299=EDGE_CURVE('',#2072,#2073,#2738,.T.);
#2300=EDGE_CURVE('',#2073,#2074,#2739,.T.);
#2301=EDGE_CURVE('',#2074,#2075,#2740,.T.);
#2302=EDGE_CURVE('',#2075,#2069,#2741,.T.);
#2303=EDGE_CURVE('',#2076,#2077,#2742,.T.);
#2304=EDGE_CURVE('',#2077,#2078,#2743,.T.);
#2305=EDGE_CURVE('',#2078,#2079,#2744,.T.);
#2306=EDGE_CURVE('',#2079,#2076,#2745,.T.);
#2307=EDGE_CURVE('',#2080,#2081,#2746,.T.);
#2308=EDGE_CURVE('',#2081,#2082,#2747,.T.);
#2309=EDGE_CURVE('',#2082,#2083,#2748,.T.);
#2310=EDGE_CURVE('',#2083,#2080,#2749,.T.);
#2311=EDGE_CURVE('',#2061,#2065,#266,.T.);
#2312=EDGE_CURVE('',#2064,#2062,#267,.T.);
#2313=EDGE_CURVE('',#2066,#2075,#268,.T.);
#2314=EDGE_CURVE('',#2074,#2067,#269,.T.);
#2315=EDGE_CURVE('',#2059,#2081,#270,.T.);
#2316=EDGE_CURVE('',#2080,#2060,#144,.T.);
#2317=EDGE_CURVE('',#2082,#2070,#271,.T.);
#2318=EDGE_CURVE('',#2069,#2083,#145,.T.);
#2319=EDGE_CURVE('',#2084,#2075,#272,.T.);
#2320=EDGE_CURVE('',#2085,#2084,#2750,.T.);
#2321=EDGE_CURVE('',#2085,#2069,#146,.T.);
#2322=EDGE_CURVE('',#2060,#2086,#147,.T.);
#2323=EDGE_CURVE('',#2087,#2086,#2751,.T.);
#2324=EDGE_CURVE('',#2087,#2061,#273,.T.);
#2325=EDGE_CURVE('',#2078,#2058,#274,.T.);
#2326=EDGE_CURVE('',#2079,#2057,#275,.T.);
#2327=EDGE_CURVE('',#2071,#2077,#276,.T.);
#2328=EDGE_CURVE('',#2076,#2072,#277,.T.);
#2329=EDGE_CURVE('',#2086,#2080,#278,.T.);
#2330=EDGE_CURVE('',#2085,#2083,#279,.T.);
#2331=EDGE_CURVE('',#2086,#2085,#2752,.T.);
#2332=EDGE_CURVE('',#2088,#2089,#2753,.T.);
#2333=EDGE_CURVE('',#2089,#2090,#2754,.T.);
#2334=EDGE_CURVE('',#2090,#2091,#2755,.T.);
#2335=EDGE_CURVE('',#2091,#2092,#2756,.T.);
#2336=EDGE_CURVE('',#2092,#2088,#2757,.T.);
#2337=EDGE_CURVE('',#2093,#2094,#2758,.T.);
#2338=EDGE_CURVE('',#2094,#2095,#2759,.T.);
#2339=EDGE_CURVE('',#2095,#2096,#2760,.T.);
#2340=EDGE_CURVE('',#2096,#2093,#2761,.T.);
#2341=EDGE_CURVE('',#2097,#2098,#2762,.T.);
#2342=EDGE_CURVE('',#2098,#2099,#2763,.T.);
#2343=EDGE_CURVE('',#2099,#2100,#2764,.T.);
#2344=EDGE_CURVE('',#2100,#2097,#2765,.T.);
#2345=EDGE_CURVE('',#2091,#2057,#280,.T.);
#2346=EDGE_CURVE('',#2063,#2092,#281,.T.);
#2347=EDGE_CURVE('',#2072,#2090,#282,.T.);
#2348=EDGE_CURVE('',#2089,#2073,#283,.T.);
#2349=EDGE_CURVE('',#2079,#2091,#284,.T.);
#2350=EDGE_CURVE('',#2076,#2090,#285,.T.);
#2351=EDGE_CURVE('',#2099,#2073,#286,.T.);
#2352=EDGE_CURVE('',#2074,#2098,#287,.T.);
#2353=EDGE_CURVE('',#2095,#2062,#288,.T.);
#2354=EDGE_CURVE('',#2063,#2094,#289,.T.);
#2355=EDGE_CURVE('',#2095,#2064,#290,.T.);
#2356=EDGE_CURVE('',#2067,#2098,#291,.T.);
#2357=EDGE_CURVE('',#2099,#2089,#292,.T.);
#2358=EDGE_CURVE('',#2092,#2094,#293,.T.);
#2359=EDGE_CURVE('',#2096,#2068,#294,.T.);
#2360=EDGE_CURVE('',#2068,#2097,#295,.T.);
#2361=EDGE_CURVE('',#2100,#2088,#296,.T.);
#2362=EDGE_CURVE('',#2088,#2093,#297,.T.);
#2363=EDGE_CURVE('',#2096,#2097,#298,.T.);
#2364=EDGE_CURVE('',#2100,#2093,#299,.T.);
#2365=EDGE_CURVE('',#2101,#2102,#2766,.T.);
#2366=EDGE_CURVE('',#2102,#2103,#2767,.T.);
#2367=EDGE_CURVE('',#2103,#2104,#2768,.T.);
#2368=EDGE_CURVE('',#2104,#2101,#2769,.T.);
#2369=EDGE_CURVE('',#2087,#2065,#300,.T.);
#2370=EDGE_CURVE('',#2084,#2087,#2770,.T.);
#2371=EDGE_CURVE('',#2084,#2066,#301,.T.);
#2372=EDGE_CURVE('',#2070,#2104,#302,.T.);
#2373=EDGE_CURVE('',#2104,#2082,#303,.T.);
#2374=EDGE_CURVE('',#2101,#2081,#304,.T.);
#2375=EDGE_CURVE('',#2071,#2103,#305,.T.);
#2376=EDGE_CURVE('',#2101,#2059,#306,.T.);
#2377=EDGE_CURVE('',#2077,#2103,#307,.T.);
#2378=EDGE_CURVE('',#2102,#2058,#308,.T.);
#2379=EDGE_CURVE('',#2078,#2102,#309,.T.);
#2380=EDGE_CURVE('',#2105,#2106,#2771,.T.);
#2381=EDGE_CURVE('',#2106,#2107,#2772,.T.);
#2382=EDGE_CURVE('',#2107,#2108,#2773,.T.);
#2383=EDGE_CURVE('',#2108,#2109,#2774,.T.);
#2384=EDGE_CURVE('',#2109,#2110,#2775,.T.);
#2385=EDGE_CURVE('',#2110,#2111,#2776,.T.);
#2386=EDGE_CURVE('',#2111,#2112,#2777,.T.);
#2387=EDGE_CURVE('',#2112,#2105,#2778,.T.);
#2388=EDGE_CURVE('',#2113,#2114,#2779,.T.);
#2389=EDGE_CURVE('',#2114,#2115,#2780,.T.);
#2390=EDGE_CURVE('',#2115,#2116,#2781,.T.);
#2391=EDGE_CURVE('',#2116,#2117,#2782,.T.);
#2392=EDGE_CURVE('',#2117,#2113,#2783,.T.);
#2393=EDGE_CURVE('',#2118,#2119,#2784,.T.);
#2394=EDGE_CURVE('',#2119,#2120,#2785,.T.);
#2395=EDGE_CURVE('',#2120,#2121,#2786,.T.);
#2396=EDGE_CURVE('',#2121,#2122,#2787,.T.);
#2397=EDGE_CURVE('',#2122,#2123,#2788,.T.);
#2398=EDGE_CURVE('',#2123,#2124,#2789,.T.);
#2399=EDGE_CURVE('',#2124,#2118,#2790,.T.);
#2400=EDGE_CURVE('',#2125,#2126,#2791,.T.);
#2401=EDGE_CURVE('',#2126,#2127,#2792,.T.);
#2402=EDGE_CURVE('',#2127,#2125,#2793,.T.);
#2403=EDGE_CURVE('',#2128,#2129,#2794,.T.);
#2404=EDGE_CURVE('',#2129,#2130,#2795,.T.);
#2405=EDGE_CURVE('',#2130,#2131,#2796,.T.);
#2406=EDGE_CURVE('',#2131,#2128,#2797,.T.);
#2407=EDGE_CURVE('',#2132,#2133,#2798,.T.);
#2408=EDGE_CURVE('',#2133,#2134,#2799,.T.);
#2409=EDGE_CURVE('',#2134,#2135,#2800,.T.);
#2410=EDGE_CURVE('',#2135,#2132,#2801,.T.);
#2411=EDGE_CURVE('',#2107,#2133,#310,.T.);
#2412=EDGE_CURVE('',#2132,#2108,#148,.T.);
#2413=EDGE_CURVE('',#2134,#2119,#311,.T.);
#2414=EDGE_CURVE('',#2118,#2135,#149,.T.);
#2415=EDGE_CURVE('',#2116,#2124,#312,.T.);
#2416=EDGE_CURVE('',#2123,#2117,#313,.T.);
#2417=EDGE_CURVE('',#2136,#2124,#314,.T.);
#2418=EDGE_CURVE('',#2137,#2136,#2802,.T.);
#2419=EDGE_CURVE('',#2137,#2118,#150,.T.);
#2420=EDGE_CURVE('',#2108,#2138,#151,.T.);
#2421=EDGE_CURVE('',#2139,#2138,#2803,.T.);
#2422=EDGE_CURVE('',#2139,#2109,#315,.T.);
#2423=EDGE_CURVE('',#2130,#2106,#316,.T.);
#2424=EDGE_CURVE('',#2131,#2105,#317,.T.);
#2425=EDGE_CURVE('',#2120,#2129,#318,.T.);
#2426=EDGE_CURVE('',#2128,#2121,#319,.T.);
#2427=EDGE_CURVE('',#2138,#2132,#320,.T.);
#2428=EDGE_CURVE('',#2137,#2135,#321,.T.);
#2429=EDGE_CURVE('',#2138,#2137,#2804,.T.);
#2430=EDGE_CURVE('',#2114,#2126,#322,.T.);
#2431=EDGE_CURVE('',#2113,#2127,#323,.T.);
#2432=EDGE_CURVE('',#2110,#2126,#324,.T.);
#2433=EDGE_CURVE('',#2125,#2111,#325,.T.);
#2434=EDGE_CURVE('',#2140,#2141,#2805,.T.);
#2435=EDGE_CURVE('',#2141,#2142,#2806,.T.);
#2436=EDGE_CURVE('',#2142,#2143,#2807,.T.);
#2437=EDGE_CURVE('',#2143,#2140,#2808,.T.);
#2438=EDGE_CURVE('',#2144,#2145,#2809,.T.);
#2439=EDGE_CURVE('',#2145,#2146,#2810,.T.);
#2440=EDGE_CURVE('',#2146,#2147,#2811,.T.);
#2441=EDGE_CURVE('',#2147,#2148,#2812,.T.);
#2442=EDGE_CURVE('',#2148,#2144,#2813,.T.);
#2443=EDGE_CURVE('',#2121,#2141,#326,.T.);
#2444=EDGE_CURVE('',#2140,#2122,#327,.T.);
#2445=EDGE_CURVE('',#2142,#2105,#328,.T.);
#2446=EDGE_CURVE('',#2112,#2143,#329,.T.);
#2447=EDGE_CURVE('',#2131,#2142,#330,.T.);
#2448=EDGE_CURVE('',#2128,#2141,#331,.T.);
#2449=EDGE_CURVE('',#2123,#2144,#332,.T.);
#2450=EDGE_CURVE('',#2145,#2122,#333,.T.);
#2451=EDGE_CURVE('',#2117,#2144,#334,.T.);
#2452=EDGE_CURVE('',#2145,#2140,#335,.T.);
#2453=EDGE_CURVE('',#2148,#2113,#336,.T.);
#2454=EDGE_CURVE('',#2146,#2143,#337,.T.);
#2455=EDGE_CURVE('',#2146,#2112,#338,.T.);
#2456=EDGE_CURVE('',#2111,#2147,#339,.T.);
#2457=EDGE_CURVE('',#2147,#2125,#340,.T.);
#2458=EDGE_CURVE('',#2148,#2127,#341,.T.);
#2459=EDGE_CURVE('',#2149,#2150,#2814,.T.);
#2460=EDGE_CURVE('',#2150,#2151,#2815,.T.);
#2461=EDGE_CURVE('',#2151,#2152,#2816,.T.);
#2462=EDGE_CURVE('',#2152,#2149,#2817,.T.);
#2463=EDGE_CURVE('',#2139,#2115,#342,.T.);
#2464=EDGE_CURVE('',#2136,#2139,#2818,.T.);
#2465=EDGE_CURVE('',#2136,#2116,#343,.T.);
#2466=EDGE_CURVE('',#2109,#2115,#344,.T.);
#2467=EDGE_CURVE('',#2114,#2110,#345,.T.);
#2468=EDGE_CURVE('',#2152,#2120,#346,.T.);
#2469=EDGE_CURVE('',#2129,#2152,#347,.T.);
#2470=EDGE_CURVE('',#2130,#2151,#348,.T.);
#2471=EDGE_CURVE('',#2149,#2119,#349,.T.);
#2472=EDGE_CURVE('',#2106,#2151,#350,.T.);
#2473=EDGE_CURVE('',#2149,#2134,#351,.T.);
#2474=EDGE_CURVE('',#2107,#2150,#352,.T.);
#2475=EDGE_CURVE('',#2150,#2133,#353,.T.);
#2476=EDGE_CURVE('',#2153,#2154,#2819,.T.);
#2477=EDGE_CURVE('',#2154,#2155,#2820,.T.);
#2478=EDGE_CURVE('',#2155,#2156,#2821,.T.);
#2479=EDGE_CURVE('',#2156,#2157,#2822,.T.);
#2480=EDGE_CURVE('',#2157,#2158,#2823,.T.);
#2481=EDGE_CURVE('',#2158,#2159,#2824,.T.);
#2482=EDGE_CURVE('',#2159,#2160,#2825,.T.);
#2483=EDGE_CURVE('',#2160,#2153,#2826,.T.);
#2484=EDGE_CURVE('',#2161,#2162,#2827,.T.);
#2485=EDGE_CURVE('',#2162,#2163,#2828,.T.);
#2486=EDGE_CURVE('',#2163,#2164,#2829,.T.);
#2487=EDGE_CURVE('',#2164,#2165,#2830,.T.);
#2488=EDGE_CURVE('',#2165,#2166,#2831,.T.);
#2489=EDGE_CURVE('',#2166,#2167,#2832,.T.);
#2490=EDGE_CURVE('',#2167,#2168,#2833,.T.);
#2491=EDGE_CURVE('',#2168,#2161,#2834,.T.);
#2492=EDGE_CURVE('',#2169,#2170,#2835,.T.);
#2493=EDGE_CURVE('',#2170,#2171,#2836,.T.);
#2494=EDGE_CURVE('',#2171,#2172,#2837,.T.);
#2495=EDGE_CURVE('',#2172,#2169,#2838,.T.);
#2496=EDGE_CURVE('',#2173,#2174,#2839,.T.);
#2497=EDGE_CURVE('',#2174,#2175,#2840,.T.);
#2498=EDGE_CURVE('',#2175,#2176,#2841,.T.);
#2499=EDGE_CURVE('',#2176,#2173,#2842,.T.);
#2500=EDGE_CURVE('',#2177,#2178,#2843,.T.);
#2501=EDGE_CURVE('',#2178,#2179,#2844,.T.);
#2502=EDGE_CURVE('',#2179,#2180,#2845,.T.);
#2503=EDGE_CURVE('',#2180,#2177,#2846,.T.);
#2504=EDGE_CURVE('',#2163,#2178,#354,.T.);
#2505=EDGE_CURVE('',#2177,#2164,#152,.T.);
#2506=EDGE_CURVE('',#2179,#2154,#355,.T.);
#2507=EDGE_CURVE('',#2153,#2180,#153,.T.);
#2508=EDGE_CURVE('',#2159,#2181,#356,.T.);
#2509=EDGE_CURVE('',#2182,#2181,#2847,.T.);
#2510=EDGE_CURVE('',#2182,#2160,#357,.T.);
#2511=EDGE_CURVE('',#2183,#2160,#358,.T.);
#2512=EDGE_CURVE('',#2184,#2183,#2848,.T.);
#2513=EDGE_CURVE('',#2184,#2153,#154,.T.);
#2514=EDGE_CURVE('',#2164,#2185,#155,.T.);
#2515=EDGE_CURVE('',#2186,#2185,#2849,.T.);
#2516=EDGE_CURVE('',#2186,#2165,#359,.T.);
#2517=EDGE_CURVE('',#2175,#2162,#360,.T.);
#2518=EDGE_CURVE('',#2176,#2161,#361,.T.);
#2519=EDGE_CURVE('',#2155,#2174,#362,.T.);
#2520=EDGE_CURVE('',#2173,#2156,#363,.T.);
#2521=EDGE_CURVE('',#2185,#2177,#364,.T.);
#2522=EDGE_CURVE('',#2184,#2180,#365,.T.);
#2523=EDGE_CURVE('',#2185,#2184,#2850,.T.);
#2524=EDGE_CURVE('',#2187,#2170,#366,.T.);
#2525=EDGE_CURVE('',#2181,#2187,#2851,.T.);
#2526=EDGE_CURVE('',#2171,#2181,#367,.T.);
#2527=EDGE_CURVE('',#2171,#2159,#368,.T.);
#2528=EDGE_CURVE('',#2166,#2170,#369,.T.);
#2529=EDGE_CURVE('',#2167,#2169,#370,.T.);
#2530=EDGE_CURVE('',#2188,#2189,#2852,.T.);
#2531=EDGE_CURVE('',#2189,#2190,#2853,.T.);
#2532=EDGE_CURVE('',#2190,#2191,#2854,.T.);
#2533=EDGE_CURVE('',#2191,#2188,#2855,.T.);
#2534=EDGE_CURVE('',#2192,#2193,#2856,.T.);
#2535=EDGE_CURVE('',#2193,#2194,#2857,.T.);
#2536=EDGE_CURVE('',#2194,#2195,#2858,.T.);
#2537=EDGE_CURVE('',#2195,#2192,#2859,.T.);
#2538=EDGE_CURVE('',#2156,#2189,#371,.T.);
#2539=EDGE_CURVE('',#2188,#2157,#372,.T.);
#2540=EDGE_CURVE('',#2190,#2161,#373,.T.);
#2541=EDGE_CURVE('',#2168,#2191,#374,.T.);
#2542=EDGE_CURVE('',#2176,#2190,#375,.T.);
#2543=EDGE_CURVE('',#2173,#2189,#376,.T.);
#2544=EDGE_CURVE('',#2194,#2191,#377,.T.);
#2545=EDGE_CURVE('',#2188,#2193,#378,.T.);
#2546=EDGE_CURVE('',#2194,#2168,#379,.T.);
#2547=EDGE_CURVE('',#2157,#2193,#380,.T.);
#2548=EDGE_CURVE('',#2195,#2167,#381,.T.);
#2549=EDGE_CURVE('',#2172,#2158,#382,.T.);
#2550=EDGE_CURVE('',#2158,#2192,#383,.T.);
#2551=EDGE_CURVE('',#2195,#2169,#384,.T.);
#2552=EDGE_CURVE('',#2172,#2192,#385,.T.);
#2553=EDGE_CURVE('',#2196,#2197,#2860,.T.);
#2554=EDGE_CURVE('',#2197,#2198,#2861,.T.);
#2555=EDGE_CURVE('',#2198,#2199,#2862,.T.);
#2556=EDGE_CURVE('',#2199,#2196,#2863,.T.);
#2557=EDGE_CURVE('',#2186,#2200,#386,.T.);
#2558=EDGE_CURVE('',#2183,#2186,#2864,.T.);
#2559=EDGE_CURVE('',#2183,#2182,#387,.T.);
#2560=EDGE_CURVE('',#2200,#2182,#2865,.T.);
#2561=EDGE_CURVE('',#2165,#2200,#388,.T.);
#2562=EDGE_CURVE('',#2187,#2200,#2866,.T.);
#2563=EDGE_CURVE('',#2187,#2166,#389,.T.);
#2564=EDGE_CURVE('',#2199,#2155,#390,.T.);
#2565=EDGE_CURVE('',#2174,#2199,#391,.T.);
#2566=EDGE_CURVE('',#2175,#2198,#392,.T.);
#2567=EDGE_CURVE('',#2196,#2154,#393,.T.);
#2568=EDGE_CURVE('',#2162,#2198,#394,.T.);
#2569=EDGE_CURVE('',#2196,#2179,#395,.T.);
#2570=EDGE_CURVE('',#2163,#2197,#396,.T.);
#2571=EDGE_CURVE('',#2197,#2178,#397,.T.);
#2572=EDGE_CURVE('',#2201,#2202,#398,.T.);
#2573=EDGE_CURVE('',#2202,#2203,#2867,.T.);
#2574=EDGE_CURVE('',#2203,#2204,#2868,.T.);
#2575=EDGE_CURVE('',#2204,#2205,#2869,.T.);
#2576=EDGE_CURVE('',#2205,#2206,#2870,.T.);
#2577=EDGE_CURVE('',#2206,#2207,#2871,.T.);
#2578=EDGE_CURVE('',#2207,#2201,#2872,.T.);
#2579=EDGE_CURVE('',#2208,#2209,#2873,.T.);
#2580=EDGE_CURVE('',#2209,#2210,#2874,.T.);
#2581=EDGE_CURVE('',#2210,#2211,#2875,.T.);
#2582=EDGE_CURVE('',#2211,#2212,#2876,.T.);
#2583=EDGE_CURVE('',#2212,#2208,#2877,.T.);
#2584=EDGE_CURVE('',#2213,#2214,#2878,.T.);
#2585=EDGE_CURVE('',#2214,#2215,#2879,.T.);
#2586=EDGE_CURVE('',#2215,#2216,#2880,.T.);
#2587=EDGE_CURVE('',#2216,#2217,#2881,.T.);
#2588=EDGE_CURVE('',#2217,#2218,#2882,.T.);
#2589=EDGE_CURVE('',#2218,#2219,#2883,.T.);
#2590=EDGE_CURVE('',#2219,#2220,#2884,.T.);
#2591=EDGE_CURVE('',#2220,#2213,#2885,.T.);
#2592=EDGE_CURVE('',#2221,#2222,#2886,.T.);
#2593=EDGE_CURVE('',#2222,#2223,#2887,.T.);
#2594=EDGE_CURVE('',#2223,#2224,#2888,.T.);
#2595=EDGE_CURVE('',#2224,#2221,#2889,.T.);
#2596=EDGE_CURVE('',#2225,#2226,#2890,.T.);
#2597=EDGE_CURVE('',#2226,#2227,#2891,.T.);
#2598=EDGE_CURVE('',#2227,#2228,#2892,.T.);
#2599=EDGE_CURVE('',#2228,#2229,#2893,.T.);
#2600=EDGE_CURVE('',#2229,#2225,#2894,.T.);
#2601=EDGE_CURVE('',#2230,#2231,#2895,.T.);
#2602=EDGE_CURVE('',#2231,#2232,#2896,.T.);
#2603=EDGE_CURVE('',#2232,#2233,#2897,.T.);
#2604=EDGE_CURVE('',#2233,#2230,#2898,.T.);
#2605=EDGE_CURVE('',#2227,#2231,#399,.T.);
#2606=EDGE_CURVE('',#2230,#2228,#400,.T.);
#2607=EDGE_CURVE('',#2232,#2214,#401,.T.);
#2608=EDGE_CURVE('',#2213,#2233,#156,.T.);
#2609=EDGE_CURVE('',#2219,#2234,#402,.T.);
#2610=EDGE_CURVE('',#2235,#2234,#2899,.T.);
#2611=EDGE_CURVE('',#2235,#2220,#403,.T.);
#2612=EDGE_CURVE('',#2209,#2236,#404,.T.);
#2613=EDGE_CURVE('',#2237,#2236,#2900,.T.);
#2614=EDGE_CURVE('',#2237,#2210,#405,.T.);
#2615=EDGE_CURVE('',#2204,#2220,#406,.T.);
#2616=EDGE_CURVE('',#2203,#2213,#157,.T.);
#2617=EDGE_CURVE('',#2205,#2209,#407,.T.);
#2618=EDGE_CURVE('',#2206,#2208,#408,.T.);
#2619=EDGE_CURVE('',#2223,#2226,#409,.T.);
#2620=EDGE_CURVE('',#2224,#2225,#410,.T.);
#2621=EDGE_CURVE('',#2215,#2222,#411,.T.);
#2622=EDGE_CURVE('',#2221,#2216,#412,.T.);
#2623=EDGE_CURVE('',#2202,#2230,#413,.T.);
#2624=EDGE_CURVE('',#2201,#2228,#414,.T.);
#2625=EDGE_CURVE('',#2203,#2233,#415,.T.);
#2626=EDGE_CURVE('',#2237,#2238,#416,.T.);
#2627=EDGE_CURVE('',#2234,#2237,#2901,.T.);
#2628=EDGE_CURVE('',#2239,#2234,#417,.T.);
#2629=EDGE_CURVE('',#2238,#2239,#2902,.T.);
#2630=EDGE_CURVE('',#2210,#2238,#418,.T.);
#2631=EDGE_CURVE('',#2239,#2219,#419,.T.);
#2632=EDGE_CURVE('',#2240,#2241,#2903,.T.);
#2633=EDGE_CURVE('',#2241,#2242,#2904,.T.);
#2634=EDGE_CURVE('',#2242,#2243,#2905,.T.);
#2635=EDGE_CURVE('',#2243,#2244,#2906,.T.);
#2636=EDGE_CURVE('',#2244,#2245,#2907,.T.);
#2637=EDGE_CURVE('',#2245,#2240,#2908,.T.);
#2638=EDGE_CURVE('',#2246,#2247,#2909,.T.);
#2639=EDGE_CURVE('',#2247,#2248,#2910,.T.);
#2640=EDGE_CURVE('',#2248,#2249,#2911,.T.);
#2641=EDGE_CURVE('',#2249,#2246,#2912,.T.);
#2642=EDGE_CURVE('',#2250,#2238,#2913,.T.);
#2643=EDGE_CURVE('',#2239,#2251,#2914,.T.);
#2644=EDGE_CURVE('',#2251,#2250,#2915,.T.);
#2645=EDGE_CURVE('',#2216,#2241,#420,.T.);
#2646=EDGE_CURVE('',#2240,#2217,#421,.T.);
#2647=EDGE_CURVE('',#2242,#2225,#422,.T.);
#2648=EDGE_CURVE('',#2229,#2243,#158,.T.);
#2649=EDGE_CURVE('',#2244,#2208,#423,.T.);
#2650=EDGE_CURVE('',#2212,#2245,#424,.T.);
#2651=EDGE_CURVE('',#2206,#2244,#425,.T.);
#2652=EDGE_CURVE('',#2243,#2207,#159,.T.);
#2653=EDGE_CURVE('',#2224,#2242,#426,.T.);
#2654=EDGE_CURVE('',#2221,#2241,#427,.T.);
#2655=EDGE_CURVE('',#2207,#2229,#428,.T.);
#2656=EDGE_CURVE('',#2248,#2245,#429,.T.);
#2657=EDGE_CURVE('',#2240,#2247,#430,.T.);
#2658=EDGE_CURVE('',#2248,#2212,#431,.T.);
#2659=EDGE_CURVE('',#2217,#2247,#432,.T.);
#2660=EDGE_CURVE('',#2249,#2211,#433,.T.);
#2661=EDGE_CURVE('',#2211,#2250,#434,.T.);
#2662=EDGE_CURVE('',#2251,#2218,#435,.T.);
#2663=EDGE_CURVE('',#2218,#2246,#436,.T.);
#2664=EDGE_CURVE('',#2249,#2250,#437,.T.);
#2665=EDGE_CURVE('',#2251,#2246,#438,.T.);
#2666=EDGE_CURVE('',#2252,#2253,#2916,.T.);
#2667=EDGE_CURVE('',#2253,#2254,#2917,.T.);
#2668=EDGE_CURVE('',#2254,#2255,#2918,.T.);
#2669=EDGE_CURVE('',#2255,#2252,#2919,.T.);
#2670=EDGE_CURVE('',#2205,#2236,#439,.T.);
#2671=EDGE_CURVE('',#2204,#2235,#440,.T.);
#2672=EDGE_CURVE('',#2236,#2235,#2920,.T.);
#2673=EDGE_CURVE('',#2214,#2255,#441,.T.);
#2674=EDGE_CURVE('',#2255,#2232,#442,.T.);
#2675=EDGE_CURVE('',#2252,#2231,#443,.T.);
#2676=EDGE_CURVE('',#2215,#2254,#444,.T.);
#2677=EDGE_CURVE('',#2252,#2227,#445,.T.);
#2678=EDGE_CURVE('',#2222,#2254,#446,.T.);
#2679=EDGE_CURVE('',#2253,#2226,#447,.T.);
#2680=EDGE_CURVE('',#2223,#2253,#448,.T.);
#2681=EDGE_CURVE('',#2256,#2257,#2921,.T.);
#2682=EDGE_CURVE('',#2256,#2258,#2922,.T.);
#2683=EDGE_CURVE('',#2258,#2259,#2923,.T.);
#2684=EDGE_CURVE('',#2259,#2257,#2924,.T.);
#2685=EDGE_CURVE('',#2260,#2261,#2925,.T.);
#2686=EDGE_CURVE('',#2260,#2262,#449,.T.);
#2687=EDGE_CURVE('',#2263,#2262,#2926,.T.);
#2688=EDGE_CURVE('',#2263,#2264,#450,.T.);
#2689=EDGE_CURVE('',#2264,#2265,#2927,.T.);
#2690=EDGE_CURVE('',#2265,#2256,#451,.T.);
#2691=EDGE_CURVE('',#2257,#2266,#452,.T.);
#2692=EDGE_CURVE('',#2267,#2266,#2928,.T.);
#2693=EDGE_CURVE('',#2267,#2268,#453,.T.);
#2694=EDGE_CURVE('',#2269,#2268,#2929,.T.);
#2695=EDGE_CURVE('',#2269,#2270,#454,.T.);
#2696=EDGE_CURVE('',#2271,#2270,#2930,.T.);
#2697=EDGE_CURVE('',#2271,#2261,#455,.T.);
#2698=EDGE_CURVE('',#2272,#2273,#2931,.T.);
#2699=EDGE_CURVE('',#2273,#2265,#2932,.T.);
#2700=EDGE_CURVE('',#2264,#2272,#2933,.T.);
#2701=EDGE_CURVE('',#2274,#2275,#2934,.T.);
#2702=EDGE_CURVE('',#2275,#2276,#456,.T.);
#2703=EDGE_CURVE('',#2276,#2277,#2935,.T.);
#2704=EDGE_CURVE('',#2277,#2278,#457,.T.);
#2705=EDGE_CURVE('',#2279,#2278,#2936,.T.);
#2706=EDGE_CURVE('',#2279,#2259,#458,.T.);
#2707=EDGE_CURVE('',#2258,#2273,#459,.T.);
#2708=EDGE_CURVE('',#2272,#2280,#460,.T.);
#2709=EDGE_CURVE('',#2280,#2281,#2937,.T.);
#2710=EDGE_CURVE('',#2281,#2282,#461,.T.);
#2711=EDGE_CURVE('',#2282,#2283,#2938,.T.);
#2712=EDGE_CURVE('',#2283,#2274,#462,.T.);
#2713=EDGE_CURVE('',#2268,#2277,#2939,.T.);
#2714=EDGE_CURVE('',#2276,#2269,#2940,.T.);
#2715=EDGE_CURVE('',#2278,#2267,#2941,.T.);
#2716=EDGE_CURVE('',#2266,#2279,#2942,.T.);
#2717=EDGE_CURVE('',#2270,#2275,#2943,.T.);
#2718=EDGE_CURVE('',#2274,#2271,#2944,.T.);
#2719=EDGE_CURVE('',#2261,#2283,#2945,.T.);
#2720=EDGE_CURVE('',#2282,#2260,#2946,.T.);
#2721=EDGE_CURVE('',#2262,#2281,#2947,.T.);
#2722=EDGE_CURVE('',#2280,#2263,#2948,.T.);
#2723=LINE('',#4686,#2949);
#2724=LINE('',#4689,#2950);
#2725=LINE('',#4691,#2951);
#2726=LINE('',#4693,#2952);
#2727=LINE('',#4695,#2953);
#2728=LINE('',#4697,#2954);
#2729=LINE('',#4699,#2955);
#2730=LINE('',#4701,#2956);
#2731=LINE('',#4704,#2957);
#2732=LINE('',#4706,#2958);
#2733=LINE('',#4708,#2959);
#2734=LINE('',#4710,#2960);
#2735=LINE('',#4712,#2961);
#2736=LINE('',#4715,#2962);
#2737=LINE('',#4717,#2963);
#2738=LINE('',#4719,#2964);
#2739=LINE('',#4721,#2965);
#2740=LINE('',#4723,#2966);
#2741=LINE('',#4725,#2967);
#2742=LINE('',#4727,#2968);
#2743=LINE('',#4730,#2969);
#2744=LINE('',#4732,#2970);
#2745=LINE('',#4734,#2971);
#2746=LINE('',#4736,#2972);
#2747=LINE('',#4739,#2973);
#2748=LINE('',#4741,#2974);
#2749=LINE('',#4743,#2975);
#2750=LINE('',#4759,#2976);
#2751=LINE('',#4765,#2977);
#2752=LINE('',#4825,#2978);
#2753=LINE('',#4875,#2979);
#2754=LINE('',#4878,#2980);
#2755=LINE('',#4880,#2981);
#2756=LINE('',#4882,#2982);
#2757=LINE('',#4884,#2983);
#2758=LINE('',#4886,#2984);
#2759=LINE('',#4889,#2985);
#2760=LINE('',#4891,#2986);
#2761=LINE('',#4893,#2987);
#2762=LINE('',#4895,#2988);
#2763=LINE('',#4898,#2989);
#2764=LINE('',#4900,#2990);
#2765=LINE('',#4902,#2991);
#2766=LINE('',#4942,#2992);
#2767=LINE('',#4945,#2993);
#2768=LINE('',#4947,#2994);
#2769=LINE('',#4949,#2995);
#2770=LINE('',#4952,#2996);
#2771=LINE('',#4974,#2997);
#2772=LINE('',#4977,#2998);
#2773=LINE('',#4979,#2999);
#2774=LINE('',#4981,#3000);
#2775=LINE('',#4983,#3001);
#2776=LINE('',#4985,#3002);
#2777=LINE('',#4987,#3003);
#2778=LINE('',#4989,#3004);
#2779=LINE('',#4991,#3005);
#2780=LINE('',#4994,#3006);
#2781=LINE('',#4996,#3007);
#2782=LINE('',#4998,#3008);
#2783=LINE('',#5000,#3009);
#2784=LINE('',#5002,#3010);
#2785=LINE('',#5005,#3011);
#2786=LINE('',#5007,#3012);
#2787=LINE('',#5009,#3013);
#2788=LINE('',#5011,#3014);
#2789=LINE('',#5013,#3015);
#2790=LINE('',#5015,#3016);
#2791=LINE('',#5017,#3017);
#2792=LINE('',#5020,#3018);
#2793=LINE('',#5022,#3019);
#2794=LINE('',#5024,#3020);
#2795=LINE('',#5027,#3021);
#2796=LINE('',#5029,#3022);
#2797=LINE('',#5031,#3023);
#2798=LINE('',#5033,#3024);
#2799=LINE('',#5036,#3025);
#2800=LINE('',#5038,#3026);
#2801=LINE('',#5040,#3027);
#2802=LINE('',#5053,#3028);
#2803=LINE('',#5059,#3029);
#2804=LINE('',#5119,#3030);
#2805=LINE('',#5175,#3031);
#2806=LINE('',#5178,#3032);
#2807=LINE('',#5180,#3033);
#2808=LINE('',#5182,#3034);
#2809=LINE('',#5184,#3035);
#2810=LINE('',#5187,#3036);
#2811=LINE('',#5189,#3037);
#2812=LINE('',#5191,#3038);
#2813=LINE('',#5193,#3039);
#2814=LINE('',#5226,#3040);
#2815=LINE('',#5229,#3041);
#2816=LINE('',#5231,#3042);
#2817=LINE('',#5233,#3043);
#2818=LINE('',#5236,#3044);
#2819=LINE('',#5262,#3045);
#2820=LINE('',#5265,#3046);
#2821=LINE('',#5267,#3047);
#2822=LINE('',#5269,#3048);
#2823=LINE('',#5271,#3049);
#2824=LINE('',#5273,#3050);
#2825=LINE('',#5275,#3051);
#2826=LINE('',#5277,#3052);
#2827=LINE('',#5279,#3053);
#2828=LINE('',#5282,#3054);
#2829=LINE('',#5284,#3055);
#2830=LINE('',#5286,#3056);
#2831=LINE('',#5288,#3057);
#2832=LINE('',#5290,#3058);
#2833=LINE('',#5292,#3059);
#2834=LINE('',#5294,#3060);
#2835=LINE('',#5296,#3061);
#2836=LINE('',#5299,#3062);
#2837=LINE('',#5301,#3063);
#2838=LINE('',#5303,#3064);
#2839=LINE('',#5305,#3065);
#2840=LINE('',#5308,#3066);
#2841=LINE('',#5310,#3067);
#2842=LINE('',#5312,#3068);
#2843=LINE('',#5314,#3069);
#2844=LINE('',#5317,#3070);
#2845=LINE('',#5319,#3071);
#2846=LINE('',#5321,#3072);
#2847=LINE('',#5331,#3073);
#2848=LINE('',#5337,#3074);
#2849=LINE('',#5343,#3075);
#2850=LINE('',#5403,#3076);
#2851=LINE('',#5455,#3077);
#2852=LINE('',#5463,#3078);
#2853=LINE('',#5466,#3079);
#2854=LINE('',#5468,#3080);
#2855=LINE('',#5470,#3081);
#2856=LINE('',#5472,#3082);
#2857=LINE('',#5475,#3083);
#2858=LINE('',#5477,#3084);
#2859=LINE('',#5479,#3085);
#2860=LINE('',#5510,#3086);
#2861=LINE('',#5513,#3087);
#2862=LINE('',#5515,#3088);
#2863=LINE('',#5517,#3089);
#2864=LINE('',#5521,#3090);
#2865=LINE('',#5523,#3091);
#2866=LINE('',#5526,#3092);
#2867=LINE('',#5553,#3093);
#2868=LINE('',#5555,#3094);
#2869=LINE('',#5557,#3095);
#2870=LINE('',#5559,#3096);
#2871=LINE('',#5561,#3097);
#2872=LINE('',#5563,#3098);
#2873=LINE('',#5565,#3099);
#2874=LINE('',#5568,#3100);
#2875=LINE('',#5570,#3101);
#2876=LINE('',#5572,#3102);
#2877=LINE('',#5574,#3103);
#2878=LINE('',#5576,#3104);
#2879=LINE('',#5579,#3105);
#2880=LINE('',#5581,#3106);
#2881=LINE('',#5583,#3107);
#2882=LINE('',#5585,#3108);
#2883=LINE('',#5587,#3109);
#2884=LINE('',#5589,#3110);
#2885=LINE('',#5591,#3111);
#2886=LINE('',#5593,#3112);
#2887=LINE('',#5596,#3113);
#2888=LINE('',#5598,#3114);
#2889=LINE('',#5600,#3115);
#2890=LINE('',#5602,#3116);
#2891=LINE('',#5605,#3117);
#2892=LINE('',#5607,#3118);
#2893=LINE('',#5609,#3119);
#2894=LINE('',#5611,#3120);
#2895=LINE('',#5613,#3121);
#2896=LINE('',#5616,#3122);
#2897=LINE('',#5618,#3123);
#2898=LINE('',#5620,#3124);
#2899=LINE('',#5630,#3125);
#2900=LINE('',#5636,#3126);
#2901=LINE('',#5707,#3127);
#2902=LINE('',#5710,#3128);
#2903=LINE('',#5716,#3129);
#2904=LINE('',#5719,#3130);
#2905=LINE('',#5721,#3131);
#2906=LINE('',#5723,#3132);
#2907=LINE('',#5725,#3133);
#2908=LINE('',#5727,#3134);
#2909=LINE('',#5729,#3135);
#2910=LINE('',#5732,#3136);
#2911=LINE('',#5734,#3137);
#2912=LINE('',#5736,#3138);
#2913=LINE('',#5738,#3139);
#2914=LINE('',#5740,#3140);
#2915=LINE('',#5742,#3141);
#2916=LINE('',#5832,#3142);
#2917=LINE('',#5835,#3143);
#2918=LINE('',#5837,#3144);
#2919=LINE('',#5839,#3145);
#2920=LINE('',#5843,#3146);
#2921=LINE('',#5864,#3147);
#2922=LINE('',#5867,#3148);
#2923=LINE('',#5869,#3149);
#2924=LINE('',#5871,#3150);
#2925=LINE('',#5873,#3151);
#2926=LINE('',#5878,#3152);
#2927=LINE('',#5882,#3153);
#2928=LINE('',#5887,#3154);
#2929=LINE('',#5891,#3155);
#2930=LINE('',#5895,#3156);
#2931=LINE('',#5899,#3157);
#2932=LINE('',#5902,#3158);
#2933=LINE('',#5903,#3159);
#2934=LINE('',#5905,#3160);
#2935=LINE('',#5910,#3161);
#2936=LINE('',#5914,#3162);
#2937=LINE('',#5920,#3163);
#2938=LINE('',#5924,#3164);
#2939=LINE('',#5928,#3165);
#2940=LINE('',#5929,#3166);
#2941=LINE('',#5931,#3167);
#2942=LINE('',#5932,#3168);
#2943=LINE('',#5937,#3169);
#2944=LINE('',#5938,#3170);
#2945=LINE('',#5940,#3171);
#2946=LINE('',#5941,#3172);
#2947=LINE('',#5943,#3173);
#2948=LINE('',#5944,#3174);
#2949=VECTOR('',#3605,1.);
#2950=VECTOR('',#3606,1.);
#2951=VECTOR('',#3607,1.);
#2952=VECTOR('',#3608,1.);
#2953=VECTOR('',#3609,1.);
#2954=VECTOR('',#3610,0.999999999999999);
#2955=VECTOR('',#3611,1.);
#2956=VECTOR('',#3614,1.);
#2957=VECTOR('',#3615,1.);
#2958=VECTOR('',#3616,1.);
#2959=VECTOR('',#3617,1.);
#2960=VECTOR('',#3618,1.);
#2961=VECTOR('',#3621,1.);
#2962=VECTOR('',#3622,1.);
#2963=VECTOR('',#3623,1.);
#2964=VECTOR('',#3624,1.);
#2965=VECTOR('',#3625,1.);
#2966=VECTOR('',#3626,1.);
#2967=VECTOR('',#3627,1.);
#2968=VECTOR('',#3630,1.);
#2969=VECTOR('',#3631,1.);
#2970=VECTOR('',#3632,1.);
#2971=VECTOR('',#3633,1.);
#2972=VECTOR('',#3636,1.);
#2973=VECTOR('',#3637,1.);
#2974=VECTOR('',#3638,1.);
#2975=VECTOR('',#3639,1.);
#2976=VECTOR('',#3668,1.);
#2977=VECTOR('',#3675,1.);
#2978=VECTOR('',#3696,1.);
#2979=VECTOR('',#3699,1.);
#2980=VECTOR('',#3700,1.);
#2981=VECTOR('',#3701,1.);
#2982=VECTOR('',#3702,1.);
#2983=VECTOR('',#3703,1.);
#2984=VECTOR('',#3706,1.);
#2985=VECTOR('',#3707,1.);
#2986=VECTOR('',#3708,1.);
#2987=VECTOR('',#3709,1.);
#2988=VECTOR('',#3712,1.);
#2989=VECTOR('',#3713,1.);
#2990=VECTOR('',#3714,1.);
#2991=VECTOR('',#3715,1.);
#2992=VECTOR('',#3794,1.);
#2993=VECTOR('',#3795,1.);
#2994=VECTOR('',#3796,1.);
#2995=VECTOR('',#3797,1.);
#2996=VECTOR('',#3802,1.);
#2997=VECTOR('',#3845,1.);
#2998=VECTOR('',#3846,1.);
#2999=VECTOR('',#3847,1.);
#3000=VECTOR('',#3848,1.);
#3001=VECTOR('',#3849,1.);
#3002=VECTOR('',#3850,1.);
#3003=VECTOR('',#3851,1.);
#3004=VECTOR('',#3852,1.);
#3005=VECTOR('',#3855,1.);
#3006=VECTOR('',#3856,1.);
#3007=VECTOR('',#3857,1.);
#3008=VECTOR('',#3858,1.);
#3009=VECTOR('',#3859,1.);
#3010=VECTOR('',#3862,1.);
#3011=VECTOR('',#3863,1.);
#3012=VECTOR('',#3864,1.);
#3013=VECTOR('',#3865,1.);
#3014=VECTOR('',#3866,1.);
#3015=VECTOR('',#3867,1.);
#3016=VECTOR('',#3868,1.);
#3017=VECTOR('',#3871,1.);
#3018=VECTOR('',#3872,1.);
#3019=VECTOR('',#3873,1.);
#3020=VECTOR('',#3876,1.);
#3021=VECTOR('',#3877,1.);
#3022=VECTOR('',#3878,1.);
#3023=VECTOR('',#3879,1.);
#3024=VECTOR('',#3882,1.);
#3025=VECTOR('',#3883,1.);
#3026=VECTOR('',#3884,1.);
#3027=VECTOR('',#3885,1.);
#3028=VECTOR('',#3908,1.);
#3029=VECTOR('',#3915,1.);
#3030=VECTOR('',#3936,1.);
#3031=VECTOR('',#3951,1.);
#3032=VECTOR('',#3952,1.);
#3033=VECTOR('',#3953,1.);
#3034=VECTOR('',#3954,1.);
#3035=VECTOR('',#3957,1.);
#3036=VECTOR('',#3958,1.);
#3037=VECTOR('',#3959,1.);
#3038=VECTOR('',#3960,1.);
#3039=VECTOR('',#3961,1.);
#3040=VECTOR('',#4026,1.);
#3041=VECTOR('',#4027,1.);
#3042=VECTOR('',#4028,1.);
#3043=VECTOR('',#4029,1.);
#3044=VECTOR('',#4034,1.);
#3045=VECTOR('',#4085,1.);
#3046=VECTOR('',#4086,1.);
#3047=VECTOR('',#4087,1.);
#3048=VECTOR('',#4088,1.);
#3049=VECTOR('',#4089,1.);
#3050=VECTOR('',#4090,1.);
#3051=VECTOR('',#4091,1.);
#3052=VECTOR('',#4092,1.);
#3053=VECTOR('',#4095,1.);
#3054=VECTOR('',#4096,1.);
#3055=VECTOR('',#4097,1.);
#3056=VECTOR('',#4098,1.);
#3057=VECTOR('',#4099,1.);
#3058=VECTOR('',#4100,1.);
#3059=VECTOR('',#4101,1.);
#3060=VECTOR('',#4102,1.);
#3061=VECTOR('',#4105,1.);
#3062=VECTOR('',#4106,1.);
#3063=VECTOR('',#4107,1.);
#3064=VECTOR('',#4108,1.);
#3065=VECTOR('',#4111,1.);
#3066=VECTOR('',#4112,1.);
#3067=VECTOR('',#4113,1.);
#3068=VECTOR('',#4114,1.);
#3069=VECTOR('',#4117,1.);
#3070=VECTOR('',#4118,1.);
#3071=VECTOR('',#4119,1.);
#3072=VECTOR('',#4120,1.);
#3073=VECTOR('',#4137,1.);
#3074=VECTOR('',#4144,1.);
#3075=VECTOR('',#4151,1.);
#3076=VECTOR('',#4172,1.);
#3077=VECTOR('',#4177,1.);
#3078=VECTOR('',#4192,1.);
#3079=VECTOR('',#4193,1.);
#3080=VECTOR('',#4194,1.);
#3081=VECTOR('',#4195,1.);
#3082=VECTOR('',#4198,1.);
#3083=VECTOR('',#4199,1.);
#3084=VECTOR('',#4200,1.);
#3085=VECTOR('',#4201,1.);
#3086=VECTOR('',#4262,1.);
#3087=VECTOR('',#4263,1.);
#3088=VECTOR('',#4264,1.);
#3089=VECTOR('',#4265,1.);
#3090=VECTOR('',#4270,1.);
#3091=VECTOR('',#4273,1.);
#3092=VECTOR('',#4278,1.);
#3093=VECTOR('',#4327,1.);
#3094=VECTOR('',#4328,1.);
#3095=VECTOR('',#4329,1.);
#3096=VECTOR('',#4330,1.);
#3097=VECTOR('',#4331,1.);
#3098=VECTOR('',#4332,1.);
#3099=VECTOR('',#4335,1.);
#3100=VECTOR('',#4336,1.);
#3101=VECTOR('',#4337,1.);
#3102=VECTOR('',#4338,1.);
#3103=VECTOR('',#4339,1.);
#3104=VECTOR('',#4342,1.);
#3105=VECTOR('',#4343,1.);
#3106=VECTOR('',#4344,1.);
#3107=VECTOR('',#4345,1.);
#3108=VECTOR('',#4346,1.);
#3109=VECTOR('',#4347,1.);
#3110=VECTOR('',#4348,1.);
#3111=VECTOR('',#4349,1.);
#3112=VECTOR('',#4352,1.);
#3113=VECTOR('',#4353,1.);
#3114=VECTOR('',#4354,1.);
#3115=VECTOR('',#4355,1.);
#3116=VECTOR('',#4358,1.);
#3117=VECTOR('',#4359,1.);
#3118=VECTOR('',#4360,1.);
#3119=VECTOR('',#4361,1.);
#3120=VECTOR('',#4362,1.);
#3121=VECTOR('',#4365,1.);
#3122=VECTOR('',#4366,1.);
#3123=VECTOR('',#4367,1.);
#3124=VECTOR('',#4368,1.);
#3125=VECTOR('',#4385,1.);
#3126=VECTOR('',#4392,1.);
#3127=VECTOR('',#4433,1.);
#3128=VECTOR('',#4436,1.);
#3129=VECTOR('',#4447,1.);
#3130=VECTOR('',#4448,1.);
#3131=VECTOR('',#4449,1.);
#3132=VECTOR('',#4450,1.);
#3133=VECTOR('',#4451,1.);
#3134=VECTOR('',#4452,1.);
#3135=VECTOR('',#4455,1.);
#3136=VECTOR('',#4456,1.);
#3137=VECTOR('',#4457,1.);
#3138=VECTOR('',#4458,1.);
#3139=VECTOR('',#4461,1.);
#3140=VECTOR('',#4462,1.);
#3141=VECTOR('',#4463,1.);
#3142=VECTOR('',#4546,1.);
#3143=VECTOR('',#4547,1.);
#3144=VECTOR('',#4548,1.);
#3145=VECTOR('',#4549,1.);
#3146=VECTOR('',#4556,1.);
#3147=VECTOR('',#4597,1.);
#3148=VECTOR('',#4598,1.);
#3149=VECTOR('',#4599,1.);
#3150=VECTOR('',#4600,1.);
#3151=VECTOR('',#4603,1.);
#3152=VECTOR('',#4606,1.);
#3153=VECTOR('',#4609,1.);
#3154=VECTOR('',#4614,1.);
#3155=VECTOR('',#4617,1.);
#3156=VECTOR('',#4620,1.);
#3157=VECTOR('',#4625,1.);
#3158=VECTOR('',#4626,1.);
#3159=VECTOR('',#4627,1.);
#3160=VECTOR('',#4630,1.);
#3161=VECTOR('',#4633,1.);
#3162=VECTOR('',#4636,1.);
#3163=VECTOR('',#4643,1.);
#3164=VECTOR('',#4646,1.);
#3165=VECTOR('',#4651,1.);
#3166=VECTOR('',#4652,1.);
#3167=VECTOR('',#4655,1.);
#3168=VECTOR('',#4656,1.);
#3169=VECTOR('',#4665,1.);
#3170=VECTOR('',#4666,1.);
#3171=VECTOR('',#4669,1.);
#3172=VECTOR('',#4670,1.);
#3173=VECTOR('',#4673,1.);
#3174=VECTOR('',#4674,1.);
#3175=AXIS2_PLACEMENT_3D('',#4685,#3603,#3604);
#3176=AXIS2_PLACEMENT_3D('',#4700,#3612,#3613);
#3177=AXIS2_PLACEMENT_3D('',#4711,#3619,#3620);
#3178=AXIS2_PLACEMENT_3D('',#4726,#3628,#3629);
#3179=AXIS2_PLACEMENT_3D('',#4735,#3634,#3635);
#3180=AXIS2_PLACEMENT_3D('',#4744,#3640,#3641);
#3181=AXIS2_PLACEMENT_3D('',#4745,#3642,#3643);
#3182=AXIS2_PLACEMENT_3D('',#4746,#3644,#3645);
#3183=AXIS2_PLACEMENT_3D('',#4747,#3646,#3647);
#3184=AXIS2_PLACEMENT_3D('',#4748,#3648,#3649);
#3185=AXIS2_PLACEMENT_3D('',#4749,#3650,#3651);
#3186=AXIS2_PLACEMENT_3D('',#4750,#3652,#3653);
#3187=AXIS2_PLACEMENT_3D('',#4751,#3654,#3655);
#3188=AXIS2_PLACEMENT_3D('',#4752,#3656,#3657);
#3189=AXIS2_PLACEMENT_3D('',#4753,#3658,#3659);
#3190=AXIS2_PLACEMENT_3D('',#4754,#3660,#3661);
#3191=AXIS2_PLACEMENT_3D('',#4755,#3662,#3663);
#3192=AXIS2_PLACEMENT_3D('',#4756,#3664,#3665);
#3193=AXIS2_PLACEMENT_3D('',#4757,#3666,#3667);
#3194=AXIS2_PLACEMENT_3D('',#4761,#3669,#3670);
#3195=AXIS2_PLACEMENT_3D('',#4762,#3671,#3672);
#3196=AXIS2_PLACEMENT_3D('',#4763,#3673,#3674);
#3197=AXIS2_PLACEMENT_3D('',#4767,#3676,#3677);
#3198=AXIS2_PLACEMENT_3D('',#4768,#3678,#3679);
#3199=AXIS2_PLACEMENT_3D('',#4769,#3680,#3681);
#3200=AXIS2_PLACEMENT_3D('',#4770,#3682,#3683);
#3201=AXIS2_PLACEMENT_3D('',#4771,#3684,#3685);
#3202=AXIS2_PLACEMENT_3D('',#4772,#3686,#3687);
#3203=AXIS2_PLACEMENT_3D('',#4773,#3688,#3689);
#3204=AXIS2_PLACEMENT_3D('',#4774,#3690,#3691);
#3205=AXIS2_PLACEMENT_3D('',#4775,#3692,#3693);
#3206=AXIS2_PLACEMENT_3D('',#4824,#3694,#3695);
#3207=AXIS2_PLACEMENT_3D('',#4826,#3697,#3698);
#3208=AXIS2_PLACEMENT_3D('',#4885,#3704,#3705);
#3209=AXIS2_PLACEMENT_3D('',#4894,#3710,#3711);
#3210=AXIS2_PLACEMENT_3D('',#4903,#3716,#3717);
#3211=AXIS2_PLACEMENT_3D('',#4904,#3718,#3719);
#3212=AXIS2_PLACEMENT_3D('',#4905,#3720,#3721);
#3213=AXIS2_PLACEMENT_3D('',#4906,#3722,#3723);
#3214=AXIS2_PLACEMENT_3D('',#4907,#3724,#3725);
#3215=AXIS2_PLACEMENT_3D('',#4908,#3726,#3727);
#3216=AXIS2_PLACEMENT_3D('',#4909,#3728,#3729);
#3217=AXIS2_PLACEMENT_3D('',#4910,#3730,#3731);
#3218=AXIS2_PLACEMENT_3D('',#4911,#3732,#3733);
#3219=AXIS2_PLACEMENT_3D('',#4912,#3734,#3735);
#3220=AXIS2_PLACEMENT_3D('',#4913,#3736,#3737);
#3221=AXIS2_PLACEMENT_3D('',#4914,#3738,#3739);
#3222=AXIS2_PLACEMENT_3D('',#4915,#3740,#3741);
#3223=AXIS2_PLACEMENT_3D('',#4916,#3742,#3743);
#3224=AXIS2_PLACEMENT_3D('',#4917,#3744,#3745);
#3225=AXIS2_PLACEMENT_3D('',#4918,#3746,#3747);
#3226=AXIS2_PLACEMENT_3D('',#4919,#3748,#3749);
#3227=AXIS2_PLACEMENT_3D('',#4920,#3750,#3751);
#3228=AXIS2_PLACEMENT_3D('',#4921,#3752,#3753);
#3229=AXIS2_PLACEMENT_3D('',#4922,#3754,#3755);
#3230=AXIS2_PLACEMENT_3D('',#4923,#3756,#3757);
#3231=AXIS2_PLACEMENT_3D('',#4924,#3758,#3759);
#3232=AXIS2_PLACEMENT_3D('',#4925,#3760,#3761);
#3233=AXIS2_PLACEMENT_3D('',#4926,#3762,#3763);
#3234=AXIS2_PLACEMENT_3D('',#4927,#3764,#3765);
#3235=AXIS2_PLACEMENT_3D('',#4928,#3766,#3767);
#3236=AXIS2_PLACEMENT_3D('',#4929,#3768,#3769);
#3237=AXIS2_PLACEMENT_3D('',#4930,#3770,#3771);
#3238=AXIS2_PLACEMENT_3D('',#4931,#3772,#3773);
#3239=AXIS2_PLACEMENT_3D('',#4932,#3774,#3775);
#3240=AXIS2_PLACEMENT_3D('',#4933,#3776,#3777);
#3241=AXIS2_PLACEMENT_3D('',#4934,#3778,#3779);
#3242=AXIS2_PLACEMENT_3D('',#4935,#3780,#3781);
#3243=AXIS2_PLACEMENT_3D('',#4936,#3782,#3783);
#3244=AXIS2_PLACEMENT_3D('',#4937,#3784,#3785);
#3245=AXIS2_PLACEMENT_3D('',#4938,#3786,#3787);
#3246=AXIS2_PLACEMENT_3D('',#4939,#3788,#3789);
#3247=AXIS2_PLACEMENT_3D('',#4940,#3790,#3791);
#3248=AXIS2_PLACEMENT_3D('',#4941,#3792,#3793);
#3249=AXIS2_PLACEMENT_3D('',#4950,#3798,#3799);
#3250=AXIS2_PLACEMENT_3D('',#4951,#3800,#3801);
#3251=AXIS2_PLACEMENT_3D('',#4953,#3803,#3804);
#3252=AXIS2_PLACEMENT_3D('',#4954,#3805,#3806);
#3253=AXIS2_PLACEMENT_3D('',#4955,#3807,#3808);
#3254=AXIS2_PLACEMENT_3D('',#4956,#3809,#3810);
#3255=AXIS2_PLACEMENT_3D('',#4957,#3811,#3812);
#3256=AXIS2_PLACEMENT_3D('',#4958,#3813,#3814);
#3257=AXIS2_PLACEMENT_3D('',#4959,#3815,#3816);
#3258=AXIS2_PLACEMENT_3D('',#4960,#3817,#3818);
#3259=AXIS2_PLACEMENT_3D('',#4961,#3819,#3820);
#3260=AXIS2_PLACEMENT_3D('',#4962,#3821,#3822);
#3261=AXIS2_PLACEMENT_3D('',#4963,#3823,#3824);
#3262=AXIS2_PLACEMENT_3D('',#4964,#3825,#3826);
#3263=AXIS2_PLACEMENT_3D('',#4965,#3827,#3828);
#3264=AXIS2_PLACEMENT_3D('',#4966,#3829,#3830);
#3265=AXIS2_PLACEMENT_3D('',#4967,#3831,#3832);
#3266=AXIS2_PLACEMENT_3D('',#4968,#3833,#3834);
#3267=AXIS2_PLACEMENT_3D('',#4969,#3835,#3836);
#3268=AXIS2_PLACEMENT_3D('',#4970,#3837,#3838);
#3269=AXIS2_PLACEMENT_3D('',#4971,#3839,#3840);
#3270=AXIS2_PLACEMENT_3D('',#4972,#3841,#3842);
#3271=AXIS2_PLACEMENT_3D('',#4973,#3843,#3844);
#3272=AXIS2_PLACEMENT_3D('',#4990,#3853,#3854);
#3273=AXIS2_PLACEMENT_3D('',#5001,#3860,#3861);
#3274=AXIS2_PLACEMENT_3D('',#5016,#3869,#3870);
#3275=AXIS2_PLACEMENT_3D('',#5023,#3874,#3875);
#3276=AXIS2_PLACEMENT_3D('',#5032,#3880,#3881);
#3277=AXIS2_PLACEMENT_3D('',#5041,#3886,#3887);
#3278=AXIS2_PLACEMENT_3D('',#5042,#3888,#3889);
#3279=AXIS2_PLACEMENT_3D('',#5043,#3890,#3891);
#3280=AXIS2_PLACEMENT_3D('',#5044,#3892,#3893);
#3281=AXIS2_PLACEMENT_3D('',#5045,#3894,#3895);
#3282=AXIS2_PLACEMENT_3D('',#5046,#3896,#3897);
#3283=AXIS2_PLACEMENT_3D('',#5047,#3898,#3899);
#3284=AXIS2_PLACEMENT_3D('',#5048,#3900,#3901);
#3285=AXIS2_PLACEMENT_3D('',#5049,#3902,#3903);
#3286=AXIS2_PLACEMENT_3D('',#5050,#3904,#3905);
#3287=AXIS2_PLACEMENT_3D('',#5051,#3906,#3907);
#3288=AXIS2_PLACEMENT_3D('',#5055,#3909,#3910);
#3289=AXIS2_PLACEMENT_3D('',#5056,#3911,#3912);
#3290=AXIS2_PLACEMENT_3D('',#5057,#3913,#3914);
#3291=AXIS2_PLACEMENT_3D('',#5061,#3916,#3917);
#3292=AXIS2_PLACEMENT_3D('',#5062,#3918,#3919);
#3293=AXIS2_PLACEMENT_3D('',#5063,#3920,#3921);
#3294=AXIS2_PLACEMENT_3D('',#5064,#3922,#3923);
#3295=AXIS2_PLACEMENT_3D('',#5065,#3924,#3925);
#3296=AXIS2_PLACEMENT_3D('',#5066,#3926,#3927);
#3297=AXIS2_PLACEMENT_3D('',#5067,#3928,#3929);
#3298=AXIS2_PLACEMENT_3D('',#5068,#3930,#3931);
#3299=AXIS2_PLACEMENT_3D('',#5069,#3932,#3933);
#3300=AXIS2_PLACEMENT_3D('',#5118,#3934,#3935);
#3301=AXIS2_PLACEMENT_3D('',#5120,#3937,#3938);
#3302=AXIS2_PLACEMENT_3D('',#5169,#3939,#3940);
#3303=AXIS2_PLACEMENT_3D('',#5170,#3941,#3942);
#3304=AXIS2_PLACEMENT_3D('',#5171,#3943,#3944);
#3305=AXIS2_PLACEMENT_3D('',#5172,#3945,#3946);
#3306=AXIS2_PLACEMENT_3D('',#5173,#3947,#3948);
#3307=AXIS2_PLACEMENT_3D('',#5174,#3949,#3950);
#3308=AXIS2_PLACEMENT_3D('',#5183,#3955,#3956);
#3309=AXIS2_PLACEMENT_3D('',#5194,#3962,#3963);
#3310=AXIS2_PLACEMENT_3D('',#5195,#3964,#3965);
#3311=AXIS2_PLACEMENT_3D('',#5196,#3966,#3967);
#3312=AXIS2_PLACEMENT_3D('',#5197,#3968,#3969);
#3313=AXIS2_PLACEMENT_3D('',#5198,#3970,#3971);
#3314=AXIS2_PLACEMENT_3D('',#5199,#3972,#3973);
#3315=AXIS2_PLACEMENT_3D('',#5200,#3974,#3975);
#3316=AXIS2_PLACEMENT_3D('',#5201,#3976,#3977);
#3317=AXIS2_PLACEMENT_3D('',#5202,#3978,#3979);
#3318=AXIS2_PLACEMENT_3D('',#5203,#3980,#3981);
#3319=AXIS2_PLACEMENT_3D('',#5204,#3982,#3983);
#3320=AXIS2_PLACEMENT_3D('',#5205,#3984,#3985);
#3321=AXIS2_PLACEMENT_3D('',#5206,#3986,#3987);
#3322=AXIS2_PLACEMENT_3D('',#5207,#3988,#3989);
#3323=AXIS2_PLACEMENT_3D('',#5208,#3990,#3991);
#3324=AXIS2_PLACEMENT_3D('',#5209,#3992,#3993);
#3325=AXIS2_PLACEMENT_3D('',#5210,#3994,#3995);
#3326=AXIS2_PLACEMENT_3D('',#5211,#3996,#3997);
#3327=AXIS2_PLACEMENT_3D('',#5212,#3998,#3999);
#3328=AXIS2_PLACEMENT_3D('',#5213,#4000,#4001);
#3329=AXIS2_PLACEMENT_3D('',#5214,#4002,#4003);
#3330=AXIS2_PLACEMENT_3D('',#5215,#4004,#4005);
#3331=AXIS2_PLACEMENT_3D('',#5216,#4006,#4007);
#3332=AXIS2_PLACEMENT_3D('',#5217,#4008,#4009);
#3333=AXIS2_PLACEMENT_3D('',#5218,#4010,#4011);
#3334=AXIS2_PLACEMENT_3D('',#5219,#4012,#4013);
#3335=AXIS2_PLACEMENT_3D('',#5220,#4014,#4015);
#3336=AXIS2_PLACEMENT_3D('',#5221,#4016,#4017);
#3337=AXIS2_PLACEMENT_3D('',#5222,#4018,#4019);
#3338=AXIS2_PLACEMENT_3D('',#5223,#4020,#4021);
#3339=AXIS2_PLACEMENT_3D('',#5224,#4022,#4023);
#3340=AXIS2_PLACEMENT_3D('',#5225,#4024,#4025);
#3341=AXIS2_PLACEMENT_3D('',#5234,#4030,#4031);
#3342=AXIS2_PLACEMENT_3D('',#5235,#4032,#4033);
#3343=AXIS2_PLACEMENT_3D('',#5237,#4035,#4036);
#3344=AXIS2_PLACEMENT_3D('',#5238,#4037,#4038);
#3345=AXIS2_PLACEMENT_3D('',#5239,#4039,#4040);
#3346=AXIS2_PLACEMENT_3D('',#5240,#4041,#4042);
#3347=AXIS2_PLACEMENT_3D('',#5241,#4043,#4044);
#3348=AXIS2_PLACEMENT_3D('',#5242,#4045,#4046);
#3349=AXIS2_PLACEMENT_3D('',#5243,#4047,#4048);
#3350=AXIS2_PLACEMENT_3D('',#5244,#4049,#4050);
#3351=AXIS2_PLACEMENT_3D('',#5245,#4051,#4052);
#3352=AXIS2_PLACEMENT_3D('',#5246,#4053,#4054);
#3353=AXIS2_PLACEMENT_3D('',#5247,#4055,#4056);
#3354=AXIS2_PLACEMENT_3D('',#5248,#4057,#4058);
#3355=AXIS2_PLACEMENT_3D('',#5249,#4059,#4060);
#3356=AXIS2_PLACEMENT_3D('',#5250,#4061,#4062);
#3357=AXIS2_PLACEMENT_3D('',#5251,#4063,#4064);
#3358=AXIS2_PLACEMENT_3D('',#5252,#4065,#4066);
#3359=AXIS2_PLACEMENT_3D('',#5253,#4067,#4068);
#3360=AXIS2_PLACEMENT_3D('',#5254,#4069,#4070);
#3361=AXIS2_PLACEMENT_3D('',#5255,#4071,#4072);
#3362=AXIS2_PLACEMENT_3D('',#5256,#4073,#4074);
#3363=AXIS2_PLACEMENT_3D('',#5257,#4075,#4076);
#3364=AXIS2_PLACEMENT_3D('',#5258,#4077,#4078);
#3365=AXIS2_PLACEMENT_3D('',#5259,#4079,#4080);
#3366=AXIS2_PLACEMENT_3D('',#5260,#4081,#4082);
#3367=AXIS2_PLACEMENT_3D('',#5261,#4083,#4084);
#3368=AXIS2_PLACEMENT_3D('',#5278,#4093,#4094);
#3369=AXIS2_PLACEMENT_3D('',#5295,#4103,#4104);
#3370=AXIS2_PLACEMENT_3D('',#5304,#4109,#4110);
#3371=AXIS2_PLACEMENT_3D('',#5313,#4115,#4116);
#3372=AXIS2_PLACEMENT_3D('',#5322,#4121,#4122);
#3373=AXIS2_PLACEMENT_3D('',#5323,#4123,#4124);
#3374=AXIS2_PLACEMENT_3D('',#5324,#4125,#4126);
#3375=AXIS2_PLACEMENT_3D('',#5325,#4127,#4128);
#3376=AXIS2_PLACEMENT_3D('',#5326,#4129,#4130);
#3377=AXIS2_PLACEMENT_3D('',#5327,#4131,#4132);
#3378=AXIS2_PLACEMENT_3D('',#5328,#4133,#4134);
#3379=AXIS2_PLACEMENT_3D('',#5329,#4135,#4136);
#3380=AXIS2_PLACEMENT_3D('',#5333,#4138,#4139);
#3381=AXIS2_PLACEMENT_3D('',#5334,#4140,#4141);
#3382=AXIS2_PLACEMENT_3D('',#5335,#4142,#4143);
#3383=AXIS2_PLACEMENT_3D('',#5339,#4145,#4146);
#3384=AXIS2_PLACEMENT_3D('',#5340,#4147,#4148);
#3385=AXIS2_PLACEMENT_3D('',#5341,#4149,#4150);
#3386=AXIS2_PLACEMENT_3D('',#5345,#4152,#4153);
#3387=AXIS2_PLACEMENT_3D('',#5346,#4154,#4155);
#3388=AXIS2_PLACEMENT_3D('',#5347,#4156,#4157);
#3389=AXIS2_PLACEMENT_3D('',#5348,#4158,#4159);
#3390=AXIS2_PLACEMENT_3D('',#5349,#4160,#4161);
#3391=AXIS2_PLACEMENT_3D('',#5350,#4162,#4163);
#3392=AXIS2_PLACEMENT_3D('',#5351,#4164,#4165);
#3393=AXIS2_PLACEMENT_3D('',#5352,#4166,#4167);
#3394=AXIS2_PLACEMENT_3D('',#5353,#4168,#4169);
#3395=AXIS2_PLACEMENT_3D('',#5402,#4170,#4171);
#3396=AXIS2_PLACEMENT_3D('',#5404,#4173,#4174);
#3397=AXIS2_PLACEMENT_3D('',#5453,#4175,#4176);
#3398=AXIS2_PLACEMENT_3D('',#5456,#4178,#4179);
#3399=AXIS2_PLACEMENT_3D('',#5457,#4180,#4181);
#3400=AXIS2_PLACEMENT_3D('',#5458,#4182,#4183);
#3401=AXIS2_PLACEMENT_3D('',#5459,#4184,#4185);
#3402=AXIS2_PLACEMENT_3D('',#5460,#4186,#4187);
#3403=AXIS2_PLACEMENT_3D('',#5461,#4188,#4189);
#3404=AXIS2_PLACEMENT_3D('',#5462,#4190,#4191);
#3405=AXIS2_PLACEMENT_3D('',#5471,#4196,#4197);
#3406=AXIS2_PLACEMENT_3D('',#5480,#4202,#4203);
#3407=AXIS2_PLACEMENT_3D('',#5481,#4204,#4205);
#3408=AXIS2_PLACEMENT_3D('',#5482,#4206,#4207);
#3409=AXIS2_PLACEMENT_3D('',#5483,#4208,#4209);
#3410=AXIS2_PLACEMENT_3D('',#5484,#4210,#4211);
#3411=AXIS2_PLACEMENT_3D('',#5485,#4212,#4213);
#3412=AXIS2_PLACEMENT_3D('',#5486,#4214,#4215);
#3413=AXIS2_PLACEMENT_3D('',#5487,#4216,#4217);
#3414=AXIS2_PLACEMENT_3D('',#5488,#4218,#4219);
#3415=AXIS2_PLACEMENT_3D('',#5489,#4220,#4221);
#3416=AXIS2_PLACEMENT_3D('',#5490,#4222,#4223);
#3417=AXIS2_PLACEMENT_3D('',#5491,#4224,#4225);
#3418=AXIS2_PLACEMENT_3D('',#5492,#4226,#4227);
#3419=AXIS2_PLACEMENT_3D('',#5493,#4228,#4229);
#3420=AXIS2_PLACEMENT_3D('',#5494,#4230,#4231);
#3421=AXIS2_PLACEMENT_3D('',#5495,#4232,#4233);
#3422=AXIS2_PLACEMENT_3D('',#5496,#4234,#4235);
#3423=AXIS2_PLACEMENT_3D('',#5497,#4236,#4237);
#3424=AXIS2_PLACEMENT_3D('',#5498,#4238,#4239);
#3425=AXIS2_PLACEMENT_3D('',#5499,#4240,#4241);
#3426=AXIS2_PLACEMENT_3D('',#5500,#4242,#4243);
#3427=AXIS2_PLACEMENT_3D('',#5501,#4244,#4245);
#3428=AXIS2_PLACEMENT_3D('',#5502,#4246,#4247);
#3429=AXIS2_PLACEMENT_3D('',#5503,#4248,#4249);
#3430=AXIS2_PLACEMENT_3D('',#5504,#4250,#4251);
#3431=AXIS2_PLACEMENT_3D('',#5505,#4252,#4253);
#3432=AXIS2_PLACEMENT_3D('',#5506,#4254,#4255);
#3433=AXIS2_PLACEMENT_3D('',#5507,#4256,#4257);
#3434=AXIS2_PLACEMENT_3D('',#5508,#4258,#4259);
#3435=AXIS2_PLACEMENT_3D('',#5509,#4260,#4261);
#3436=AXIS2_PLACEMENT_3D('',#5518,#4266,#4267);
#3437=AXIS2_PLACEMENT_3D('',#5519,#4268,#4269);
#3438=AXIS2_PLACEMENT_3D('',#5522,#4271,#4272);
#3439=AXIS2_PLACEMENT_3D('',#5524,#4274,#4275);
#3440=AXIS2_PLACEMENT_3D('',#5525,#4276,#4277);
#3441=AXIS2_PLACEMENT_3D('',#5527,#4279,#4280);
#3442=AXIS2_PLACEMENT_3D('',#5528,#4281,#4282);
#3443=AXIS2_PLACEMENT_3D('',#5529,#4283,#4284);
#3444=AXIS2_PLACEMENT_3D('',#5530,#4285,#4286);
#3445=AXIS2_PLACEMENT_3D('',#5531,#4287,#4288);
#3446=AXIS2_PLACEMENT_3D('',#5532,#4289,#4290);
#3447=AXIS2_PLACEMENT_3D('',#5533,#4291,#4292);
#3448=AXIS2_PLACEMENT_3D('',#5534,#4293,#4294);
#3449=AXIS2_PLACEMENT_3D('',#5535,#4295,#4296);
#3450=AXIS2_PLACEMENT_3D('',#5536,#4297,#4298);
#3451=AXIS2_PLACEMENT_3D('',#5537,#4299,#4300);
#3452=AXIS2_PLACEMENT_3D('',#5538,#4301,#4302);
#3453=AXIS2_PLACEMENT_3D('',#5539,#4303,#4304);
#3454=AXIS2_PLACEMENT_3D('',#5540,#4305,#4306);
#3455=AXIS2_PLACEMENT_3D('',#5541,#4307,#4308);
#3456=AXIS2_PLACEMENT_3D('',#5542,#4309,#4310);
#3457=AXIS2_PLACEMENT_3D('',#5543,#4311,#4312);
#3458=AXIS2_PLACEMENT_3D('',#5544,#4313,#4314);
#3459=AXIS2_PLACEMENT_3D('',#5545,#4315,#4316);
#3460=AXIS2_PLACEMENT_3D('',#5546,#4317,#4318);
#3461=AXIS2_PLACEMENT_3D('',#5547,#4319,#4320);
#3462=AXIS2_PLACEMENT_3D('',#5548,#4321,#4322);
#3463=AXIS2_PLACEMENT_3D('',#5549,#4323,#4324);
#3464=AXIS2_PLACEMENT_3D('',#5550,#4325,#4326);
#3465=AXIS2_PLACEMENT_3D('',#5564,#4333,#4334);
#3466=AXIS2_PLACEMENT_3D('',#5575,#4340,#4341);
#3467=AXIS2_PLACEMENT_3D('',#5592,#4350,#4351);
#3468=AXIS2_PLACEMENT_3D('',#5601,#4356,#4357);
#3469=AXIS2_PLACEMENT_3D('',#5612,#4363,#4364);
#3470=AXIS2_PLACEMENT_3D('',#5621,#4369,#4370);
#3471=AXIS2_PLACEMENT_3D('',#5622,#4371,#4372);
#3472=AXIS2_PLACEMENT_3D('',#5623,#4373,#4374);
#3473=AXIS2_PLACEMENT_3D('',#5624,#4375,#4376);
#3474=AXIS2_PLACEMENT_3D('',#5625,#4377,#4378);
#3475=AXIS2_PLACEMENT_3D('',#5626,#4379,#4380);
#3476=AXIS2_PLACEMENT_3D('',#5627,#4381,#4382);
#3477=AXIS2_PLACEMENT_3D('',#5628,#4383,#4384);
#3478=AXIS2_PLACEMENT_3D('',#5632,#4386,#4387);
#3479=AXIS2_PLACEMENT_3D('',#5633,#4388,#4389);
#3480=AXIS2_PLACEMENT_3D('',#5634,#4390,#4391);
#3481=AXIS2_PLACEMENT_3D('',#5638,#4393,#4394);
#3482=AXIS2_PLACEMENT_3D('',#5639,#4395,#4396);
#3483=AXIS2_PLACEMENT_3D('',#5640,#4397,#4398);
#3484=AXIS2_PLACEMENT_3D('',#5641,#4399,#4400);
#3485=AXIS2_PLACEMENT_3D('',#5642,#4401,#4402);
#3486=AXIS2_PLACEMENT_3D('',#5643,#4403,#4404);
#3487=AXIS2_PLACEMENT_3D('',#5644,#4405,#4406);
#3488=AXIS2_PLACEMENT_3D('',#5645,#4407,#4408);
#3489=AXIS2_PLACEMENT_3D('',#5646,#4409,#4410);
#3490=AXIS2_PLACEMENT_3D('',#5647,#4411,#4412);
#3491=AXIS2_PLACEMENT_3D('',#5648,#4413,#4414);
#3492=AXIS2_PLACEMENT_3D('',#5649,#4415,#4416);
#3493=AXIS2_PLACEMENT_3D('',#5650,#4417,#4418);
#3494=AXIS2_PLACEMENT_3D('',#5651,#4419,#4420);
#3495=AXIS2_PLACEMENT_3D('',#5652,#4421,#4422);
#3496=AXIS2_PLACEMENT_3D('',#5653,#4423,#4424);
#3497=AXIS2_PLACEMENT_3D('',#5654,#4425,#4426);
#3498=AXIS2_PLACEMENT_3D('',#5655,#4427,#4428);
#3499=AXIS2_PLACEMENT_3D('',#5656,#4429,#4430);
#3500=AXIS2_PLACEMENT_3D('',#5705,#4431,#4432);
#3501=AXIS2_PLACEMENT_3D('',#5708,#4434,#4435);
#3502=AXIS2_PLACEMENT_3D('',#5711,#4437,#4438);
#3503=AXIS2_PLACEMENT_3D('',#5712,#4439,#4440);
#3504=AXIS2_PLACEMENT_3D('',#5713,#4441,#4442);
#3505=AXIS2_PLACEMENT_3D('',#5714,#4443,#4444);
#3506=AXIS2_PLACEMENT_3D('',#5715,#4445,#4446);
#3507=AXIS2_PLACEMENT_3D('',#5728,#4453,#4454);
#3508=AXIS2_PLACEMENT_3D('',#5737,#4459,#4460);
#3509=AXIS2_PLACEMENT_3D('',#5743,#4464,#4465);
#3510=AXIS2_PLACEMENT_3D('',#5744,#4466,#4467);
#3511=AXIS2_PLACEMENT_3D('',#5745,#4468,#4469);
#3512=AXIS2_PLACEMENT_3D('',#5746,#4470,#4471);
#3513=AXIS2_PLACEMENT_3D('',#5747,#4472,#4473);
#3514=AXIS2_PLACEMENT_3D('',#5748,#4474,#4475);
#3515=AXIS2_PLACEMENT_3D('',#5749,#4476,#4477);
#3516=AXIS2_PLACEMENT_3D('',#5750,#4478,#4479);
#3517=AXIS2_PLACEMENT_3D('',#5751,#4480,#4481);
#3518=AXIS2_PLACEMENT_3D('',#5752,#4482,#4483);
#3519=AXIS2_PLACEMENT_3D('',#5753,#4484,#4485);
#3520=AXIS2_PLACEMENT_3D('',#5754,#4486,#4487);
#3521=AXIS2_PLACEMENT_3D('',#5755,#4488,#4489);
#3522=AXIS2_PLACEMENT_3D('',#5756,#4490,#4491);
#3523=AXIS2_PLACEMENT_3D('',#5757,#4492,#4493);
#3524=AXIS2_PLACEMENT_3D('',#5758,#4494,#4495);
#3525=AXIS2_PLACEMENT_3D('',#5759,#4496,#4497);
#3526=AXIS2_PLACEMENT_3D('',#5760,#4498,#4499);
#3527=AXIS2_PLACEMENT_3D('',#5761,#4500,#4501);
#3528=AXIS2_PLACEMENT_3D('',#5762,#4502,#4503);
#3529=AXIS2_PLACEMENT_3D('',#5811,#4504,#4505);
#3530=AXIS2_PLACEMENT_3D('',#5812,#4506,#4507);
#3531=AXIS2_PLACEMENT_3D('',#5813,#4508,#4509);
#3532=AXIS2_PLACEMENT_3D('',#5814,#4510,#4511);
#3533=AXIS2_PLACEMENT_3D('',#5815,#4512,#4513);
#3534=AXIS2_PLACEMENT_3D('',#5816,#4514,#4515);
#3535=AXIS2_PLACEMENT_3D('',#5817,#4516,#4517);
#3536=AXIS2_PLACEMENT_3D('',#5818,#4518,#4519);
#3537=AXIS2_PLACEMENT_3D('',#5819,#4520,#4521);
#3538=AXIS2_PLACEMENT_3D('',#5820,#4522,#4523);
#3539=AXIS2_PLACEMENT_3D('',#5821,#4524,#4525);
#3540=AXIS2_PLACEMENT_3D('',#5822,#4526,#4527);
#3541=AXIS2_PLACEMENT_3D('',#5823,#4528,#4529);
#3542=AXIS2_PLACEMENT_3D('',#5824,#4530,#4531);
#3543=AXIS2_PLACEMENT_3D('',#5825,#4532,#4533);
#3544=AXIS2_PLACEMENT_3D('',#5826,#4534,#4535);
#3545=AXIS2_PLACEMENT_3D('',#5827,#4536,#4537);
#3546=AXIS2_PLACEMENT_3D('',#5828,#4538,#4539);
#3547=AXIS2_PLACEMENT_3D('',#5829,#4540,#4541);
#3548=AXIS2_PLACEMENT_3D('',#5830,#4542,#4543);
#3549=AXIS2_PLACEMENT_3D('',#5831,#4544,#4545);
#3550=AXIS2_PLACEMENT_3D('',#5840,#4550,#4551);
#3551=AXIS2_PLACEMENT_3D('',#5841,#4552,#4553);
#3552=AXIS2_PLACEMENT_3D('',#5842,#4554,#4555);
#3553=AXIS2_PLACEMENT_3D('',#5844,#4557,#4558);
#3554=AXIS2_PLACEMENT_3D('',#5845,#4559,#4560);
#3555=AXIS2_PLACEMENT_3D('',#5846,#4561,#4562);
#3556=AXIS2_PLACEMENT_3D('',#5847,#4563,#4564);
#3557=AXIS2_PLACEMENT_3D('',#5848,#4565,#4566);
#3558=AXIS2_PLACEMENT_3D('',#5849,#4567,#4568);
#3559=AXIS2_PLACEMENT_3D('',#5850,#4569,#4570);
#3560=AXIS2_PLACEMENT_3D('',#5851,#4571,#4572);
#3561=AXIS2_PLACEMENT_3D('',#5852,#4573,#4574);
#3562=AXIS2_PLACEMENT_3D('',#5853,#4575,#4576);
#3563=AXIS2_PLACEMENT_3D('',#5854,#4577,#4578);
#3564=AXIS2_PLACEMENT_3D('',#5855,#4579,#4580);
#3565=AXIS2_PLACEMENT_3D('',#5856,#4581,#4582);
#3566=AXIS2_PLACEMENT_3D('',#5857,#4583,#4584);
#3567=AXIS2_PLACEMENT_3D('',#5858,#4585,#4586);
#3568=AXIS2_PLACEMENT_3D('',#5859,#4587,#4588);
#3569=AXIS2_PLACEMENT_3D('',#5860,#4589,#4590);
#3570=AXIS2_PLACEMENT_3D('',#5861,#4591,#4592);
#3571=AXIS2_PLACEMENT_3D('',#5862,#4593,#4594);
#3572=AXIS2_PLACEMENT_3D('',#5863,#4595,#4596);
#3573=AXIS2_PLACEMENT_3D('',#5872,#4601,#4602);
#3574=AXIS2_PLACEMENT_3D('',#5876,#4604,#4605);
#3575=AXIS2_PLACEMENT_3D('',#5880,#4607,#4608);
#3576=AXIS2_PLACEMENT_3D('',#5884,#4610,#4611);
#3577=AXIS2_PLACEMENT_3D('',#5885,#4612,#4613);
#3578=AXIS2_PLACEMENT_3D('',#5889,#4615,#4616);
#3579=AXIS2_PLACEMENT_3D('',#5893,#4618,#4619);
#3580=AXIS2_PLACEMENT_3D('',#5897,#4621,#4622);
#3581=AXIS2_PLACEMENT_3D('',#5898,#4623,#4624);
#3582=AXIS2_PLACEMENT_3D('',#5904,#4628,#4629);
#3583=AXIS2_PLACEMENT_3D('',#5908,#4631,#4632);
#3584=AXIS2_PLACEMENT_3D('',#5912,#4634,#4635);
#3585=AXIS2_PLACEMENT_3D('',#5916,#4637,#4638);
#3586=AXIS2_PLACEMENT_3D('',#5917,#4639,#4640);
#3587=AXIS2_PLACEMENT_3D('',#5918,#4641,#4642);
#3588=AXIS2_PLACEMENT_3D('',#5922,#4644,#4645);
#3589=AXIS2_PLACEMENT_3D('',#5926,#4647,#4648);
#3590=AXIS2_PLACEMENT_3D('',#5927,#4649,#4650);
#3591=AXIS2_PLACEMENT_3D('',#5930,#4653,#4654);
#3592=AXIS2_PLACEMENT_3D('',#5933,#4657,#4658);
#3593=AXIS2_PLACEMENT_3D('',#5934,#4659,#4660);
#3594=AXIS2_PLACEMENT_3D('',#5935,#4661,#4662);
#3595=AXIS2_PLACEMENT_3D('',#5936,#4663,#4664);
#3596=AXIS2_PLACEMENT_3D('',#5939,#4667,#4668);
#3597=AXIS2_PLACEMENT_3D('',#5942,#4671,#4672);
#3598=AXIS2_PLACEMENT_3D('',#5945,#4675,#4676);
#3599=AXIS2_PLACEMENT_3D('',#5946,#4677,#4678);
#3600=AXIS2_PLACEMENT_3D('',#5947,#4679,#4680);
#3601=AXIS2_PLACEMENT_3D('',#5948,#4681,#4682);
#3602=AXIS2_PLACEMENT_3D('',#5949,#4683,#4684);
#3603=DIRECTION('',(0.,0.,1.));
#3604=DIRECTION('',(1.,0.,0.));
#3605=DIRECTION('',(-1.,5.63438184997267E-15,0.));
#3606=DIRECTION('',(-0.297332781302522,2.73529840337213E-15,0.954773908924467));
#3607=DIRECTION('',(0.,1.11022302462516E-15,1.));
#3608=DIRECTION('',(-1.,5.63438184997431E-15,1.47264761520972E-12));
#3609=DIRECTION('',(0.,1.11022302462516E-15,1.));
#3610=DIRECTION('',(0.982093952372715,-5.32433543090391E-15,0.188391795768655));
#3611=DIRECTION('',(-1.04051132196932E-18,-1.11022302462516E-15,-1.));
#3612=DIRECTION('',(-5.63438184997267E-15,-1.,1.11022302462516E-15));
#3613=DIRECTION('',(0.,-1.11022302462516E-15,-1.));
#3614=DIRECTION('',(0.,-1.11022302462516E-15,-1.));
#3615=DIRECTION('',(0.,-1.,0.));
#3616=DIRECTION('',(0.,9.43689570931383E-16,1.));
#3617=DIRECTION('',(0.,1.,0.));
#3618=DIRECTION('',(0.,0.697194382226572,-0.716882133541985));
#3619=DIRECTION('',(1.,0.,0.));
#3620=DIRECTION('',(0.,-1.,0.));
#3621=DIRECTION('',(0.,-9.43689570931383E-16,-1.));
#3622=DIRECTION('',(0.297332781302522,-2.50878984866675E-11,-0.954773908924467));
#3623=DIRECTION('',(1.,-8.43734665467721E-11,0.));
#3624=DIRECTION('',(1.04051133601939E-18,9.43689570931295E-16,1.));
#3625=DIRECTION('',(-1.,8.43734665467721E-11,0.));
#3626=DIRECTION('',(0.,-9.43689570931383E-16,-1.));
#3627=DIRECTION('',(1.,-8.43734665467721E-11,-1.47264761520972E-12));
#3628=DIRECTION('',(-8.43734665467721E-11,-1.,9.43689570931383E-16));
#3629=DIRECTION('',(0.,-9.43689570931383E-16,-1.));
#3630=DIRECTION('',(-1.,8.43734665467721E-11,0.));
#3631=DIRECTION('',(-1.89377061769753E-16,1.,0.));
#3632=DIRECTION('',(1.,-5.63438184997267E-15,0.));
#3633=DIRECTION('',(8.43678657601355E-11,-1.,0.));
#3634=DIRECTION('',(0.,0.,-1.));
#3635=DIRECTION('',(0.,-1.,0.));
#3636=DIRECTION('',(0.,-1.11022302462516E-15,-1.));
#3637=DIRECTION('',(0.,-1.,6.08114170036872E-16));
#3638=DIRECTION('',(0.,9.43689570931383E-16,1.));
#3639=DIRECTION('',(0.,1.,0.));
#3640=DIRECTION('',(1.,0.,0.));
#3641=DIRECTION('',(0.,-1.,0.));
#3642=DIRECTION('',(0.,1.11022302462516E-15,1.));
#3643=DIRECTION('',(0.,-1.,0.));
#3644=DIRECTION('',(0.,-1.11022302462516E-15,-1.));
#3645=DIRECTION('',(0.,-1.,0.));
#3646=DIRECTION('',(0.,1.11022302462516E-15,1.));
#3647=DIRECTION('',(0.,-1.,0.));
#3648=DIRECTION('',(0.,9.43689570931383E-16,1.));
#3649=DIRECTION('',(0.,1.00000000000001,0.));
#3650=DIRECTION('',(0.,-9.43689570931383E-16,-1.));
#3651=DIRECTION('',(0.,1.00000000000001,0.));
#3652=DIRECTION('',(0.,-9.43689570931383E-16,-1.));
#3653=DIRECTION('',(0.,1.00000000000001,0.));
#3654=DIRECTION('',(0.,1.11022302462516E-15,1.));
#3655=DIRECTION('',(0.,-1.,0.));
#3656=DIRECTION('',(0.894427190999651,-5.53605116174052E-15,-0.447213595500487));
#3657=DIRECTION('',(0.447213595500487,-2.58597307630229E-15,0.894427190999651));
#3658=DIRECTION('',(0.,1.11022302462516E-15,1.));
#3659=DIRECTION('',(0.,-1.,0.));
#3660=DIRECTION('',(0.,9.43689570931383E-16,1.));
#3661=DIRECTION('',(0.,1.00000000000001,0.));
#3662=DIRECTION('',(0.894427190999653,-7.54663447091386E-11,-0.447213595500488));
#3663=DIRECTION('',(-0.447213595500487,3.77293471832504E-11,-0.894427190999652));
#3664=DIRECTION('',(0.,-9.43689570931383E-16,-1.));
#3665=DIRECTION('',(0.,1.00000000000001,0.));
#3666=DIRECTION('',(-1.,8.43769498715114E-11,1.48029736616688E-12));
#3667=DIRECTION('',(8.43769498715119E-11,1.00000000000001,0.));
#3668=DIRECTION('',(-1.,8.43734665467721E-11,1.47264761520972E-12));
#3669=DIRECTION('',(-0.447213595499167,3.77338054007227E-11,0.89442719100031));
#3670=DIRECTION('',(-0.894427191000311,7.54664522857296E-11,-0.447213595499167));
#3671=DIRECTION('',(1.,-8.43734665467721E-11,-1.47264761520972E-12));
#3672=DIRECTION('',(-8.43769498715119E-11,-1.00000000000001,0.));
#3673=DIRECTION('',(-0.447213595499165,3.51278582684087E-15,0.894427191000311));
#3674=DIRECTION('',(0.894427191000312,-5.17194615260455E-15,0.447213595499165));
#3675=DIRECTION('',(1.,-5.63438184997431E-15,-1.47264761520972E-12));
#3676=DIRECTION('',(1.,0.,-1.48029736616688E-12));
#3677=DIRECTION('',(1.48029736616688E-12,0.,1.));
#3678=DIRECTION('',(-1.,5.63438184997431E-15,1.47264761520972E-12));
#3679=DIRECTION('',(-1.48029736616688E-12,0.,-1.));
#3680=DIRECTION('',(1.,-5.63438184997267E-15,0.));
#3681=DIRECTION('',(0.,-1.,0.));
#3682=DIRECTION('',(1.,-5.63438184997267E-15,0.));
#3683=DIRECTION('',(0.,-1.,0.));
#3684=DIRECTION('',(-1.,5.63438184997267E-15,0.));
#3685=DIRECTION('',(0.,1.,0.));
#3686=DIRECTION('',(1.,-8.43734665467721E-11,0.));
#3687=DIRECTION('',(8.43769498715119E-11,1.00000000000001,0.));
#3688=DIRECTION('',(-1.,8.43734665467721E-11,0.));
#3689=DIRECTION('',(8.43769498715119E-11,1.00000000000001,0.));
#3690=DIRECTION('',(1.,-8.43734665467721E-11,0.));
#3691=DIRECTION('',(-8.43769498715119E-11,-1.00000000000001,0.));
#3692=DIRECTION('',(0.,1.,-1.15648231731787E-14));
#3693=DIRECTION('',(0.,1.15648231731787E-14,1.));
#3694=DIRECTION('',(0.,1.,-1.68753899743024E-10));
#3695=DIRECTION('',(0.,1.68753899743024E-10,1.));
#3696=DIRECTION('',(0.,-1.,0.));
#3697=DIRECTION('',(0.,1.,0.));
#3698=DIRECTION('',(0.,0.,1.));
#3699=DIRECTION('',(8.43678657601355E-11,-1.,0.));
#3700=DIRECTION('',(-1.04051133601939E-18,-9.43689570931295E-16,-1.));
#3701=DIRECTION('',(-8.43678657601355E-11,1.,0.));
#3702=DIRECTION('',(1.04051132196932E-18,1.11022302462516E-15,1.));
#3703=DIRECTION('',(5.88208027938603E-11,-0.697194382220933,0.71688213354747));
#3704=DIRECTION('',(1.,8.43678657601355E-11,-1.04051141563647E-18));
#3705=DIRECTION('',(-8.43678651246682E-11,1.,0.));
#3706=DIRECTION('',(-5.8820801975823E-11,0.697194382220933,-0.71688213354747));
#3707=DIRECTION('',(-0.982093952372716,5.30696711690195E-15,-0.188391795768655));
#3708=DIRECTION('',(1.22472086951101E-19,-0.697194382226572,0.716882133541985));
#3709=DIRECTION('',(0.983039421429063,0.183394372641075,-8.70329464986149E-18));
#3710=DIRECTION('',(0.132560199323805,-0.710555617226221,-0.691041611180902));
#3711=DIRECTION('',(-0.983039421429063,-0.183394372641075,0.));
#3712=DIRECTION('',(0.,-1.,0.));
#3713=DIRECTION('',(1.,-8.43734665467721E-11,0.));
#3714=DIRECTION('',(-8.43678657601355E-11,1.,0.));
#3715=DIRECTION('',(-0.983039421429063,-0.183394372641075,0.));
#3716=DIRECTION('',(0.,0.,1.));
#3717=DIRECTION('',(-1.,0.,0.));
#3718=DIRECTION('',(1.04051132196932E-18,1.11022302462516E-15,1.));
#3719=DIRECTION('',(0.,1.,-1.0842021724855E-15));
#3720=DIRECTION('',(-1.04051132196932E-18,-1.11022302462516E-15,-1.));
#3721=DIRECTION('',(0.,1.,0.));
#3722=DIRECTION('',(-1.04051132196932E-18,-1.11022302462516E-15,-1.));
#3723=DIRECTION('',(0.,1.,-1.44560289664734E-15));
#3724=DIRECTION('',(1.04051133601939E-18,9.43689570931295E-16,1.));
#3725=DIRECTION('',(0.,-1.00000000000001,9.03501810404587E-16));
#3726=DIRECTION('',(-1.04051133601939E-18,-9.43689570931295E-16,-1.));
#3727=DIRECTION('',(0.,-1.00000000000001,0.));
#3728=DIRECTION('',(1.04051133601939E-18,9.43689570931295E-16,1.));
#3729=DIRECTION('',(0.,-1.00000000000001,0.));
#3730=DIRECTION('',(8.43678657601355E-11,-1.,0.));
#3731=DIRECTION('',(1.00000000000001,8.43653850483387E-11,0.));
#3732=DIRECTION('',(0.,0.,1.));
#3733=DIRECTION('',(1.00000000000001,0.,0.));
#3734=DIRECTION('',(8.43678657601355E-11,-1.,0.));
#3735=DIRECTION('',(1.00000000000001,8.43653850483387E-11,0.));
#3736=DIRECTION('',(8.43678657601355E-11,-1.,0.));
#3737=DIRECTION('',(-1.00000000000001,-8.4368276254132E-11,0.));
#3738=DIRECTION('',(0.,0.,1.));
#3739=DIRECTION('',(1.00000000000001,0.,0.));
#3740=DIRECTION('',(1.,-8.43769498715114E-11,-9.75804505156194E-25));
#3741=DIRECTION('',(-8.43769498715119E-11,-1.00000000000001,0.));
#3742=DIRECTION('',(-1.,8.43769498715124E-11,0.));
#3743=DIRECTION('',(8.43769498715119E-11,1.00000000000001,0.));
#3744=DIRECTION('',(1.,-8.43734665467721E-11,0.));
#3745=DIRECTION('',(-8.43769498715119E-11,-1.00000000000001,0.));
#3746=DIRECTION('',(-0.982093952372716,0.,-0.188391795768651));
#3747=DIRECTION('',(0.188391795768646,0.,-0.982093952372713));
#3748=DIRECTION('',(0.982093952372716,0.,0.188391795768651));
#3749=DIRECTION('',(-0.188391795768646,0.,0.982093952372713));
#3750=DIRECTION('',(-0.982093952372715,5.3103212681356E-15,-0.188391795768655));
#3751=DIRECTION('',(0.188391795768646,0.,-0.982093952372719));
#3752=DIRECTION('',(0.,-0.697194382226574,0.716882133541984));
#3753=DIRECTION('',(0.,-0.716882133541986,-0.697194382226572));
#3754=DIRECTION('',(0.132560199323807,-0.71055561722622,-0.691041611180903));
#3755=DIRECTION('',(0.,0.697194382226572,-0.716882133541986));
#3756=DIRECTION('',(0.,1.,0.));
#3757=DIRECTION('',(0.,0.,1.));
#3758=DIRECTION('',(0.,0.,1.));
#3759=DIRECTION('',(-1.00000000000001,0.,0.));
#3760=DIRECTION('',(-8.43653850483383E-11,1.,0.));
#3761=DIRECTION('',(1.00000000000001,8.43653850483387E-11,0.));
#3762=DIRECTION('',(0.,0.,1.));
#3763=DIRECTION('',(-1.00000000000001,0.,0.));
#3764=DIRECTION('',(5.88231039744812E-11,-0.697194382220934,0.716882133547469));
#3765=DIRECTION('',(0.,-0.716882133547468,-0.697194382220934));
#3766=DIRECTION('',(0.132560199323807,-0.71055561722622,-0.691041611180903));
#3767=DIRECTION('',(0.,0.697194382226572,-0.716882133541986));
#3768=DIRECTION('',(0.,-0.697194382226565,0.716882133541992));
#3769=DIRECTION('',(0.,-0.716882133541992,-0.697194382226566));
#3770=DIRECTION('',(0.,-0.697194382226572,0.716882133541985));
#3771=DIRECTION('',(0.,-0.716882133541986,-0.697194382226572));
#3772=DIRECTION('',(-5.78241158658933E-15,1.,0.));
#3773=DIRECTION('',(1.00000000000001,5.78241158658936E-15,0.));
#3774=DIRECTION('',(0.,1.,0.));
#3775=DIRECTION('',(0.,0.,1.));
#3776=DIRECTION('',(-8.43653850483383E-11,1.,0.));
#3777=DIRECTION('',(1.00000000000001,8.43653850483387E-11,0.));
#3778=DIRECTION('',(-8.43678657601355E-11,1.,0.));
#3779=DIRECTION('',(1.00000000000001,8.4368276254132E-11,0.));
#3780=DIRECTION('',(5.88149272020515E-11,-0.697194382220934,0.716882133547468));
#3781=DIRECTION('',(0.,-0.716882133547468,-0.697194382220934));
#3782=DIRECTION('',(-5.88208027938603E-11,0.697194382220933,-0.71688213354747));
#3783=DIRECTION('',(0.,0.716882133547468,0.697194382220934));
#3784=DIRECTION('',(0.983039421429062,0.183394372641076,1.06046174527504E-15));
#3785=DIRECTION('',(-0.183394372641083,0.983039421429063,0.));
#3786=DIRECTION('',(-1.00000000000001,-5.78241158658936E-15,0.));
#3787=DIRECTION('',(0.,1.,0.));
#3788=DIRECTION('',(-0.983039421429059,-0.183394372641093,0.));
#3789=DIRECTION('',(0.183394372641095,-0.983039421429058,0.));
#3790=DIRECTION('',(1.00000000000001,8.43711674599253E-11,0.));
#3791=DIRECTION('',(8.43653850483387E-11,-1.,0.));
#3792=DIRECTION('',(-0.983039421429063,-0.183394372641075,0.));
#3793=DIRECTION('',(-0.183394372641083,0.983039421429063,0.));
#3794=DIRECTION('',(0.297332781302522,-2.73529840337213E-15,-0.954773908924467));
#3795=DIRECTION('',(1.89377061769753E-16,-1.,1.24165027462642E-32));
#3796=DIRECTION('',(-0.297332781302522,2.50878984866675E-11,0.954773908924467));
#3797=DIRECTION('',(-2.46519032881566E-32,1.,-6.08114170036872E-16));
#3798=DIRECTION('',(-0.954773908924467,-1.80812277526538E-16,-0.297332781302522));
#3799=DIRECTION('',(-0.297332781302522,0.,0.954773908924467));
#3800=DIRECTION('',(0.,1.,0.));
#3801=DIRECTION('',(0.,0.,1.));
#3802=DIRECTION('',(0.,1.,0.));
#3803=DIRECTION('',(0.,1.,0.));
#3804=DIRECTION('',(0.,0.,1.));
#3805=DIRECTION('',(0.,1.,0.));
#3806=DIRECTION('',(0.,0.,1.));
#3807=DIRECTION('',(-1.48029736616688E-12,0.,-1.));
#3808=DIRECTION('',(1.00000000000001,0.,-1.47162374878699E-12));
#3809=DIRECTION('',(-1.48029736616688E-12,0.,-1.));
#3810=DIRECTION('',(1.00000000000001,0.,-1.47162374878699E-12));
#3811=DIRECTION('',(-1.47264761520972E-12,0.,-1.));
#3812=DIRECTION('',(1.,0.,-1.4726475247584E-12));
#3813=DIRECTION('',(0.297332781302521,-2.50777173800018E-11,-0.954773908924468));
#3814=DIRECTION('',(-0.95477390892447,0.,-0.297332781302522));
#3815=DIRECTION('',(-1.15648231731787E-14,1.,3.71361387691777E-14));
#3816=DIRECTION('',(0.,-3.46944695195361E-14,1.));
#3817=DIRECTION('',(-0.95477390892447,0.,-0.297332781302522));
#3818=DIRECTION('',(-0.29733278130252,0.,0.954773908924467));
#3819=DIRECTION('',(0.,1.,0.));
#3820=DIRECTION('',(0.,0.,1.));
#3821=DIRECTION('',(0.,-1.,6.08114170036872E-16));
#3822=DIRECTION('',(0.,0.,-1.));
#3823=DIRECTION('',(0.297332781302522,-2.50878984866675E-11,-0.954773908924467));
#3824=DIRECTION('',(-0.95477390892447,0.,-0.297332781302522));
#3825=DIRECTION('',(0.297332781302522,-2.50878984866675E-11,-0.954773908924467));
#3826=DIRECTION('',(-0.95477390892447,0.,-0.29733278130252));
#3827=DIRECTION('',(0.297332781302521,0.,-0.954773908924467));
#3828=DIRECTION('',(-0.95477390892447,0.,-0.297332781302522));
#3829=DIRECTION('',(-0.95477390892447,0.,-0.297332781302522));
#3830=DIRECTION('',(-0.29733278130252,0.,0.954773908924467));
#3831=DIRECTION('',(-1.89377061769753E-16,1.,0.));
#3832=DIRECTION('',(1.00000000000001,0.,0.));
#3833=DIRECTION('',(0.,0.,1.));
#3834=DIRECTION('',(1.00000000000001,0.,0.));
#3835=DIRECTION('',(0.297332781302522,-2.73529840337213E-15,-0.954773908924467));
#3836=DIRECTION('',(-0.95477390892447,0.,-0.297332781302522));
#3837=DIRECTION('',(0.297332781302522,-2.73529840337213E-15,-0.954773908924467));
#3838=DIRECTION('',(-0.95477390892447,0.,-0.297332781302523));
#3839=DIRECTION('',(-1.89377061769753E-16,1.,0.));
#3840=DIRECTION('',(1.00000000000001,0.,0.));
#3841=DIRECTION('',(1.89377061769753E-16,-1.,0.));
#3842=DIRECTION('',(1.00000000000001,0.,0.));
#3843=DIRECTION('',(0.,0.,1.));
#3844=DIRECTION('',(1.00000000000001,0.,0.));
#3845=DIRECTION('',(-1.,5.63438184997267E-15,0.));
#3846=DIRECTION('',(-0.297332781302522,2.73529840337213E-15,0.954773908924467));
#3847=DIRECTION('',(0.,1.11022302462516E-15,1.));
#3848=DIRECTION('',(-1.,5.63438184997431E-15,1.47264761520972E-12));
#3849=DIRECTION('',(0.,1.11022302462516E-15,1.));
#3850=DIRECTION('',(0.845962376406691,-4.17445686042795E-15,0.533242588044451));
#3851=DIRECTION('',(0.994690362357696,-5.49020895555837E-15,0.102912987677535));
#3852=DIRECTION('',(-1.04051132196932E-18,-1.11022302462516E-15,-1.));
#3853=DIRECTION('',(-5.63438184997267E-15,-1.,1.11022302462516E-15));
#3854=DIRECTION('',(0.,-1.11022302462516E-15,-1.));
#3855=DIRECTION('',(0.,0.823175331762636,-0.567787260492409));
#3856=DIRECTION('',(0.,-1.11022302462516E-15,-1.));
#3857=DIRECTION('',(0.,-1.,0.));
#3858=DIRECTION('',(0.,1.11022302462516E-15,1.));
#3859=DIRECTION('',(0.,0.902288702245939,-0.431132343717493));
#3860=DIRECTION('',(1.,0.,0.));
#3861=DIRECTION('',(0.,-1.,0.));
#3862=DIRECTION('',(0.,-1.11022302462516E-15,-1.));
#3863=DIRECTION('',(0.297332781302522,-2.73529840337213E-15,-0.954773908924467));
#3864=DIRECTION('',(1.,-5.63438184997267E-15,0.));
#3865=DIRECTION('',(1.04051132196932E-18,1.11022302462516E-15,1.));
#3866=DIRECTION('',(-0.994690362357695,5.49020895555837E-15,-0.102912987677535));
#3867=DIRECTION('',(0.,-1.11022302462516E-15,-1.));
#3868=DIRECTION('',(1.,-5.63438184997431E-15,-1.47264761520972E-12));
#3869=DIRECTION('',(5.63438184997267E-15,1.,-1.11022302462516E-15));
#3870=DIRECTION('',(-1.,5.63438184997267E-15,0.));
#3871=DIRECTION('',(-0.845962376406691,4.13936344975837E-15,-0.533242588044451));
#3872=DIRECTION('',(-2.77555756156289E-17,-0.823175331762636,0.567787260492409));
#3873=DIRECTION('',(0.345929350994595,0.860003088401884,-0.3751367378166));
#3874=DIRECTION('',(0.460569345146443,-0.503981443526752,-0.730669954830543));
#3875=DIRECTION('',(-0.738184661787024,-0.674598699303799,0.));
#3876=DIRECTION('',(-1.,5.63438184997267E-15,0.));
#3877=DIRECTION('',(-1.89377061769753E-16,1.,0.));
#3878=DIRECTION('',(1.,-5.63438184997267E-15,0.));
#3879=DIRECTION('',(8.43678657601355E-11,-1.,0.));
#3880=DIRECTION('',(0.,0.,-1.));
#3881=DIRECTION('',(0.,-1.,0.));
#3882=DIRECTION('',(0.,-1.11022302462516E-15,-1.));
#3883=DIRECTION('',(0.,-1.,6.08114170036872E-16));
#3884=DIRECTION('',(0.,1.11022302462516E-15,1.));
#3885=DIRECTION('',(0.,1.,0.));
#3886=DIRECTION('',(1.,0.,0.));
#3887=DIRECTION('',(0.,-1.,0.));
#3888=DIRECTION('',(0.,1.11022302462516E-15,1.));
#3889=DIRECTION('',(0.,-1.,0.));
#3890=DIRECTION('',(0.894427190999651,-5.53605116174052E-15,-0.447213595500487));
#3891=DIRECTION('',(0.447213595500487,-1.29298653815114E-15,0.894427190999651));
#3892=DIRECTION('',(0.,1.11022302462516E-15,1.));
#3893=DIRECTION('',(0.,-1.,0.));
#3894=DIRECTION('',(0.,1.11022302462516E-15,1.));
#3895=DIRECTION('',(0.,1.,0.));
#3896=DIRECTION('',(0.894427190999651,-5.53605116174052E-15,-0.447213595500487));
#3897=DIRECTION('',(-0.447213595500487,2.58597307630229E-15,-0.894427190999651));
#3898=DIRECTION('',(0.,-1.11022302462516E-15,-1.));
#3899=DIRECTION('',(0.,1.,0.));
#3900=DIRECTION('',(0.,1.11022302462516E-15,1.));
#3901=DIRECTION('',(0.,1.,0.));
#3902=DIRECTION('',(0.,-1.11022302462516E-15,-1.));
#3903=DIRECTION('',(0.,1.,0.));
#3904=DIRECTION('',(0.,-1.11022302462516E-15,-1.));
#3905=DIRECTION('',(0.,1.,0.));
#3906=DIRECTION('',(-1.,0.,1.48029736616688E-12));
#3907=DIRECTION('',(-1.48029736616688E-12,0.,-1.));
#3908=DIRECTION('',(-1.,5.63438184997431E-15,1.47264761520972E-12));
#3909=DIRECTION('',(-0.447213595499165,3.51278582684087E-15,0.894427191000311));
#3910=DIRECTION('',(-0.894427191000312,5.17194615260455E-15,-0.447213595499165));
#3911=DIRECTION('',(1.,-5.63438184997431E-15,-1.47264761520972E-12));
#3912=DIRECTION('',(1.48029736616688E-12,0.,1.));
#3913=DIRECTION('',(-0.447213595499165,3.51278582684087E-15,0.894427191000311));
#3914=DIRECTION('',(0.894427191000312,-3.87895961445341E-15,0.447213595499165));
#3915=DIRECTION('',(1.,-5.63438184997431E-15,-1.47264761520972E-12));
#3916=DIRECTION('',(1.,0.,-1.48029736616688E-12));
#3917=DIRECTION('',(1.48029736616688E-12,0.,1.));
#3918=DIRECTION('',(1.,-5.63438184997431E-15,-1.47264761520972E-12));
#3919=DIRECTION('',(1.4687325429937E-12,0.,1.));
#3920=DIRECTION('',(1.,-5.63438184997267E-15,0.));
#3921=DIRECTION('',(0.,1.,0.));
#3922=DIRECTION('',(1.,-5.63438184997267E-15,0.));
#3923=DIRECTION('',(0.,1.,0.));
#3924=DIRECTION('',(1.,-5.63438184997267E-15,0.));
#3925=DIRECTION('',(0.,-1.,0.));
#3926=DIRECTION('',(1.,-5.63438184997267E-15,0.));
#3927=DIRECTION('',(0.,1.,0.));
#3928=DIRECTION('',(-1.,5.63438184997267E-15,0.));
#3929=DIRECTION('',(0.,1.,0.));
#3930=DIRECTION('',(1.,-5.63438184997267E-15,0.));
#3931=DIRECTION('',(0.,-1.,0.));
#3932=DIRECTION('',(0.,1.,-1.44560289664734E-14));
#3933=DIRECTION('',(0.,1.44560289664734E-14,1.));
#3934=DIRECTION('',(0.,1.,-1.73472347597681E-14));
#3935=DIRECTION('',(0.,1.73472347597681E-14,1.));
#3936=DIRECTION('',(0.,-1.,0.));
#3937=DIRECTION('',(0.,1.,0.));
#3938=DIRECTION('',(0.,0.,1.));
#3939=DIRECTION('',(0.,0.823175331762636,-0.567787260492409));
#3940=DIRECTION('',(0.,0.567787260492408,0.823175331762637));
#3941=DIRECTION('',(0.,0.823175331762636,-0.567787260492409));
#3942=DIRECTION('',(0.,0.567787260492408,0.823175331762637));
#3943=DIRECTION('',(0.,0.823175331762636,-0.567787260492409));
#3944=DIRECTION('',(0.,0.567787260492408,0.823175331762637));
#3945=DIRECTION('',(0.845962376406693,0.,0.533242588044448));
#3946=DIRECTION('',(-0.533242588044459,0.,0.845962376406695));
#3947=DIRECTION('',(-0.845962376406691,4.17445686042795E-15,-0.533242588044451));
#3948=DIRECTION('',(0.533242588044447,0.,-0.845962376406692));
#3949=DIRECTION('',(-0.845962376406691,4.17445686042795E-15,-0.533242588044451));
#3950=DIRECTION('',(0.533242588044459,0.,-0.845962376406692));
#3951=DIRECTION('',(-1.04051132196932E-18,-1.11022302462516E-15,-1.));
#3952=DIRECTION('',(-8.43678657601355E-11,1.,0.));
#3953=DIRECTION('',(1.04051132196932E-18,1.11022302462516E-15,1.));
#3954=DIRECTION('',(7.61241725563119E-11,-0.902288702242876,0.431132343723905));
#3955=DIRECTION('',(1.,8.43678657601355E-11,-1.04051141563647E-18));
#3956=DIRECTION('',(-8.43678651246682E-11,1.,0.));
#3957=DIRECTION('',(0.994690362357695,-5.49020895555837E-15,0.102912987677535));
#3958=DIRECTION('',(-7.6124178186101E-11,0.902288702242876,-0.431132343723905));
#3959=DIRECTION('',(-0.994690362357695,5.49680484303865E-15,-0.102912987677535));
#3960=DIRECTION('',(-0.345929350994595,-0.860003088401884,0.3751367378166));
#3961=DIRECTION('',(-5.18973196844667E-18,-0.902288702245939,0.431132343717493));
#3962=DIRECTION('',(0.0929487614976904,-0.429265925793489,-0.898382598166674));
#3963=DIRECTION('',(-0.977350863665462,-0.211625351251629,0.));
#3964=DIRECTION('',(1.04051132196932E-18,1.11022302462516E-15,1.));
#3965=DIRECTION('',(0.,-1.,1.0842021724855E-15));
#3966=DIRECTION('',(-1.04051132196932E-18,-1.11022302462516E-15,-1.));
#3967=DIRECTION('',(0.,-1.,0.));
#3968=DIRECTION('',(1.04051132196932E-18,1.11022302462516E-15,1.));
#3969=DIRECTION('',(0.,-1.,1.44560289664734E-15));
#3970=DIRECTION('',(1.04051132196932E-18,1.11022302462516E-15,1.));
#3971=DIRECTION('',(0.,-1.,1.0842021724855E-15));
#3972=DIRECTION('',(-1.04051132196932E-18,-1.11022302462516E-15,-1.));
#3973=DIRECTION('',(0.,-1.,0.));
#3974=DIRECTION('',(1.04051132196932E-18,1.11022302462516E-15,1.));
#3975=DIRECTION('',(0.,-1.,0.));
#3976=DIRECTION('',(8.43678657601355E-11,-1.,0.));
#3977=DIRECTION('',(-1.00000000000001,-8.4368276254132E-11,0.));
#3978=DIRECTION('',(0.,0.,1.));
#3979=DIRECTION('',(1.00000000000001,0.,0.));
#3980=DIRECTION('',(8.43678657601355E-11,-1.,0.));
#3981=DIRECTION('',(-1.00000000000001,-8.43653850483387E-11,0.));
#3982=DIRECTION('',(-8.43678657601355E-11,1.,0.));
#3983=DIRECTION('',(1.00000000000001,8.43653850483387E-11,0.));
#3984=DIRECTION('',(0.,0.,1.));
#3985=DIRECTION('',(1.00000000000001,0.,0.));
#3986=DIRECTION('',(-0.994690362357696,0.,-0.102912987677526));
#3987=DIRECTION('',(0.102912987677515,0.,-0.994690362357698));
#3988=DIRECTION('',(0.994690362357695,-5.49020895555837E-15,0.102912987677535));
#3989=DIRECTION('',(-0.102912987677538,0.,0.994690362357698));
#3990=DIRECTION('',(-0.994690362357695,5.49020895555837E-15,-0.102912987677535));
#3991=DIRECTION('',(0.102912987677538,0.,-0.994690362357698));
#3992=DIRECTION('',(0.,0.90228870224594,-0.431132343717491));
#3993=DIRECTION('',(0.,0.431132343717492,0.902288702245938));
#3994=DIRECTION('',(0.0929487614976845,-0.429265925793489,-0.898382598166677));
#3995=DIRECTION('',(0.,0.902288702245938,-0.431132343717492));
#3996=DIRECTION('',(-7.61241673741852E-11,0.902288702242876,-0.431132343723905));
#3997=DIRECTION('',(0.,0.431132343723904,0.902288702242874));
#3998=DIRECTION('',(0.,0.,1.));
#3999=DIRECTION('',(1.00000000000001,0.,0.));
#4000=DIRECTION('',(0.,-0.902288702245939,0.431132343717493));
#4001=DIRECTION('',(0.,0.431132343717492,0.902288702245938));
#4002=DIRECTION('',(0.,0.902288702245939,-0.431132343717493));
#4003=DIRECTION('',(0.,0.431132343717492,0.902288702245938));
#4004=DIRECTION('',(-7.61241673741852E-11,0.902288702242876,-0.431132343723905));
#4005=DIRECTION('',(0.,0.431132343723904,0.902288702242874));
#4006=DIRECTION('',(-7.61241673741852E-11,0.902288702242876,-0.431132343723905));
#4007=DIRECTION('',(0.,0.431132343723904,0.902288702242875));
#4008=DIRECTION('',(-0.994690362357695,5.49680484303865E-15,-0.102912987677535));
#4009=DIRECTION('',(-0.102912987677538,0.,0.994690362357698));
#4010=DIRECTION('',(0.,0.,1.));
#4011=DIRECTION('',(1.00000000000001,0.,0.));
#4012=DIRECTION('',(0.994690362357695,-5.49680484303865E-15,0.102912987677535));
#4013=DIRECTION('',(0.102912987677538,0.,-0.994690362357695));
#4014=DIRECTION('',(-0.994690362357695,5.49680484303865E-15,-0.102912987677535));
#4015=DIRECTION('',(0.102912987677538,0.,-0.994690362357695));
#4016=DIRECTION('',(-0.345929350994607,-0.860003088401884,0.375136737816587));
#4017=DIRECTION('',(0.,-0.399821491600088,-0.916593025750623));
#4018=DIRECTION('',(0.,0.,1.));
#4019=DIRECTION('',(-1.00000000000001,0.,0.));
#4020=DIRECTION('',(-0.345929350994605,-0.860003088401883,0.375136737816593));
#4021=DIRECTION('',(0.,-0.399821491600093,-0.91659302575062));
#4022=DIRECTION('',(0.345929350994595,0.860003088401884,-0.3751367378166));
#4023=DIRECTION('',(0.,0.399821491600099,0.91659302575062));
#4024=DIRECTION('',(0.,0.,1.));
#4025=DIRECTION('',(-1.00000000000001,0.,0.));
#4026=DIRECTION('',(-2.46519032881566E-32,1.,-6.08114170036872E-16));
#4027=DIRECTION('',(0.297332781302522,-2.73529840337213E-15,-0.954773908924467));
#4028=DIRECTION('',(1.89377061769753E-16,-1.,1.24165027462642E-32));
#4029=DIRECTION('',(-0.297332781302522,2.73529840337213E-15,0.954773908924467));
#4030=DIRECTION('',(-0.954773908924467,-1.80812277526538E-16,-0.297332781302522));
#4031=DIRECTION('',(-0.297332781302522,0.,0.954773908924467));
#4032=DIRECTION('',(0.,1.,0.));
#4033=DIRECTION('',(0.,0.,1.));
#4034=DIRECTION('',(0.,1.,0.));
#4035=DIRECTION('',(0.,1.,0.));
#4036=DIRECTION('',(0.,0.,1.));
#4037=DIRECTION('',(0.,1.,0.));
#4038=DIRECTION('',(0.,0.,1.));
#4039=DIRECTION('',(0.,1.11022302462516E-15,1.));
#4040=DIRECTION('',(0.,-1.,0.));
#4041=DIRECTION('',(0.,-1.11022302462516E-15,-1.));
#4042=DIRECTION('',(0.,-1.,0.));
#4043=DIRECTION('',(0.,1.11022302462516E-15,1.));
#4044=DIRECTION('',(0.,-1.,0.));
#4045=DIRECTION('',(-1.48029736616688E-12,0.,-1.));
#4046=DIRECTION('',(1.00000000000001,0.,-1.47162374878699E-12));
#4047=DIRECTION('',(-1.48029736616688E-12,0.,-1.));
#4048=DIRECTION('',(1.00000000000001,0.,-1.47162374878699E-12));
#4049=DIRECTION('',(-1.47264761520972E-12,0.,-1.));
#4050=DIRECTION('',(1.,0.,-1.4726475247584E-12));
#4051=DIRECTION('',(0.460569345146442,-0.503981443526752,-0.730669954830543));
#4052=DIRECTION('',(0.,0.823175331762637,-0.567787260492408));
#4053=DIRECTION('',(-0.297332781302522,2.73529840337213E-15,0.954773908924467));
#4054=DIRECTION('',(-0.95477390892447,0.,-0.297332781302522));
#4055=DIRECTION('',(-1.89377061769753E-16,1.,0.));
#4056=DIRECTION('',(1.00000000000001,0.,0.));
#4057=DIRECTION('',(0.,0.,1.));
#4058=DIRECTION('',(1.00000000000001,0.,0.));
#4059=DIRECTION('',(-1.89377061769753E-16,1.,0.));
#4060=DIRECTION('',(1.00000000000001,0.,0.));
#4061=DIRECTION('',(1.89377061769753E-16,-1.,0.));
#4062=DIRECTION('',(1.00000000000001,0.,0.));
#4063=DIRECTION('',(-0.297332781302521,-6.78153182584042E-16,0.954773908924468));
#4064=DIRECTION('',(0.95477390892447,0.,0.29733278130252));
#4065=DIRECTION('',(0.297332781302522,-2.73529840337213E-15,-0.954773908924467));
#4066=DIRECTION('',(-0.95477390892447,0.,-0.297332781302522));
#4067=DIRECTION('',(-0.297332781302522,2.73529840337213E-15,0.954773908924467));
#4068=DIRECTION('',(-0.95477390892447,0.,-0.297332781302522));
#4069=DIRECTION('',(0.,0.,1.));
#4070=DIRECTION('',(1.00000000000001,0.,0.));
#4071=DIRECTION('',(0.,1.,0.));
#4072=DIRECTION('',(0.,0.,1.));
#4073=DIRECTION('',(-0.95477390892447,0.,-0.297332781302522));
#4074=DIRECTION('',(-0.29733278130252,0.,0.954773908924467));
#4075=DIRECTION('',(-0.297332781302522,0.,0.954773908924467));
#4076=DIRECTION('',(0.95477390892447,0.,0.297332781302523));
#4077=DIRECTION('',(0.297332781302522,-2.73529840337213E-15,-0.954773908924467));
#4078=DIRECTION('',(-0.95477390892447,0.,-0.297332781302523));
#4079=DIRECTION('',(0.,1.,0.));
#4080=DIRECTION('',(0.,0.,1.));
#4081=DIRECTION('',(0.,1.,-6.08114170036872E-16));
#4082=DIRECTION('',(0.,0.,1.));
#4083=DIRECTION('',(-0.95477390892447,0.,-0.297332781302522));
#4084=DIRECTION('',(-0.29733278130252,0.,0.954773908924467));
#4085=DIRECTION('',(0.,-1.11022302462516E-15,-1.));
#4086=DIRECTION('',(0.297332781302522,-2.73529840337213E-15,-0.954773908924467));
#4087=DIRECTION('',(1.,-5.63438184997267E-15,0.));
#4088=DIRECTION('',(1.04051132196932E-18,1.11022302462516E-15,1.));
#4089=DIRECTION('',(-1.,5.63438184997267E-15,0.));
#4090=DIRECTION('',(-0.897080181523525,4.56392049332468E-15,-0.441867794614768));
#4091=DIRECTION('',(0.,-1.11022302462516E-15,-1.));
#4092=DIRECTION('',(1.,-5.63438184997431E-15,-1.47264761520972E-12));
#4093=DIRECTION('',(5.63438184997267E-15,1.,-1.11022302462516E-15));
#4094=DIRECTION('',(-1.,5.63438184997267E-15,0.));
#4095=DIRECTION('',(-1.,5.63438184997267E-15,0.));
#4096=DIRECTION('',(-0.297332781302522,2.73529840337213E-15,0.954773908924467));
#4097=DIRECTION('',(0.,1.11022302462516E-15,1.));
#4098=DIRECTION('',(-1.,5.63438184997431E-15,1.47264761520972E-12));
#4099=DIRECTION('',(0.,1.11022302462516E-15,1.));
#4100=DIRECTION('',(0.897080181523525,-4.56392049332468E-15,0.441867794614768));
#4101=DIRECTION('',(1.,-5.63438184997267E-15,0.));
#4102=DIRECTION('',(-1.04051132196932E-18,-1.11022302462516E-15,-1.));
#4103=DIRECTION('',(-5.63438184997267E-15,-1.,1.11022302462516E-15));
#4104=DIRECTION('',(0.,-1.11022302462516E-15,-1.));
#4105=DIRECTION('',(-0.897080181523525,4.55885329486705E-15,-0.441867794614768));
#4106=DIRECTION('',(-1.33181164454016E-17,-0.991607517736153,0.129284688842666));
#4107=DIRECTION('',(0.897080181523525,-4.57273108267486E-15,0.441867794614768));
#4108=DIRECTION('',(0.255882981910889,0.966707763270985,-1.26007676442981E-17));
#4109=DIRECTION('',(0.438876140549494,-0.11616844283257,-0.891006524188368));
#4110=DIRECTION('',(-0.255882981910888,-0.966707763270986,0.));
#4111=DIRECTION('',(-1.,5.63438184997267E-15,0.));
#4112=DIRECTION('',(-1.89377061769753E-16,1.,0.));
#4113=DIRECTION('',(1.,-5.63438184997267E-15,0.));
#4114=DIRECTION('',(8.43678657601355E-11,-1.,0.));
#4115=DIRECTION('',(0.,0.,-1.));
#4116=DIRECTION('',(0.,-1.,0.));
#4117=DIRECTION('',(0.,-1.11022302462516E-15,-1.));
#4118=DIRECTION('',(0.,-1.,6.08114170036872E-16));
#4119=DIRECTION('',(0.,1.11022302462516E-15,1.));
#4120=DIRECTION('',(0.,1.,0.));
#4121=DIRECTION('',(1.,0.,0.));
#4122=DIRECTION('',(0.,-1.,0.));
#4123=DIRECTION('',(0.,1.11022302462516E-15,1.));
#4124=DIRECTION('',(0.,1.,0.));
#4125=DIRECTION('',(0.894427190999651,-5.53605116174052E-15,-0.447213595500487));
#4126=DIRECTION('',(-0.447213595500487,1.45460985542004E-15,-0.894427190999651));
#4127=DIRECTION('',(0.,-1.11022302462516E-15,-1.));
#4128=DIRECTION('',(0.,1.,-1.44560289664734E-15));
#4129=DIRECTION('',(0.,1.11022302462516E-15,1.));
#4130=DIRECTION('',(0.,1.,0.));
#4131=DIRECTION('',(0.894427190999651,-5.53605116174052E-15,-0.447213595500487));
#4132=DIRECTION('',(-0.447213595500487,1.29298653815114E-15,-0.894427190999651));
#4133=DIRECTION('',(0.,-1.11022302462516E-15,-1.));
#4134=DIRECTION('',(0.,1.,0.));
#4135=DIRECTION('',(0.,-1.11022302462516E-15,-1.));
#4136=DIRECTION('',(0.,1.,0.));
#4137=DIRECTION('',(0.,1.11022302462516E-15,1.));
#4138=DIRECTION('',(0.,1.11022302462516E-15,1.));
#4139=DIRECTION('',(0.,1.,0.));
#4140=DIRECTION('',(0.,-1.11022302462516E-15,-1.));
#4141=DIRECTION('',(0.,1.,0.));
#4142=DIRECTION('',(-1.,0.,1.48029736616687E-12));
#4143=DIRECTION('',(-1.48029736616688E-12,0.,-1.));
#4144=DIRECTION('',(-1.,5.63438184997431E-15,1.47264761520972E-12));
#4145=DIRECTION('',(-0.447213595499165,3.51278582684087E-15,0.894427191000311));
#4146=DIRECTION('',(-0.894427191000312,3.87895961445341E-15,-0.447213595499165));
#4147=DIRECTION('',(1.,-5.63438184997431E-15,-1.47264761520972E-12));
#4148=DIRECTION('',(1.48029736616688E-12,0.,1.));
#4149=DIRECTION('',(-0.447213595499165,3.51278582684087E-15,0.894427191000311));
#4150=DIRECTION('',(-0.894427191000312,4.52545288352898E-15,-0.447213595499165));
#4151=DIRECTION('',(1.,-5.63438184997431E-15,-1.47264761520972E-12));
#4152=DIRECTION('',(1.,0.,-1.48029736616688E-12));
#4153=DIRECTION('',(1.48029736616688E-12,0.,1.));
#4154=DIRECTION('',(1.,-5.63438184997431E-15,-1.47264761520972E-12));
#4155=DIRECTION('',(1.4687325429937E-12,0.,1.));
#4156=DIRECTION('',(1.,-5.63438184997267E-15,0.));
#4157=DIRECTION('',(0.,-1.,0.));
#4158=DIRECTION('',(1.,-5.63438184997267E-15,0.));
#4159=DIRECTION('',(0.,-1.,0.));
#4160=DIRECTION('',(-1.,5.63438184997267E-15,0.));
#4161=DIRECTION('',(0.,1.,0.));
#4162=DIRECTION('',(1.,-5.63438184997267E-15,0.));
#4163=DIRECTION('',(0.,-1.,0.));
#4164=DIRECTION('',(-1.,5.63438184997267E-15,0.));
#4165=DIRECTION('',(0.,-1.,0.));
#4166=DIRECTION('',(-1.,5.63438184997267E-15,0.));
#4167=DIRECTION('',(0.,1.,0.));
#4168=DIRECTION('',(7.22801448323666E-16,1.,-1.15648231731798E-14));
#4169=DIRECTION('',(0.,1.15648231731787E-14,1.));
#4170=DIRECTION('',(0.,1.,-1.15648231731787E-14));
#4171=DIRECTION('',(0.,1.15648231731787E-14,1.));
#4172=DIRECTION('',(0.,-1.,0.));
#4173=DIRECTION('',(0.,1.,0.));
#4174=DIRECTION('',(0.,0.,1.));
#4175=DIRECTION('',(-1.77641740859876E-15,0.991607517736153,-0.129284688842667));
#4176=DIRECTION('',(0.,0.129284688842667,0.991607517736154));
#4177=DIRECTION('',(0.,0.991607517736153,-0.129284688842666));
#4178=DIRECTION('',(0.,-0.991607517736153,0.129284688842668));
#4179=DIRECTION('',(0.,-0.129284688842668,-0.991607517736154));
#4180=DIRECTION('',(0.,-0.991607517736153,0.129284688842666));
#4181=DIRECTION('',(0.,-0.129284688842665,-0.991607517736154));
#4182=DIRECTION('',(0.897080181523524,0.,0.44186779461477));
#4183=DIRECTION('',(-0.441867794614761,0.,0.897080181523523));
#4184=DIRECTION('',(0.438876140549498,-0.116168442832569,-0.891006524188368));
#4185=DIRECTION('',(0.897080181523532,0.,0.441867794614767));
#4186=DIRECTION('',(0.897080181523524,1.27753072766057E-15,0.441867794614771));
#4187=DIRECTION('',(-0.441867794614761,0.,0.897080181523523));
#4188=DIRECTION('',(0.897080181523525,2.58592702536075E-14,0.441867794614769));
#4189=DIRECTION('',(-0.441867794614773,0.,0.897080181523523));
#4190=DIRECTION('',(0.897080181523525,-4.56392049332468E-15,0.441867794614768));
#4191=DIRECTION('',(-0.441867794614773,0.,0.897080181523526));
#4192=DIRECTION('',(-1.04051132196932E-18,-1.11022302462516E-15,-1.));
#4193=DIRECTION('',(-8.43678657601355E-11,1.,0.));
#4194=DIRECTION('',(1.04051132196932E-18,1.11022302462516E-15,1.));
#4195=DIRECTION('',(8.43678657601355E-11,-1.,0.));
#4196=DIRECTION('',(1.,8.43678657601355E-11,-1.04051141563647E-18));
#4197=DIRECTION('',(-8.43678651246682E-11,1.,0.));
#4198=DIRECTION('',(1.,-5.63438184997267E-15,0.));
#4199=DIRECTION('',(-8.43678657601355E-11,1.,0.));
#4200=DIRECTION('',(-1.,5.63438184997267E-15,0.));
#4201=DIRECTION('',(-0.255882981910889,-0.966707763270986,0.));
#4202=DIRECTION('',(0.,0.,-1.));
#4203=DIRECTION('',(-1.,0.,0.));
#4204=DIRECTION('',(1.04051132196932E-18,1.11022302462516E-15,1.));
#4205=DIRECTION('',(0.,1.,-1.0842021724855E-15));
#4206=DIRECTION('',(-1.04051132196932E-18,-1.11022302462516E-15,-1.));
#4207=DIRECTION('',(0.,1.,0.));
#4208=DIRECTION('',(-1.04051132196932E-18,-1.11022302462516E-15,-1.));
#4209=DIRECTION('',(0.,1.,0.));
#4210=DIRECTION('',(1.04051132196932E-18,1.11022302462516E-15,1.));
#4211=DIRECTION('',(0.,-1.,1.0842021724855E-15));
#4212=DIRECTION('',(-1.04051132196932E-18,-1.11022302462516E-15,-1.));
#4213=DIRECTION('',(0.,-1.,0.));
#4214=DIRECTION('',(1.04051132196932E-18,1.11022302462516E-15,1.));
#4215=DIRECTION('',(0.,-1.,0.));
#4216=DIRECTION('',(8.43678657601355E-11,-1.,0.));
#4217=DIRECTION('',(1.00000000000001,8.43675534526837E-11,0.));
#4218=DIRECTION('',(0.,0.,1.));
#4219=DIRECTION('',(1.00000000000001,0.,0.));
#4220=DIRECTION('',(8.43678657601355E-11,-1.,0.));
#4221=DIRECTION('',(1.00000000000001,8.4368276254132E-11,0.));
#4222=DIRECTION('',(8.43678657601355E-11,-1.,0.));
#4223=DIRECTION('',(-1.00000000000001,-8.4368276254132E-11,0.));
#4224=DIRECTION('',(0.,0.,1.));
#4225=DIRECTION('',(1.00000000000001,0.,0.));
#4226=DIRECTION('',(-8.43675534526832E-11,1.,0.));
#4227=DIRECTION('',(1.00000000000001,8.43675534526837E-11,0.));
#4228=DIRECTION('',(8.43682762541315E-11,-1.,0.));
#4229=DIRECTION('',(-1.00000000000001,-8.4368276254132E-11,0.));
#4230=DIRECTION('',(-8.43678657601355E-11,1.,0.));
#4231=DIRECTION('',(1.00000000000001,8.4368276254132E-11,0.));
#4232=DIRECTION('',(-1.,0.,0.));
#4233=DIRECTION('',(0.,0.,-1.));
#4234=DIRECTION('',(0.,0.,-1.));
#4235=DIRECTION('',(1.00000000000001,0.,0.));
#4236=DIRECTION('',(-1.,0.,0.));
#4237=DIRECTION('',(0.,0.,-1.));
#4238=DIRECTION('',(0.,0.,-1.));
#4239=DIRECTION('',(1.00000000000001,0.,0.));
#4240=DIRECTION('',(-1.,0.,1.15648231731787E-14));
#4241=DIRECTION('',(-1.15648231731787E-14,0.,-1.));
#4242=DIRECTION('',(1.,-5.63438184997267E-15,0.));
#4243=DIRECTION('',(0.,-1.,0.));
#4244=DIRECTION('',(0.897080181523531,0.,0.441867794614758));
#4245=DIRECTION('',(-0.441867794614761,0.,0.897080181523529));
#4246=DIRECTION('',(0.897080181523525,-4.57041309531086E-15,0.441867794614768));
#4247=DIRECTION('',(-0.441867794614761,0.,0.897080181523526));
#4248=DIRECTION('',(-1.,0.,0.));
#4249=DIRECTION('',(0.,0.,-1.));
#4250=DIRECTION('',(1.,-5.63438184997267E-15,0.));
#4251=DIRECTION('',(0.,-1.,0.));
#4252=DIRECTION('',(-0.255882981910895,-0.966707763270984,0.));
#4253=DIRECTION('',(0.966707763270988,-0.255882981910894,0.));
#4254=DIRECTION('',(-1.15648231731787E-14,1.,0.));
#4255=DIRECTION('',(1.00000000000001,1.15648231731787E-14,0.));
#4256=DIRECTION('',(0.255882981910896,0.966707763270984,5.75419252441723E-15));
#4257=DIRECTION('',(-0.966707763270988,0.255882981910896,0.));
#4258=DIRECTION('',(0.,-1.,0.));
#4259=DIRECTION('',(0.,0.,-1.));
#4260=DIRECTION('',(-0.255882981910889,-0.966707763270985,0.));
#4261=DIRECTION('',(-0.966707763270988,0.25588298191089,0.));
#4262=DIRECTION('',(-2.46519032881566E-32,1.,-6.08114170036872E-16));
#4263=DIRECTION('',(0.297332781302522,-2.73529840337213E-15,-0.954773908924467));
#4264=DIRECTION('',(1.89377061769753E-16,-1.,1.24165027462642E-32));
#4265=DIRECTION('',(-0.297332781302522,2.73529840337213E-15,0.954773908924467));
#4266=DIRECTION('',(-0.954773908924467,-1.80812277526538E-16,-0.297332781302522));
#4267=DIRECTION('',(-0.297332781302522,0.,0.954773908924467));
#4268=DIRECTION('',(0.,1.,1.44560289664734E-15));
#4269=DIRECTION('',(0.,-1.44560289664734E-15,1.));
#4270=DIRECTION('',(0.,1.,0.));
#4271=DIRECTION('',(0.,1.,0.));
#4272=DIRECTION('',(0.,0.,1.));
#4273=DIRECTION('',(0.,-1.,0.));
#4274=DIRECTION('',(0.,1.,0.));
#4275=DIRECTION('',(0.,0.,1.));
#4276=DIRECTION('',(0.,1.11022302462516E-15,1.));
#4277=DIRECTION('',(0.,1.,0.));
#4278=DIRECTION('',(0.,-1.11022302462516E-15,-1.));
#4279=DIRECTION('',(0.,-1.11022302462516E-15,-1.));
#4280=DIRECTION('',(0.,1.,0.));
#4281=DIRECTION('',(0.,-1.11022302462516E-15,-1.));
#4282=DIRECTION('',(0.,1.,-1.44560289664734E-15));
#4283=DIRECTION('',(-1.48029736616688E-12,0.,-1.));
#4284=DIRECTION('',(1.00000000000001,0.,-1.47162374878699E-12));
#4285=DIRECTION('',(-1.48029736616688E-12,0.,-1.));
#4286=DIRECTION('',(1.00000000000001,0.,-1.47162374878699E-12));
#4287=DIRECTION('',(-1.47264761520972E-12,0.,-1.));
#4288=DIRECTION('',(1.,0.,-1.4726475247584E-12));
#4289=DIRECTION('',(1.,0.,0.));
#4290=DIRECTION('',(0.,-1.,0.));
#4291=DIRECTION('',(0.438876140549498,-0.11616844283257,-0.891006524188368));
#4292=DIRECTION('',(0.897080181523532,0.,0.441867794614767));
#4293=DIRECTION('',(-0.297332781302522,2.73529840337213E-15,0.954773908924467));
#4294=DIRECTION('',(-0.95477390892447,0.,-0.297332781302522));
#4295=DIRECTION('',(-1.89377061769753E-16,1.,0.));
#4296=DIRECTION('',(-1.00000000000001,0.,0.));
#4297=DIRECTION('',(0.,0.,1.));
#4298=DIRECTION('',(1.00000000000001,0.,0.));
#4299=DIRECTION('',(-1.89377061769753E-16,1.,0.));
#4300=DIRECTION('',(-1.00000000000001,0.,0.));
#4301=DIRECTION('',(-1.89377061769753E-16,1.,0.));
#4302=DIRECTION('',(-1.00000000000001,0.,0.));
#4303=DIRECTION('',(-0.297332781302521,2.76044785676903E-15,0.954773908924467));
#4304=DIRECTION('',(0.95477390892447,0.,0.29733278130252));
#4305=DIRECTION('',(0.297332781302522,-2.73529840337213E-15,-0.954773908924467));
#4306=DIRECTION('',(-0.95477390892447,0.,-0.297332781302522));
#4307=DIRECTION('',(-0.297332781302522,2.73529840337213E-15,0.954773908924467));
#4308=DIRECTION('',(-0.95477390892447,0.,-0.297332781302522));
#4309=DIRECTION('',(0.,0.,1.));
#4310=DIRECTION('',(1.00000000000001,0.,0.));
#4311=DIRECTION('',(0.,1.,0.));
#4312=DIRECTION('',(0.,0.,1.));
#4313=DIRECTION('',(-0.95477390892447,0.,-0.297332781302522));
#4314=DIRECTION('',(-0.29733278130252,0.,0.954773908924467));
#4315=DIRECTION('',(-0.297332781302522,0.,0.954773908924467));
#4316=DIRECTION('',(0.95477390892447,0.,0.297332781302523));
#4317=DIRECTION('',(0.297332781302522,-2.73529840337213E-15,-0.954773908924467));
#4318=DIRECTION('',(-0.95477390892447,0.,-0.297332781302523));
#4319=DIRECTION('',(-2.89120579329466E-15,1.,9.28403469229448E-15));
#4320=DIRECTION('',(0.,-9.39641882820771E-15,1.));
#4321=DIRECTION('',(0.,1.,-6.08114170036872E-16));
#4322=DIRECTION('',(0.,0.,1.));
#4323=DIRECTION('',(-0.95477390892447,0.,-0.297332781302522));
#4324=DIRECTION('',(-0.29733278130252,0.,0.954773908924467));
#4325=DIRECTION('',(1.47264761520972E-12,0.,1.));
#4326=DIRECTION('',(1.,0.,-1.47306935168364E-12));
#4327=DIRECTION('',(0.,-1.,0.));
#4328=DIRECTION('',(-1.,5.63438184997431E-15,1.47264761520972E-12));
#4329=DIRECTION('',(0.,1.,0.));
#4330=DIRECTION('',(1.,8.43678657601355E-11,-1.47264761520972E-12));
#4331=DIRECTION('',(8.43678657601355E-11,-1.,-1.24244136311997E-22));
#4332=DIRECTION('',(-1.,-8.43678657601355E-11,1.47264761520972E-12));
#4333=DIRECTION('',(-1.47264761520972E-12,0.,-1.));
#4334=DIRECTION('',(1.,0.,-1.4726475247584E-12));
#4335=DIRECTION('',(-1.,-8.43678657601355E-11,1.47264761520972E-12));
#4336=DIRECTION('',(0.,-4.12746338582437E-17,1.));
#4337=DIRECTION('',(0.967585072328,8.1633077069965E-11,0.252545298526856));
#4338=DIRECTION('',(1.,8.43678657601355E-11,0.));
#4339=DIRECTION('',(-1.04051141911872E-18,4.12746338581559E-17,-1.));
#4340=DIRECTION('',(-8.43678657601355E-11,1.,4.12746338582437E-17));
#4341=DIRECTION('',(-1.73472347597681E-18,4.11996825544492E-17,-1.));
#4342=DIRECTION('',(0.,-1.11022302462516E-15,-1.));
#4343=DIRECTION('',(0.297332781302522,-2.73529840337213E-15,-0.954773908924467));
#4344=DIRECTION('',(1.,-5.63438184997267E-15,0.));
#4345=DIRECTION('',(1.04051132196932E-18,1.11022302462516E-15,1.));
#4346=DIRECTION('',(-1.,5.63438184997267E-15,0.));
#4347=DIRECTION('',(-0.967585072330198,5.17136216466576E-15,-0.252545298518433));
#4348=DIRECTION('',(0.,-1.11022302462516E-15,-1.));
#4349=DIRECTION('',(1.,-5.63438184997431E-15,-1.47264761520972E-12));
#4350=DIRECTION('',(5.63438184997267E-15,1.,-1.11022302462516E-15));
#4351=DIRECTION('',(-1.,5.63438184997267E-15,0.));
#4352=DIRECTION('',(-1.,5.63438184997267E-15,0.));
#4353=DIRECTION('',(-1.89377061769753E-16,1.,0.));
#4354=DIRECTION('',(1.,8.43678657601355E-11,0.));
#4355=DIRECTION('',(8.43678657601355E-11,-1.,0.));
#4356=DIRECTION('',(0.,0.,-1.));
#4357=DIRECTION('',(0.,-1.,0.));
#4358=DIRECTION('',(-1.,-8.43678657601355E-11,0.));
#4359=DIRECTION('',(-0.297332781302522,-2.50853715869624E-11,0.954773908924467));
#4360=DIRECTION('',(0.,-4.12746338582437E-17,1.));
#4361=DIRECTION('',(1.,8.43678657601355E-11,-1.47264761520972E-12));
#4362=DIRECTION('',(-1.04051141911872E-18,4.12746338581559E-17,-1.));
#4363=DIRECTION('',(-8.43678657601355E-11,1.,4.12746338582437E-17));
#4364=DIRECTION('',(-1.73472347597681E-18,4.13081027716977E-17,-1.));
#4365=DIRECTION('',(0.,4.12746338582437E-17,-1.));
#4366=DIRECTION('',(0.,-1.,6.08114170036872E-16));
#4367=DIRECTION('',(0.,1.11022302462516E-15,1.));
#4368=DIRECTION('',(0.,1.,0.));
#4369=DIRECTION('',(1.,0.,0.));
#4370=DIRECTION('',(0.,-1.,0.));
#4371=DIRECTION('',(0.,-4.12746338582437E-17,1.));
#4372=DIRECTION('',(0.,-1.,0.));
#4373=DIRECTION('',(-1.47264761520972E-12,0.,-1.));
#4374=DIRECTION('',(1.00000000000001,0.,-1.47162374878699E-12));
#4375=DIRECTION('',(0.,-4.12746338582437E-17,1.));
#4376=DIRECTION('',(0.,-1.,0.));
#4377=DIRECTION('',(0.,1.11022302462516E-15,1.));
#4378=DIRECTION('',(0.,1.,0.));
#4379=DIRECTION('',(0.894427190999651,-5.53605116174052E-15,-0.447213595500487));
#4380=DIRECTION('',(-0.447213595500487,1.53542151405449E-15,-0.894427190999651));
#4381=DIRECTION('',(0.,-1.11022302462516E-15,-1.));
#4382=DIRECTION('',(0.,1.,0.));
#4383=DIRECTION('',(0.,-1.11022302462516E-15,-1.));
#4384=DIRECTION('',(0.,1.,0.));
#4385=DIRECTION('',(0.,1.11022302462516E-15,1.));
#4386=DIRECTION('',(0.,1.11022302462516E-15,1.));
#4387=DIRECTION('',(0.,1.,0.));
#4388=DIRECTION('',(0.,-1.11022302462516E-15,-1.));
#4389=DIRECTION('',(0.,1.,0.));
#4390=DIRECTION('',(0.,-4.12746338582437E-17,1.));
#4391=DIRECTION('',(0.,-1.,0.));
#4392=DIRECTION('',(0.,4.12746338582437E-17,-1.));
#4393=DIRECTION('',(0.,4.12746338582437E-17,-1.));
#4394=DIRECTION('',(0.,-1.,0.));
#4395=DIRECTION('',(0.,-4.12746338582437E-17,1.));
#4396=DIRECTION('',(0.,-1.,0.));
#4397=DIRECTION('',(-1.,0.,1.48029736616688E-12));
#4398=DIRECTION('',(-1.48029736616688E-12,0.,-1.));
#4399=DIRECTION('',(-0.447213595499165,3.51278582684087E-15,0.894427191000311));
#4400=DIRECTION('',(-0.894427191000312,4.52545288352898E-15,-0.447213595499165));
#4401=DIRECTION('',(-1.,5.63438184997431E-15,1.47264761520972E-12));
#4402=DIRECTION('',(-1.4687325429937E-12,0.,-1.));
#4403=DIRECTION('',(1.,8.43769498715119E-11,-1.48029736616688E-12));
#4404=DIRECTION('',(8.43769498715119E-11,-1.,0.));
#4405=DIRECTION('',(1.,8.43653850483388E-11,-1.46873254299382E-12));
#4406=DIRECTION('',(8.43653850483387E-11,-1.,0.));
#4407=DIRECTION('',(-1.,-8.43678657601355E-11,1.47264761520972E-12));
#4408=DIRECTION('',(-8.43653850483387E-11,1.,0.));
#4409=DIRECTION('',(1.,8.43678657601355E-11,0.));
#4410=DIRECTION('',(-8.43653850483387E-11,1.,0.));
#4411=DIRECTION('',(1.,8.43678657601355E-11,0.));
#4412=DIRECTION('',(-8.43653850483387E-11,1.,0.));
#4413=DIRECTION('',(1.,8.43678657601355E-11,0.));
#4414=DIRECTION('',(8.43653850483387E-11,-1.,0.));
#4415=DIRECTION('',(1.,-5.63438184997267E-15,0.));
#4416=DIRECTION('',(0.,-1.,0.));
#4417=DIRECTION('',(-1.,5.63438184997267E-15,0.));
#4418=DIRECTION('',(0.,-1.,0.));
#4419=DIRECTION('',(-1.,5.63438184997267E-15,0.));
#4420=DIRECTION('',(0.,1.,0.));
#4421=DIRECTION('',(0.,1.,0.));
#4422=DIRECTION('',(0.,0.,1.));
#4423=DIRECTION('',(1.,8.43653850483388E-11,-1.46873254299357E-12));
#4424=DIRECTION('',(8.43653850483387E-11,-1.,0.));
#4425=DIRECTION('',(-1.47264761520972E-12,0.,-1.));
#4426=DIRECTION('',(1.,0.,-1.47258748405142E-12));
#4427=DIRECTION('',(0.,1.,-1.55402311389589E-14));
#4428=DIRECTION('',(0.,1.55402311389589E-14,1.));
#4429=DIRECTION('',(0.,1.,0.));
#4430=DIRECTION('',(0.,0.,1.));
#4431=DIRECTION('',(0.,0.993982199140473,0.109541717130365));
#4432=DIRECTION('',(0.,-0.109541717130365,0.993982199140473));
#4433=DIRECTION('',(0.,0.993982199140473,0.109541717130364));
#4434=DIRECTION('',(0.,-0.993982199140473,-0.109541717130365));
#4435=DIRECTION('',(0.,0.109541717130365,-0.993982199140473));
#4436=DIRECTION('',(-3.48501287008579E-18,-0.993982199140473,-0.109541717130364));
#4437=DIRECTION('',(0.,-0.993982199140473,-0.109541717130364));
#4438=DIRECTION('',(0.,0.109541717130364,-0.993982199140473));
#4439=DIRECTION('',(0.967585072327999,8.16382263420921E-11,0.252545298526858));
#4440=DIRECTION('',(-0.252545298526849,0.,0.967585072328001));
#4441=DIRECTION('',(0.251121642609597,0.106031511572473,-0.962130572826119));
#4442=DIRECTION('',(0.967585072330195,0.,0.252545298518433));
#4443=DIRECTION('',(0.967585072330198,0.,0.252545298518435));
#4444=DIRECTION('',(-0.25254529851843,0.,0.967585072330198));
#4445=DIRECTION('',(0.251121642609597,0.106031511572472,-0.962130572826119));
#4446=DIRECTION('',(0.967585072330195,0.,0.252545298518433));
#4447=DIRECTION('',(-1.04051132196932E-18,-1.11022302462516E-15,-1.));
#4448=DIRECTION('',(-8.43678657601355E-11,1.,0.));
#4449=DIRECTION('',(1.04051141911872E-18,-4.12746338581559E-17,1.));
#4450=DIRECTION('',(-8.43678657601355E-11,1.,1.24244136311997E-22));
#4451=DIRECTION('',(1.04051141911872E-18,-4.12746338581559E-17,1.));
#4452=DIRECTION('',(8.43678657601355E-11,-1.,0.));
#4453=DIRECTION('',(1.,8.43678657601355E-11,-1.04051141563647E-18));
#4454=DIRECTION('',(-8.43678651246682E-11,1.,0.));
#4455=DIRECTION('',(1.,-5.63438184997267E-15,0.));
#4456=DIRECTION('',(-8.43678657601355E-11,1.,0.));
#4457=DIRECTION('',(-1.,-8.43678657601355E-11,0.));
#4458=DIRECTION('',(0.388979427130358,-0.92124644111624,0.));
#4459=DIRECTION('',(0.,0.,-1.));
#4460=DIRECTION('',(-1.,0.,0.));
#4461=DIRECTION('',(-0.967585072328,-8.16330797828077E-11,-0.252545298526856));
#4462=DIRECTION('',(0.967585072330199,-5.16898859323623E-15,0.252545298518433));
#4463=DIRECTION('',(-0.388979427130358,0.92124644111624,1.60862926872495E-17));
#4464=DIRECTION('',(0.251121642609596,0.106031511572472,-0.962130572826119));
#4465=DIRECTION('',(0.388979427130358,-0.92124644111624,0.));
#4466=DIRECTION('',(1.04051132196932E-18,1.11022302462516E-15,1.));
#4467=DIRECTION('',(0.,-1.,1.0842021724855E-15));
#4468=DIRECTION('',(-1.04051132196932E-18,-1.11022302462516E-15,-1.));
#4469=DIRECTION('',(0.,-1.,0.));
#4470=DIRECTION('',(1.04051132196932E-18,1.11022302462516E-15,1.));
#4471=DIRECTION('',(0.,-1.,1.44560289664734E-15));
#4472=DIRECTION('',(1.04051141911872E-18,-4.12746338581559E-17,1.));
#4473=DIRECTION('',(0.,1.,0.));
#4474=DIRECTION('',(7.54609127171651E-11,-0.894427190999917,-0.447213595499958));
#4475=DIRECTION('',(-3.7729347183206E-11,0.447213595499958,-0.894427190999916));
#4476=DIRECTION('',(-1.04051141911872E-18,4.12746338581559E-17,-1.));
#4477=DIRECTION('',(0.,1.,0.));
#4478=DIRECTION('',(1.04051141911872E-18,-4.12746338581559E-17,1.));
#4479=DIRECTION('',(0.,1.,0.));
#4480=DIRECTION('',(-1.04051141911872E-18,4.12746338581559E-17,-1.));
#4481=DIRECTION('',(0.,1.,0.));
#4482=DIRECTION('',(-1.04051141911872E-18,4.12746338581559E-17,-1.));
#4483=DIRECTION('',(0.,1.,0.));
#4484=DIRECTION('',(8.43682762541315E-11,-1.,-1.23914432930725E-22));
#4485=DIRECTION('',(-1.00000000000001,-8.4368276254132E-11,0.));
#4486=DIRECTION('',(-1.4687325429937E-12,0.,-1.));
#4487=DIRECTION('',(1.00000000000001,0.,-1.47162374878699E-12));
#4488=DIRECTION('',(-3.77304556605863E-11,0.447213595499958,0.894427190999917));
#4489=DIRECTION('',(-7.54586943664119E-11,0.894427190999916,-0.447213595499958));
#4490=DIRECTION('',(8.43678657601355E-11,-1.,-1.24244136311997E-22));
#4491=DIRECTION('',(-1.00000000000001,-8.4368276254132E-11,0.));
#4492=DIRECTION('',(8.43678657601355E-11,-1.,0.));
#4493=DIRECTION('',(1.00000000000001,8.43675534526837E-11,0.));
#4494=DIRECTION('',(0.,0.,1.));
#4495=DIRECTION('',(1.00000000000001,0.,0.));
#4496=DIRECTION('',(8.43678657601355E-11,-1.,0.));
#4497=DIRECTION('',(1.00000000000001,8.43679148534079E-11,0.));
#4498=DIRECTION('',(8.43678657601355E-11,-1.,0.));
#4499=DIRECTION('',(-1.00000000000001,-8.4368276254132E-11,0.));
#4500=DIRECTION('',(0.,0.,1.));
#4501=DIRECTION('',(1.00000000000001,0.,0.));
#4502=DIRECTION('',(1.,8.43653850483388E-11,1.48029736616688E-12));
#4503=DIRECTION('',(8.43653850483387E-11,-1.,0.));
#4504=DIRECTION('',(-1.,-8.43678657601355E-11,1.47264761520972E-12));
#4505=DIRECTION('',(-8.43653850483387E-11,1.,0.));
#4506=DIRECTION('',(-8.43682762541315E-11,1.,9.75704196304924E-25));
#4507=DIRECTION('',(1.00000000000001,8.4368276254132E-11,0.));
#4508=DIRECTION('',(8.43679148534074E-11,-1.,0.));
#4509=DIRECTION('',(-1.00000000000001,-8.43679148534079E-11,0.));
#4510=DIRECTION('',(-8.43678657601355E-11,1.,0.));
#4511=DIRECTION('',(1.00000000000001,8.43675534526837E-11,0.));
#4512=DIRECTION('',(-1.,-8.43653850483388E-11,-1.21958845002647E-25));
#4513=DIRECTION('',(-8.43653850483387E-11,1.,0.));
#4514=DIRECTION('',(0.,0.,-1.));
#4515=DIRECTION('',(1.00000000000001,0.,0.));
#4516=DIRECTION('',(-1.,0.,0.));
#4517=DIRECTION('',(0.,0.,-1.));
#4518=DIRECTION('',(0.,0.,-1.));
#4519=DIRECTION('',(1.00000000000001,0.,0.));
#4520=DIRECTION('',(-1.,-8.43653850483388E-11,1.15648231731787E-14));
#4521=DIRECTION('',(-8.43653850483387E-11,1.,0.));
#4522=DIRECTION('',(-1.,-8.43678657601355E-11,0.));
#4523=DIRECTION('',(-8.43653850483387E-11,1.,0.));
#4524=DIRECTION('',(0.967585072327999,8.16537972549393E-11,0.25254529852686));
#4525=DIRECTION('',(-0.252545298526861,0.,0.967585072328001));
#4526=DIRECTION('',(-0.967585072328,-8.1633077069965E-11,-0.252545298526856));
#4527=DIRECTION('',(0.252545298526861,0.,-0.967585072328001));
#4528=DIRECTION('',(0.967585072330201,0.,0.252545298518424));
#4529=DIRECTION('',(-0.25254529851843,0.,0.967585072330204));
#4530=DIRECTION('',(0.967585072330198,-5.17136216466576E-15,0.252545298518433));
#4531=DIRECTION('',(-0.25254529851843,0.,0.967585072330198));
#4532=DIRECTION('',(-1.,0.,0.));
#4533=DIRECTION('',(0.,0.,-1.));
#4534=DIRECTION('',(1.,-5.63438184997267E-15,0.));
#4535=DIRECTION('',(0.,-1.,0.));
#4536=DIRECTION('',(0.388979427130373,-0.921246441116234,0.));
#4537=DIRECTION('',(0.92124644111623,0.388979427130374,0.));
#4538=DIRECTION('',(-8.43769498715119E-11,1.,0.));
#4539=DIRECTION('',(1.00000000000001,8.43769498715119E-11,0.));
#4540=DIRECTION('',(-0.388979427130375,0.921246441116233,-5.83023481657084E-15));
#4541=DIRECTION('',(-0.92124644111623,-0.388979427130375,0.));
#4542=DIRECTION('',(-1.15648231731787E-14,-1.,0.));
#4543=DIRECTION('',(-1.00000000000001,1.15648231731787E-14,0.));
#4544=DIRECTION('',(0.388979427130358,-0.92124644111624,0.));
#4545=DIRECTION('',(-0.921246441116241,-0.388979427130359,0.));
#4546=DIRECTION('',(0.297332781302522,2.50853715869624E-11,-0.954773908924467));
#4547=DIRECTION('',(1.89377061769753E-16,-1.,-1.27618580920921E-32));
#4548=DIRECTION('',(-0.297332781302522,2.73529840337213E-15,0.954773908924467));
#4549=DIRECTION('',(0.,1.,-6.08114170036872E-16));
#4550=DIRECTION('',(-0.954773908924467,-1.80812277526538E-16,-0.297332781302522));
#4551=DIRECTION('',(-0.297332781302522,0.,0.954773908924467));
#4552=DIRECTION('',(0.,1.,0.));
#4553=DIRECTION('',(0.,0.,1.));
#4554=DIRECTION('',(0.,1.,0.));
#4555=DIRECTION('',(0.,0.,1.));
#4556=DIRECTION('',(0.,-1.,0.));
#4557=DIRECTION('',(0.,1.,0.));
#4558=DIRECTION('',(0.,0.,1.));
#4559=DIRECTION('',(-1.48029736616688E-12,0.,-1.));
#4560=DIRECTION('',(1.00000000000001,0.,-1.47162374878699E-12));
#4561=DIRECTION('',(-1.48029736616688E-12,0.,-1.));
#4562=DIRECTION('',(1.00000000000001,0.,-1.47162374878699E-12));
#4563=DIRECTION('',(1.,0.,0.));
#4564=DIRECTION('',(0.,-1.,0.));
#4565=DIRECTION('',(0.297332781302521,0.,-0.954773908924467));
#4566=DIRECTION('',(-0.95477390892447,0.,-0.297332781302522));
#4567=DIRECTION('',(0.,1.,-1.21547554419883E-15));
#4568=DIRECTION('',(0.,1.0842021724855E-15,1.));
#4569=DIRECTION('',(-0.95477390892447,-3.61400724161835E-16,-0.297332781302522));
#4570=DIRECTION('',(-0.29733278130252,0.,0.954773908924467));
#4571=DIRECTION('',(0.,1.,0.));
#4572=DIRECTION('',(0.,0.,1.));
#4573=DIRECTION('',(0.,1.,-6.08114170036872E-16));
#4574=DIRECTION('',(0.,0.,1.));
#4575=DIRECTION('',(0.297332781302522,-2.73529840337213E-15,-0.954773908924467));
#4576=DIRECTION('',(-0.95477390892447,0.,-0.297332781302522));
#4577=DIRECTION('',(0.297332781302522,-2.73529840337213E-15,-0.954773908924467));
#4578=DIRECTION('',(-0.95477390892447,0.,-0.297332781302522));
#4579=DIRECTION('',(0.297332781302521,2.5077717380002E-11,-0.954773908924467));
#4580=DIRECTION('',(-0.95477390892447,0.,-0.297332781302522));
#4581=DIRECTION('',(-0.95477390892447,0.,-0.297332781302522));
#4582=DIRECTION('',(-0.29733278130252,0.,0.954773908924467));
#4583=DIRECTION('',(-1.89377061769753E-16,1.,0.));
#4584=DIRECTION('',(1.00000000000001,3.61400724161835E-16,0.));
#4585=DIRECTION('',(0.,0.,1.));
#4586=DIRECTION('',(1.00000000000001,0.,0.));
#4587=DIRECTION('',(0.297332781302522,2.50853715869624E-11,-0.954773908924467));
#4588=DIRECTION('',(0.95477390892447,0.,0.297332781302522));
#4589=DIRECTION('',(-0.297332781302522,-2.50853715869624E-11,0.954773908924467));
#4590=DIRECTION('',(0.95477390892447,0.,0.29733278130252));
#4591=DIRECTION('',(-1.89377061769753E-16,1.,0.));
#4592=DIRECTION('',(1.00000000000001,0.,0.));
#4593=DIRECTION('',(1.89377061769753E-16,-1.,0.));
#4594=DIRECTION('',(1.00000000000001,0.,0.));
#4595=DIRECTION('',(0.,0.,1.));
#4596=DIRECTION('',(1.00000000000001,0.,0.));
#4597=DIRECTION('',(-1.47132922536798E-12,8.43678657601355E-11,-1.));
#4598=DIRECTION('',(1.,-4.12746338030686E-17,6.64407721764182E-16));
#4599=DIRECTION('',(-1.47132922536798E-12,8.43678657601355E-11,-1.));
#4600=DIRECTION('',(-1.,4.12746338581559E-17,-1.31734933032325E-15));
#4601=DIRECTION('',(4.1274633747014E-17,1.,8.43678657601355E-11));
#4602=DIRECTION('',(-1.,4.13081027716977E-17,-1.3166551182664E-15));
#4603=DIRECTION('',(0.,-0.697194382220932,0.716882133547471));
#4604=DIRECTION('',(1.,0.,-1.47132922536798E-12));
#4605=DIRECTION('',(-1.4687325429937E-12,0.,-1.));
#4606=DIRECTION('',(0.,-0.902288702242876,0.431132343723905));
#4607=DIRECTION('',(1.,0.,-1.47132922536798E-12));
#4608=DIRECTION('',(-1.4687325429937E-12,0.,-1.));
#4609=DIRECTION('',(2.78636005596154E-28,1.,1.89377061769753E-16));
#4610=DIRECTION('',(-1.,0.,1.47132922536798E-12));
#4611=DIRECTION('',(-1.4687325429937E-12,0.,-1.));
#4612=DIRECTION('',(-1.,0.,1.47132922536798E-12));
#4613=DIRECTION('',(-1.4687325429937E-12,0.,-1.));
#4614=DIRECTION('',(1.2413290657481E-22,1.,8.43678657601355E-11));
#4615=DIRECTION('',(-1.,0.,1.47132922536798E-12));
#4616=DIRECTION('',(-1.4687325429937E-12,0.,-1.));
#4617=DIRECTION('',(-1.47132922536798E-12,0.,-1.));
#4618=DIRECTION('',(-1.,0.,1.47132922536798E-12));
#4619=DIRECTION('',(-1.4687325429937E-12,0.,-1.));
#4620=DIRECTION('',(0.,-1.,0.));
#4621=DIRECTION('',(-1.,0.,1.47132922536798E-12));
#4622=DIRECTION('',(-1.4687325429937E-12,0.,-1.));
#4623=DIRECTION('',(-1.,0.,1.47132922536798E-12));
#4624=DIRECTION('',(-1.47133000227839E-12,0.,-1.));
#4625=DIRECTION('',(2.78636005596154E-28,1.,1.89377061769753E-16));
#4626=DIRECTION('',(-1.,4.12746338030686E-17,-6.64407721764182E-16));
#4627=DIRECTION('',(1.,-1.39049549345492E-15,6.64407721764182E-16));
#4628=DIRECTION('',(-6.64407721764182E-16,-1.89377061769753E-16,1.));
#4629=DIRECTION('',(-1.,0.,-6.66133814775094E-16));
#4630=DIRECTION('',(0.,-1.,0.));
#4631=DIRECTION('',(1.,0.,-1.47132922536798E-12));
#4632=DIRECTION('',(1.4687325429937E-12,0.,1.));
#4633=DIRECTION('',(-1.47132922536798E-12,0.,-1.));
#4634=DIRECTION('',(1.,0.,-1.47132922536798E-12));
#4635=DIRECTION('',(1.4687325429937E-12,0.,1.));
#4636=DIRECTION('',(-1.2413290657481E-22,-1.,-8.43678657601355E-11));
#4637=DIRECTION('',(1.,0.,-1.47132922536798E-12));
#4638=DIRECTION('',(1.4687325429937E-12,0.,1.));
#4639=DIRECTION('',(1.,0.,-1.47132922536798E-12));
#4640=DIRECTION('',(1.4687325429937E-12,0.,1.));
#4641=DIRECTION('',(-1.,0.,1.47132922536798E-12));
#4642=DIRECTION('',(1.4687325429937E-12,0.,1.));
#4643=DIRECTION('',(6.34337617322374E-13,-0.902288702242876,0.431132343723905));
#4644=DIRECTION('',(-1.,0.,1.47132922536798E-12));
#4645=DIRECTION('',(1.4687325429937E-12,0.,1.));
#4646=DIRECTION('',(1.05476963423254E-12,-0.697194382220932,0.716882133547471));
#4647=DIRECTION('',(1.,0.,-1.47132922536798E-12));
#4648=DIRECTION('',(1.4687325429937E-12,0.,1.));
#4649=DIRECTION('',(-1.,0.,1.47132922536798E-12));
#4650=DIRECTION('',(-1.47133000227839E-12,0.,-1.));
#4651=DIRECTION('',(1.,0.,1.31734933032674E-15));
#4652=DIRECTION('',(-1.,0.,0.));
#4653=DIRECTION('',(0.,-1.,0.));
#4654=DIRECTION('',(-1.,0.,-1.31838984174237E-15));
#4655=DIRECTION('',(-1.,0.,-1.31734933032674E-15));
#4656=DIRECTION('',(1.,-4.12746338581559E-17,1.31734933032325E-15));
#4657=DIRECTION('',(1.31734933032674E-15,8.43678657601355E-11,-1.));
#4658=DIRECTION('',(0.,1.,8.43678651246682E-11));
#4659=DIRECTION('',(-1.,4.12746338581559E-17,-1.31734933032325E-15));
#4660=DIRECTION('',(0.,1.,0.));
#4661=DIRECTION('',(-1.,0.,-1.31734933032674E-15));
#4662=DIRECTION('',(0.,0.,-1.));
#4663=DIRECTION('',(1.,-4.12746338030686E-17,6.64407721764182E-16));
#4664=DIRECTION('',(0.,0.,1.));
#4665=DIRECTION('',(1.,0.,0.));
#4666=DIRECTION('',(-1.,0.,0.));
#4667=DIRECTION('',(0.,0.,1.));
#4668=DIRECTION('',(-1.,0.,0.));
#4669=DIRECTION('',(1.,0.,0.));
#4670=DIRECTION('',(-1.,0.,0.));
#4671=DIRECTION('',(0.,0.716882133547471,0.697194382220932));
#4672=DIRECTION('',(0.,-0.697194382220932,0.716882133547471));
#4673=DIRECTION('',(1.,0.,0.));
#4674=DIRECTION('',(-1.,1.39049549345492E-15,-6.64407721764182E-16));
#4675=DIRECTION('',(0.,0.431132343723905,0.902288702242875));
#4676=DIRECTION('',(0.,-0.902288702242876,0.431132343723905));
#4677=DIRECTION('',(-1.,1.39049549345492E-15,-6.64407721764182E-16));
#4678=DIRECTION('',(0.,1.,0.));
#4679=DIRECTION('',(-1.,0.,0.));
#4680=DIRECTION('',(0.,0.,-1.));
#4681=DIRECTION('',(1.,0.,0.));
#4682=DIRECTION('',(0.,0.,1.));
#4683=DIRECTION('',(1.,0.,0.));
#4684=DIRECTION('',(0.,0.,1.));
#4685=CARTESIAN_POINT('',(0.,0.,0.));
#4686=CARTESIAN_POINT('',(-12.67999999754,-5.75750011800004,-0.08155261006923));
#4687=CARTESIAN_POINT('',(-12.67999999754,-5.75750011800004,-0.0815526100692302));
#4688=CARTESIAN_POINT('',(-14.9756777935083,-5.75750011800002,-0.0815526100692301));
#4689=CARTESIAN_POINT('',(-15.4748747847603,-5.75750011800002,1.52143331221338));
#4690=CARTESIAN_POINT('',(-15.618090871099,-5.75750011800002,1.981318636581));
#4691=CARTESIAN_POINT('',(-15.618090871099,-5.75750011800002,1.190000228));
#4692=CARTESIAN_POINT('',(-15.618090871099,-5.75750011800002,2.50844738992864));
#4693=CARTESIAN_POINT('',(-15.6180908710988,-5.75750011800002,2.50844738992864));
#4694=CARTESIAN_POINT('',(-16.482851161099,-5.75750011800001,2.50844738992991));
#4695=CARTESIAN_POINT('',(-16.482851161099,-5.75750011800001,1.190000228));
#4696=CARTESIAN_POINT('',(-16.482851161099,-5.75750011800001,4.77449849360688));
#4697=CARTESIAN_POINT('',(-19.4581199561017,-5.75750011799999,4.20376263902717));
#4698=CARTESIAN_POINT('',(-12.67999999754,-5.75750011800003,5.50398670398932));
#4699=CARTESIAN_POINT('',(-12.67999999754,-5.75750011800003,5.5955885500848));
#4700=CARTESIAN_POINT('',(-18.88,-5.757500118,1.190000228));
#4701=CARTESIAN_POINT('',(-16.632851161099,-5.90750011800001,2.5084473899308));
#4702=CARTESIAN_POINT('',(-16.632851161099,-5.90750011800001,4.77449849360688));
#4703=CARTESIAN_POINT('',(-16.632851161099,-5.90750011800001,2.50844738992991));
#4704=CARTESIAN_POINT('',(-16.632851161099,-5.90750011800001,2.50844738992991));
#4705=CARTESIAN_POINT('',(-16.632851161099,-8.31750011851552,2.50844738992991));
#4706=CARTESIAN_POINT('',(-16.632851161099,-8.31750011851552,2.35844738993013));
#4707=CARTESIAN_POINT('',(-16.632851161099,-8.31750011851552,5.8038620757567));
#4708=CARTESIAN_POINT('',(-16.632851161099,-8.31750011851552,5.8038620757567));
#4709=CARTESIAN_POINT('',(-16.632851161099,-6.90859426327828,5.8038620757567));
#4710=CARTESIAN_POINT('',(-16.632851161099,-3.4527761174478,2.25045667165097));
#4711=CARTESIAN_POINT('',(-16.632851161099,-3.1875001180001,2.5084473899308));
#4712=CARTESIAN_POINT('',(-15.6180908711117,-8.46750011858848,2.35844738992886));
#4713=CARTESIAN_POINT('',(-15.6180908711117,-8.46750011858848,2.50844738992864));
#4714=CARTESIAN_POINT('',(-15.6180908711117,-8.46750011858848,1.981318636581));
#4715=CARTESIAN_POINT('',(-17.4135239257502,-8.46750011843699,7.74668573899022));
#4716=CARTESIAN_POINT('',(-14.9756777935209,-8.46750011864269,-0.0815526100692302));
#4717=CARTESIAN_POINT('',(-18.8800000015442,-8.46750011831327,-0.08155261006923));
#4718=CARTESIAN_POINT('',(-12.6799999973494,-8.46750011883638,-0.0815526100692298));
#4719=CARTESIAN_POINT('',(-12.6799999973494,-8.46750011883638,7.29000022815485));
#4720=CARTESIAN_POINT('',(-12.6799999973494,-8.46750011883638,5.8038620757567));
#4721=CARTESIAN_POINT('',(-18.8800000015442,-8.46750011831326,5.8038620757567));
#4722=CARTESIAN_POINT('',(-16.4828511611116,-8.46750011851552,5.8038620757567));
#4723=CARTESIAN_POINT('',(-16.4828511611116,-8.46750011851552,5.9538620757567));
#4724=CARTESIAN_POINT('',(-16.4828511611116,-8.46750011851552,2.50844738992991));
#4725=CARTESIAN_POINT('',(-18.8800000015512,-8.46750011831327,2.50844738993344));
#4726=CARTESIAN_POINT('',(-18.8800000015442,-8.46750011831326,7.29000022815485));
#4727=CARTESIAN_POINT('',(-22.0680908719535,-8.31750011804428,-0.23155261006923));
#4728=CARTESIAN_POINT('',(-12.6799999973367,-8.31750011883638,-0.23155261006923));
#4729=CARTESIAN_POINT('',(-14.9756777935083,-8.31750011864269,-0.23155261006923));
#4730=CARTESIAN_POINT('',(-14.9756777935083,8.3524737550005,-0.23155261006923));
#4731=CARTESIAN_POINT('',(-14.9756777935083,-5.90750011800002,-0.23155261006923));
#4732=CARTESIAN_POINT('',(-15.618090871099,-5.90750011800002,-0.23155261006923));
#4733=CARTESIAN_POINT('',(-12.67999999754,-5.90750011800004,-0.23155261006923));
#4734=CARTESIAN_POINT('',(-12.6799999987431,8.35247375579255,-0.23155261006923));
#4735=CARTESIAN_POINT('',(-22.068090870547,8.3524737550005,-0.23155261006923));
#4736=CARTESIAN_POINT('',(-15.768090871099,-5.90750011800002,2.5084473899308));
#4737=CARTESIAN_POINT('',(-15.768090871099,-5.90750011800002,2.20844738992908));
#4738=CARTESIAN_POINT('',(-15.768090871099,-5.90750011800002,1.981318636581));
#4739=CARTESIAN_POINT('',(-15.768090871099,-8.31750011858849,1.981318636581));
#4740=CARTESIAN_POINT('',(-15.768090871099,-8.31750011858849,1.981318636581));
#4741=CARTESIAN_POINT('',(-15.768090871099,-8.31750011858849,0.36844738993077));
#4742=CARTESIAN_POINT('',(-15.768090871099,-8.31750011858849,2.20844738992908));
#4743=CARTESIAN_POINT('',(-15.768090871099,-3.1875001180001,2.20844738992908));
#4744=CARTESIAN_POINT('',(-15.768090871099,-3.1875001180001,2.5084473899308));
#4745=CARTESIAN_POINT('',(-16.482851161099,-5.90750011800001,2.50844738992991));
#4746=CARTESIAN_POINT('',(-16.482851161099,-5.90750011800001,4.77449849360688));
#4747=CARTESIAN_POINT('',(-16.482851161099,-5.90750011800001,2.5084473899308));
#4748=CARTESIAN_POINT('',(-16.482851161099,-8.31750011851552,2.50844738992991));
#4749=CARTESIAN_POINT('',(-16.482851161099,-8.31750011851552,5.8038620757567));
#4750=CARTESIAN_POINT('',(-16.482851161099,-8.31750011851552,7.29000022815485));
#4751=CARTESIAN_POINT('',(-15.618090871099,-5.90750011800002,1.981318636581));
#4752=CARTESIAN_POINT('',(-15.618090871099,-5.90750011800002,2.50844738992864));
#4753=CARTESIAN_POINT('',(-15.618090871099,-5.90750011800002,2.5084473899308));
#4754=CARTESIAN_POINT('',(-15.618090871099,-8.31750011858849,1.981318636581));
#4755=CARTESIAN_POINT('',(-15.618090871099,-8.31750011858849,2.50844738992864));
#4756=CARTESIAN_POINT('',(-15.618090871099,-8.31750011858848,7.29000022815485));
#4757=CARTESIAN_POINT('',(-16.482851161099,-8.31750011851552,2.50844738992991));
#4758=CARTESIAN_POINT('',(-16.4828511610992,-8.31750011851552,2.35844738992991));
#4759=CARTESIAN_POINT('',(-13.555979020561,-8.31750011876247,2.3584473899256));
#4760=CARTESIAN_POINT('',(-15.9180908710988,-8.31750011856317,2.35844738992908));
#4761=CARTESIAN_POINT('',(-15.618090871099,-8.31750011858849,2.50844738992864));
#4762=CARTESIAN_POINT('',(-13.5559790205608,-8.31750011876247,2.5084473899256));
#4763=CARTESIAN_POINT('',(-15.618090871099,-5.90750011800002,2.50844738992864));
#4764=CARTESIAN_POINT('',(-15.9180908710988,-5.90750011800002,2.35844738992908));
#4765=CARTESIAN_POINT('',(-16.482851161099,-5.90750011800001,2.35844738992991));
#4766=CARTESIAN_POINT('',(-16.4828511610992,-5.90750011800001,2.35844738992991));
#4767=CARTESIAN_POINT('',(-16.482851161099,-5.90750011800001,2.50844738992991));
#4768=CARTESIAN_POINT('',(-18.8799999999981,-5.907500118,2.50844738993344));
#4769=CARTESIAN_POINT('',(-14.9756777935083,-5.90750011800002,-0.08155261006923));
#4770=CARTESIAN_POINT('',(-12.67999999754,-5.90750011800003,-0.08155261006923));
#4771=CARTESIAN_POINT('',(-18.88,-5.907500118,-0.08155261006923));
#4772=CARTESIAN_POINT('',(-14.9756777935083,-8.31750011864269,-0.08155261006923));
#4773=CARTESIAN_POINT('',(-12.6799999973367,-8.31750011883639,-0.08155261006923));
#4774=CARTESIAN_POINT('',(-22.0680908719535,-8.31750011804428,-0.08155261006923));
#4775=CARTESIAN_POINT('',(-15.918090871099,-5.90750011800002,2.20844738992908));
#4776=CARTESIAN_POINT('',(-15.618090871099,-5.75750011800002,2.50844738992864));
#4777=CARTESIAN_POINT('',(-15.618090871099,-5.75750011800002,2.50844738992864));
#4778=CARTESIAN_POINT('',(-15.618090871099,-5.75750011800002,2.50844738992864));
#4779=CARTESIAN_POINT('',(-15.6377293517009,-5.75750011800002,2.46917042872501));
#4780=CARTESIAN_POINT('',(-15.6475464778056,-5.75745383363335,2.47899178322214));
#4781=CARTESIAN_POINT('',(-15.6573678323027,-5.75750011800002,2.48880890932675));
#4782=CARTESIAN_POINT('',(-15.6573530718766,-5.76140422400686,2.42992298837362));
#4783=CARTESIAN_POINT('',(-15.6775873725027,-5.7658304976117,2.44895088852498));
#4784=CARTESIAN_POINT('',(-15.696615272654,-5.76140422400685,2.46918518915118));
#4785=CARTESIAN_POINT('',(-15.6845635429923,-5.77267517018156,2.37550204614211));
#4786=CARTESIAN_POINT('',(-15.7145583603346,-5.78715195353616,2.41197990069314));
#4787=CARTESIAN_POINT('',(-15.7510362148856,-5.77267517018157,2.44197471803548));
#4788=CARTESIAN_POINT('',(-15.6932634811593,-5.77732538411842,2.35810216980836));
#4789=CARTESIAN_POINT('',(-15.7259231063273,-5.79597967127943,2.40061515470053));
#4790=CARTESIAN_POINT('',(-15.7684360912194,-5.7773253841184,2.43327477986861));
#4791=CARTESIAN_POINT('',(-15.7095893309446,-5.78823396819086,2.32545047023765));
#4792=CARTESIAN_POINT('',(-15.7454053330505,-5.81544896020422,2.38113292797726));
#4793=CARTESIAN_POINT('',(-15.8010877907901,-5.78823396819087,2.41694893008327));
#4794=CARTESIAN_POINT('',(-15.7172148922565,-5.79449210480156,2.31019934761397));
#4795=CARTESIAN_POINT('',(-15.7534733147838,-5.82622139323911,2.37306494624404));
#4796=CARTESIAN_POINT('',(-15.8163389134138,-5.79449210480154,2.40932336877145));
#4797=CARTESIAN_POINT('',(-15.7310988842975,-5.80837609684252,2.28243136353201));
#4798=CARTESIAN_POINT('',(-15.7658205127415,-5.8478288867711,2.36071774828636));
#4799=CARTESIAN_POINT('',(-15.8441068974958,-5.80837609684254,2.39543937673049));
#4800=CARTESIAN_POINT('',(-15.7373570226545,-5.81600166076798,2.26991508681803));
#4801=CARTESIAN_POINT('',(-15.7699433164441,-5.85867384462104,2.35659494458388));
#4802=CARTESIAN_POINT('',(-15.8566231742098,-5.81600166076796,2.38918123837351));
#4803=CARTESIAN_POINT('',(-15.7482656032343,-5.83232750532618,2.24809792565846));
#4804=CARTESIAN_POINT('',(-15.774620129492,-5.87815485402656,2.35191813153582));
#4805=CARTESIAN_POINT('',(-15.8784403353694,-5.83232750532619,2.37827265779374));
#4806=CARTESIAN_POINT('',(-15.7529158212326,-5.84102745169583,2.23879748966191));
#4807=CARTESIAN_POINT('',(-15.775005179174,-5.88660113250485,2.35153308185395));
#4808=CARTESIAN_POINT('',(-15.8877407713659,-5.84102745169582,2.37362243979548));
#4809=CARTESIAN_POINT('',(-15.7604297807188,-5.85916775459468,2.22376957068941));
#4810=CARTESIAN_POINT('',(-15.7737192632141,-5.89932564143439,2.35281899781374));
#4811=CARTESIAN_POINT('',(-15.9027686903384,-5.85916775459469,2.36610848030923));
#4812=CARTESIAN_POINT('',(-15.7632933718187,-5.86860774990105,2.2180423884897));
#4813=CARTESIAN_POINT('',(-15.7720195225044,-5.90331230421762,2.35451873852343));
#4814=CARTESIAN_POINT('',(-15.9084958725381,-5.86860774990105,2.36324488920939));
#4815=CARTESIAN_POINT('',(-15.7671239545003,-5.88786538949415,2.2103812231265));
#4816=CARTESIAN_POINT('',(-15.7691512797118,-5.90744603665516,2.35738698131607));
#4817=CARTESIAN_POINT('',(-15.9161570379014,-5.88786538949415,2.35941430652779));
#4818=CARTESIAN_POINT('',(-15.768090871099,-5.89768254249125,2.20844739011088));
#4819=CARTESIAN_POINT('',(-15.7680911837917,-5.90753502079761,2.3584470772443));
#4820=CARTESIAN_POINT('',(-15.918090870917,-5.89768254249125,2.35844738992908));
#4821=CARTESIAN_POINT('',(-15.768090871099,-5.90750011800002,2.20844738992908));
#4822=CARTESIAN_POINT('',(-15.768090871099,-5.90750011800002,2.35844738992886));
#4823=CARTESIAN_POINT('',(-15.9180908710988,-5.90750011800002,2.35844738992908));
#4824=CARTESIAN_POINT('',(-15.918090871099,-8.31750011858849,2.20844738992908));
#4825=CARTESIAN_POINT('',(-15.9180908710988,-3.25751318204175,2.35844738992908));
#4826=CARTESIAN_POINT('',(-15.918090871099,-3.25751318204175,2.20844738992908));
#4827=CARTESIAN_POINT('',(-15.6180908711116,-8.46750011858849,2.50844738992864));
#4828=CARTESIAN_POINT('',(-15.6180908711117,-8.46750011858849,2.50844738992864));
#4829=CARTESIAN_POINT('',(-15.6180908711117,-8.46750011858849,2.50844738992864));
#4830=CARTESIAN_POINT('',(-15.6573678323154,-8.46750011858518,2.48880890932686));
#4831=CARTESIAN_POINT('',(-15.6475464778201,-8.46754640296055,2.47899178322407));
#4832=CARTESIAN_POINT('',(-15.6377293517136,-8.46750011858683,2.46917042872499));
#4833=CARTESIAN_POINT('',(-15.6966152726664,-8.46359601257503,2.46918518915117));
#4834=CARTESIAN_POINT('',(-15.6775873725147,-8.4591697389718,2.44895088852499));
#4835=CARTESIAN_POINT('',(-15.6573530718889,-8.46359601257837,2.42992298837362));
#4836=CARTESIAN_POINT('',(-15.751036214897,-8.45232506639573,2.44197471803548));
#4837=CARTESIAN_POINT('',(-15.7145583603448,-8.43784828304421,2.41197990069313));
#4838=CARTESIAN_POINT('',(-15.6845635430038,-8.45232506640133,2.37550204614211));
#4839=CARTESIAN_POINT('',(-15.7684360912304,-8.44767485245742,2.43327477986861));
#4840=CARTESIAN_POINT('',(-15.7259231063367,-8.42902056529997,2.40061515470052));
#4841=CARTESIAN_POINT('',(-15.6932634811702,-8.44767485246376,2.35810216980835));
#4842=CARTESIAN_POINT('',(-15.8010877908002,-8.4367662683822,2.41694893008327));
#4843=CARTESIAN_POINT('',(-15.7454053330583,-8.40955127637357,2.38113292797727));
#4844=CARTESIAN_POINT('',(-15.7095893309547,-8.43676626838992,2.32545047023765));
#4845=CARTESIAN_POINT('',(-15.8163389134234,-8.43050813177025,2.40932336877145));
#4846=CARTESIAN_POINT('',(-15.7534733147907,-8.39877884333799,2.37306494624405));
#4847=CARTESIAN_POINT('',(-15.717214892266,-8.4305081317786,2.31019934761397));
#4848=CARTESIAN_POINT('',(-15.8441068975042,-8.4166241397269,2.39543937673048));
#4849=CARTESIAN_POINT('',(-15.7658205127465,-8.37717134980492,2.36071774828635));
#4850=CARTESIAN_POINT('',(-15.7310988843058,-8.41662413973645,2.28243136353201));
#4851=CARTESIAN_POINT('',(-15.8566231742175,-8.40899857580043,2.38918123837351));
#4852=CARTESIAN_POINT('',(-15.7699433164481,-8.36632639195462,2.35659494458388));
#4853=CARTESIAN_POINT('',(-15.7373570226622,-8.40899857581049,2.26991508681803));
#4854=CARTESIAN_POINT('',(-15.8784403353757,-8.39267273124034,2.37827265779373));
#4855=CARTESIAN_POINT('',(-15.7746201294945,-8.34684538254879,2.35191813153581));
#4856=CARTESIAN_POINT('',(-15.7482656032406,-8.39267273125132,2.24809792565845));
#4857=CARTESIAN_POINT('',(-15.8877407713715,-8.38397278486993,2.37362243979547));
#4858=CARTESIAN_POINT('',(-15.7750051791757,-8.33839910407043,2.35153308185394));
#4859=CARTESIAN_POINT('',(-15.7529158212382,-8.3839727848813,2.23879748966191));
#4860=CARTESIAN_POINT('',(-15.9027686903425,-8.3658324819698,2.36610848030923));
#4861=CARTESIAN_POINT('',(-15.7737192632148,-8.32567459514096,2.35281899781374));
#4862=CARTESIAN_POINT('',(-15.7604297807229,-8.36583248198181,2.22376957068941));
#4863=CARTESIAN_POINT('',(-15.9084958725414,-8.35639248666296,2.36324488920938));
#4864=CARTESIAN_POINT('',(-15.7720195225048,-8.32168793235791,2.35451873852341));
#4865=CARTESIAN_POINT('',(-15.763293371822,-8.35639248667522,2.2180423884897));
#4866=CARTESIAN_POINT('',(-15.916157037903,-8.3371348470692,2.35941430652778));
#4867=CARTESIAN_POINT('',(-15.7691512797118,-8.31755419992059,2.35738698131608));
#4868=CARTESIAN_POINT('',(-15.767123954502,-8.33713484708177,2.21038122312649));
#4869=CARTESIAN_POINT('',(-15.9180908709178,-8.32731769407195,2.35844738992908));
#4870=CARTESIAN_POINT('',(-15.7680911837917,-8.31746521577746,2.35844707724497));
#4871=CARTESIAN_POINT('',(-15.7680908710998,-8.32731769408461,2.20844739011088));
#4872=CARTESIAN_POINT('',(-15.9180908710988,-8.31750011856317,2.35844738992908));
#4873=CARTESIAN_POINT('',(-15.768090871099,-8.31750011857583,2.35844738992885));
#4874=CARTESIAN_POINT('',(-15.768090871099,-8.31750011857583,2.20844738992908));
#4875=CARTESIAN_POINT('',(-12.5299999982789,2.84999999539671,5.8038620757567));
#4876=CARTESIAN_POINT('',(-12.5299999975154,-6.19914000518619,5.8038620757567));
#4877=CARTESIAN_POINT('',(-12.5299999973367,-8.31750011882372,5.8038620757567));
#4878=CARTESIAN_POINT('',(-12.5299999973367,-8.31750011882374,-9.49366177184643));
#4879=CARTESIAN_POINT('',(-12.5299999973367,-8.31750011882373,-0.08155261006923));
#4880=CARTESIAN_POINT('',(-12.5299999982789,2.8499999953967,-0.08155261006923));
#4881=CARTESIAN_POINT('',(-12.52999999754,-5.90750011798739,-0.0815526100692301));
#4882=CARTESIAN_POINT('',(-12.52999999754,-5.90750011798738,0.36844738993077));
#4883=CARTESIAN_POINT('',(-12.52999999754,-5.90750011798738,5.50398670398932));
#4884=CARTESIAN_POINT('',(-12.5299999975297,-6.03037128725487,5.63032757566325));
#4885=CARTESIAN_POINT('',(-12.5299999982789,2.84999999539671,-9.49366177184644));
#4886=CARTESIAN_POINT('',(-12.6998840274115,-6.1222221958902,5.93802156205188));
#4887=CARTESIAN_POINT('',(-12.699884027414,-6.09255666261491,5.90751831743383));
#4888=CARTESIAN_POINT('',(-12.6998840274386,-5.8009167754161,5.60764294566646));
#4889=CARTESIAN_POINT('',(-14.9210423203084,-5.80091677541608,5.18156558466731));
#4890=CARTESIAN_POINT('',(-16.5027351909975,-5.80091677541608,4.87815473528402));
#4891=CARTESIAN_POINT('',(-16.5027351909975,-6.30910600434929,5.40069448598772));
#4892=CARTESIAN_POINT('',(-16.5027351909975,-6.80201092069434,5.90751831743383));
#4893=CARTESIAN_POINT('',(-16.6409767400127,-6.82780105850763,5.90751831743383));
#4894=CARTESIAN_POINT('',(-14.9901322741242,-6.16408346058394,5.54173427213757));
#4895=CARTESIAN_POINT('',(-16.482851161099,-6.8713561811594,5.9538620757567));
#4896=CARTESIAN_POINT('',(-16.482851161099,-6.90859426327827,5.9538620757567));
#4897=CARTESIAN_POINT('',(-16.482851161099,-8.31750011851552,5.9538620757567));
#4898=CARTESIAN_POINT('',(-16.0680908715953,-8.31750011855051,5.9538620757567));
#4899=CARTESIAN_POINT('',(-12.6799999973367,-8.31750011883638,5.9538620757567));
#4900=CARTESIAN_POINT('',(-12.679999997438,-7.11750011818025,5.9538620757567));
#4901=CARTESIAN_POINT('',(-12.6799999975154,-6.19914000519884,5.9538620757567));
#4902=CARTESIAN_POINT('',(-12.5182415465384,-6.16896258912614,5.9538620757567));
#4903=CARTESIAN_POINT('',(-16.068090871494,-7.1175001184661,5.9538620757567));
#4904=CARTESIAN_POINT('',(-12.67999999754,-5.90750011800004,-0.0815526100692301));
#4905=CARTESIAN_POINT('',(-12.67999999754,-5.90750011800003,5.50398670398932));
#4906=CARTESIAN_POINT('',(-12.67999999754,-5.90750011800004,1.190000228));
#4907=CARTESIAN_POINT('',(-12.6799999973367,-8.31750011883638,-0.0815526100692299));
#4908=CARTESIAN_POINT('',(-12.6799999973367,-8.31750011883638,5.8038620757567));
#4909=CARTESIAN_POINT('',(-12.6799999973367,-8.31750011883639,-9.49366177184643));
#4910=CARTESIAN_POINT('',(-12.67999999754,-5.90750011800004,-0.08155261006923));
#4911=CARTESIAN_POINT('',(-12.67999999754,-5.90750011800004,-0.0815526100692301));
#4912=CARTESIAN_POINT('',(-12.6799999973367,-8.31750011883638,-0.08155261006923));
#4913=CARTESIAN_POINT('',(-12.6799999982789,2.84999999538405,-0.08155261006923));
#4914=CARTESIAN_POINT('',(-12.6799999973367,-8.31750011883638,-0.08155261006923));
#4915=CARTESIAN_POINT('',(-12.6799999973367,-8.31750011883638,5.8038620757567));
#4916=CARTESIAN_POINT('',(-16.482851161099,-8.31750011851552,5.8038620757567));
#4917=CARTESIAN_POINT('',(-18.8800000015315,-8.31750011831326,5.8038620757567));
#4918=CARTESIAN_POINT('',(-16.482851161099,-5.90750011800001,4.77449849360688));
#4919=CARTESIAN_POINT('',(-12.67999999754,-5.90750011800003,5.50398670398932));
#4920=CARTESIAN_POINT('',(-19.4581199561017,-5.90750011799999,4.20376263902718));
#4921=CARTESIAN_POINT('',(-16.482851161099,-5.90750011800001,4.77449849360688));
#4922=CARTESIAN_POINT('',(-16.482851161099,-5.90750011800001,4.77449849360688));
#4923=CARTESIAN_POINT('',(-16.482851161099,-8.31750011851552,5.8038620757567));
#4924=CARTESIAN_POINT('',(-16.482851161099,-8.31750011851552,5.8038620757567));
#4925=CARTESIAN_POINT('',(-12.6799999973367,-8.31750011883638,5.8038620757567));
#4926=CARTESIAN_POINT('',(-12.6799999973367,-8.31750011883638,5.8038620757567));
#4927=CARTESIAN_POINT('',(-12.67999999754,-5.90750011800003,5.50398670398932));
#4928=CARTESIAN_POINT('',(-12.67999999754,-5.90750011800003,5.50398670398932));
#4929=CARTESIAN_POINT('',(-16.482851161099,-6.90859426327828,5.8038620757567));
#4930=CARTESIAN_POINT('',(-16.482851161099,-3.4527761174478,2.25045667165097));
#4931=CARTESIAN_POINT('',(-16.482851161099,-6.90859426327827,5.8038620757567));
#4932=CARTESIAN_POINT('',(-16.482851161099,-3.1875001180001,5.8038620757567));
#4933=CARTESIAN_POINT('',(-12.6799999975154,-6.19914000519884,5.8038620757567));
#4934=CARTESIAN_POINT('',(-12.6799999982789,2.84999999538405,5.8038620757567));
#4935=CARTESIAN_POINT('',(-12.6799999975154,-6.19914000519884,5.8038620757567));
#4936=CARTESIAN_POINT('',(-12.6799999975279,-6.05108661921492,5.65162787833677));
#4937=CARTESIAN_POINT('',(-16.482851161099,-6.90859426327827,5.8038620757567));
#4938=CARTESIAN_POINT('',(-16.482851161099,-6.90859426327827,5.8038620757567));
#4939=CARTESIAN_POINT('',(-12.6799999975154,-6.19914000519884,5.8038620757567));
#4940=CARTESIAN_POINT('',(-12.6799999975154,-6.19914000519885,5.8038620757567));
#4941=CARTESIAN_POINT('',(-16.1197030718837,-6.84084589577066,5.8038620757567));
#4942=CARTESIAN_POINT('',(-15.2106372883465,-5.90750011800002,0.16844738993077));
#4943=CARTESIAN_POINT('',(-15.7613069574377,-5.90750011800002,1.93671871938562));
#4944=CARTESIAN_POINT('',(-15.1188938798469,-5.90750011800002,-0.126152527264608));
#4945=CARTESIAN_POINT('',(-15.1188938798469,-7.11250011831938,-0.126152527264608));
#4946=CARTESIAN_POINT('',(-15.1188938798469,-8.31750011864269,-0.126152527264608));
#4947=CARTESIAN_POINT('',(-15.4634566901091,-8.31750011861361,0.980283096089352));
#4948=CARTESIAN_POINT('',(-15.7613069574377,-8.31750011858849,1.93671871938563));
#4949=CARTESIAN_POINT('',(-15.7613069574377,-5.90750011800002,1.93671871938562));
#4950=CARTESIAN_POINT('',(-15.4634566901001,-7.11250011831938,0.980283096060489));
#4951=CARTESIAN_POINT('',(-16.482851161099,-5.90750011800001,2.50844738992991));
#4952=CARTESIAN_POINT('',(-16.4828511610992,-8.31750011851552,2.35844738992991));
#4953=CARTESIAN_POINT('',(-16.482851161099,-8.31750011851552,2.50844738992991));
#4954=CARTESIAN_POINT('',(-16.482851161099,-3.25751318204175,2.50844738992991));
#4955=CARTESIAN_POINT('',(-16.482851161099,-8.31750011851552,2.50844738992991));
#4956=CARTESIAN_POINT('',(-16.482851161099,-5.90750011800001,2.50844738992991));
#4957=CARTESIAN_POINT('',(-13.5559790201341,-3.25751318204175,2.3584473899256));
#4958=CARTESIAN_POINT('',(-15.618090871099,-8.31750011858849,1.981318636581));
#4959=CARTESIAN_POINT('',(-15.618090871099,-8.31750011858849,1.981318636581));
#4960=CARTESIAN_POINT('',(-15.618090871099,-8.31750011858849,1.981318636581));
#4961=CARTESIAN_POINT('',(-15.618090871099,-5.90750011800002,1.981318636581));
#4962=CARTESIAN_POINT('',(-15.618090871099,-7.11250011831938,1.981318636581));
#4963=CARTESIAN_POINT('',(-14.9756777935083,-8.31750011864269,-0.081552610069229));
#4964=CARTESIAN_POINT('',(-17.4135239257375,-8.31750011843699,7.74668573899022));
#4965=CARTESIAN_POINT('',(-15.618090871099,-5.90750011800002,1.981318636581));
#4966=CARTESIAN_POINT('',(-15.618090871099,-5.90750011800002,1.981318636581));
#4967=CARTESIAN_POINT('',(-14.9756777935083,-8.31750011864269,-0.0815526100692301));
#4968=CARTESIAN_POINT('',(-14.9756777935083,-8.31750011864269,-0.0815526100692304));
#4969=CARTESIAN_POINT('',(-14.9756777935083,-5.90750011800002,-0.0815526100692299));
#4970=CARTESIAN_POINT('',(-15.681821876239,-5.90750011800002,2.18596711372054));
#4971=CARTESIAN_POINT('',(-14.9756777935083,-5.90750011800002,-0.0815526100692301));
#4972=CARTESIAN_POINT('',(-14.9756777935083,-7.11250011831938,-0.0815526100692301));
#4973=CARTESIAN_POINT('',(-14.9756777935083,-5.90750011800002,-0.08155261006923));
#4974=CARTESIAN_POINT('',(-12.6799999977569,-3.18750011800013,-0.0815526100692301));
#4975=CARTESIAN_POINT('',(-12.6799999977569,-3.18750011800013,-0.0815526100692301));
#4976=CARTESIAN_POINT('',(-14.9756777935083,-3.18750011800011,-0.0815526100692303));
#4977=CARTESIAN_POINT('',(-15.4748747847603,-3.18750011800011,1.52143331221338));
#4978=CARTESIAN_POINT('',(-15.618090871099,-3.18750011800011,1.981318636581));
#4979=CARTESIAN_POINT('',(-15.618090871099,-3.18750011800011,1.190000228));
#4980=CARTESIAN_POINT('',(-15.618090871099,-3.1875001180001,2.50844738992864));
#4981=CARTESIAN_POINT('',(-15.6180908710988,-3.1875001180001,2.50844738992864));
#4982=CARTESIAN_POINT('',(-16.418090871099,-3.1875001180001,2.50844738992981));
#4983=CARTESIAN_POINT('',(-16.418090871099,-3.1875001180001,1.190000228));
#4984=CARTESIAN_POINT('',(-16.418090871099,-3.1875001180001,3.14104483714567));
#4985=CARTESIAN_POINT('',(-19.0600843078274,-3.18750011800009,1.47569486758598));
#4986=CARTESIAN_POINT('',(-15.5137354640874,-3.1875001180001,3.71109479586279));
#4987=CARTESIAN_POINT('',(-19.1024233835844,-3.18750011800008,3.33980076345424));
#4988=CARTESIAN_POINT('',(-12.6799999977569,-3.18750011800012,4.00427968451158));
#4989=CARTESIAN_POINT('',(-12.6799999977569,-3.18750011800012,4.08284980049625));
#4990=CARTESIAN_POINT('',(-18.88,-3.18750011800009,1.190000228));
#4991=CARTESIAN_POINT('',(-16.568090871099,-2.94018872319443,2.86699830086756));
#4992=CARTESIAN_POINT('',(-16.568090871099,-5.58578706100394,4.69180642451682));
#4993=CARTESIAN_POINT('',(-16.568090871099,-3.3375001180001,3.14104483714567));
#4994=CARTESIAN_POINT('',(-16.568090871099,-3.33750011800011,2.5084473899308));
#4995=CARTESIAN_POINT('',(-16.568090871099,-3.33750011800011,2.50844738992981));
#4996=CARTESIAN_POINT('',(-16.568090871099,-3.33750011800011,2.50844738992981));
#4997=CARTESIAN_POINT('',(-16.568090871099,-5.60750011800001,2.50844738992981));
#4998=CARTESIAN_POINT('',(-16.568090871099,-5.60750011800001,2.5084473899308));
#4999=CARTESIAN_POINT('',(-16.568090871099,-5.60750011800001,4.70218137560364));
#5000=CARTESIAN_POINT('',(-16.568090871099,-2.78394251645946,3.35302671663097));
#5001=CARTESIAN_POINT('',(-16.568090871099,-3.1875001180001,2.5084473899308));
#5002=CARTESIAN_POINT('',(-15.618090871099,-5.75750011800002,1.190000228));
#5003=CARTESIAN_POINT('',(-15.618090871099,-5.75750011800002,2.50844738992864));
#5004=CARTESIAN_POINT('',(-15.618090871099,-5.75750011800002,1.981318636581));
#5005=CARTESIAN_POINT('',(-15.0674212020078,-5.75750011800002,0.213047307126148));
#5006=CARTESIAN_POINT('',(-14.9756777935083,-5.75750011800002,-0.08155261006923));
#5007=CARTESIAN_POINT('',(-15.618090871099,-5.75750011800002,-0.0815526100692301));
#5008=CARTESIAN_POINT('',(-12.6799999975654,-5.75750011800004,-0.0815526100692299));
#5009=CARTESIAN_POINT('',(-12.6799999975654,-5.75750011800004,0.368447389930769));
#5010=CARTESIAN_POINT('',(-12.6799999975654,-5.75750011800003,5.08893298652066));
#5011=CARTESIAN_POINT('',(-12.8056635520212,-5.75750011807335,5.07593154172877));
#5012=CARTESIAN_POINT('',(-16.418090871099,-5.75750011800001,4.70218137560364));
#5013=CARTESIAN_POINT('',(-16.418090871099,-5.75750011800001,1.190000228));
#5014=CARTESIAN_POINT('',(-16.418090871099,-5.75750011800001,2.50844738992981));
#5015=CARTESIAN_POINT('',(-16.4180908710988,-5.75750011800001,2.50844738992981));
#5016=CARTESIAN_POINT('',(-18.88,-5.757500118,1.190000228));
#5017=CARTESIAN_POINT('',(-15.7675009753553,-3.26190290147109,3.70428432059225));
#5018=CARTESIAN_POINT('',(-15.5828208658594,-3.26190290147109,3.82069528908737));
#5019=CARTESIAN_POINT('',(-16.487176272871,-3.26190290147109,3.25064533037025));
#5020=CARTESIAN_POINT('',(-16.487176272871,-5.79569152159208,4.99833241934655));
#5021=CARTESIAN_POINT('',(-16.487176272871,-5.51018984447493,4.80140691774141));
#5022=CARTESIAN_POINT('',(-16.6091578831423,-5.81344413978107,4.93368763696698));
#5023=CARTESIAN_POINT('',(-16.562822549898,-5.81797789122322,4.96602174421976));
#5024=CARTESIAN_POINT('',(-12.6799999975654,-5.60750011800004,-0.23155261006923));
#5025=CARTESIAN_POINT('',(-12.6799999975654,-5.60750011800004,-0.23155261006923));
#5026=CARTESIAN_POINT('',(-14.9756777935083,-5.60750011800002,-0.23155261006923));
#5027=CARTESIAN_POINT('',(-14.9756777935083,8.3524737550005,-0.23155261006923));
#5028=CARTESIAN_POINT('',(-14.9756777935083,-3.33750011800011,-0.23155261006923));
#5029=CARTESIAN_POINT('',(-15.618090871099,-3.33750011800011,-0.23155261006923));
#5030=CARTESIAN_POINT('',(-12.6799999977569,-3.33750011800013,-0.23155261006923));
#5031=CARTESIAN_POINT('',(-12.6799999987431,8.35247375579255,-0.23155261006923));
#5032=CARTESIAN_POINT('',(-22.068090870547,8.3524737550005,-0.23155261006923));
#5033=CARTESIAN_POINT('',(-15.768090871099,-3.33750011800011,2.5084473899308));
#5034=CARTESIAN_POINT('',(-15.768090871099,-3.33750011800011,2.20844738992908));
#5035=CARTESIAN_POINT('',(-15.768090871099,-3.33750011800011,1.981318636581));
#5036=CARTESIAN_POINT('',(-15.768090871099,-5.60750011800002,1.981318636581));
#5037=CARTESIAN_POINT('',(-15.768090871099,-5.60750011800002,1.981318636581));
#5038=CARTESIAN_POINT('',(-15.768090871099,-5.60750011800002,2.5084473899308));
#5039=CARTESIAN_POINT('',(-15.768090871099,-5.60750011800002,2.20844738992908));
#5040=CARTESIAN_POINT('',(-15.768090871099,-3.1875001180001,2.20844738992908));
#5041=CARTESIAN_POINT('',(-15.768090871099,-3.1875001180001,2.5084473899308));
#5042=CARTESIAN_POINT('',(-15.618090871099,-3.33750011800011,1.981318636581));
#5043=CARTESIAN_POINT('',(-15.618090871099,-3.33750011800011,2.50844738992864));
#5044=CARTESIAN_POINT('',(-15.618090871099,-3.33750011800011,2.5084473899308));
#5045=CARTESIAN_POINT('',(-15.618090871099,-5.60750011800002,1.981318636581));
#5046=CARTESIAN_POINT('',(-15.618090871099,-5.60750011800002,2.50844738992864));
#5047=CARTESIAN_POINT('',(-15.618090871099,-5.60750011800002,2.5084473899308));
#5048=CARTESIAN_POINT('',(-16.418090871099,-5.60750011800001,2.50844738992981));
#5049=CARTESIAN_POINT('',(-16.418090871099,-5.60750011800001,4.70218137560364));
#5050=CARTESIAN_POINT('',(-16.418090871099,-5.60750011800001,2.5084473899308));
#5051=CARTESIAN_POINT('',(-16.418090871099,-5.60750011800001,2.50844738992981));
#5052=CARTESIAN_POINT('',(-16.4180908710992,-5.60750011800001,2.35844738992982));
#5053=CARTESIAN_POINT('',(-15.618090871099,-5.60750011800002,2.35844738992864));
#5054=CARTESIAN_POINT('',(-15.9180908710988,-5.60750011800002,2.35844738992908));
#5055=CARTESIAN_POINT('',(-15.618090871099,-5.60750011800002,2.50844738992864));
#5056=CARTESIAN_POINT('',(-18.8799999999981,-5.607500118,2.50844738993344));
#5057=CARTESIAN_POINT('',(-15.618090871099,-3.33750011800011,2.50844738992864));
#5058=CARTESIAN_POINT('',(-15.9180908710988,-3.33750011800011,2.35844738992908));
#5059=CARTESIAN_POINT('',(-16.418090871099,-3.33750011800011,2.35844738992982));
#5060=CARTESIAN_POINT('',(-16.4180908710992,-3.33750011800011,2.35844738992982));
#5061=CARTESIAN_POINT('',(-16.418090871099,-3.33750011800011,2.50844738992981));
#5062=CARTESIAN_POINT('',(-13.5559790201338,-3.33750011800012,2.5084473899256));
#5063=CARTESIAN_POINT('',(-14.9756777935083,-3.33750011800011,-0.0815526100692301));
#5064=CARTESIAN_POINT('',(-12.6799999977569,-3.33750011800012,-0.0815526100692301));
#5065=CARTESIAN_POINT('',(-22.068090870547,-3.33750011800007,-0.0815526100692301));
#5066=CARTESIAN_POINT('',(-14.9756777935083,-5.60750011800002,-0.0815526100692301));
#5067=CARTESIAN_POINT('',(-12.6799999975654,-5.60750011800004,-0.0815526100692301));
#5068=CARTESIAN_POINT('',(-18.88,-5.607500118,-0.0815526100692301));
#5069=CARTESIAN_POINT('',(-15.918090871099,-3.33750011800011,2.20844738992908));
#5070=CARTESIAN_POINT('',(-15.618090871099,-3.18750011800011,2.50844738992863));
#5071=CARTESIAN_POINT('',(-15.618090871099,-3.18750011800011,2.50844738992863));
#5072=CARTESIAN_POINT('',(-15.618090871099,-3.18750011800011,2.50844738992864));
#5073=CARTESIAN_POINT('',(-15.6377293517008,-3.18750011800011,2.46917042872491));
#5074=CARTESIAN_POINT('',(-15.6475464778054,-3.18745383363341,2.47899178322198));
#5075=CARTESIAN_POINT('',(-15.6573678323027,-3.18750011800011,2.48880890932677));
#5076=CARTESIAN_POINT('',(-15.6573530718765,-3.19140422400691,2.42992298837361));
#5077=CARTESIAN_POINT('',(-15.6775873725027,-3.19583049761179,2.44895088852495));
#5078=CARTESIAN_POINT('',(-15.696615272654,-3.19140422400693,2.46918518915119));
#5079=CARTESIAN_POINT('',(-15.6845635429924,-3.20267517018166,2.37550204614211));
#5080=CARTESIAN_POINT('',(-15.7145583603347,-3.21715195353625,2.41197990069316));
#5081=CARTESIAN_POINT('',(-15.7510362148856,-3.20267517018165,2.44197471803547));
#5082=CARTESIAN_POINT('',(-15.6932634811592,-3.20732538411846,2.35810216980835));
#5083=CARTESIAN_POINT('',(-15.7259231063272,-3.22597967127953,2.40061515470051));
#5084=CARTESIAN_POINT('',(-15.7684360912194,-3.20732538411849,2.4332747798686));
#5085=CARTESIAN_POINT('',(-15.7095893309447,-3.21823396819098,2.32545047023765));
#5086=CARTESIAN_POINT('',(-15.7454053330506,-3.24544896020429,2.38113292797728));
#5087=CARTESIAN_POINT('',(-15.8010877907902,-3.21823396819096,2.41694893008328));
#5088=CARTESIAN_POINT('',(-15.7172148922565,-3.22449210480163,2.31019934761396));
#5089=CARTESIAN_POINT('',(-15.7534733147838,-3.25622139323918,2.37306494624404));
#5090=CARTESIAN_POINT('',(-15.8163389134138,-3.22449210480162,2.40932336877145));
#5091=CARTESIAN_POINT('',(-15.7310988842975,-3.23837609684261,2.282431363532));
#5092=CARTESIAN_POINT('',(-15.7658205127415,-3.27782888677121,2.36071774828635));
#5093=CARTESIAN_POINT('',(-15.8441068974958,-3.23837609684263,2.39543937673048));
#5094=CARTESIAN_POINT('',(-15.7373570226545,-3.24600166076805,2.26991508681802));
#5095=CARTESIAN_POINT('',(-15.769943316444,-3.28867384462114,2.35659494458388));
#5096=CARTESIAN_POINT('',(-15.8566231742098,-3.24600166076805,2.38918123837351));
#5097=CARTESIAN_POINT('',(-15.7482656032343,-3.26232750532628,2.24809792565845));
#5098=CARTESIAN_POINT('',(-15.774620129492,-3.30815485402662,2.35191813153581));
#5099=CARTESIAN_POINT('',(-15.8784403353694,-3.26232750532628,2.37827265779373));
#5100=CARTESIAN_POINT('',(-15.7529158212326,-3.27102745169592,2.23879748966191));
#5101=CARTESIAN_POINT('',(-15.775005179174,-3.31660113250493,2.35153308185394));
#5102=CARTESIAN_POINT('',(-15.8877407713659,-3.27102745169591,2.37362243979547));
#5103=CARTESIAN_POINT('',(-15.7604297807188,-3.28916775459476,2.2237695706894));
#5104=CARTESIAN_POINT('',(-15.7737192632141,-3.32932564143449,2.35281899781373));
#5105=CARTESIAN_POINT('',(-15.9027686903384,-3.28916775459477,2.36610848030923));
#5106=CARTESIAN_POINT('',(-15.7632933718187,-3.29860774990113,2.2180423884897));
#5107=CARTESIAN_POINT('',(-15.7720195225044,-3.33331230421772,2.35451873852344));
#5108=CARTESIAN_POINT('',(-15.9084958725381,-3.29860774990113,2.36324488920938));
#5109=CARTESIAN_POINT('',(-15.7671239545003,-3.31786538949424,2.21038122312649));
#5110=CARTESIAN_POINT('',(-15.7691512797118,-3.33744603665523,2.35738698131606));
#5111=CARTESIAN_POINT('',(-15.9161570379014,-3.31786538949424,2.35941430652778));
#5112=CARTESIAN_POINT('',(-15.768090871099,-3.32768254249133,2.20844739011088));
#5113=CARTESIAN_POINT('',(-15.7680911837917,-3.33753502079816,2.35844707724466));
#5114=CARTESIAN_POINT('',(-15.918090870917,-3.32768254249134,2.35844738992908));
#5115=CARTESIAN_POINT('',(-15.768090871099,-3.3375001180001,2.20844738992908));
#5116=CARTESIAN_POINT('',(-15.768090871099,-3.33750011800011,2.35844738992885));
#5117=CARTESIAN_POINT('',(-15.9180908710988,-3.33750011800011,2.35844738992908));
#5118=CARTESIAN_POINT('',(-15.918090871099,-5.60750011800002,2.20844738992908));
#5119=CARTESIAN_POINT('',(-15.9180908710988,-3.25751318204175,2.35844738992908));
#5120=CARTESIAN_POINT('',(-15.918090871099,-3.25751318204175,2.20844738992908));
#5121=CARTESIAN_POINT('',(-15.618090871099,-5.75750011800002,2.50844738992864));
#5122=CARTESIAN_POINT('',(-15.618090871099,-5.75750011800002,2.50844738992864));
#5123=CARTESIAN_POINT('',(-15.618090871099,-5.75750011800002,2.50844738992864));
#5124=CARTESIAN_POINT('',(-15.6573678323027,-5.75750011800002,2.48880890932682));
#5125=CARTESIAN_POINT('',(-15.6475464778055,-5.75754640236669,2.47899178322224));
#5126=CARTESIAN_POINT('',(-15.6377293517009,-5.75750011800002,2.46917042872502));
#5127=CARTESIAN_POINT('',(-15.6966152726541,-5.75359601199319,2.46918518915119));
#5128=CARTESIAN_POINT('',(-15.6775873725029,-5.74916973838836,2.44895088852502));
#5129=CARTESIAN_POINT('',(-15.6573530718766,-5.75359601199318,2.42992298837362));
#5130=CARTESIAN_POINT('',(-15.7510362148856,-5.74232506581847,2.44197471803547));
#5131=CARTESIAN_POINT('',(-15.7145583603345,-5.72784828246387,2.41197990069313));
#5132=CARTESIAN_POINT('',(-15.6845635429923,-5.74232506581848,2.37550204614211));
#5133=CARTESIAN_POINT('',(-15.7684360912194,-5.73767485188163,2.43327477986861));
#5134=CARTESIAN_POINT('',(-15.7259231063273,-5.71902056472058,2.40061515470053));
#5135=CARTESIAN_POINT('',(-15.6932634811593,-5.73767485188164,2.35810216980835));
#5136=CARTESIAN_POINT('',(-15.8010877907901,-5.72676626780917,2.41694893008328));
#5137=CARTESIAN_POINT('',(-15.7454053330506,-5.69955127579586,2.38113292797727));
#5138=CARTESIAN_POINT('',(-15.7095893309446,-5.72676626780917,2.32545047023766));
#5139=CARTESIAN_POINT('',(-15.8163389134138,-5.7205081311985,2.40932336877145));
#5140=CARTESIAN_POINT('',(-15.7534733147838,-5.68877884276093,2.37306494624404));
#5141=CARTESIAN_POINT('',(-15.7172148922565,-5.72050813119851,2.31019934761397));
#5142=CARTESIAN_POINT('',(-15.8441068974958,-5.7066241391575,2.39543937673049));
#5143=CARTESIAN_POINT('',(-15.7658205127415,-5.66717134922894,2.36071774828637));
#5144=CARTESIAN_POINT('',(-15.7310988842975,-5.70662413915749,2.28243136353201));
#5145=CARTESIAN_POINT('',(-15.8566231742098,-5.69899857523207,2.38918123837351));
#5146=CARTESIAN_POINT('',(-15.769943316444,-5.65632639137898,2.35659494458388));
#5147=CARTESIAN_POINT('',(-15.7373570226545,-5.69899857523208,2.26991508681804));
#5148=CARTESIAN_POINT('',(-15.8784403353694,-5.68267273067384,2.37827265779374));
#5149=CARTESIAN_POINT('',(-15.774620129492,-5.6368453819735,2.35191813153582));
#5150=CARTESIAN_POINT('',(-15.7482656032343,-5.68267273067384,2.24809792565845));
#5151=CARTESIAN_POINT('',(-15.8877407713659,-5.67397278430421,2.37362243979548));
#5152=CARTESIAN_POINT('',(-15.7750051791739,-5.62839910349519,2.35153308185394));
#5153=CARTESIAN_POINT('',(-15.7529158212326,-5.67397278430422,2.23879748966192));
#5154=CARTESIAN_POINT('',(-15.9027686903385,-5.65583248140535,2.36610848030923));
#5155=CARTESIAN_POINT('',(-15.7737192632141,-5.61567459456563,2.35281899781375));
#5156=CARTESIAN_POINT('',(-15.7604297807188,-5.65583248140535,2.2237695706894));
#5157=CARTESIAN_POINT('',(-15.9084958725382,-5.64639248609899,2.36324488920939));
#5158=CARTESIAN_POINT('',(-15.7720195225044,-5.6116879317824,2.35451873852347));
#5159=CARTESIAN_POINT('',(-15.7632933718187,-5.646392486099,2.21804238848971));
#5160=CARTESIAN_POINT('',(-15.9161570379013,-5.62713484650588,2.35941430652779));
#5161=CARTESIAN_POINT('',(-15.7691512797118,-5.60755419934489,2.35738698131603));
#5162=CARTESIAN_POINT('',(-15.7671239545003,-5.62713484650588,2.2103812231265));
#5163=CARTESIAN_POINT('',(-15.918090870917,-5.61731769350879,2.35844738992908));
#5164=CARTESIAN_POINT('',(-15.7680911837917,-5.60746521520199,2.35844707724465));
#5165=CARTESIAN_POINT('',(-15.768090871099,-5.61731769350879,2.20844739011088));
#5166=CARTESIAN_POINT('',(-15.9180908710988,-5.60750011800002,2.35844738992908));
#5167=CARTESIAN_POINT('',(-15.768090871099,-5.60750011800002,2.35844738992886));
#5168=CARTESIAN_POINT('',(-15.768090871099,-5.60750011800002,2.20844738992908));
#5169=CARTESIAN_POINT('',(-16.418090871099,-3.3375001180001,3.14104483714567));
#5170=CARTESIAN_POINT('',(-16.418090871099,-5.58578706100394,4.69180642451682));
#5171=CARTESIAN_POINT('',(-16.418090871099,-5.87128873812109,4.88873192612197));
#5172=CARTESIAN_POINT('',(-16.418090871099,-3.3375001180001,3.14104483714567));
#5173=CARTESIAN_POINT('',(-15.5137354640874,-3.33750011800011,3.71109479586279));
#5174=CARTESIAN_POINT('',(-19.0600843078274,-3.33750011800009,1.47569486758598));
#5175=CARTESIAN_POINT('',(-12.5299999975654,-5.60750011798738,5.31084935385533));
#5176=CARTESIAN_POINT('',(-12.5299999975654,-5.60750011798738,5.08893298652066));
#5177=CARTESIAN_POINT('',(-12.5299999975654,-5.60750011798738,-0.0815526100692301));
#5178=CARTESIAN_POINT('',(-12.5299999982789,2.8499999953967,-0.0815526100692301));
#5179=CARTESIAN_POINT('',(-12.5299999977569,-3.33750011798747,-0.08155261006923));
#5180=CARTESIAN_POINT('',(-12.5299999977569,-3.33750011798747,0.368447389930769));
#5181=CARTESIAN_POINT('',(-12.5299999977569,-3.33750011798747,4.00427968451158));
#5182=CARTESIAN_POINT('',(-12.5299999986249,6.95067590048239,-0.911625200988173));
#5183=CARTESIAN_POINT('',(-12.5299999982789,2.84999999539671,-9.49366177184644));
#5184=CARTESIAN_POINT('',(-12.8196221440354,-5.54311022911314,5.21068724735344));
#5185=CARTESIAN_POINT('',(-16.4320331853237,-5.54311022913099,4.83693876532864));
#5186=CARTESIAN_POINT('',(-12.69394231179,-5.54311022913101,5.22369037624566));
#5187=CARTESIAN_POINT('',(-12.6939423128495,7.01506578933876,-0.776867811263171));
#5188=CARTESIAN_POINT('',(-12.6939423119815,-3.2731102291311,4.13903707423658));
#5189=CARTESIAN_POINT('',(-12.8196195100258,-3.2731102291311,4.12603421784716));
#5190=CARTESIAN_POINT('',(-15.5276777783121,-3.27311022913109,3.84585218558779));
#5191=CARTESIAN_POINT('',(-16.0294996007123,-4.52067224100102,4.39004365381436));
#5192=CARTESIAN_POINT('',(-16.4320331853237,-5.52139717213492,4.82656381424183));
#5193=CARTESIAN_POINT('',(-16.4320331853237,-5.1248830039905,4.63710108218747));
#5194=CARTESIAN_POINT('',(-14.2782448175663,-5.03819850808374,4.81851739774881));
#5195=CARTESIAN_POINT('',(-12.6799999975654,-5.60750011800004,-0.0815526100692301));
#5196=CARTESIAN_POINT('',(-12.6799999975654,-5.60750011800004,5.08893298652066));
#5197=CARTESIAN_POINT('',(-12.6799999975654,-5.60750011800004,1.190000228));
#5198=CARTESIAN_POINT('',(-12.6799999977569,-3.33750011800012,-0.0815526100692299));
#5199=CARTESIAN_POINT('',(-12.6799999977569,-3.33750011800012,4.00427968451158));
#5200=CARTESIAN_POINT('',(-12.6799999977569,-3.33750011800013,-9.49366177184643));
#5201=CARTESIAN_POINT('',(-12.6799999977569,-3.33750011800013,-0.0815526100692301));
#5202=CARTESIAN_POINT('',(-12.6799999977569,-3.33750011800013,-0.08155261006923));
#5203=CARTESIAN_POINT('',(-12.6799999975653,-5.60750011800004,-0.0815526100692301));
#5204=CARTESIAN_POINT('',(-12.6799999987431,8.35247375579255,-0.0815526100692301));
#5205=CARTESIAN_POINT('',(-12.6799999975654,-5.60750011800004,-0.0815526100692301));
#5206=CARTESIAN_POINT('',(-16.418090871099,-5.60750011800001,4.70218137560364));
#5207=CARTESIAN_POINT('',(-12.6799999975654,-5.60750011800003,5.08893298652067));
#5208=CARTESIAN_POINT('',(-14.2889991867539,-5.60750011800002,4.92246217309322));
#5209=CARTESIAN_POINT('',(-16.418090871099,-5.60750011800001,4.70218137560364));
#5210=CARTESIAN_POINT('',(-16.418090871099,-5.60750011800001,4.70218137560364));
#5211=CARTESIAN_POINT('',(-12.6799999975654,-5.60750011800003,5.08893298652066));
#5212=CARTESIAN_POINT('',(-12.6799999975654,-5.60750011800003,5.08893298652066));
#5213=CARTESIAN_POINT('',(-16.418090871099,-5.58578706100394,4.69180642451682));
#5214=CARTESIAN_POINT('',(-16.418090871099,-5.18927289285952,4.50234369246247));
#5215=CARTESIAN_POINT('',(-12.6799999977569,-3.33750011800012,4.00427968451158));
#5216=CARTESIAN_POINT('',(-12.6799999986249,6.95067590046973,-0.911625200988173));
#5217=CARTESIAN_POINT('',(-12.6799999977569,-3.33750011800012,4.00427968451158));
#5218=CARTESIAN_POINT('',(-12.6799999977569,-3.33750011800012,4.00427968451158));
#5219=CARTESIAN_POINT('',(-15.5137354640874,-3.33750011800011,3.71109479586279));
#5220=CARTESIAN_POINT('',(-19.1024233835844,-3.33750011800009,3.33980076345424));
#5221=CARTESIAN_POINT('',(-15.5137354640874,-3.33750011800011,3.71109479586279));
#5222=CARTESIAN_POINT('',(-15.5137354640874,-3.33750011800011,3.71109479586279));
#5223=CARTESIAN_POINT('',(-16.418090871099,-5.58578706100394,4.69180642451683));
#5224=CARTESIAN_POINT('',(-16.0155572864876,-4.58506212987005,4.25528626408935));
#5225=CARTESIAN_POINT('',(-16.418090871099,-5.58578706100394,4.69180642451682));
#5226=CARTESIAN_POINT('',(-15.7613069574377,-3.33750011800011,1.93671871938562));
#5227=CARTESIAN_POINT('',(-15.7613069574377,-5.60750011800002,1.93671871938562));
#5228=CARTESIAN_POINT('',(-15.7613069574377,-3.33750011800011,1.93671871938562));
#5229=CARTESIAN_POINT('',(-15.2106372883465,-3.33750011800011,0.16844738993077));
#5230=CARTESIAN_POINT('',(-15.1188938798469,-3.33750011800011,-0.126152527264609));
#5231=CARTESIAN_POINT('',(-15.1188938798469,-7.11250011831938,-0.126152527264608));
#5232=CARTESIAN_POINT('',(-15.1188938798469,-5.60750011800002,-0.126152527264608));
#5233=CARTESIAN_POINT('',(-15.618090871099,-5.60750011800002,1.476833395018));
#5234=CARTESIAN_POINT('',(-15.4634566901001,-7.11250011831938,0.980283096060489));
#5235=CARTESIAN_POINT('',(-16.418090871099,-3.33750011800011,2.50844738992981));
#5236=CARTESIAN_POINT('',(-16.4180908710992,-5.60750011800001,2.35844738992982));
#5237=CARTESIAN_POINT('',(-16.418090871099,-5.60750011800001,2.50844738992981));
#5238=CARTESIAN_POINT('',(-16.418090871099,-3.25751318204175,2.50844738992981));
#5239=CARTESIAN_POINT('',(-16.418090871099,-3.33750011800011,2.50844738992981));
#5240=CARTESIAN_POINT('',(-16.418090871099,-3.3375001180001,3.14104483714567));
#5241=CARTESIAN_POINT('',(-16.418090871099,-3.33750011800011,2.5084473899308));
#5242=CARTESIAN_POINT('',(-16.418090871099,-5.60750011800001,2.50844738992981));
#5243=CARTESIAN_POINT('',(-16.418090871099,-3.33750011800011,2.50844738992981));
#5244=CARTESIAN_POINT('',(-13.5559790201341,-3.25751318204175,2.3584473899256));
#5245=CARTESIAN_POINT('',(-16.418090871099,-3.3375001180001,3.14104483714567));
#5246=CARTESIAN_POINT('',(-14.9756777935083,-5.60750011800002,-0.0815526100692299));
#5247=CARTESIAN_POINT('',(-14.9756777935083,-5.60750011800002,-0.0815526100692302));
#5248=CARTESIAN_POINT('',(-14.9756777935083,-5.60750011800002,-0.0815526100692301));
#5249=CARTESIAN_POINT('',(-14.9756777935083,-3.33750011800011,-0.0815526100692302));
#5250=CARTESIAN_POINT('',(-14.9756777935083,-7.11250011831938,-0.0815526100692302));
#5251=CARTESIAN_POINT('',(-15.618090871099,-5.60750011800002,1.981318636581));
#5252=CARTESIAN_POINT('',(-15.3202406037614,-5.60750011800002,1.02488301325586));
#5253=CARTESIAN_POINT('',(-14.9756777935083,-3.33750011800011,-0.0815526100692307));
#5254=CARTESIAN_POINT('',(-14.9756777935083,-3.33750011800011,-0.0815526100692301));
#5255=CARTESIAN_POINT('',(-15.618090871099,-5.60750011800002,1.981318636581));
#5256=CARTESIAN_POINT('',(-15.618090871099,-5.60750011800002,1.981318636581));
#5257=CARTESIAN_POINT('',(-15.618090871099,-3.33750011800011,1.981318636581));
#5258=CARTESIAN_POINT('',(-15.681821876239,-3.33750011800011,2.18596711372054));
#5259=CARTESIAN_POINT('',(-15.618090871099,-3.33750011800011,1.981318636581));
#5260=CARTESIAN_POINT('',(-15.618090871099,-3.1875001180001,1.981318636581));
#5261=CARTESIAN_POINT('',(-15.618090871099,-3.33750011800011,1.981318636581));
#5262=CARTESIAN_POINT('',(-15.618090871099,-3.18750011800011,1.190000228));
#5263=CARTESIAN_POINT('',(-15.618090871099,-3.1875001180001,2.50844738992864));
#5264=CARTESIAN_POINT('',(-15.618090871099,-3.18750011800011,1.981318636581));
#5265=CARTESIAN_POINT('',(-15.0674212020078,-3.18750011800011,0.213047307126149));
#5266=CARTESIAN_POINT('',(-14.9756777935083,-3.18750011800011,-0.0815526100692299));
#5267=CARTESIAN_POINT('',(-15.618090871099,-3.18750011800011,-0.08155261006923));
#5268=CARTESIAN_POINT('',(-12.6799999977822,-3.18750011800013,-0.0815526100692298));
#5269=CARTESIAN_POINT('',(-12.6799999977822,-3.18750011800012,0.36844738993077));
#5270=CARTESIAN_POINT('',(-12.6799999977822,-3.18750011800012,3.8030926079472));
#5271=CARTESIAN_POINT('',(-18.88,-3.18750011800008,3.8030926079472));
#5272=CARTESIAN_POINT('',(-15.4336671357716,-3.1875001180001,3.8030926079472));
#5273=CARTESIAN_POINT('',(-19.2429192246338,-3.18750011800008,1.92679898971268));
#5274=CARTESIAN_POINT('',(-16.177909361099,-3.1875001180001,3.43650701444305));
#5275=CARTESIAN_POINT('',(-16.177909361099,-3.1875001180001,1.190000228));
#5276=CARTESIAN_POINT('',(-16.177909361099,-3.1875001180001,2.50844738992946));
#5277=CARTESIAN_POINT('',(-16.1779093610988,-3.1875001180001,2.50844738992946));
#5278=CARTESIAN_POINT('',(-18.88,-3.18750011800009,1.190000228));
#5279=CARTESIAN_POINT('',(-12.6799999979737,-0.617500118000131,-0.08155261006923));
#5280=CARTESIAN_POINT('',(-12.6799999979737,-0.617500118000131,-0.0815526100692301));
#5281=CARTESIAN_POINT('',(-14.9756777935083,-0.617500118000118,-0.0815526100692302));
#5282=CARTESIAN_POINT('',(-15.4748747847603,-0.617500118000114,1.52143331221338));
#5283=CARTESIAN_POINT('',(-15.618090871099,-0.617500118000112,1.981318636581));
#5284=CARTESIAN_POINT('',(-15.618090871099,-0.617500118000113,1.190000228));
#5285=CARTESIAN_POINT('',(-15.618090871099,-0.617500118000112,2.50844738992864));
#5286=CARTESIAN_POINT('',(-15.6180908710988,-0.617500118000112,2.50844738992864));
#5287=CARTESIAN_POINT('',(-16.177909361099,-0.617500118000109,2.50844738992946));
#5288=CARTESIAN_POINT('',(-16.177909361099,-0.61750011800011,1.190000228));
#5289=CARTESIAN_POINT('',(-16.177909361099,-0.617500118000108,3.14054693101926));
#5290=CARTESIAN_POINT('',(-19.1256033581439,-0.617500118000093,1.68862426847487));
#5291=CARTESIAN_POINT('',(-14.8328088505621,-0.617500118000115,3.8030926079472));
#5292=CARTESIAN_POINT('',(-18.88,-0.617500118000092,3.8030926079472));
#5293=CARTESIAN_POINT('',(-12.6799999979737,-0.617500118000127,3.8030926079472));
#5294=CARTESIAN_POINT('',(-12.6799999979737,-0.617500118000127,3.9530926079472));
#5295=CARTESIAN_POINT('',(-18.88,-0.617500118000095,1.190000228));
#5296=CARTESIAN_POINT('',(-15.2143336267229,-0.750074851575227,3.78124497067008));
#5297=CARTESIAN_POINT('',(-14.8986402716445,-0.750074851575229,3.93674358657545));
#5298=CARTESIAN_POINT('',(-16.2437407821814,-0.750074851575222,3.27419790964751));
#5299=CARTESIAN_POINT('',(-16.2437407821814,-3.39755296830886,3.61937317144978));
#5300=CARTESIAN_POINT('',(-16.2437407821814,-3.02007485157521,3.5701579930713));
#5301=CARTESIAN_POINT('',(-15.3316494932129,-3.02007485157522,4.01941969190788));
#5302=CARTESIAN_POINT('',(-15.499498556854,-3.02007485157522,3.93674358657545));
#5303=CARTESIAN_POINT('',(-15.5689810547845,-3.28257480237042,3.93674358657545));
#5304=CARTESIAN_POINT('',(-15.3482354894823,-3.34100511154889,4.0530925884744));
#5305=CARTESIAN_POINT('',(-12.6799999977822,-3.03750011800013,-0.23155261006923));
#5306=CARTESIAN_POINT('',(-12.6799999977822,-3.03750011800013,-0.23155261006923));
#5307=CARTESIAN_POINT('',(-14.9756777935083,-3.03750011800011,-0.23155261006923));
#5308=CARTESIAN_POINT('',(-14.9756777935083,8.3524737550005,-0.23155261006923));
#5309=CARTESIAN_POINT('',(-14.9756777935083,-0.767500118000119,-0.23155261006923));
#5310=CARTESIAN_POINT('',(-15.618090871099,-0.767500118000114,-0.23155261006923));
#5311=CARTESIAN_POINT('',(-12.6799999979737,-0.767500118000132,-0.23155261006923));
#5312=CARTESIAN_POINT('',(-12.6799999987431,8.35247375579255,-0.23155261006923));
#5313=CARTESIAN_POINT('',(-22.068090870547,8.3524737550005,-0.23155261006923));
#5314=CARTESIAN_POINT('',(-15.768090871099,-0.767500118000112,2.5084473899308));
#5315=CARTESIAN_POINT('',(-15.768090871099,-0.767500118000112,2.20844738992908));
#5316=CARTESIAN_POINT('',(-15.768090871099,-0.767500118000113,1.981318636581));
#5317=CARTESIAN_POINT('',(-15.768090871099,-3.03750011800011,1.981318636581));
#5318=CARTESIAN_POINT('',(-15.768090871099,-3.03750011800011,1.981318636581));
#5319=CARTESIAN_POINT('',(-15.768090871099,-3.0375001180001,2.5084473899308));
#5320=CARTESIAN_POINT('',(-15.768090871099,-3.0375001180001,2.20844738992908));
#5321=CARTESIAN_POINT('',(-15.768090871099,-3.1875001180001,2.20844738992908));
#5322=CARTESIAN_POINT('',(-15.768090871099,-3.1875001180001,2.5084473899308));
#5323=CARTESIAN_POINT('',(-15.618090871099,-0.767500118000112,1.981318636581));
#5324=CARTESIAN_POINT('',(-15.618090871099,-0.767500118000112,2.50844738992864));
#5325=CARTESIAN_POINT('',(-15.618090871099,-0.767500118000113,1.190000228));
#5326=CARTESIAN_POINT('',(-15.618090871099,-3.03750011800011,1.981318636581));
#5327=CARTESIAN_POINT('',(-15.618090871099,-3.0375001180001,2.50844738992864));
#5328=CARTESIAN_POINT('',(-15.618090871099,-3.0375001180001,2.5084473899308));
#5329=CARTESIAN_POINT('',(-16.177909361099,-3.0375001180001,3.43650701444305));
#5330=CARTESIAN_POINT('',(-16.327909361099,-3.0375001180001,3.43650701444305));
#5331=CARTESIAN_POINT('',(-16.327909361099,-3.0375001180001,2.5084473899308));
#5332=CARTESIAN_POINT('',(-16.327909361099,-3.0375001180001,2.50844738992946));
#5333=CARTESIAN_POINT('',(-16.177909361099,-3.0375001180001,2.50844738992946));
#5334=CARTESIAN_POINT('',(-16.177909361099,-3.0375001180001,2.5084473899308));
#5335=CARTESIAN_POINT('',(-16.177909361099,-3.0375001180001,2.50844738992946));
#5336=CARTESIAN_POINT('',(-16.1779093610992,-3.0375001180001,2.35844738992946));
#5337=CARTESIAN_POINT('',(-15.618090871099,-3.0375001180001,2.35844738992864));
#5338=CARTESIAN_POINT('',(-15.9180908710988,-3.0375001180001,2.35844738992908));
#5339=CARTESIAN_POINT('',(-15.618090871099,-3.0375001180001,2.50844738992864));
#5340=CARTESIAN_POINT('',(-18.8799999999981,-3.03750011800009,2.50844738993344));
#5341=CARTESIAN_POINT('',(-15.618090871099,-0.767500118000112,2.50844738992864));
#5342=CARTESIAN_POINT('',(-15.9180908710988,-0.76750011800011,2.35844738992908));
#5343=CARTESIAN_POINT('',(-16.177909361099,-0.767500118000109,2.35844738992946));
#5344=CARTESIAN_POINT('',(-16.1779093610992,-0.767500118000109,2.35844738992946));
#5345=CARTESIAN_POINT('',(-16.177909361099,-0.767500118000109,2.50844738992946));
#5346=CARTESIAN_POINT('',(-13.5559790201338,-0.767500118000124,2.5084473899256));
#5347=CARTESIAN_POINT('',(-14.9756777935083,-0.767500118000118,-0.08155261006923));
#5348=CARTESIAN_POINT('',(-12.6799999979737,-0.767500118000131,-0.08155261006923));
#5349=CARTESIAN_POINT('',(-18.88,-0.767500118000096,-0.08155261006923));
#5350=CARTESIAN_POINT('',(-14.9756777935083,-3.03750011800012,-0.08155261006923));
#5351=CARTESIAN_POINT('',(-12.6799999977822,-3.03750011800013,-0.08155261006923));
#5352=CARTESIAN_POINT('',(-22.068090870547,-3.03750011800008,-0.08155261006923));
#5353=CARTESIAN_POINT('',(-15.918090871099,-0.767500118000112,2.20844738992908));
#5354=CARTESIAN_POINT('',(-15.9180908710988,-0.767500118000111,2.35844738992908));
#5355=CARTESIAN_POINT('',(-15.768090871099,-0.767500118000111,2.35844738992886));
#5356=CARTESIAN_POINT('',(-15.768090871099,-0.767500118000111,2.20844738992908));
#5357=CARTESIAN_POINT('',(-15.918090870917,-0.757682542491341,2.35844738992908));
#5358=CARTESIAN_POINT('',(-15.7680911837917,-0.767535020797765,2.35844707724432));
#5359=CARTESIAN_POINT('',(-15.768090871099,-0.757682542491341,2.20844739011088));
#5360=CARTESIAN_POINT('',(-15.9161570379014,-0.747865389494246,2.35941430652779));
#5361=CARTESIAN_POINT('',(-15.7691512797118,-0.767446036655244,2.35738698131606));
#5362=CARTESIAN_POINT('',(-15.7671239545003,-0.747865389494248,2.2103812231265));
#5363=CARTESIAN_POINT('',(-15.9084958725381,-0.728607749901138,2.36324488920939));
#5364=CARTESIAN_POINT('',(-15.7720195225044,-0.763312304217722,2.35451873852344));
#5365=CARTESIAN_POINT('',(-15.7632933718187,-0.728607749901138,2.21804238848971));
#5366=CARTESIAN_POINT('',(-15.9027686903384,-0.719167754594777,2.36610848030923));
#5367=CARTESIAN_POINT('',(-15.7737192632141,-0.759325641434498,2.35281899781375));
#5368=CARTESIAN_POINT('',(-15.7604297807188,-0.719167754594771,2.22376957068941));
#5369=CARTESIAN_POINT('',(-15.8877407713659,-0.70102745169592,2.37362243979547));
#5370=CARTESIAN_POINT('',(-15.775005179174,-0.746601132504935,2.35153308185394));
#5371=CARTESIAN_POINT('',(-15.7529158212326,-0.701027451695925,2.23879748966191));
#5372=CARTESIAN_POINT('',(-15.8784403353694,-0.69232750532629,2.37827265779374));
#5373=CARTESIAN_POINT('',(-15.774620129492,-0.738154854026643,2.35191813153581));
#5374=CARTESIAN_POINT('',(-15.7482656032343,-0.692327505326271,2.24809792565846));
#5375=CARTESIAN_POINT('',(-15.8566231742098,-0.676001660768054,2.38918123837351));
#5376=CARTESIAN_POINT('',(-15.7699433164441,-0.718673844621138,2.35659494458389));
#5377=CARTESIAN_POINT('',(-15.7373570226545,-0.676001660768073,2.26991508681803));
#5378=CARTESIAN_POINT('',(-15.8441068974958,-0.668376096842629,2.39543937673049));
#5379=CARTESIAN_POINT('',(-15.7658205127415,-0.707828886771198,2.36071774828637));
#5380=CARTESIAN_POINT('',(-15.7310988842975,-0.668376096842638,2.28243136353201));
#5381=CARTESIAN_POINT('',(-15.8163389134138,-0.654492104801632,2.40932336877145));
#5382=CARTESIAN_POINT('',(-15.7534733147837,-0.686221393239205,2.37306494624404));
#5383=CARTESIAN_POINT('',(-15.7172148922565,-0.654492104801622,2.31019934761396));
#5384=CARTESIAN_POINT('',(-15.8010877907901,-0.648233968190964,2.41694893008328));
#5385=CARTESIAN_POINT('',(-15.7454053330505,-0.675448960204302,2.38113292797726));
#5386=CARTESIAN_POINT('',(-15.7095893309446,-0.648233968190951,2.32545047023765));
#5387=CARTESIAN_POINT('',(-15.7684360912194,-0.637325384118497,2.43327477986861));
#5388=CARTESIAN_POINT('',(-15.7259231063273,-0.655979671279531,2.40061515470053));
#5389=CARTESIAN_POINT('',(-15.6932634811593,-0.63732538411851,2.35810216980835));
#5390=CARTESIAN_POINT('',(-15.7510362148856,-0.632675170181661,2.44197471803547));
#5391=CARTESIAN_POINT('',(-15.7145583603345,-0.647151953536263,2.41197990069313));
#5392=CARTESIAN_POINT('',(-15.6845635429923,-0.632675170181638,2.37550204614211));
#5393=CARTESIAN_POINT('',(-15.6966152726541,-0.621404224006937,2.46918518915119));
#5394=CARTESIAN_POINT('',(-15.6775873725029,-0.625830497611781,2.448950888525));
#5395=CARTESIAN_POINT('',(-15.6573530718767,-0.621404224006982,2.42992298837362));
#5396=CARTESIAN_POINT('',(-15.6573678323027,-0.617500118000112,2.48880890932688));
#5397=CARTESIAN_POINT('',(-15.6475464778055,-0.617453833633452,2.47899178322224));
#5398=CARTESIAN_POINT('',(-15.6377293517009,-0.617500118000112,2.46917042872503));
#5399=CARTESIAN_POINT('',(-15.618090871099,-0.617500118000112,2.50844738992864));
#5400=CARTESIAN_POINT('',(-15.618090871099,-0.617500118000112,2.50844738992864));
#5401=CARTESIAN_POINT('',(-15.618090871099,-0.617500118000112,2.50844738992864));
#5402=CARTESIAN_POINT('',(-15.918090871099,-3.0375001180001,2.20844738992908));
#5403=CARTESIAN_POINT('',(-15.9180908710988,-3.25751318204175,2.35844738992908));
#5404=CARTESIAN_POINT('',(-15.918090871099,-3.25751318204175,2.20844738992908));
#5405=CARTESIAN_POINT('',(-15.618090871099,-3.1875001180001,2.50844738992864));
#5406=CARTESIAN_POINT('',(-15.618090871099,-3.1875001180001,2.50844738992864));
#5407=CARTESIAN_POINT('',(-15.618090871099,-3.1875001180001,2.50844738992864));
#5408=CARTESIAN_POINT('',(-15.6573678323027,-3.1875001180001,2.48880890932674));
#5409=CARTESIAN_POINT('',(-15.6475464778054,-3.18754640236678,2.47899178322214));
#5410=CARTESIAN_POINT('',(-15.6377293517009,-3.1875001180001,2.46917042872501));
#5411=CARTESIAN_POINT('',(-15.696615272654,-3.18359601199328,2.46918518915119));
#5412=CARTESIAN_POINT('',(-15.6775873725029,-3.17916973838843,2.44895088852501));
#5413=CARTESIAN_POINT('',(-15.6573530718766,-3.18359601199327,2.42992298837362));
#5414=CARTESIAN_POINT('',(-15.7510362148856,-3.17232506581856,2.44197471803547));
#5415=CARTESIAN_POINT('',(-15.7145583603345,-3.15784828246396,2.41197990069313));
#5416=CARTESIAN_POINT('',(-15.6845635429923,-3.17232506581856,2.37550204614211));
#5417=CARTESIAN_POINT('',(-15.7684360912194,-3.16767485188172,2.43327477986861));
#5418=CARTESIAN_POINT('',(-15.7259231063273,-3.14902056472067,2.40061515470054));
#5419=CARTESIAN_POINT('',(-15.6932634811592,-3.16767485188173,2.35810216980835));
#5420=CARTESIAN_POINT('',(-15.8010877907901,-3.15676626780925,2.41694893008328));
#5421=CARTESIAN_POINT('',(-15.7454053330506,-3.12955127579593,2.38113292797726));
#5422=CARTESIAN_POINT('',(-15.7095893309446,-3.15676626780925,2.32545047023766));
#5423=CARTESIAN_POINT('',(-15.8163389134138,-3.15050813119858,2.40932336877145));
#5424=CARTESIAN_POINT('',(-15.7534733147837,-3.11877884276101,2.37306494624403));
#5425=CARTESIAN_POINT('',(-15.7172148922565,-3.15050813119861,2.31019934761397));
#5426=CARTESIAN_POINT('',(-15.8441068974958,-3.13662413915759,2.39543937673049));
#5427=CARTESIAN_POINT('',(-15.7658205127416,-3.09717134922902,2.36071774828638));
#5428=CARTESIAN_POINT('',(-15.7310988842975,-3.13662413915756,2.28243136353201));
#5429=CARTESIAN_POINT('',(-15.8566231742098,-3.12899857523216,2.38918123837351));
#5430=CARTESIAN_POINT('',(-15.769943316444,-3.08632639137907,2.35659494458389));
#5431=CARTESIAN_POINT('',(-15.7373570226545,-3.12899857523216,2.26991508681804));
#5432=CARTESIAN_POINT('',(-15.8784403353694,-3.11267273067392,2.37827265779374));
#5433=CARTESIAN_POINT('',(-15.774620129492,-3.06684538197358,2.35191813153581));
#5434=CARTESIAN_POINT('',(-15.7482656032343,-3.11267273067393,2.24809792565845));
#5435=CARTESIAN_POINT('',(-15.8877407713659,-3.10397278430429,2.37362243979547));
#5436=CARTESIAN_POINT('',(-15.7750051791739,-3.05839910349528,2.35153308185395));
#5437=CARTESIAN_POINT('',(-15.7529158212326,-3.1039727843043,2.23879748966191));
#5438=CARTESIAN_POINT('',(-15.9027686903385,-3.08583248140544,2.36610848030924));
#5439=CARTESIAN_POINT('',(-15.7737192632141,-3.04567459456572,2.35281899781374));
#5440=CARTESIAN_POINT('',(-15.7604297807188,-3.08583248140544,2.22376957068941));
#5441=CARTESIAN_POINT('',(-15.9084958725382,-3.07639248609908,2.36324488920939));
#5442=CARTESIAN_POINT('',(-15.7720195225044,-3.04168793178248,2.35451873852347));
#5443=CARTESIAN_POINT('',(-15.7632933718187,-3.07639248609908,2.21804238848971));
#5444=CARTESIAN_POINT('',(-15.9161570379013,-3.05713484650597,2.35941430652779));
#5445=CARTESIAN_POINT('',(-15.7691512797118,-3.03755419934499,2.35738698131603));
#5446=CARTESIAN_POINT('',(-15.7671239545003,-3.05713484650597,2.2103812231265));
#5447=CARTESIAN_POINT('',(-15.918090870917,-3.04731769350887,2.35844738992908));
#5448=CARTESIAN_POINT('',(-15.7680911837917,-3.03746521520203,2.35844707724467));
#5449=CARTESIAN_POINT('',(-15.768090871099,-3.04731769350887,2.20844739011088));
#5450=CARTESIAN_POINT('',(-15.9180908710988,-3.03750011800011,2.35844738992908));
#5451=CARTESIAN_POINT('',(-15.768090871099,-3.03750011800011,2.35844738992886));
#5452=CARTESIAN_POINT('',(-15.768090871099,-3.0375001180001,2.20844738992908));
#5453=CARTESIAN_POINT('',(-16.177909361099,-0.767500118000108,3.14054693101926));
#5454=CARTESIAN_POINT('',(-16.327909361099,-0.767500118000108,3.14054693101926));
#5455=CARTESIAN_POINT('',(-16.327909361099,-3.06601600135309,3.44022488370122));
#5456=CARTESIAN_POINT('',(-16.177909361099,-3.0375001180001,3.43650701444305));
#5457=CARTESIAN_POINT('',(-16.177909361099,-3.06601600135309,3.44022488370122));
#5458=CARTESIAN_POINT('',(-16.177909361099,-3.0375001180001,3.43650701444305));
#5459=CARTESIAN_POINT('',(-16.177909361099,-3.0375001180001,3.43650701444305));
#5460=CARTESIAN_POINT('',(-16.177909361099,-0.767500118000108,3.14054693101926));
#5461=CARTESIAN_POINT('',(-14.8328088505621,-0.767500118000115,3.8030926079472));
#5462=CARTESIAN_POINT('',(-15.1485022056406,-0.767500118000113,3.64759399204182));
#5463=CARTESIAN_POINT('',(-12.5299999977822,-3.03750011798746,3.9530926079472));
#5464=CARTESIAN_POINT('',(-12.5299999977822,-3.03750011798746,3.8030926079472));
#5465=CARTESIAN_POINT('',(-12.5299999977822,-3.03750011798747,-0.08155261006923));
#5466=CARTESIAN_POINT('',(-12.5299999982789,2.8499999953967,-0.08155261006923));
#5467=CARTESIAN_POINT('',(-12.5299999979737,-0.767500117987477,-0.08155261006923));
#5468=CARTESIAN_POINT('',(-12.5299999979737,-0.767500117987476,0.368447389930769));
#5469=CARTESIAN_POINT('',(-12.5299999979737,-0.767500117987472,3.8030926079472));
#5470=CARTESIAN_POINT('',(-12.5299999979737,-0.767500117987472,3.8030926079472));
#5471=CARTESIAN_POINT('',(-12.5299999982789,2.84999999539671,-9.49366177184644));
#5472=CARTESIAN_POINT('',(-11.79386716979,-3.03750011800012,3.9530926079472));
#5473=CARTESIAN_POINT('',(-15.4336671357716,-3.0375001180001,3.9530926079472));
#5474=CARTESIAN_POINT('',(-12.6799999977822,-3.03750011800012,3.9530926079472));
#5475=CARTESIAN_POINT('',(-12.6799999977822,-3.03750011800012,3.9530926079472));
#5476=CARTESIAN_POINT('',(-12.6799999979737,-0.767500118000127,3.9530926079472));
#5477=CARTESIAN_POINT('',(-11.79386716979,-0.767500118000132,3.9530926079472));
#5478=CARTESIAN_POINT('',(-14.8328088505621,-0.767500118000115,3.9530926079472));
#5479=CARTESIAN_POINT('',(-15.2324518356659,-2.2773229805896,3.9530926079472));
#5480=CARTESIAN_POINT('',(-11.79386716979,-3.1875001109358,3.9530926079472));
#5481=CARTESIAN_POINT('',(-12.6799999977822,-3.03750011800012,-0.0815526100692299));
#5482=CARTESIAN_POINT('',(-12.6799999977822,-3.03750011800012,3.8030926079472));
#5483=CARTESIAN_POINT('',(-12.6799999977822,-3.03750011800013,-9.49366177184643));
#5484=CARTESIAN_POINT('',(-12.6799999979737,-0.767500118000132,-0.0815526100692299));
#5485=CARTESIAN_POINT('',(-12.6799999979737,-0.767500118000127,3.8030926079472));
#5486=CARTESIAN_POINT('',(-12.6799999979737,-0.767500118000142,-9.49366177184644));
#5487=CARTESIAN_POINT('',(-12.6799999979737,-0.767500118000132,-0.08155261006923));
#5488=CARTESIAN_POINT('',(-12.6799999979737,-0.767500118000132,-0.08155261006923));
#5489=CARTESIAN_POINT('',(-12.6799999977822,-3.03750011800013,-0.08155261006923));
#5490=CARTESIAN_POINT('',(-12.6799999982789,2.84999999538405,-0.08155261006923));
#5491=CARTESIAN_POINT('',(-12.6799999977822,-3.03750011800013,-0.08155261006923));
#5492=CARTESIAN_POINT('',(-12.6799999979737,-0.767500118000127,3.8030926079472));
#5493=CARTESIAN_POINT('',(-12.6799999977822,-3.03750011800012,3.8030926079472));
#5494=CARTESIAN_POINT('',(-12.6799999977695,-3.18750011101056,3.8030926079472));
#5495=CARTESIAN_POINT('',(-12.6799999979737,-0.767500118000127,3.8030926079472));
#5496=CARTESIAN_POINT('',(-12.6799999979737,-0.767500118000127,3.8030926079472));
#5497=CARTESIAN_POINT('',(-12.6799999977822,-3.03750011800012,3.8030926079472));
#5498=CARTESIAN_POINT('',(-12.6799999977822,-3.03750011800012,3.8030926079472));
#5499=CARTESIAN_POINT('',(-14.8328088505621,-0.767500118000115,3.8030926079472));
#5500=CARTESIAN_POINT('',(-11.79386716979,-0.767500118000132,3.8030926079472));
#5501=CARTESIAN_POINT('',(-15.4336671357716,-3.0375001180001,3.8030926079472));
#5502=CARTESIAN_POINT('',(-19.2429192246338,-3.03750011800008,1.92679898971268));
#5503=CARTESIAN_POINT('',(-15.4336671357716,-3.0375001180001,3.8030926079472));
#5504=CARTESIAN_POINT('',(-18.88,-3.03750011800008,3.8030926079472));
#5505=CARTESIAN_POINT('',(-14.8328088505621,-0.767500118000115,3.8030926079472));
#5506=CARTESIAN_POINT('',(-14.8328088505621,-0.767500118000115,3.8030926079472));
#5507=CARTESIAN_POINT('',(-15.4336671357716,-3.0375001180001,3.8030926079472));
#5508=CARTESIAN_POINT('',(-15.4336671357716,-3.0375001180001,3.8030926079472));
#5509=CARTESIAN_POINT('',(-15.5031496337021,-3.30000006879531,3.8030926079472));
#5510=CARTESIAN_POINT('',(-15.7613069574377,-0.767500118000112,1.93671871938562));
#5511=CARTESIAN_POINT('',(-15.7613069574377,-3.03750011800011,1.93671871938562));
#5512=CARTESIAN_POINT('',(-15.7613069574377,-0.767500118000112,1.93671871938562));
#5513=CARTESIAN_POINT('',(-15.2106372883465,-0.767500118000117,0.168447389930771));
#5514=CARTESIAN_POINT('',(-15.1188938798469,-0.767500118000119,-0.126152527264609));
#5515=CARTESIAN_POINT('',(-15.1188938798469,-7.11250011831938,-0.126152527264609));
#5516=CARTESIAN_POINT('',(-15.1188938798469,-3.03750011800011,-0.126152527264609));
#5517=CARTESIAN_POINT('',(-15.618090871099,-3.03750011800011,1.476833395018));
#5518=CARTESIAN_POINT('',(-15.4634566901001,-7.11250011831938,0.980283096060489));
#5519=CARTESIAN_POINT('',(-16.177909361099,-0.767500118000109,2.50844738992946));
#5520=CARTESIAN_POINT('',(-16.327909361099,-0.767500118000109,2.50844738992946));
#5521=CARTESIAN_POINT('',(-16.1779093610992,-3.0375001180001,2.35844738992946));
#5522=CARTESIAN_POINT('',(-16.177909361099,-3.0375001180001,2.50844738992946));
#5523=CARTESIAN_POINT('',(-16.327909361099,-0.767500118000109,2.50844738992946));
#5524=CARTESIAN_POINT('',(-16.177909361099,-3.25751318204175,2.50844738992946));
#5525=CARTESIAN_POINT('',(-16.177909361099,-0.767500118000109,2.50844738992946));
#5526=CARTESIAN_POINT('',(-16.327909361099,-0.767500118000109,2.5084473899308));
#5527=CARTESIAN_POINT('',(-16.177909361099,-0.767500118000108,3.14054693101926));
#5528=CARTESIAN_POINT('',(-16.177909361099,-0.76750011800011,1.190000228));
#5529=CARTESIAN_POINT('',(-16.177909361099,-3.0375001180001,2.50844738992946));
#5530=CARTESIAN_POINT('',(-16.177909361099,-0.767500118000109,2.50844738992946));
#5531=CARTESIAN_POINT('',(-13.5559790201341,-3.25751318204175,2.3584473899256));
#5532=CARTESIAN_POINT('',(-16.327909361099,-3.1875001180001,2.5084473899308));
#5533=CARTESIAN_POINT('',(-16.177909361099,-0.767500118000108,3.14054693101926));
#5534=CARTESIAN_POINT('',(-14.9756777935083,-3.03750011800011,-0.0815526100692301));
#5535=CARTESIAN_POINT('',(-14.9756777935083,-3.03750011800011,-0.0815526100692301));
#5536=CARTESIAN_POINT('',(-14.9756777935083,-3.03750011800011,-0.0815526100692301));
#5537=CARTESIAN_POINT('',(-14.9756777935083,-0.767500118000119,-0.0815526100692301));
#5538=CARTESIAN_POINT('',(-14.9756777935083,8.3524737550005,-0.0815526100692301));
#5539=CARTESIAN_POINT('',(-15.618090871099,-3.03750011800011,1.981318636581));
#5540=CARTESIAN_POINT('',(-15.3202406037614,-3.03750011800011,1.02488301325586));
#5541=CARTESIAN_POINT('',(-14.9756777935083,-0.767500118000118,-0.0815526100692303));
#5542=CARTESIAN_POINT('',(-14.9756777935083,-0.767500118000119,-0.0815526100692301));
#5543=CARTESIAN_POINT('',(-15.618090871099,-3.03750011800011,1.981318636581));
#5544=CARTESIAN_POINT('',(-15.618090871099,-3.03750011800011,1.981318636581));
#5545=CARTESIAN_POINT('',(-15.618090871099,-0.767500118000112,1.981318636581));
#5546=CARTESIAN_POINT('',(-15.681821876239,-0.767500118000112,2.18596711372054));
#5547=CARTESIAN_POINT('',(-15.618090871099,-0.767500118000112,1.981318636581));
#5548=CARTESIAN_POINT('',(-15.618090871099,-3.1875001180001,1.981318636581));
#5549=CARTESIAN_POINT('',(-15.618090871099,-0.767500118000112,1.981318636581));
#5550=CARTESIAN_POINT('',(-15.6180908710988,0.749999998682314,2.35844738992864));
#5551=CARTESIAN_POINT('',(-15.6180908711241,1.04999999868231,2.35844738992864));
#5552=CARTESIAN_POINT('',(-15.9180908710988,0.749999998682314,2.35844738992908));
#5553=CARTESIAN_POINT('',(-15.9180908710988,-3.25751318204175,2.35844738992908));
#5554=CARTESIAN_POINT('',(-15.9180908710988,-0.46750011800011,2.35844738992908));
#5555=CARTESIAN_POINT('',(-15.618090871099,-0.467500118000112,2.35844738992864));
#5556=CARTESIAN_POINT('',(-16.1779093610992,-0.467500118000109,2.35844738992946));
#5557=CARTESIAN_POINT('',(-16.1779093610992,-0.467500118000109,2.35844738992946));
#5558=CARTESIAN_POINT('',(-16.1779093610992,1.21474086863508,2.35844738992946));
#5559=CARTESIAN_POINT('',(-13.5559790205114,1.21474086885629,2.3584473899256));
#5560=CARTESIAN_POINT('',(-12.6799999981412,1.21474086893019,2.35844738992431));
#5561=CARTESIAN_POINT('',(-12.6799999977638,-3.25751318196785,2.35844738992431));
#5562=CARTESIAN_POINT('',(-12.6799999981273,1.04999999893019,2.35844738992431));
#5563=CARTESIAN_POINT('',(-12.679999998127,1.04999999893019,2.35844738992431));
#5564=CARTESIAN_POINT('',(-13.5559790201341,-3.25751318204175,2.3584473899256));
#5565=CARTESIAN_POINT('',(-9.24073932344636,1.36474086922036,2.50844738991924));
#5566=CARTESIAN_POINT('',(-12.6799999981536,1.36474086893019,2.50844738992431));
#5567=CARTESIAN_POINT('',(-16.1779093611116,1.36474086863508,2.50844738992946));
#5568=CARTESIAN_POINT('',(-16.1779093611116,1.36474086863508,2.35844738992968));
#5569=CARTESIAN_POINT('',(-16.1779093611116,1.36474086863508,3.5123034182498));
#5570=CARTESIAN_POINT('',(-16.1357733721148,1.36474086863864,3.52330115501141));
#5571=CARTESIAN_POINT('',(-14.7651234298124,1.36474086875428,3.8810487151528));
#5572=CARTESIAN_POINT('',(-14.8510783502394,1.36474086874702,3.8810487151528));
#5573=CARTESIAN_POINT('',(-12.6799999981536,1.36474086893019,3.8810487151528));
#5574=CARTESIAN_POINT('',(-12.6799999981536,1.36474086893019,-13.1264617718451));
#5575=CARTESIAN_POINT('',(-9.24073932346939,1.36474086922036,-13.1264617718451));
#5576=CARTESIAN_POINT('',(-15.618090871099,-0.617500118000113,1.190000228));
#5577=CARTESIAN_POINT('',(-15.618090871099,-0.617500118000112,2.50844738992864));
#5578=CARTESIAN_POINT('',(-15.618090871099,-0.617500118000112,1.981318636581));
#5579=CARTESIAN_POINT('',(-15.0674212020078,-0.617500118000118,0.213047307126148));
#5580=CARTESIAN_POINT('',(-14.9756777935083,-0.617500118000118,-0.0815526100692299));
#5581=CARTESIAN_POINT('',(-15.618090871099,-0.617500118000114,-0.0815526100692301));
#5582=CARTESIAN_POINT('',(-12.679999997999,-0.617500118000131,-0.0815526100692299));
#5583=CARTESIAN_POINT('',(-12.679999997999,-0.617500118000131,0.368447389930769));
#5584=CARTESIAN_POINT('',(-12.679999997999,-0.617500118000127,3.8810487151528));
#5585=CARTESIAN_POINT('',(-18.88,-0.617500118000092,3.8810487151528));
#5586=CARTESIAN_POINT('',(-14.0548280016513,-0.617500118000119,3.8810487151528));
#5587=CARTESIAN_POINT('',(-19.2298368196896,-0.617500118000092,2.53034149140491));
#5588=CARTESIAN_POINT('',(-16.177909361099,-0.617500118000108,3.3269122045415));
#5589=CARTESIAN_POINT('',(-16.177909361099,-0.61750011800011,1.190000228));
#5590=CARTESIAN_POINT('',(-16.177909361099,-0.617500118000109,2.50844738992946));
#5591=CARTESIAN_POINT('',(-16.1779093610988,-0.617500118000109,2.50844738992946));
#5592=CARTESIAN_POINT('',(-18.88,-0.617500118000095,1.190000228));
#5593=CARTESIAN_POINT('',(-12.679999997999,-0.467500118000131,-0.23155261006923));
#5594=CARTESIAN_POINT('',(-12.679999997999,-0.467500118000131,-0.23155261006923));
#5595=CARTESIAN_POINT('',(-14.9756777935083,-0.467500118000118,-0.23155261006923));
#5596=CARTESIAN_POINT('',(-14.9756777935083,8.3524737550005,-0.23155261006923));
#5597=CARTESIAN_POINT('',(-14.9756777935083,0.749999998736513,-0.23155261006923));
#5598=CARTESIAN_POINT('',(-22.0680908699056,0.749999998138142,-0.23155261006923));
#5599=CARTESIAN_POINT('',(-12.6799999981017,0.749999998930195,-0.23155261006923));
#5600=CARTESIAN_POINT('',(-12.6799999987431,8.35247375579255,-0.23155261006923));
#5601=CARTESIAN_POINT('',(-22.068090870547,8.3524737550005,-0.23155261006923));
#5602=CARTESIAN_POINT('',(-9.24073932343018,0.899999999220358,-0.0815526100692301));
#5603=CARTESIAN_POINT('',(-12.6799999981144,0.899999998930194,-0.08155261006923));
#5604=CARTESIAN_POINT('',(-14.9756777935209,0.899999998736513,-0.08155261006923));
#5605=CARTESIAN_POINT('',(-10.7654087059674,0.899999999091725,-13.6012696649381));
#5606=CARTESIAN_POINT('',(-15.6180908711117,0.899999998682314,1.98131863658099));
#5607=CARTESIAN_POINT('',(-15.6180908711117,0.899999998682314,0.368447389930769));
#5608=CARTESIAN_POINT('',(-15.6180908711117,0.899999998682314,2.20844738992886));
#5609=CARTESIAN_POINT('',(-15.6180908711119,0.899999998682314,2.20844738992864));
#5610=CARTESIAN_POINT('',(-12.6799999981144,0.899999998930194,2.20844738992431));
#5611=CARTESIAN_POINT('',(-12.6799999981144,0.899999998930195,-13.1264617718451));
#5612=CARTESIAN_POINT('',(-9.24073932343018,0.899999999220358,-13.1264617718451));
#5613=CARTESIAN_POINT('',(-15.768090871099,0.749999998682314,2.35844738992886));
#5614=CARTESIAN_POINT('',(-15.768090871099,0.749999998682314,2.20844738992908));
#5615=CARTESIAN_POINT('',(-15.768090871099,0.749999998682314,1.981318636581));
#5616=CARTESIAN_POINT('',(-15.768090871099,-0.467500118000113,1.981318636581));
#5617=CARTESIAN_POINT('',(-15.768090871099,-0.467500118000113,1.981318636581));
#5618=CARTESIAN_POINT('',(-15.768090871099,-0.467500118000112,2.50844738993079));
#5619=CARTESIAN_POINT('',(-15.768090871099,-0.467500118000113,2.20844738992908));
#5620=CARTESIAN_POINT('',(-15.768090871099,-3.1875001180001,2.20844738992908));
#5621=CARTESIAN_POINT('',(-15.768090871099,-3.1875001180001,2.5084473899308));
#5622=CARTESIAN_POINT('',(-15.618090871099,0.749999998682314,1.981318636581));
#5623=CARTESIAN_POINT('',(-15.618090871099,0.749999998682314,2.20844738992886));
#5624=CARTESIAN_POINT('',(-15.618090871099,0.749999998682315,-13.1264617718451));
#5625=CARTESIAN_POINT('',(-15.618090871099,-0.467500118000113,1.981318636581));
#5626=CARTESIAN_POINT('',(-15.618090871099,-0.467500118000112,2.50844738992864));
#5627=CARTESIAN_POINT('',(-15.618090871099,-0.467500118000112,2.50844738993079));
#5628=CARTESIAN_POINT('',(-16.177909361099,-0.467500118000108,3.3269122045415));
#5629=CARTESIAN_POINT('',(-16.327909361099,-0.467500118000108,3.3269122045415));
#5630=CARTESIAN_POINT('',(-16.327909361099,-0.467500118000109,2.50844738993079));
#5631=CARTESIAN_POINT('',(-16.327909361099,-0.467500118000109,2.50844738992946));
#5632=CARTESIAN_POINT('',(-16.177909361099,-0.467500118000109,2.50844738992946));
#5633=CARTESIAN_POINT('',(-16.177909361099,-0.467500118000109,2.50844738993079));
#5634=CARTESIAN_POINT('',(-16.177909361099,1.21474086863508,2.50844738992946));
#5635=CARTESIAN_POINT('',(-16.327909361099,1.21474086863508,2.50844738992946));
#5636=CARTESIAN_POINT('',(-16.327909361099,1.21474086863508,3.64558728217111));
#5637=CARTESIAN_POINT('',(-16.327909361099,1.21474086863508,3.5123034182498));
#5638=CARTESIAN_POINT('',(-16.177909361099,1.21474086863508,3.5123034182498));
#5639=CARTESIAN_POINT('',(-16.177909361099,1.21474086863508,-13.1264617718451));
#5640=CARTESIAN_POINT('',(-16.177909361099,-0.467500118000109,2.50844738992946));
#5641=CARTESIAN_POINT('',(-15.618090871099,-0.467500118000112,2.50844738992864));
#5642=CARTESIAN_POINT('',(-13.5559790201338,-0.467500118000124,2.5084473899256));
#5643=CARTESIAN_POINT('',(-16.177909361099,1.21474086863508,2.50844738992946));
#5644=CARTESIAN_POINT('',(-12.6799999981409,1.21474086893019,2.50844738992431));
#5645=CARTESIAN_POINT('',(-13.5559790205112,1.21474086885629,2.5084473899256));
#5646=CARTESIAN_POINT('',(-14.9756777935083,0.749999998736514,-0.0815526100692301));
#5647=CARTESIAN_POINT('',(-12.6799999981017,0.749999998930195,-0.0815526100692301));
#5648=CARTESIAN_POINT('',(-9.24073932341752,0.749999999220358,-0.0815526100692301));
#5649=CARTESIAN_POINT('',(-14.9756777935083,-0.467500118000118,-0.0815526100692301));
#5650=CARTESIAN_POINT('',(-12.679999997999,-0.467500118000131,-0.0815526100692301));
#5651=CARTESIAN_POINT('',(-22.068090870547,-0.467500118000078,-0.0815526100692301));
#5652=CARTESIAN_POINT('',(-15.918090871099,0.749999998682314,2.20844738992908));
#5653=CARTESIAN_POINT('',(-15.6180908711243,1.04999999868231,2.20844738992864));
#5654=CARTESIAN_POINT('',(-15.618090871099,0.749999998682314,2.20844738992864));
#5655=CARTESIAN_POINT('',(-15.918090871099,-0.467500118000113,2.20844738992908));
#5656=CARTESIAN_POINT('',(-15.918090871099,-3.25751318204175,2.20844738992908));
#5657=CARTESIAN_POINT('',(-15.618090871099,-0.617500118000112,2.50844738992864));
#5658=CARTESIAN_POINT('',(-15.618090871099,-0.617500118000112,2.50844738992864));
#5659=CARTESIAN_POINT('',(-15.618090871099,-0.617500118000112,2.50844738992864));
#5660=CARTESIAN_POINT('',(-15.6573678323027,-0.617500118000112,2.48880890932687));
#5661=CARTESIAN_POINT('',(-15.647546477806,-0.61754640236676,2.47899178322261));
#5662=CARTESIAN_POINT('',(-15.6377293517009,-0.617500118000112,2.46917042872498));
#5663=CARTESIAN_POINT('',(-15.6966152726541,-0.613596011993289,2.46918518915119));
#5664=CARTESIAN_POINT('',(-15.6775873725027,-0.609169738388405,2.44895088852495));
#5665=CARTESIAN_POINT('',(-15.6573530718765,-0.613596011993306,2.42992298837362));
#5666=CARTESIAN_POINT('',(-15.7510362148856,-0.602325065818564,2.44197471803547));
#5667=CARTESIAN_POINT('',(-15.7145583603346,-0.587848282463986,2.41197990069316));
#5668=CARTESIAN_POINT('',(-15.6845635429924,-0.602325065818555,2.37550204614211));
#5669=CARTESIAN_POINT('',(-15.7684360912194,-0.597674851881729,2.43327477986861));
#5670=CARTESIAN_POINT('',(-15.7259231063273,-0.579020564720682,2.40061515470055));
#5671=CARTESIAN_POINT('',(-15.6932634811593,-0.597674851881715,2.35810216980836));
#5672=CARTESIAN_POINT('',(-15.8010877907901,-0.586766267809258,2.41694893008327));
#5673=CARTESIAN_POINT('',(-15.7454053330505,-0.559551275795937,2.38113292797724));
#5674=CARTESIAN_POINT('',(-15.7095893309446,-0.586766267809273,2.32545047023765));
#5675=CARTESIAN_POINT('',(-15.8163389134138,-0.580508131198593,2.40932336877144));
#5676=CARTESIAN_POINT('',(-15.7534733147837,-0.548778842761021,2.37306494624403));
#5677=CARTESIAN_POINT('',(-15.7172148922565,-0.580508131198602,2.31019934761396));
#5678=CARTESIAN_POINT('',(-15.8441068974958,-0.566624139157595,2.39543937673049));
#5679=CARTESIAN_POINT('',(-15.7658205127415,-0.527171349229025,2.36071774828637));
#5680=CARTESIAN_POINT('',(-15.7310988842975,-0.566624139157586,2.282431363532));
#5681=CARTESIAN_POINT('',(-15.8566231742098,-0.558998575232169,2.38918123837351));
#5682=CARTESIAN_POINT('',(-15.769943316444,-0.516326391379078,2.35659494458387));
#5683=CARTESIAN_POINT('',(-15.7373570226545,-0.558998575232168,2.26991508681803));
#5684=CARTESIAN_POINT('',(-15.8784403353694,-0.542672730673934,2.37827265779374));
#5685=CARTESIAN_POINT('',(-15.774620129492,-0.496845381973588,2.35191813153582));
#5686=CARTESIAN_POINT('',(-15.7482656032343,-0.542672730673936,2.24809792565845));
#5687=CARTESIAN_POINT('',(-15.8877407713659,-0.533972784304306,2.37362243979547));
#5688=CARTESIAN_POINT('',(-15.7750051791739,-0.488399103495286,2.35153308185394));
#5689=CARTESIAN_POINT('',(-15.7529158212326,-0.533972784304306,2.23879748966191));
#5690=CARTESIAN_POINT('',(-15.9027686903385,-0.515832481405443,2.36610848030923));
#5691=CARTESIAN_POINT('',(-15.7737192632141,-0.475674594565727,2.35281899781374));
#5692=CARTESIAN_POINT('',(-15.7604297807188,-0.515832481405444,2.2237695706894));
#5693=CARTESIAN_POINT('',(-15.9084958725382,-0.506392486099085,2.36324488920938));
#5694=CARTESIAN_POINT('',(-15.7720195225044,-0.471687931782488,2.35451873852346));
#5695=CARTESIAN_POINT('',(-15.7632933718187,-0.506392486099086,2.2180423884897));
#5696=CARTESIAN_POINT('',(-15.9161570379013,-0.487134846505975,2.35941430652778));
#5697=CARTESIAN_POINT('',(-15.7691512797118,-0.467554199344993,2.35738698131603));
#5698=CARTESIAN_POINT('',(-15.7671239545003,-0.487134846505976,2.21038122312649));
#5699=CARTESIAN_POINT('',(-15.918090870917,-0.477317693508881,2.35844738992908));
#5700=CARTESIAN_POINT('',(-15.7680911837917,-0.467465215202037,2.35844707724466));
#5701=CARTESIAN_POINT('',(-15.768090871099,-0.477317693508882,2.20844739011088));
#5702=CARTESIAN_POINT('',(-15.9180908710988,-0.467500118000111,2.35844738992908));
#5703=CARTESIAN_POINT('',(-15.768090871099,-0.467500118000111,2.35844738992885));
#5704=CARTESIAN_POINT('',(-15.768090871099,-0.467500118000111,2.20844738992908));
#5705=CARTESIAN_POINT('',(-16.177909361099,1.21474086863508,3.5123034182498));
#5706=CARTESIAN_POINT('',(-16.2155776074904,1.19883614189921,3.65662300417371));
#5707=CARTESIAN_POINT('',(-16.327909361099,-3.24397829220764,3.02093068189384));
#5708=CARTESIAN_POINT('',(-16.177909361099,-0.467500118000108,3.3269122045415));
#5709=CARTESIAN_POINT('',(-16.2155776074904,-0.483404844735979,3.47123179046541));
#5710=CARTESIAN_POINT('',(-16.2155776074904,-0.785441816041533,3.43794583373272));
#5711=CARTESIAN_POINT('',(-16.177909361099,-3.24397829220764,3.02093068189384));
#5712=CARTESIAN_POINT('',(-16.177909361099,1.21474086863508,3.5123034182498));
#5713=CARTESIAN_POINT('',(-16.177909361099,1.21474086863508,3.5123034182498));
#5714=CARTESIAN_POINT('',(-16.177909361099,-0.467500118000108,3.3269122045415));
#5715=CARTESIAN_POINT('',(-16.177909361099,-0.467500118000108,3.3269122045415));
#5716=CARTESIAN_POINT('',(-12.529999997999,-0.467500117987472,4.0310487151528));
#5717=CARTESIAN_POINT('',(-12.529999997999,-0.467500117987472,3.8810487151528));
#5718=CARTESIAN_POINT('',(-12.529999997999,-0.467500117987476,-0.0815526100692301));
#5719=CARTESIAN_POINT('',(-12.5299999982789,2.84999999539671,-0.0815526100692301));
#5720=CARTESIAN_POINT('',(-12.5299999981017,0.74999999894285,-0.08155261006923));
#5721=CARTESIAN_POINT('',(-12.5299999981017,0.74999999894285,-9.49366177184644));
#5722=CARTESIAN_POINT('',(-12.5299999981017,0.74999999894285,2.50844738992431));
#5723=CARTESIAN_POINT('',(-12.5299999982789,2.84999999539671,2.50844738992431));
#5724=CARTESIAN_POINT('',(-12.5299999981409,1.21474086894285,2.50844738992431));
#5725=CARTESIAN_POINT('',(-12.5299999981409,1.21474086894285,-9.49366177184644));
#5726=CARTESIAN_POINT('',(-12.5299999981409,1.21474086894285,3.8810487151528));
#5727=CARTESIAN_POINT('',(-12.5299999981409,1.21474086894285,3.8810487151528));
#5728=CARTESIAN_POINT('',(-12.5299999982789,2.84999999539671,-9.49366177184644));
#5729=CARTESIAN_POINT('',(-11.293867169437,-0.467500118000135,4.0310487151528));
#5730=CARTESIAN_POINT('',(-14.0548280016513,-0.467500118000119,4.0310487151528));
#5731=CARTESIAN_POINT('',(-12.679999997999,-0.467500118000127,4.0310487151528));
#5732=CARTESIAN_POINT('',(-12.679999997999,-0.467500118000127,4.0310487151528));
#5733=CARTESIAN_POINT('',(-12.6799999981409,1.21474086893019,4.0310487151528));
#5734=CARTESIAN_POINT('',(-12.6799999981409,1.21474086893019,4.0310487151528));
#5735=CARTESIAN_POINT('',(-14.7651234297998,1.21474086875428,4.0310487151528));
#5736=CARTESIAN_POINT('',(-13.5833289505449,-1.58418339872264,4.0310487151528));
#5737=CARTESIAN_POINT('',(-11.293867169437,-0.61750011800013,4.0310487151528));
#5738=CARTESIAN_POINT('',(-14.8466106076214,1.19883614201471,4.0139313066091));
#5739=CARTESIAN_POINT('',(-14.8027916761912,1.19883614201841,4.02536830107672));
#5740=CARTESIAN_POINT('',(-14.296328466364,-0.483404844735989,3.97216691352362));
#5741=CARTESIAN_POINT('',(-14.0924962480427,-0.48340484473599,4.02536830107672));
#5742=CARTESIAN_POINT('',(-13.9940061862702,-0.71666555870915,4.02536830107672));
#5743=CARTESIAN_POINT('',(-14.2867185651805,-0.840257996498702,3.93534818442304));
#5744=CARTESIAN_POINT('',(-12.679999997999,-0.467500118000131,-0.0815526100692301));
#5745=CARTESIAN_POINT('',(-12.679999997999,-0.467500118000127,3.8810487151528));
#5746=CARTESIAN_POINT('',(-12.679999997999,-0.46750011800013,1.190000228));
#5747=CARTESIAN_POINT('',(-12.6799999981017,0.749999998930195,-0.0815526100692299));
#5748=CARTESIAN_POINT('',(-12.6799999981017,0.749999998930195,2.50844738992431));
#5749=CARTESIAN_POINT('',(-12.6799999981017,0.749999998930195,-9.49366177184644));
#5750=CARTESIAN_POINT('',(-12.6799999981409,1.21474086893019,2.50844738992431));
#5751=CARTESIAN_POINT('',(-12.6799999981409,1.21474086893019,3.8810487151528));
#5752=CARTESIAN_POINT('',(-12.6799999981409,1.21474086893019,-9.49366177184644));
#5753=CARTESIAN_POINT('',(-12.6799999981409,1.21474086893019,2.50844738992431));
#5754=CARTESIAN_POINT('',(-12.6799999981409,1.21474086893019,2.50844738992431));
#5755=CARTESIAN_POINT('',(-12.6799999981017,0.749999998930195,2.50844738992431));
#5756=CARTESIAN_POINT('',(-12.6799999982789,2.84999999538405,2.50844738992431));
#5757=CARTESIAN_POINT('',(-12.6799999981017,0.749999998930195,-0.0815526100692301));
#5758=CARTESIAN_POINT('',(-12.6799999981017,0.749999998930195,-0.08155261006923));
#5759=CARTESIAN_POINT('',(-12.679999997999,-0.467500118000131,-0.0815526100692301));
#5760=CARTESIAN_POINT('',(-12.6799999982789,2.84999999538405,-0.0815526100692301));
#5761=CARTESIAN_POINT('',(-12.679999997999,-0.467500118000131,-0.0815526100692301));
#5762=CARTESIAN_POINT('',(-12.679999998127,1.04999999893019,2.20844738992431));
#5763=CARTESIAN_POINT('',(-12.679999998127,1.0499999989302,2.35844738992431));
#5764=CARTESIAN_POINT('',(-12.6799999981144,0.899999998930195,2.35844738992431));
#5765=CARTESIAN_POINT('',(-12.6799999981144,0.899999998930195,2.20844738992431));
#5766=CARTESIAN_POINT('',(-12.6701824226183,1.04999999874922,2.35844738992431));
#5767=CARTESIAN_POINT('',(-12.6800349009242,0.900000311614099,2.35844707724109));
#5768=CARTESIAN_POINT('',(-12.6701824226056,0.899999998931024,2.20844739010612));
#5769=CARTESIAN_POINT('',(-12.660365269621,1.04806616573443,2.35941430652302));
#5770=CARTESIAN_POINT('',(-12.6799459167697,0.901060407543019,2.35738698131149));
#5771=CARTESIAN_POINT('',(-12.6603652696084,0.89903308233314,2.21038122312173));
#5772=CARTESIAN_POINT('',(-12.6411076300272,1.04040500037283,2.36324488920463));
#5773=CARTESIAN_POINT('',(-12.6758121843324,0.903928650335989,2.35451873851886));
#5774=CARTESIAN_POINT('',(-12.641107630015,0.895202499653157,2.21804238848495));
#5775=CARTESIAN_POINT('',(-12.6316676347204,1.03467781817392,2.36610848030448));
#5776=CARTESIAN_POINT('',(-12.6718255215494,0.905628391046055,2.35281899780914));
#5777=CARTESIAN_POINT('',(-12.6316676347084,0.892338908554103,2.22376957068466));
#5778=CARTESIAN_POINT('',(-12.6135273318203,1.01964989920292,2.37362243979075));
#5779=CARTESIAN_POINT('',(-12.6591010126199,0.90691430700693,2.35153308184934));
#5780=CARTESIAN_POINT('',(-12.6135273318089,0.884824949069359,2.23879748965719));
#5781=CARTESIAN_POINT('',(-12.6048273854499,1.0103494632071,2.37827265778903));
#5782=CARTESIAN_POINT('',(-12.6506547341415,0.906529257325796,2.35191813153118));
#5783=CARTESIAN_POINT('',(-12.6048273854389,0.880174731071814,2.24809792565374));
#5784=CARTESIAN_POINT('',(-12.5885015408898,0.988532302048874,2.38918123836883));
#5785=CARTESIAN_POINT('',(-12.6311737247357,0.901852444279356,2.35659494457927));
#5786=CARTESIAN_POINT('',(-12.5885015408797,0.869266150493401,2.26991508681335));
#5787=CARTESIAN_POINT('',(-12.5808759769633,0.976016025335521,2.39543937672583));
#5788=CARTESIAN_POINT('',(-12.6203287668853,0.897729640577788,2.36071774828175));
#5789=CARTESIAN_POINT('',(-12.5808759769538,0.863008012137038,2.28243136352735));
#5790=CARTESIAN_POINT('',(-12.56699198492,0.948248041254694,2.40932336876682));
#5791=CARTESIAN_POINT('',(-12.5987212733523,0.885382442621922,2.37306494623944));
#5792=CARTESIAN_POINT('',(-12.5669919849116,0.849124020097212,2.31019934760935));
#5793=CARTESIAN_POINT('',(-12.560733848308,0.932996918631514,2.41694893007868));
#5794=CARTESIAN_POINT('',(-12.5879488403167,0.877314460889585,2.38113292797269));
#5795=CARTESIAN_POINT('',(-12.5607338483003,0.841498458785885,2.32545047023306));
#5796=CARTESIAN_POINT('',(-12.5498252642328,0.900345219061681,2.43327477986405));
#5797=CARTESIAN_POINT('',(-12.5684795513903,0.857832234167928,2.40061515469598));
#5798=CARTESIAN_POINT('',(-12.5498252642264,0.82517260900143,2.3581021698038));
#5799=CARTESIAN_POINT('',(-12.5451750502945,0.882945342728296,2.44197471803094));
#5800=CARTESIAN_POINT('',(-12.559651833646,0.846467488176056,2.41197990068866));
#5801=CARTESIAN_POINT('',(-12.5451750502889,0.816472670834933,2.37550204613758));
#5802=CARTESIAN_POINT('',(-12.5339041041152,0.828524400497648,2.46918518914676));
#5803=CARTESIAN_POINT('',(-12.5383303777184,0.809496500345879,2.44895088852046));
#5804=CARTESIAN_POINT('',(-12.5339041041119,0.789262199720084,2.42992298836918));
#5805=CARTESIAN_POINT('',(-12.529999998105,0.789276960146586,2.48880890932244));
#5806=CARTESIAN_POINT('',(-12.5299537137374,0.779455605651463,2.47899178321983));
#5807=CARTESIAN_POINT('',(-12.5299999981034,0.769638479544714,2.46917042872058));
#5808=CARTESIAN_POINT('',(-12.5299999981017,0.74999999894285,2.50844738992431));
#5809=CARTESIAN_POINT('',(-12.5299999981017,0.74999999894285,2.50844738992431));
#5810=CARTESIAN_POINT('',(-12.5299999981017,0.74999999894285,2.50844738992431));
#5811=CARTESIAN_POINT('',(-13.5559790204977,1.04999999885629,2.2084473899256));
#5812=CARTESIAN_POINT('',(-12.6799999981409,1.21474086893019,3.8810487151528));
#5813=CARTESIAN_POINT('',(-12.679999997999,-0.467500118000127,3.8810487151528));
#5814=CARTESIAN_POINT('',(-12.6799999979864,-0.617500118117075,3.8810487151528));
#5815=CARTESIAN_POINT('',(-12.6799999981409,1.21474086893019,3.8810487151528));
#5816=CARTESIAN_POINT('',(-12.6799999981409,1.21474086893019,3.8810487151528));
#5817=CARTESIAN_POINT('',(-12.679999997999,-0.467500118000127,3.8810487151528));
#5818=CARTESIAN_POINT('',(-12.679999997999,-0.467500118000127,3.8810487151528));
#5819=CARTESIAN_POINT('',(-14.7651234297998,1.21474086875428,3.8810487151528));
#5820=CARTESIAN_POINT('',(-11.2938671695916,1.21474086904714,3.8810487151528));
#5821=CARTESIAN_POINT('',(-14.7651234297998,1.21474086875428,3.8810487151528));
#5822=CARTESIAN_POINT('',(-14.3039622430269,1.21474086879318,4.001414451369));
#5823=CARTESIAN_POINT('',(-14.0548280016513,-0.467500118000119,3.8810487151528));
#5824=CARTESIAN_POINT('',(-19.2298368196896,-0.467500118000092,2.53034149140491));
#5825=CARTESIAN_POINT('',(-14.0548280016513,-0.467500118000119,3.8810487151528));
#5826=CARTESIAN_POINT('',(-18.88,-0.467500118000092,3.8810487151528));
#5827=CARTESIAN_POINT('',(-14.7651234297998,1.21474086875428,3.8810487151528));
#5828=CARTESIAN_POINT('',(-14.7651234297998,1.21474086875428,3.8810487151528));
#5829=CARTESIAN_POINT('',(-14.0548280016513,-0.467500118000119,3.8810487151528));
#5830=CARTESIAN_POINT('',(-14.0548280016513,-0.467500118000119,3.8810487151528));
#5831=CARTESIAN_POINT('',(-13.9563379398787,-0.70076083197328,3.8810487151528));
#5832=CARTESIAN_POINT('',(-15.4634566901588,0.749999998707442,0.980283096248802));
#5833=CARTESIAN_POINT('',(-15.7613069574377,0.749999998682314,1.93671871938562));
#5834=CARTESIAN_POINT('',(-15.1188938798469,0.749999998736513,-0.126152527264608));
#5835=CARTESIAN_POINT('',(-15.1188938798469,-7.11250011831938,-0.126152527264608));
#5836=CARTESIAN_POINT('',(-15.1188938798469,-0.467500118000118,-0.126152527264608));
#5837=CARTESIAN_POINT('',(-15.618090871099,-0.467500118000114,1.476833395018));
#5838=CARTESIAN_POINT('',(-15.7613069574377,-0.467500118000113,1.93671871938562));
#5839=CARTESIAN_POINT('',(-15.7613069574377,0.749999998682315,1.93671871938562));
#5840=CARTESIAN_POINT('',(-15.4634566901001,-7.11250011831938,0.980283096060489));
#5841=CARTESIAN_POINT('',(-16.177909361099,1.21474086863508,2.50844738992946));
#5842=CARTESIAN_POINT('',(-16.177909361099,-0.467500118000109,2.50844738992946));
#5843=CARTESIAN_POINT('',(-16.327909361099,1.21474086863508,2.50844738992946));
#5844=CARTESIAN_POINT('',(-16.177909361099,-3.25751318204175,2.50844738992946));
#5845=CARTESIAN_POINT('',(-16.177909361099,-0.467500118000109,2.50844738992946));
#5846=CARTESIAN_POINT('',(-16.177909361099,1.21474086863508,2.50844738992946));
#5847=CARTESIAN_POINT('',(-16.327909361099,-3.1875001180001,2.5084473899308));
#5848=CARTESIAN_POINT('',(-15.618090871099,-0.467500118000113,1.981318636581));
#5849=CARTESIAN_POINT('',(-15.618090871099,-0.467500118000113,1.981318636581));
#5850=CARTESIAN_POINT('',(-15.618090871099,-0.467500118000113,1.981318636581));
#5851=CARTESIAN_POINT('',(-15.618090871099,0.749999998682314,1.981318636581));
#5852=CARTESIAN_POINT('',(-15.618090871099,-3.1875001180001,1.981318636581));
#5853=CARTESIAN_POINT('',(-14.9756777935083,-0.467500118000118,-0.0815526100692301));
#5854=CARTESIAN_POINT('',(-15.3202406037614,-0.467500118000115,1.02488301325585));
#5855=CARTESIAN_POINT('',(-15.618090871099,0.749999998682314,1.981318636581));
#5856=CARTESIAN_POINT('',(-15.618090871099,0.749999998682314,1.981318636581));
#5857=CARTESIAN_POINT('',(-14.9756777935083,-0.467500118000118,-0.0815526100692302));
#5858=CARTESIAN_POINT('',(-14.9756777935083,-0.467500118000118,-0.0815526100692301));
#5859=CARTESIAN_POINT('',(-14.9756777935083,0.749999998736513,-0.0815526100692316));
#5860=CARTESIAN_POINT('',(-10.7654087059548,0.749999999091725,-13.6012696649381));
#5861=CARTESIAN_POINT('',(-14.9756777935083,0.749999998736514,-0.0815526100692302));
#5862=CARTESIAN_POINT('',(-14.9756777935083,-7.11250011831938,-0.0815526100692302));
#5863=CARTESIAN_POINT('',(-14.9756777935083,0.749999998736513,-0.08155261006923));
#5864=CARTESIAN_POINT('',(-12.5299999942731,0.749999998868945,1.59098075543335));
#5865=CARTESIAN_POINT('',(-12.5299999942698,0.749999998694969,3.65309260686171));
#5866=CARTESIAN_POINT('',(-12.5299999942741,0.749999998917539,1.88000000375624));
#5867=CARTESIAN_POINT('',(-25.5149091560435,0.749999998694969,3.6530926068617));
#5868=CARTESIAN_POINT('',(-12.32999999427,0.749999998694969,3.6530926068617));
#5869=CARTESIAN_POINT('',(-12.3299999942731,0.749999998868945,1.59098075543308));
#5870=CARTESIAN_POINT('',(-12.3299999942726,0.749999998917539,1.88000000375624));
#5871=CARTESIAN_POINT('',(-25.5149091560435,0.74999999891754,1.88000000375623));
#5872=CARTESIAN_POINT('',(-25.5149091560435,0.749999999220358,-2.57425894092798));
#5873=CARTESIAN_POINT('',(-12.5299999942698,-6.19914000518619,5.80386207575648));
#5874=CARTESIAN_POINT('',(-12.5299999942698,-5.43254464729602,5.0156191843246));
#5875=CARTESIAN_POINT('',(-12.5299999942698,-6.15496655621715,5.75844123308962));
#5876=CARTESIAN_POINT('',(-12.5299999942679,-5.3250123272639,5.12019834165774));
#5877=CARTESIAN_POINT('',(-12.5299999942698,-5.38968217882249,4.98485503632131));
#5878=CARTESIAN_POINT('',(-12.5299999942698,-5.41386144112889,4.99640839169611));
#5879=CARTESIAN_POINT('',(-12.5299999942698,-2.94712287154931,3.81774930152529));
#5880=CARTESIAN_POINT('',(-12.5299999942696,-2.88245301999073,3.95309260686172));
#5881=CARTESIAN_POINT('',(-12.5299999942698,-2.88245301999073,3.80309260686172));
#5882=CARTESIAN_POINT('',(-12.5299999942698,3.3524737550005,3.80309260686172));
#5883=CARTESIAN_POINT('',(-12.5299999942696,0.599999998694968,3.80309260684906));
#5884=CARTESIAN_POINT('',(-12.5299999942698,0.599999998694969,3.65309260684906));
#5885=CARTESIAN_POINT('',(-12.5299999942741,0.59999999891754,1.88000000374358));
#5886=CARTESIAN_POINT('',(-12.5299999942743,0.599999998930195,1.73000000374358));
#5887=CARTESIAN_POINT('',(-12.5299999942728,2.84999999531107,1.73000000393342));
#5888=CARTESIAN_POINT('',(-12.5299999942743,-8.167500119084,1.73000000299124));
#5889=CARTESIAN_POINT('',(-12.5299999942741,-8.16750011909665,1.88000000299124));
#5890=CARTESIAN_POINT('',(-12.5299999942741,-8.31750011909665,1.88000000299124));
#5891=CARTESIAN_POINT('',(-12.5299999942736,-8.317500119084,1.24693532058637));
#5892=CARTESIAN_POINT('',(-12.5299999942671,-8.317500119084,5.65386207575648));
#5893=CARTESIAN_POINT('',(-12.5299999942671,-8.167500119084,5.65386207575648));
#5894=CARTESIAN_POINT('',(-12.5299999942698,-8.167500119084,5.80386207575648));
#5895=CARTESIAN_POINT('',(-12.5299999942698,-8.31750011882373,5.80386207575648));
#5896=CARTESIAN_POINT('',(-12.5299999942698,-6.26249887624927,5.80386207575648));
#5897=CARTESIAN_POINT('',(-12.5299999942671,-6.26249887624927,5.65386207575648));
#5898=CARTESIAN_POINT('',(-12.5299999942731,3.3524737550005,1.59098075565292));
#5899=CARTESIAN_POINT('',(-12.3299999942698,3.3524737550005,3.80309260686172));
#5900=CARTESIAN_POINT('',(-12.3299999942698,-2.88245301999073,3.80309260686172));
#5901=CARTESIAN_POINT('',(-12.3299999942698,0.599999998694968,3.80309260684907));
#5902=CARTESIAN_POINT('',(-8.44948177001162,0.599999998694968,3.80309260684907));
#5903=CARTESIAN_POINT('',(-12.5299999942698,-2.88245301999073,3.80309260686172));
#5904=CARTESIAN_POINT('',(-8.44948177001162,-4.47250011800009,3.80309260686172));
#5905=CARTESIAN_POINT('',(-12.3299999942669,-8.31750011882373,5.80386207575648));
#5906=CARTESIAN_POINT('',(-12.3299999942669,-6.26249887624927,5.80386207575648));
#5907=CARTESIAN_POINT('',(-12.3299999942669,-8.167500119084,5.80386207575648));
#5908=CARTESIAN_POINT('',(-12.3299999942671,-8.167500119084,5.65386207575648));
#5909=CARTESIAN_POINT('',(-12.3299999942671,-8.317500119084,5.65386207575648));
#5910=CARTESIAN_POINT('',(-12.3299999942736,-8.317500119084,1.24693532058608));
#5911=CARTESIAN_POINT('',(-12.3299999942726,-8.31750011909665,1.88000000299124));
#5912=CARTESIAN_POINT('',(-12.3299999942726,-8.16750011909665,1.88000000299124));
#5913=CARTESIAN_POINT('',(-12.3299999942728,-8.167500119084,1.73000000299124));
#5914=CARTESIAN_POINT('',(-12.3299999942728,3.35247375498877,1.73000000397581));
#5915=CARTESIAN_POINT('',(-12.3299999942728,0.599999998930195,1.73000000374358));
#5916=CARTESIAN_POINT('',(-12.3299999942726,0.59999999891754,1.88000000374358));
#5917=CARTESIAN_POINT('',(-12.32999999427,0.599999998694968,3.65309260684906));
#5918=CARTESIAN_POINT('',(-12.3299999942696,-2.88245301999073,3.95309260686172));
#5919=CARTESIAN_POINT('',(-12.3299999942698,-2.94712287154931,3.81774930152529));
#5920=CARTESIAN_POINT('',(-12.329999994268,-5.41386144112878,4.99640839169606));
#5921=CARTESIAN_POINT('',(-12.3299999942681,-5.38968217882249,4.98485503632131));
#5922=CARTESIAN_POINT('',(-12.3299999942679,-5.3250123272639,5.12019834165774));
#5923=CARTESIAN_POINT('',(-12.329999994268,-5.43254464729602,5.0156191843246));
#5924=CARTESIAN_POINT('',(-12.3299999942669,-6.19914000518604,5.80386207575633));
#5925=CARTESIAN_POINT('',(-12.3299999942669,-6.15496655621715,5.75844123308962));
#5926=CARTESIAN_POINT('',(-12.3299999942671,-6.26249887624927,5.65386207575648));
#5927=CARTESIAN_POINT('',(-12.3299999942731,3.3524737550005,1.59098075565264));
#5928=CARTESIAN_POINT('',(-10.0484471560435,-8.31750011909665,1.88000000299124));
#5929=CARTESIAN_POINT('',(-10.0484471560435,-8.317500119084,5.65386207575648));
#5930=CARTESIAN_POINT('',(-10.0484471560435,-8.317500119084,1.24693532058272));
#5931=CARTESIAN_POINT('',(-21.8821091560449,-8.167500119084,1.73000000299123));
#5932=CARTESIAN_POINT('',(-21.8821091560449,0.599999998930195,1.73000000374357));
#5933=CARTESIAN_POINT('',(-21.8821091560449,2.84999999531107,1.73000000393341));
#5934=CARTESIAN_POINT('',(-21.8821091560449,0.59999999891754,1.88000000374357));
#5935=CARTESIAN_POINT('',(-10.0484471560435,-8.16750011909665,1.88000000299124));
#5936=CARTESIAN_POINT('',(-8.44948177001162,0.599999998694968,3.65309260684907));
#5937=CARTESIAN_POINT('',(-12.5299999942698,-8.167500119084,5.80386207575648));
#5938=CARTESIAN_POINT('',(-12.5299999942698,-6.26249887624927,5.80386207575648));
#5939=CARTESIAN_POINT('',(-12.5299999942698,-8.31750011882373,5.80386207575648));
#5940=CARTESIAN_POINT('',(-12.5299999942698,-6.15496655621715,5.75844123308962));
#5941=CARTESIAN_POINT('',(-12.3799999942698,-5.43254464729602,5.0156191843246));
#5942=CARTESIAN_POINT('',(-12.5299999942698,-6.19914000518619,5.80386207575648));
#5943=CARTESIAN_POINT('',(-12.5299999942698,-5.38968217882249,4.98485503632131));
#5944=CARTESIAN_POINT('',(-12.3799999942698,-2.94712287154931,3.81774930152529));
#5945=CARTESIAN_POINT('',(-12.5299999942698,-5.41386144112889,4.99640839169611));
#5946=CARTESIAN_POINT('',(-12.5299999942698,-2.88245301999073,3.95309260686172));
#5947=CARTESIAN_POINT('',(-12.5299999942698,-5.3250123272639,5.12019834165774));
#5948=CARTESIAN_POINT('',(-12.5299999942698,-6.26249887624927,5.65386207575648));
#5949=CARTESIAN_POINT('',(-10.0484471560435,-8.167500119084,5.65386207575648));
#5950=MECHANICAL_DESIGN_GEOMETRIC_PRESENTATION_REPRESENTATION('',(#33,#34,
#35,#36,#37),#5951);
#5951=(
GEOMETRIC_REPRESENTATION_CONTEXT(3)
GLOBAL_UNCERTAINTY_ASSIGNED_CONTEXT((#5952))
GLOBAL_UNIT_ASSIGNED_CONTEXT((#5958,#5954,#5953))
REPRESENTATION_CONTEXT('613-35106-90','TOP_LEVEL_ASSEMBLY_PART')
);
#5952=UNCERTAINTY_MEASURE_WITH_UNIT(LENGTH_MEASURE(0.0001),#5958,
'DISTANCE_ACCURACY_VALUE','Maximum Tolerance applied to model');
#5953=(
NAMED_UNIT(*)
SI_UNIT($,.STERADIAN.)
SOLID_ANGLE_UNIT()
);
#5954=(
CONVERSION_BASED_UNIT('DEGREE',#5956)
NAMED_UNIT(#5955)
PLANE_ANGLE_UNIT()
);
#5955=DIMENSIONAL_EXPONENTS(0.,0.,0.,0.,0.,0.,0.);
#5956=PLANE_ANGLE_MEASURE_WITH_UNIT(PLANE_ANGLE_MEASURE(0.0174532925),#5957);
#5957=(
NAMED_UNIT(*)
PLANE_ANGLE_UNIT()
SI_UNIT($,.RADIAN.)
);
#5958=(
LENGTH_UNIT()
NAMED_UNIT(*)
SI_UNIT(.MILLI.,.METRE.)
);
ENDSEC;
END-ISO-10303-21;
