ISO-10303-21;
HEADER;
/* Generated by software containing ST-Developer
 * from STEP Tools, Inc. (www.steptools.com) 
 */
/* OPTION: using custom schema-name function */

FILE_DESCRIPTION(
/* description */ (''),
/* implementation_level */ '2;1');

FILE_NAME(
/* name */ '160-05689-A.stp',
/* time_stamp */ '2025-07-08T10:49:30-07:00',
/* author */ (''),
/* organization */ (''),
/* preprocessor_version */ 'ST-DEVELOPER v19.4',
/* originating_system */ 'SIEMENS PLM Software NX2306.9160',
/* authorisation */ '');

FILE_SCHEMA (('AUTOMOTIVE_DESIGN { 1 0 10303 214 3 1 1 1 }'));
ENDSEC;

DATA;
#10=GEOMETRICALLY_BOUNDED_WIREFRAME_SHAPE_REPRESENTATION(
'daok06F8F9D11med-None',(#33),#3652);
#11=PROPERTY_DEFINITION_REPRESENTATION(#15,#13);
#12=PROPERTY_DEFINITION_REPRESENTATION(#16,#14);
#13=REPRESENTATION('',(#17),#3652);
#14=REPRESENTATION('',(#18),#3652);
#15=PROPERTY_DEFINITION('pmi validation property','',#23);
#16=PROPERTY_DEFINITION('pmi validation property','',#23);
#17=VALUE_REPRESENTATION_ITEM('number of annotations',COUNT_MEASURE(0.));
#18=VALUE_REPRESENTATION_ITEM('number of views',COUNT_MEASURE(0.));
#19=SHAPE_REPRESENTATION_RELATIONSHIP('None',
'relationship between daok06F8F9D11med-None and daok06F8F9D11med-None',
#32,#21);
#20=SHAPE_REPRESENTATION_RELATIONSHIP('None',
'relationship between daok06F8F9D11med-None and daok06F8F9D11med-None',
#32,#10);
#21=ADVANCED_BREP_SHAPE_REPRESENTATION('daok06F8F9D11med-None',(#53,#54,
#55),#3652);
#22=SHAPE_DEFINITION_REPRESENTATION(#23,#32);
#23=PRODUCT_DEFINITION_SHAPE('','',#24);
#24=PRODUCT_DEFINITION(' ','',#26,#25);
#25=PRODUCT_DEFINITION_CONTEXT('part definition',#31,'design');
#26=PRODUCT_DEFINITION_FORMATION_WITH_SPECIFIED_SOURCE(' ',' ',#28,
 .NOT_KNOWN.);
#27=PRODUCT_RELATED_PRODUCT_CATEGORY('part','',(#28));
#28=PRODUCT('daok06F8F9D11med','daok06F8F9D11med',' ',(#29));
#29=PRODUCT_CONTEXT(' ',#31,'mechanical');
#30=APPLICATION_PROTOCOL_DEFINITION('international standard',
'automotive_design',2010,#31);
#31=APPLICATION_CONTEXT(
'core data for automotive mechanical design processes');
#32=SHAPE_REPRESENTATION('daok06F8F9D11med-None',(#942),#3652);
#33=GEOMETRIC_CURVE_SET('None',(#867,#868));
#34=SURFACE_OF_LINEAR_EXTRUSION('',#915,#373);
#35=SURFACE_OF_LINEAR_EXTRUSION('',#918,#375);
#36=SURFACE_OF_LINEAR_EXTRUSION('',#933,#381);
#37=SURFACE_OF_LINEAR_EXTRUSION('',#938,#384);
#38=SURFACE_STYLE_USAGE(.BOTH.,#41);
#39=SURFACE_STYLE_USAGE(.BOTH.,#42);
#40=SURFACE_STYLE_USAGE(.BOTH.,#43);
#41=SURFACE_SIDE_STYLE('',(#44));
#42=SURFACE_SIDE_STYLE('',(#45));
#43=SURFACE_SIDE_STYLE('',(#46));
#44=SURFACE_STYLE_FILL_AREA(#47);
#45=SURFACE_STYLE_FILL_AREA(#48);
#46=SURFACE_STYLE_FILL_AREA(#49);
#47=FILL_AREA_STYLE('',(#50));
#48=FILL_AREA_STYLE('',(#51));
#49=FILL_AREA_STYLE('',(#52));
#50=FILL_AREA_STYLE_COLOUR('',#863);
#51=FILL_AREA_STYLE_COLOUR('',#864);
#52=FILL_AREA_STYLE_COLOUR('',#864);
#53=MANIFOLD_SOLID_BREP('QDT P2SCOPING_TE_R2 0815-\X\B8\X\C4.stp<1>',#56);
#54=MANIFOLD_SOLID_BREP('',#57);
#55=MANIFOLD_SOLID_BREP('',#58);
#56=CLOSED_SHELL('',(#123,#124,#125,#126,#127,#128,#129,#130,#131,#132,
#133,#134,#135,#136,#137,#138,#139,#140,#141,#142,#143,#144,#145,#146,#147,
#148,#149,#150,#151,#152,#153,#154));
#57=CLOSED_SHELL('',(#155,#156,#157,#158,#159,#160,#161,#162,#163,#164,
#165,#166,#167,#168,#169,#170,#171));
#58=CLOSED_SHELL('',(#172,#173,#174,#175,#176,#177,#178,#179,#180,#181));
#59=(
BOUNDED_SURFACE()
B_SPLINE_SURFACE(3,2,((#2011,#2012,#2013),(#2014,#2015,#2016),(#2017,#2018,
#2019),(#2020,#2021,#2022)),.UNSPECIFIED.,.F.,.F.,.F.)
B_SPLINE_SURFACE_WITH_KNOTS((4,4),(3,3),(0.,1.),(0.,1.),.UNSPECIFIED.)
GEOMETRIC_REPRESENTATION_ITEM()
RATIONAL_B_SPLINE_SURFACE(((1.,0.678005430715647,1.),(1.,0.677505489644116,
1.),(1.,0.678342852068545,1.),(1.,0.6781156220401,1.)))
REPRESENTATION_ITEM('')
SURFACE()
);
#60=(
BOUNDED_SURFACE()
B_SPLINE_SURFACE(3,2,((#2024,#2025,#2026),(#2027,#2028,#2029),(#2030,#2031,
#2032),(#2033,#2034,#2035),(#2036,#2037,#2038),(#2039,#2040,#2041),(#2042,
#2043,#2044),(#2045,#2046,#2047)),.UNSPECIFIED.,.F.,.F.,.F.)
B_SPLINE_SURFACE_WITH_KNOTS((4,2,2,4),(3,3),(0.,0.25,0.5,1.),(0.,1.),
 .UNSPECIFIED.)
GEOMETRIC_REPRESENTATION_ITEM()
RATIONAL_B_SPLINE_SURFACE(((1.,0.708555333106029,1.),(1.,0.707741904676259,
1.),(1.,0.706670175106114,1.),(1.,0.704764937572943,1.),(1.,0.703936174491515,
1.),(1.,0.702910517484476,1.),(1.,0.704292110167863,1.),(1.,0.704775424746497,
1.)))
REPRESENTATION_ITEM('')
SURFACE()
);
#61=(
BOUNDED_SURFACE()
B_SPLINE_SURFACE(3,2,((#2060,#2061,#2062),(#2063,#2064,#2065),(#2066,#2067,
#2068),(#2069,#2070,#2071)),.UNSPECIFIED.,.F.,.F.,.F.)
B_SPLINE_SURFACE_WITH_KNOTS((4,4),(3,3),(0.,1.),(0.,1.),.UNSPECIFIED.)
GEOMETRIC_REPRESENTATION_ITEM()
RATIONAL_B_SPLINE_SURFACE(((1.,0.73541571685586,1.),(1.,0.735701061762241,
1.),(1.,0.734550466297957,1.),(1.,0.735270160427443,1.)))
REPRESENTATION_ITEM('')
SURFACE()
);
#62=(
BOUNDED_SURFACE()
B_SPLINE_SURFACE(3,2,((#2075,#2076,#2077),(#2078,#2079,#2080),(#2081,#2082,
#2083),(#2084,#2085,#2086),(#2087,#2088,#2089),(#2090,#2091,#2092),(#2093,
#2094,#2095),(#2096,#2097,#2098),(#2099,#2100,#2101),(#2102,#2103,#2104),
(#2105,#2106,#2107),(#2108,#2109,#2110),(#2111,#2112,#2113),(#2114,#2115,
#2116),(#2117,#2118,#2119),(#2120,#2121,#2122),(#2123,#2124,#2125),(#2126,
#2127,#2128),(#2129,#2130,#2131),(#2132,#2133,#2134),(#2135,#2136,#2137),
(#2138,#2139,#2140),(#2141,#2142,#2143),(#2144,#2145,#2146),(#2147,#2148,
#2149),(#2150,#2151,#2152),(#2153,#2154,#2155),(#2156,#2157,#2158),(#2159,
#2160,#2161),(#2162,#2163,#2164),(#2165,#2166,#2167),(#2168,#2169,#2170),
(#2171,#2172,#2173),(#2174,#2175,#2176),(#2177,#2178,#2179),(#2180,#2181,
#2182)),.UNSPECIFIED.,.F.,.F.,.F.)
B_SPLINE_SURFACE_WITH_KNOTS((4,2,2,2,2,2,2,2,2,2,2,2,2,2,2,2,2,4),(3,3),
(0.,0.0625000000000001,0.0937500000000001,0.125,0.15625,0.1875,0.25,0.3125,
0.375,0.4375,0.5,0.625,0.6875,0.75,0.8125,0.875,0.9375,1.),(0.,1.),
 .UNSPECIFIED.)
GEOMETRIC_REPRESENTATION_ITEM()
RATIONAL_B_SPLINE_SURFACE(((1.,0.659640485053579,1.),(1.,0.659392285322209,
1.),(1.,0.659931809832245,1.),(1.,0.660601077292131,1.),(1.,0.66082077070238,
1.),(1.,0.660977951928226,1.),(1.,0.660920524407419,1.),(1.,0.660613816693948,
1.),(1.,0.660365562907768,1.),(1.,0.65969816719059,1.),(1.,0.659259688271297,
1.),(1.,0.657939925868894,1.),(1.,0.656924882936824,1.),(1.,0.655023817687944,
1.),(1.,0.654147780958863,1.),(1.,0.652222962393249,1.),(1.,0.651092806820436,
1.),(1.,0.648387414865493,1.),(1.,0.64688005791861,1.),(1.,0.644156610797098,
1.),(1.,0.642872107072852,1.),(1.,0.638498136977705,1.),(1.,0.634605124688134,
1.),(1.,0.629096531258724,1.),(1.,0.627291498532636,1.),(1.,0.623432066639963,
1.),(1.,0.621359068911182,1.),(1.,0.616755691879476,1.),(1.,0.614196423899831,
1.),(1.,0.608852956645985,1.),(1.,0.606108703268051,1.),(1.,0.600113138821029,
1.),(1.,0.596814582297732,1.),(1.,0.589649904791336,1.),(1.,0.5860529395203,
1.),(1.,0.58277794506567,1.)))
REPRESENTATION_ITEM('')
SURFACE()
);
#63=(
BOUNDED_SURFACE()
B_SPLINE_SURFACE(3,2,((#2184,#2185,#2186),(#2187,#2188,#2189),(#2190,#2191,
#2192),(#2193,#2194,#2195),(#2196,#2197,#2198),(#2199,#2200,#2201),(#2202,
#2203,#2204),(#2205,#2206,#2207),(#2208,#2209,#2210),(#2211,#2212,#2213),
(#2214,#2215,#2216),(#2217,#2218,#2219),(#2220,#2221,#2222),(#2223,#2224,
#2225),(#2226,#2227,#2228),(#2229,#2230,#2231),(#2232,#2233,#2234),(#2235,
#2236,#2237),(#2238,#2239,#2240),(#2241,#2242,#2243),(#2244,#2245,#2246),
(#2247,#2248,#2249),(#2250,#2251,#2252),(#2253,#2254,#2255),(#2256,#2257,
#2258),(#2259,#2260,#2261),(#2262,#2263,#2264),(#2265,#2266,#2267),(#2268,
#2269,#2270),(#2271,#2272,#2273),(#2274,#2275,#2276),(#2277,#2278,#2279),
(#2280,#2281,#2282),(#2283,#2284,#2285)),.UNSPECIFIED.,.F.,.F.,.F.)
B_SPLINE_SURFACE_WITH_KNOTS((4,2,2,2,2,2,2,2,2,2,2,2,2,2,2,2,4),(3,3),(0.,
0.0625,0.125,0.1875,0.25,0.375,0.4375,0.5,0.5625,0.625,0.6875,0.75,0.8125,
0.875,0.9375,0.96875,1.),(0.,1.),.UNSPECIFIED.)
GEOMETRIC_REPRESENTATION_ITEM()
RATIONAL_B_SPLINE_SURFACE(((1.,0.750891662341665,1.),(1.,0.750142686736211,
1.),(1.,0.750476846086073,1.),(1.,0.751832455463807,1.),(1.,0.752731033152682,
1.),(1.,0.754198677635397,1.),(1.,0.754752927631937,1.),(1.,0.755864554286521,
1.),(1.,0.75648371744122,1.),(1.,0.758457653105056,1.),(1.,0.759455118638263,
1.),(1.,0.762711407168507,1.),(1.,0.764013359313063,1.),(1.,0.766983846602953,
1.),(1.,0.768706854280095,1.),(1.,0.77222875968154,1.),(1.,0.773950192438116,
1.),(1.,0.77740109621333,1.),(1.,0.779247278260078,1.),(1.,0.783506891572123,
1.),(1.,0.785849440061518,1.),(1.,0.790823865718067,1.),(1.,0.793540165327413,
1.),(1.,0.799012558696275,1.),(1.,0.801682373113131,1.),(1.,0.807140244810198,
1.),(1.,0.810069901313403,1.),(1.,0.816447229404889,1.),(1.,0.819451385970953,
1.),(1.,0.823465794715392,1.),(1.,0.824820370480011,1.),(1.,0.827376162675147,
1.),(1.,0.828627635910327,1.),(1.,0.829920506857367,1.)))
REPRESENTATION_ITEM('')
SURFACE()
);
#64=(
BOUNDED_SURFACE()
B_SPLINE_SURFACE(3,2,((#2289,#2290,#2291),(#2292,#2293,#2294),(#2295,#2296,
#2297),(#2298,#2299,#2300),(#2301,#2302,#2303),(#2304,#2305,#2306),(#2307,
#2308,#2309),(#2310,#2311,#2312),(#2313,#2314,#2315),(#2316,#2317,#2318)),
 .UNSPECIFIED.,.F.,.F.,.F.)
B_SPLINE_SURFACE_WITH_KNOTS((4,2,2,2,4),(3,3),(0.,0.25,0.5,0.75,1.),(0.,
1.),.UNSPECIFIED.)
GEOMETRIC_REPRESENTATION_ITEM()
RATIONAL_B_SPLINE_SURFACE(((1.,0.705042058680475,1.),(1.,0.705762092657925,
1.),(1.,0.706751718660413,1.),(1.,0.708420678441917,1.),(1.,0.709122314575531,
1.),(1.,0.709683334492309,1.),(1.,0.709543451290608,1.),(1.,0.708940179294271,
1.),(1.,0.708537697013524,1.),(1.,0.708271407326802,1.)))
REPRESENTATION_ITEM('')
SURFACE()
);
#65=(
BOUNDED_SURFACE()
B_SPLINE_SURFACE(3,2,((#2323,#2324,#2325),(#2326,#2327,#2328),(#2329,#2330,
#2331),(#2332,#2333,#2334),(#2335,#2336,#2337),(#2338,#2339,#2340),(#2341,
#2342,#2343),(#2344,#2345,#2346),(#2347,#2348,#2349),(#2350,#2351,#2352),
(#2353,#2354,#2355),(#2356,#2357,#2358),(#2359,#2360,#2361),(#2362,#2363,
#2364)),.UNSPECIFIED.,.F.,.F.,.F.)
B_SPLINE_SURFACE_WITH_KNOTS((4,2,2,2,2,2,4),(3,3),(0.,0.25,0.5,0.625,0.75,
0.875,1.),(0.,1.),.UNSPECIFIED.)
GEOMETRIC_REPRESENTATION_ITEM()
RATIONAL_B_SPLINE_SURFACE(((1.,0.803322689319118,1.),(1.,0.805772608614126,
1.),(1.,0.808386576535343,1.),(1.,0.813905902075517,1.),(1.,0.817036914238413,
1.),(1.,0.821377703636521,1.),(1.,0.822702995974269,1.),(1.,0.825119302311498,
1.),(1.,0.826237575552842,1.),(1.,0.828654053050216,1.),(1.,0.830008603990607,
1.),(1.,0.833049003550987,1.),(1.,0.834632808438811,1.),(1.,0.835774594302586,
1.)))
REPRESENTATION_ITEM('')
SURFACE()
);
#66=(
BOUNDED_SURFACE()
B_SPLINE_SURFACE(3,2,((#2370,#2371,#2372),(#2373,#2374,#2375),(#2376,#2377,
#2378),(#2379,#2380,#2381),(#2382,#2383,#2384),(#2385,#2386,#2387),(#2388,
#2389,#2390),(#2391,#2392,#2393),(#2394,#2395,#2396),(#2397,#2398,#2399),
(#2400,#2401,#2402),(#2403,#2404,#2405),(#2406,#2407,#2408),(#2409,#2410,
#2411),(#2412,#2413,#2414),(#2415,#2416,#2417),(#2418,#2419,#2420),(#2421,
#2422,#2423),(#2424,#2425,#2426),(#2427,#2428,#2429),(#2430,#2431,#2432),
(#2433,#2434,#2435),(#2436,#2437,#2438),(#2439,#2440,#2441),(#2442,#2443,
#2444),(#2445,#2446,#2447),(#2448,#2449,#2450),(#2451,#2452,#2453),(#2454,
#2455,#2456),(#2457,#2458,#2459),(#2460,#2461,#2462),(#2463,#2464,#2465)),
 .UNSPECIFIED.,.F.,.F.,.F.)
B_SPLINE_SURFACE_WITH_KNOTS((4,2,2,2,2,2,2,2,2,2,2,2,2,2,2,4),(3,3),(0.,
0.0625,0.09375,0.125,0.15625,0.1875,0.25,0.375,0.4375,0.5,0.625,0.6875,
0.75,0.875,0.9375,1.),(0.,1.),.UNSPECIFIED.)
GEOMETRIC_REPRESENTATION_ITEM()
RATIONAL_B_SPLINE_SURFACE(((1.,0.753843786525101,1.),(1.,0.754168240347665,
1.),(1.,0.753727047048252,1.),(1.,0.753182699578705,1.),(1.,0.753021757800235,
1.),(1.,0.752937139678676,1.),(1.,0.752993213259285,1.),(1.,0.753273110274892,
1.),(1.,0.753496577770711,1.),(1.,0.754093710291692,1.),(1.,0.754466637902681,
1.),(1.,0.755643057597648,1.),(1.,0.756540226900804,1.),(1.,0.759011491852321,
1.),(1.,0.760679587505608,1.),(1.,0.764077188922948,1.),(1.,0.765286191601649,
1.),(1.,0.767769464843172,1.),(1.,0.76906487834263,1.),(1.,0.773132729758991,
1.),(1.,0.77601809143907,1.),(1.,0.781034187281737,1.),(1.,0.782821966809367,
1.),(1.,0.786648097318727,1.),(1.,0.788689014819062,1.),(1.,0.795073786740235,
1.),(1.,0.799477745018605,1.),(1.,0.807088881675514,1.),(1.,0.809842964208124,
1.),(1.,0.8153120888325,1.),(1.,0.817927373683729,1.),(1.,0.820624875641574,
1.)))
REPRESENTATION_ITEM('')
SURFACE()
);
#67=(
BOUNDED_SURFACE()
B_SPLINE_SURFACE(3,2,((#2471,#2472,#2473),(#2474,#2475,#2476),(#2477,#2478,
#2479),(#2480,#2481,#2482),(#2483,#2484,#2485),(#2486,#2487,#2488),(#2489,
#2490,#2491),(#2492,#2493,#2494),(#2495,#2496,#2497),(#2498,#2499,#2500),
(#2501,#2502,#2503),(#2504,#2505,#2506),(#2507,#2508,#2509),(#2510,#2511,
#2512),(#2513,#2514,#2515),(#2516,#2517,#2518),(#2519,#2520,#2521),(#2522,
#2523,#2524),(#2525,#2526,#2527),(#2528,#2529,#2530),(#2531,#2532,#2533),
(#2534,#2535,#2536),(#2537,#2538,#2539),(#2540,#2541,#2542),(#2543,#2544,
#2545),(#2546,#2547,#2548),(#2549,#2550,#2551),(#2552,#2553,#2554),(#2555,
#2556,#2557),(#2558,#2559,#2560),(#2561,#2562,#2563),(#2564,#2565,#2566),
(#2567,#2568,#2569),(#2570,#2571,#2572),(#2573,#2574,#2575),(#2576,#2577,
#2578)),.UNSPECIFIED.,.F.,.F.,.F.)
B_SPLINE_SURFACE_WITH_KNOTS((4,2,2,2,2,2,2,2,2,2,2,2,2,2,2,2,2,4),(3,3),
(0.,0.0625,0.125,0.1875,0.25,0.3125,0.375,0.4375,0.46875,0.5,0.625,0.6875,
0.75,0.8125,0.875,0.9375,0.96875,1.),(0.,1.),.UNSPECIFIED.)
GEOMETRIC_REPRESENTATION_ITEM()
RATIONAL_B_SPLINE_SURFACE(((1.,0.657661854283455,1.),(1.,0.658492117174295,
1.),(1.,0.657915766537274,1.),(1.,0.656164336364077,1.),(1.,0.655203623098408,
1.),(1.,0.653633947346377,1.),(1.,0.652851574017696,1.),(1.,0.650882844510404,
1.),(1.,0.649758136763494,1.),(1.,0.647449021687301,1.),(1.,0.646250168739224,
1.),(1.,0.643545549908983,1.),(1.,0.642023177005844,1.),(1.,0.638616702295715,
1.),(1.,0.636734527395639,1.),(1.,0.633659605083822,1.),(1.,0.632592842151632,
1.),(1.,0.630385446526124,1.),(1.,0.629245389317998,1.),(1.,0.623331176154274,
1.),(1.,0.617837269189338,1.),(1.,0.608654973344575,1.),(1.,0.605406564716181,
1.),(1.,0.598903883085657,1.),(1.,0.595657309653707,1.),(1.,0.589351875729739,
1.),(1.,0.586386107563363,1.),(1.,0.579919833634655,1.),(1.,0.576069392123552,
1.),(1.,0.566839513177895,1.),(1.,0.561617325779007,1.),(1.,0.553813303949725,
1.),(1.,0.551129380417716,1.),(1.,0.545687986598118,1.),(1.,0.543040946722867,
1.),(1.,0.540417473652677,1.)))
REPRESENTATION_ITEM('')
SURFACE()
);
#68=(
BOUNDED_SURFACE()
B_SPLINE_SURFACE(3,2,((#2585,#2586,#2587),(#2588,#2589,#2590),(#2591,#2592,
#2593),(#2594,#2595,#2596),(#2597,#2598,#2599),(#2600,#2601,#2602),(#2603,
#2604,#2605),(#2606,#2607,#2608),(#2609,#2610,#2611),(#2612,#2613,#2614),
(#2615,#2616,#2617),(#2618,#2619,#2620),(#2621,#2622,#2623),(#2624,#2625,
#2626)),.UNSPECIFIED.,.F.,.F.,.F.)
B_SPLINE_SURFACE_WITH_KNOTS((4,2,2,2,2,2,4),(3,3),(0.,0.25,0.5,0.625,0.75,
0.875,1.),(0.,1.),.UNSPECIFIED.)
GEOMETRIC_REPRESENTATION_ITEM()
RATIONAL_B_SPLINE_SURFACE(((1.,0.586905145588247,1.),(1.,0.582847030398651,
1.),(1.,0.578629757869394,1.),(1.,0.570017806138753,1.),(1.,0.565222051168533,
1.),(1.,0.557720245429265,1.),(1.,0.555220334736768,1.),(1.,0.550590703534714,
1.),(1.,0.548435378775473,1.),(1.,0.544018943003165,1.),(1.,0.541783221002253,
1.),(1.,0.536595575721016,1.),(1.,0.533547415096621,1.),(1.,0.530845441363171,
1.)))
REPRESENTATION_ITEM('')
SURFACE()
);
#69=SPHERICAL_SURFACE('',#951,0.1);
#70=SPHERICAL_SURFACE('',#958,0.1);
#71=SPHERICAL_SURFACE('',#961,0.1);
#72=SPHERICAL_SURFACE('',#964,0.1);
#73=SPHERICAL_SURFACE('',#974,0.1);
#74=SPHERICAL_SURFACE('',#978,0.1);
#75=SPHERICAL_SURFACE('',#980,0.1);
#76=SPHERICAL_SURFACE('',#983,0.1);
#77=SPHERICAL_SURFACE('',#990,0.1);
#78=SPHERICAL_SURFACE('',#992,0.1);
#79=CIRCLE('',#948,0.1);
#80=CIRCLE('',#949,0.1);
#81=CIRCLE('',#950,0.1);
#82=CIRCLE('',#952,0.1);
#83=CIRCLE('',#953,0.1);
#84=CIRCLE('',#954,0.1);
#85=CIRCLE('',#956,0.1);
#86=CIRCLE('',#957,0.1);
#87=CIRCLE('',#959,0.1);
#88=CIRCLE('',#960,0.1);
#89=CIRCLE('',#962,0.1);
#90=CIRCLE('',#963,0.1);
#91=CIRCLE('',#965,0.1);
#92=CIRCLE('',#966,0.1);
#93=CIRCLE('',#968,0.1);
#94=CIRCLE('',#969,0.1);
#95=CIRCLE('',#970,0.1);
#96=CIRCLE('',#972,0.1);
#97=CIRCLE('',#973,0.1);
#98=CIRCLE('',#975,0.1);
#99=CIRCLE('',#976,0.1);
#100=CIRCLE('',#977,0.1);
#101=CIRCLE('',#979,0.1);
#102=CIRCLE('',#981,0.1);
#103=CIRCLE('',#982,0.1);
#104=CIRCLE('',#984,0.1);
#105=CIRCLE('',#986,0.1);
#106=CIRCLE('',#987,0.1);
#107=CIRCLE('',#989,0.1);
#108=CIRCLE('',#991,0.1);
#109=B_SPLINE_SURFACE_WITH_KNOTS('',3,3,((#1529,#1530,#1531,#1532,#1533,
#1534,#1535,#1536,#1537,#1538,#1539,#1540,#1541,#1542,#1543,#1544,#1545,
#1546,#1547),(#1548,#1549,#1550,#1551,#1552,#1553,#1554,#1555,#1556,#1557,
#1558,#1559,#1560,#1561,#1562,#1563,#1564,#1565,#1566),(#1567,#1568,#1569,
#1570,#1571,#1572,#1573,#1574,#1575,#1576,#1577,#1578,#1579,#1580,#1581,
#1582,#1583,#1584,#1585),(#1586,#1587,#1588,#1589,#1590,#1591,#1592,#1593,
#1594,#1595,#1596,#1597,#1598,#1599,#1600,#1601,#1602,#1603,#1604),(#1605,
#1606,#1607,#1608,#1609,#1610,#1611,#1612,#1613,#1614,#1615,#1616,#1617,
#1618,#1619,#1620,#1621,#1622,#1623),(#1624,#1625,#1626,#1627,#1628,#1629,
#1630,#1631,#1632,#1633,#1634,#1635,#1636,#1637,#1638,#1639,#1640,#1641,
#1642),(#1643,#1644,#1645,#1646,#1647,#1648,#1649,#1650,#1651,#1652,#1653,
#1654,#1655,#1656,#1657,#1658,#1659,#1660,#1661),(#1662,#1663,#1664,#1665,
#1666,#1667,#1668,#1669,#1670,#1671,#1672,#1673,#1674,#1675,#1676,#1677,
#1678,#1679,#1680),(#1681,#1682,#1683,#1684,#1685,#1686,#1687,#1688,#1689,
#1690,#1691,#1692,#1693,#1694,#1695,#1696,#1697,#1698,#1699),(#1700,#1701,
#1702,#1703,#1704,#1705,#1706,#1707,#1708,#1709,#1710,#1711,#1712,#1713,
#1714,#1715,#1716,#1717,#1718),(#1719,#1720,#1721,#1722,#1723,#1724,#1725,
#1726,#1727,#1728,#1729,#1730,#1731,#1732,#1733,#1734,#1735,#1736,#1737)),
 .UNSPECIFIED.,.F.,.F.,.F.,(4,1,1,1,1,1,1,1,4),(4,1,1,1,1,1,1,1,1,1,1,1,
1,1,1,1,4),(0.,0.125,0.25,0.375,0.5,0.625,0.75,0.875,1.),(0.,0.0625,0.125,
0.1875,0.25,0.3125,0.375,0.4375,0.5,0.5625,0.625,0.6875,0.75,0.8125,0.875,
0.9375,1.),.UNSPECIFIED.);
#110=B_SPLINE_SURFACE_WITH_KNOTS('',3,3,((#1816,#1817,#1818,#1819,#1820,
#1821,#1822,#1823,#1824,#1825,#1826,#1827,#1828,#1829,#1830,#1831,#1832,
#1833,#1834),(#1835,#1836,#1837,#1838,#1839,#1840,#1841,#1842,#1843,#1844,
#1845,#1846,#1847,#1848,#1849,#1850,#1851,#1852,#1853),(#1854,#1855,#1856,
#1857,#1858,#1859,#1860,#1861,#1862,#1863,#1864,#1865,#1866,#1867,#1868,
#1869,#1870,#1871,#1872),(#1873,#1874,#1875,#1876,#1877,#1878,#1879,#1880,
#1881,#1882,#1883,#1884,#1885,#1886,#1887,#1888,#1889,#1890,#1891),(#1892,
#1893,#1894,#1895,#1896,#1897,#1898,#1899,#1900,#1901,#1902,#1903,#1904,
#1905,#1906,#1907,#1908,#1909,#1910),(#1911,#1912,#1913,#1914,#1915,#1916,
#1917,#1918,#1919,#1920,#1921,#1922,#1923,#1924,#1925,#1926,#1927,#1928,
#1929),(#1930,#1931,#1932,#1933,#1934,#1935,#1936,#1937,#1938,#1939,#1940,
#1941,#1942,#1943,#1944,#1945,#1946,#1947,#1948),(#1949,#1950,#1951,#1952,
#1953,#1954,#1955,#1956,#1957,#1958,#1959,#1960,#1961,#1962,#1963,#1964,
#1965,#1966,#1967),(#1968,#1969,#1970,#1971,#1972,#1973,#1974,#1975,#1976,
#1977,#1978,#1979,#1980,#1981,#1982,#1983,#1984,#1985,#1986),(#1987,#1988,
#1989,#1990,#1991,#1992,#1993,#1994,#1995,#1996,#1997,#1998,#1999,#2000,
#2001,#2002,#2003,#2004,#2005)),.UNSPECIFIED.,.F.,.F.,.F.,(4,1,1,1,1,1,
1,4),(4,1,1,1,1,1,1,1,1,1,1,1,1,1,1,1,4),(0.,0.14285714285714,0.28571428571429,
0.42857142857143,0.57142857142857,0.71428571428571,0.85714285714286,1.),
(0.,0.0625,0.125,0.1875,0.25,0.3125,0.375,0.4375,0.5,0.5625,0.625,0.6875,
0.75,0.8125,0.875,0.9375,1.),.UNSPECIFIED.);
#111=B_SPLINE_SURFACE_WITH_KNOTS('',3,3,((#2846,#2847,#2848,#2849,#2850,
#2851,#2852),(#2853,#2854,#2855,#2856,#2857,#2858,#2859),(#2860,#2861,#2862,
#2863,#2864,#2865,#2866),(#2867,#2868,#2869,#2870,#2871,#2872,#2873),(#2874,
#2875,#2876,#2877,#2878,#2879,#2880),(#2881,#2882,#2883,#2884,#2885,#2886,
#2887),(#2888,#2889,#2890,#2891,#2892,#2893,#2894),(#2895,#2896,#2897,#2898,
#2899,#2900,#2901),(#2902,#2903,#2904,#2905,#2906,#2907,#2908),(#2909,#2910,
#2911,#2912,#2913,#2914,#2915)),.UNSPECIFIED.,.F.,.F.,.F.,(4,3,3,4),(4,
3,4),(0.,0.5,0.75,1.),(0.,0.5,1.),.UNSPECIFIED.);
#112=B_SPLINE_SURFACE_WITH_KNOTS('',3,3,((#2916,#2917,#2918,#2919,#2920,
#2921,#2922,#2923,#2924,#2925,#2926,#2927,#2928,#2929,#2930,#2931,#2932,
#2933,#2934),(#2935,#2936,#2937,#2938,#2939,#2940,#2941,#2942,#2943,#2944,
#2945,#2946,#2947,#2948,#2949,#2950,#2951,#2952,#2953),(#2954,#2955,#2956,
#2957,#2958,#2959,#2960,#2961,#2962,#2963,#2964,#2965,#2966,#2967,#2968,
#2969,#2970,#2971,#2972),(#2973,#2974,#2975,#2976,#2977,#2978,#2979,#2980,
#2981,#2982,#2983,#2984,#2985,#2986,#2987,#2988,#2989,#2990,#2991),(#2992,
#2993,#2994,#2995,#2996,#2997,#2998,#2999,#3000,#3001,#3002,#3003,#3004,
#3005,#3006,#3007,#3008,#3009,#3010),(#3011,#3012,#3013,#3014,#3015,#3016,
#3017,#3018,#3019,#3020,#3021,#3022,#3023,#3024,#3025,#3026,#3027,#3028,
#3029),(#3030,#3031,#3032,#3033,#3034,#3035,#3036,#3037,#3038,#3039,#3040,
#3041,#3042,#3043,#3044,#3045,#3046,#3047,#3048),(#3049,#3050,#3051,#3052,
#3053,#3054,#3055,#3056,#3057,#3058,#3059,#3060,#3061,#3062,#3063,#3064,
#3065,#3066,#3067),(#3068,#3069,#3070,#3071,#3072,#3073,#3074,#3075,#3076,
#3077,#3078,#3079,#3080,#3081,#3082,#3083,#3084,#3085,#3086),(#3087,#3088,
#3089,#3090,#3091,#3092,#3093,#3094,#3095,#3096,#3097,#3098,#3099,#3100,
#3101,#3102,#3103,#3104,#3105)),.UNSPECIFIED.,.F.,.F.,.F.,(4,1,1,1,1,1,
1,4),(4,1,1,1,1,1,1,1,1,1,1,1,1,1,1,1,4),(0.,0.14285714285714,0.28571428571429,
0.42857142857143,0.57142857142857,0.71428571428571,0.85714285714286,1.),
(0.,0.0625,0.125,0.1875,0.25,0.3125,0.375,0.4375,0.5,0.5625,0.625,0.6875,
0.75,0.8125,0.875,0.9375,1.),.UNSPECIFIED.);
#113=B_SPLINE_SURFACE_WITH_KNOTS('',3,3,((#3106,#3107,#3108,#3109,#3110,
#3111,#3112,#3113,#3114,#3115,#3116,#3117,#3118,#3119,#3120,#3121,#3122,
#3123,#3124),(#3125,#3126,#3127,#3128,#3129,#3130,#3131,#3132,#3133,#3134,
#3135,#3136,#3137,#3138,#3139,#3140,#3141,#3142,#3143),(#3144,#3145,#3146,
#3147,#3148,#3149,#3150,#3151,#3152,#3153,#3154,#3155,#3156,#3157,#3158,
#3159,#3160,#3161,#3162),(#3163,#3164,#3165,#3166,#3167,#3168,#3169,#3170,
#3171,#3172,#3173,#3174,#3175,#3176,#3177,#3178,#3179,#3180,#3181),(#3182,
#3183,#3184,#3185,#3186,#3187,#3188,#3189,#3190,#3191,#3192,#3193,#3194,
#3195,#3196,#3197,#3198,#3199,#3200),(#3201,#3202,#3203,#3204,#3205,#3206,
#3207,#3208,#3209,#3210,#3211,#3212,#3213,#3214,#3215,#3216,#3217,#3218,
#3219),(#3220,#3221,#3222,#3223,#3224,#3225,#3226,#3227,#3228,#3229,#3230,
#3231,#3232,#3233,#3234,#3235,#3236,#3237,#3238),(#3239,#3240,#3241,#3242,
#3243,#3244,#3245,#3246,#3247,#3248,#3249,#3250,#3251,#3252,#3253,#3254,
#3255,#3256,#3257),(#3258,#3259,#3260,#3261,#3262,#3263,#3264,#3265,#3266,
#3267,#3268,#3269,#3270,#3271,#3272,#3273,#3274,#3275,#3276),(#3277,#3278,
#3279,#3280,#3281,#3282,#3283,#3284,#3285,#3286,#3287,#3288,#3289,#3290,
#3291,#3292,#3293,#3294,#3295)),.UNSPECIFIED.,.F.,.F.,.F.,(4,1,1,1,1,1,
1,4),(4,1,1,1,1,1,1,1,1,1,1,1,1,1,1,1,4),(0.,0.14285714285714,0.28571428571429,
0.42857142857143,0.57142857142857,0.71428571428571,0.85714285714286,1.),
(0.,0.0625,0.125,0.1875,0.25,0.3125,0.375,0.4375,0.5,0.5625,0.625,0.6875,
0.75,0.8125,0.875,0.9375,1.),.UNSPECIFIED.);
#114=B_SPLINE_SURFACE_WITH_KNOTS('',3,3,((#3433,#3434,#3435,#3436),(#3437,
#3438,#3439,#3440),(#3441,#3442,#3443,#3444),(#3445,#3446,#3447,#3448),
(#3449,#3450,#3451,#3452),(#3453,#3454,#3455,#3456),(#3457,#3458,#3459,
#3460)),.UNSPECIFIED.,.F.,.F.,.F.,(4,3,4),(4,4),(0.,0.5,1.),(0.,1.),
 .UNSPECIFIED.);
#115=B_SPLINE_SURFACE_WITH_KNOTS('',3,3,((#3461,#3462,#3463,#3464,#3465,
#3466,#3467,#3468,#3469,#3470,#3471,#3472,#3473,#3474,#3475,#3476,#3477,
#3478,#3479),(#3480,#3481,#3482,#3483,#3484,#3485,#3486,#3487,#3488,#3489,
#3490,#3491,#3492,#3493,#3494,#3495,#3496,#3497,#3498),(#3499,#3500,#3501,
#3502,#3503,#3504,#3505,#3506,#3507,#3508,#3509,#3510,#3511,#3512,#3513,
#3514,#3515,#3516,#3517),(#3518,#3519,#3520,#3521,#3522,#3523,#3524,#3525,
#3526,#3527,#3528,#3529,#3530,#3531,#3532,#3533,#3534,#3535,#3536),(#3537,
#3538,#3539,#3540,#3541,#3542,#3543,#3544,#3545,#3546,#3547,#3548,#3549,
#3550,#3551,#3552,#3553,#3554,#3555),(#3556,#3557,#3558,#3559,#3560,#3561,
#3562,#3563,#3564,#3565,#3566,#3567,#3568,#3569,#3570,#3571,#3572,#3573,
#3574),(#3575,#3576,#3577,#3578,#3579,#3580,#3581,#3582,#3583,#3584,#3585,
#3586,#3587,#3588,#3589,#3590,#3591,#3592,#3593),(#3594,#3595,#3596,#3597,
#3598,#3599,#3600,#3601,#3602,#3603,#3604,#3605,#3606,#3607,#3608,#3609,
#3610,#3611,#3612),(#3613,#3614,#3615,#3616,#3617,#3618,#3619,#3620,#3621,
#3622,#3623,#3624,#3625,#3626,#3627,#3628,#3629,#3630,#3631),(#3632,#3633,
#3634,#3635,#3636,#3637,#3638,#3639,#3640,#3641,#3642,#3643,#3644,#3645,
#3646,#3647,#3648,#3649,#3650)),.UNSPECIFIED.,.F.,.F.,.F.,(4,1,1,1,1,1,
1,4),(4,1,1,1,1,1,1,1,1,1,1,1,1,1,1,1,4),(0.,0.14285714285714,0.28571428571429,
0.42857142857143,0.57142857142857,0.71428571428571,0.85714285714286,1.),
(0.,0.0625,0.125,0.1875,0.25,0.3125,0.375,0.4375,0.5,0.5625,0.625,0.6875,
0.75,0.8125,0.875,0.9375,1.),.UNSPECIFIED.);
#116=CYLINDRICAL_SURFACE('',#944,24.591117993829);
#117=CYLINDRICAL_SURFACE('',#946,21.499980397504);
#118=CYLINDRICAL_SURFACE('',#955,0.1);
#119=CYLINDRICAL_SURFACE('',#967,0.1);
#120=CYLINDRICAL_SURFACE('',#971,0.1);
#121=CYLINDRICAL_SURFACE('',#985,0.1);
#122=CYLINDRICAL_SURFACE('',#988,0.1);
#123=ADVANCED_FACE('',(#203),#182,.F.);
#124=ADVANCED_FACE('',(#204),#116,.T.);
#125=ADVANCED_FACE('',(#205),#183,.F.);
#126=ADVANCED_FACE('',(#206),#117,.F.);
#127=ADVANCED_FACE('',(#207),#184,.F.);
#128=ADVANCED_FACE('',(#208),#109,.F.);
#129=ADVANCED_FACE('',(#209),#110,.F.);
#130=ADVANCED_FACE('',(#210),#69,.T.);
#131=ADVANCED_FACE('',(#211),#59,.T.);
#132=ADVANCED_FACE('',(#212),#60,.T.);
#133=ADVANCED_FACE('',(#213),#118,.T.);
#134=ADVANCED_FACE('',(#214),#70,.T.);
#135=ADVANCED_FACE('',(#215),#71,.T.);
#136=ADVANCED_FACE('',(#216),#72,.T.);
#137=ADVANCED_FACE('',(#217),#61,.T.);
#138=ADVANCED_FACE('',(#218),#119,.T.);
#139=ADVANCED_FACE('',(#219),#62,.T.);
#140=ADVANCED_FACE('',(#220),#63,.T.);
#141=ADVANCED_FACE('',(#221),#120,.T.);
#142=ADVANCED_FACE('',(#222),#64,.T.);
#143=ADVANCED_FACE('',(#223),#73,.T.);
#144=ADVANCED_FACE('',(#224),#65,.T.);
#145=ADVANCED_FACE('',(#225),#74,.T.);
#146=ADVANCED_FACE('',(#226),#75,.T.);
#147=ADVANCED_FACE('',(#227),#66,.T.);
#148=ADVANCED_FACE('',(#228),#76,.T.);
#149=ADVANCED_FACE('',(#229),#121,.T.);
#150=ADVANCED_FACE('',(#230),#67,.T.);
#151=ADVANCED_FACE('',(#231),#122,.T.);
#152=ADVANCED_FACE('',(#232),#77,.T.);
#153=ADVANCED_FACE('',(#233),#78,.T.);
#154=ADVANCED_FACE('',(#234),#68,.T.);
#155=ADVANCED_FACE('',(#235),#185,.F.);
#156=ADVANCED_FACE('',(#236),#186,.F.);
#157=ADVANCED_FACE('',(#237),#187,.F.);
#158=ADVANCED_FACE('',(#238),#188,.F.);
#159=ADVANCED_FACE('',(#239),#189,.F.);
#160=ADVANCED_FACE('',(#240),#190,.F.);
#161=ADVANCED_FACE('',(#241),#191,.F.);
#162=ADVANCED_FACE('',(#242),#192,.F.);
#163=ADVANCED_FACE('',(#243),#193,.F.);
#164=ADVANCED_FACE('',(#244),#194,.F.);
#165=ADVANCED_FACE('',(#245),#34,.F.);
#166=ADVANCED_FACE('',(#246),#35,.F.);
#167=ADVANCED_FACE('',(#247),#195,.F.);
#168=ADVANCED_FACE('',(#248),#196,.T.);
#169=ADVANCED_FACE('',(#249),#111,.T.);
#170=ADVANCED_FACE('',(#250),#112,.T.);
#171=ADVANCED_FACE('',(#251),#113,.T.);
#172=ADVANCED_FACE('',(#252),#197,.F.);
#173=ADVANCED_FACE('',(#253),#198,.F.);
#174=ADVANCED_FACE('',(#254),#199,.F.);
#175=ADVANCED_FACE('',(#255),#36,.F.);
#176=ADVANCED_FACE('',(#256),#200,.F.);
#177=ADVANCED_FACE('',(#257),#37,.F.);
#178=ADVANCED_FACE('',(#258),#201,.F.);
#179=ADVANCED_FACE('',(#259),#202,.F.);
#180=ADVANCED_FACE('',(#260),#114,.T.);
#181=ADVANCED_FACE('',(#261),#115,.T.);
#182=PLANE('',#943);
#183=PLANE('',#945);
#184=PLANE('',#947);
#185=PLANE('',#993);
#186=PLANE('',#994);
#187=PLANE('',#995);
#188=PLANE('',#996);
#189=PLANE('',#997);
#190=PLANE('',#998);
#191=PLANE('',#999);
#192=PLANE('',#1000);
#193=PLANE('',#1001);
#194=PLANE('',#1002);
#195=PLANE('',#1003);
#196=PLANE('',#1004);
#197=PLANE('',#1005);
#198=PLANE('',#1006);
#199=PLANE('',#1007);
#200=PLANE('',#1008);
#201=PLANE('',#1009);
#202=PLANE('',#1010);
#203=FACE_OUTER_BOUND('',#262,.T.);
#204=FACE_OUTER_BOUND('',#263,.T.);
#205=FACE_OUTER_BOUND('',#264,.T.);
#206=FACE_OUTER_BOUND('',#265,.T.);
#207=FACE_OUTER_BOUND('',#266,.T.);
#208=FACE_OUTER_BOUND('',#267,.T.);
#209=FACE_OUTER_BOUND('',#268,.T.);
#210=FACE_OUTER_BOUND('',#269,.T.);
#211=FACE_OUTER_BOUND('',#270,.T.);
#212=FACE_OUTER_BOUND('',#271,.T.);
#213=FACE_OUTER_BOUND('',#272,.T.);
#214=FACE_OUTER_BOUND('',#273,.T.);
#215=FACE_OUTER_BOUND('',#274,.T.);
#216=FACE_OUTER_BOUND('',#275,.T.);
#217=FACE_OUTER_BOUND('',#276,.T.);
#218=FACE_OUTER_BOUND('',#277,.T.);
#219=FACE_OUTER_BOUND('',#278,.T.);
#220=FACE_OUTER_BOUND('',#279,.T.);
#221=FACE_OUTER_BOUND('',#280,.T.);
#222=FACE_OUTER_BOUND('',#281,.T.);
#223=FACE_OUTER_BOUND('',#282,.T.);
#224=FACE_OUTER_BOUND('',#283,.T.);
#225=FACE_OUTER_BOUND('',#284,.T.);
#226=FACE_OUTER_BOUND('',#285,.T.);
#227=FACE_OUTER_BOUND('',#286,.T.);
#228=FACE_OUTER_BOUND('',#287,.T.);
#229=FACE_OUTER_BOUND('',#288,.T.);
#230=FACE_OUTER_BOUND('',#289,.T.);
#231=FACE_OUTER_BOUND('',#290,.T.);
#232=FACE_OUTER_BOUND('',#291,.T.);
#233=FACE_OUTER_BOUND('',#292,.T.);
#234=FACE_OUTER_BOUND('',#293,.T.);
#235=FACE_OUTER_BOUND('',#294,.T.);
#236=FACE_OUTER_BOUND('',#295,.T.);
#237=FACE_OUTER_BOUND('',#296,.T.);
#238=FACE_OUTER_BOUND('',#297,.T.);
#239=FACE_OUTER_BOUND('',#298,.T.);
#240=FACE_OUTER_BOUND('',#299,.T.);
#241=FACE_OUTER_BOUND('',#300,.T.);
#242=FACE_OUTER_BOUND('',#301,.T.);
#243=FACE_OUTER_BOUND('',#302,.T.);
#244=FACE_OUTER_BOUND('',#303,.T.);
#245=FACE_OUTER_BOUND('',#304,.T.);
#246=FACE_OUTER_BOUND('',#305,.T.);
#247=FACE_OUTER_BOUND('',#306,.T.);
#248=FACE_OUTER_BOUND('',#307,.T.);
#249=FACE_OUTER_BOUND('',#308,.T.);
#250=FACE_OUTER_BOUND('',#309,.T.);
#251=FACE_OUTER_BOUND('',#310,.T.);
#252=FACE_OUTER_BOUND('',#311,.T.);
#253=FACE_OUTER_BOUND('',#312,.T.);
#254=FACE_OUTER_BOUND('',#313,.T.);
#255=FACE_OUTER_BOUND('',#314,.T.);
#256=FACE_OUTER_BOUND('',#315,.T.);
#257=FACE_OUTER_BOUND('',#316,.T.);
#258=FACE_OUTER_BOUND('',#317,.T.);
#259=FACE_OUTER_BOUND('',#318,.T.);
#260=FACE_OUTER_BOUND('',#319,.T.);
#261=FACE_OUTER_BOUND('',#320,.T.);
#262=EDGE_LOOP('',(#385,#386,#387,#388));
#263=EDGE_LOOP('',(#389,#390,#391,#392));
#264=EDGE_LOOP('',(#393,#394,#395,#396));
#265=EDGE_LOOP('',(#397,#398,#399,#400));
#266=EDGE_LOOP('',(#401,#402,#403,#404));
#267=EDGE_LOOP('',(#405,#406,#407,#408,#409));
#268=EDGE_LOOP('',(#410,#411,#412,#413,#414));
#269=EDGE_LOOP('',(#415,#416,#417));
#270=EDGE_LOOP('',(#418,#419,#420,#421));
#271=EDGE_LOOP('',(#422,#423,#424,#425));
#272=EDGE_LOOP('',(#426,#427,#428,#429));
#273=EDGE_LOOP('',(#430,#431,#432));
#274=EDGE_LOOP('',(#433,#434,#435));
#275=EDGE_LOOP('',(#436,#437,#438));
#276=EDGE_LOOP('',(#439,#440,#441,#442));
#277=EDGE_LOOP('',(#443,#444,#445,#446));
#278=EDGE_LOOP('',(#447,#448,#449,#450));
#279=EDGE_LOOP('',(#451,#452,#453,#454));
#280=EDGE_LOOP('',(#455,#456,#457,#458));
#281=EDGE_LOOP('',(#459,#460,#461,#462));
#282=EDGE_LOOP('',(#463,#464,#465));
#283=EDGE_LOOP('',(#466,#467,#468,#469));
#284=EDGE_LOOP('',(#470,#471,#472));
#285=EDGE_LOOP('',(#473,#474,#475));
#286=EDGE_LOOP('',(#476,#477,#478,#479));
#287=EDGE_LOOP('',(#480,#481,#482));
#288=EDGE_LOOP('',(#483,#484,#485,#486));
#289=EDGE_LOOP('',(#487,#488,#489,#490));
#290=EDGE_LOOP('',(#491,#492,#493,#494));
#291=EDGE_LOOP('',(#495,#496,#497));
#292=EDGE_LOOP('',(#498,#499,#500));
#293=EDGE_LOOP('',(#501,#502,#503,#504));
#294=EDGE_LOOP('',(#505,#506,#507,#508));
#295=EDGE_LOOP('',(#509,#510,#511,#512));
#296=EDGE_LOOP('',(#513,#514,#515,#516));
#297=EDGE_LOOP('',(#517,#518,#519,#520));
#298=EDGE_LOOP('',(#521,#522,#523,#524));
#299=EDGE_LOOP('',(#525,#526,#527,#528));
#300=EDGE_LOOP('',(#529,#530,#531,#532,#533));
#301=EDGE_LOOP('',(#534,#535,#536,#537,#538));
#302=EDGE_LOOP('',(#539,#540,#541,#542,#543,#544));
#303=EDGE_LOOP('',(#545,#546,#547,#548));
#304=EDGE_LOOP('',(#549,#550,#551,#552));
#305=EDGE_LOOP('',(#553,#554,#555,#556));
#306=EDGE_LOOP('',(#557,#558,#559,#560));
#307=EDGE_LOOP('',(#561,#562,#563,#564,#565));
#308=EDGE_LOOP('',(#566,#567,#568,#569,#570,#571,#572,#573,#574,#575,#576,
#577,#578));
#309=EDGE_LOOP('',(#579,#580,#581,#582,#583,#584,#585,#586,#587,#588,#589,
#590,#591));
#310=EDGE_LOOP('',(#592,#593,#594));
#311=EDGE_LOOP('',(#595,#596,#597,#598,#599));
#312=EDGE_LOOP('',(#600,#601,#602,#603,#604));
#313=EDGE_LOOP('',(#605,#606,#607,#608));
#314=EDGE_LOOP('',(#609,#610,#611,#612));
#315=EDGE_LOOP('',(#613,#614,#615,#616));
#316=EDGE_LOOP('',(#617,#618,#619,#620));
#317=EDGE_LOOP('',(#621,#622,#623,#624));
#318=EDGE_LOOP('',(#625,#626,#627));
#319=EDGE_LOOP('',(#628,#629,#630,#631,#632,#633,#634));
#320=EDGE_LOOP('',(#635,#636,#637,#638,#639,#640,#641,#642));
#321=LINE('',#1262,#351);
#322=LINE('',#1271,#352);
#323=LINE('',#1301,#353);
#324=LINE('',#1332,#354);
#325=LINE('',#1346,#355);
#326=LINE('',#1359,#356);
#327=LINE('',#1393,#357);
#328=LINE('',#1420,#358);
#329=LINE('',#1431,#359);
#330=LINE('',#1441,#360);
#331=LINE('',#2627,#361);
#332=LINE('',#2635,#362);
#333=LINE('',#2647,#363);
#334=LINE('',#2659,#364);
#335=LINE('',#2671,#365);
#336=LINE('',#2683,#366);
#337=LINE('',#2695,#367);
#338=LINE('',#2712,#368);
#339=LINE('',#2729,#369);
#340=LINE('',#2751,#370);
#341=LINE('',#2763,#371);
#342=LINE('',#2781,#372);
#343=LINE('',#2810,#374);
#344=LINE('',#3296,#376);
#345=LINE('',#3309,#377);
#346=LINE('',#3326,#378);
#347=LINE('',#3338,#379);
#348=LINE('',#3358,#380);
#349=LINE('',#3383,#382);
#350=LINE('',#3401,#383);
#351=VECTOR('',#1013,1.);
#352=VECTOR('',#1014,1.);
#353=VECTOR('',#1017,1.);
#354=VECTOR('',#1018,1.);
#355=VECTOR('',#1021,1.);
#356=VECTOR('',#1022,1.);
#357=VECTOR('',#1025,1.);
#358=VECTOR('',#1026,1.);
#359=VECTOR('',#1029,1.);
#360=VECTOR('',#1030,1.);
#361=VECTOR('',#1123,1.);
#362=VECTOR('',#1124,1.);
#363=VECTOR('',#1127,1.);
#364=VECTOR('',#1130,1.);
#365=VECTOR('',#1133,1.);
#366=VECTOR('',#1136,1.);
#367=VECTOR('',#1139,1.);
#368=VECTOR('',#1142,1.);
#369=VECTOR('',#1145,1.);
#370=VECTOR('',#1148,1.);
#371=VECTOR('',#1151,1.);
#372=VECTOR('',#1154,1.);
#373=VECTOR('',#1155,1.);
#374=VECTOR('',#1156,1.);
#375=VECTOR('',#1157,1.);
#376=VECTOR('',#1162,1.);
#377=VECTOR('',#1163,1.);
#378=VECTOR('',#1166,1.);
#379=VECTOR('',#1169,1.);
#380=VECTOR('',#1172,1.);
#381=VECTOR('',#1173,1.);
#382=VECTOR('',#1174,1.);
#383=VECTOR('',#1177,1.);
#384=VECTOR('',#1178,1.);
#385=ORIENTED_EDGE('',*,*,#719,.T.);
#386=ORIENTED_EDGE('',*,*,#720,.T.);
#387=ORIENTED_EDGE('',*,*,#721,.T.);
#388=ORIENTED_EDGE('',*,*,#722,.T.);
#389=ORIENTED_EDGE('',*,*,#723,.T.);
#390=ORIENTED_EDGE('',*,*,#724,.T.);
#391=ORIENTED_EDGE('',*,*,#725,.T.);
#392=ORIENTED_EDGE('',*,*,#726,.T.);
#393=ORIENTED_EDGE('',*,*,#727,.T.);
#394=ORIENTED_EDGE('',*,*,#728,.T.);
#395=ORIENTED_EDGE('',*,*,#729,.T.);
#396=ORIENTED_EDGE('',*,*,#730,.T.);
#397=ORIENTED_EDGE('',*,*,#731,.T.);
#398=ORIENTED_EDGE('',*,*,#732,.T.);
#399=ORIENTED_EDGE('',*,*,#733,.T.);
#400=ORIENTED_EDGE('',*,*,#734,.T.);
#401=ORIENTED_EDGE('',*,*,#735,.T.);
#402=ORIENTED_EDGE('',*,*,#736,.T.);
#403=ORIENTED_EDGE('',*,*,#737,.T.);
#404=ORIENTED_EDGE('',*,*,#738,.T.);
#405=ORIENTED_EDGE('',*,*,#739,.T.);
#406=ORIENTED_EDGE('',*,*,#740,.T.);
#407=ORIENTED_EDGE('',*,*,#741,.T.);
#408=ORIENTED_EDGE('',*,*,#742,.T.);
#409=ORIENTED_EDGE('',*,*,#743,.T.);
#410=ORIENTED_EDGE('',*,*,#744,.T.);
#411=ORIENTED_EDGE('',*,*,#745,.T.);
#412=ORIENTED_EDGE('',*,*,#746,.T.);
#413=ORIENTED_EDGE('',*,*,#747,.T.);
#414=ORIENTED_EDGE('',*,*,#748,.T.);
#415=ORIENTED_EDGE('',*,*,#749,.F.);
#416=ORIENTED_EDGE('',*,*,#750,.F.);
#417=ORIENTED_EDGE('',*,*,#751,.F.);
#418=ORIENTED_EDGE('',*,*,#750,.T.);
#419=ORIENTED_EDGE('',*,*,#737,.F.);
#420=ORIENTED_EDGE('',*,*,#752,.F.);
#421=ORIENTED_EDGE('',*,*,#741,.F.);
#422=ORIENTED_EDGE('',*,*,#751,.T.);
#423=ORIENTED_EDGE('',*,*,#740,.F.);
#424=ORIENTED_EDGE('',*,*,#753,.F.);
#425=ORIENTED_EDGE('',*,*,#721,.F.);
#426=ORIENTED_EDGE('',*,*,#749,.T.);
#427=ORIENTED_EDGE('',*,*,#720,.F.);
#428=ORIENTED_EDGE('',*,*,#754,.F.);
#429=ORIENTED_EDGE('',*,*,#738,.F.);
#430=ORIENTED_EDGE('',*,*,#755,.F.);
#431=ORIENTED_EDGE('',*,*,#752,.T.);
#432=ORIENTED_EDGE('',*,*,#756,.F.);
#433=ORIENTED_EDGE('',*,*,#757,.F.);
#434=ORIENTED_EDGE('',*,*,#753,.T.);
#435=ORIENTED_EDGE('',*,*,#758,.F.);
#436=ORIENTED_EDGE('',*,*,#759,.F.);
#437=ORIENTED_EDGE('',*,*,#760,.F.);
#438=ORIENTED_EDGE('',*,*,#754,.T.);
#439=ORIENTED_EDGE('',*,*,#760,.T.);
#440=ORIENTED_EDGE('',*,*,#747,.F.);
#441=ORIENTED_EDGE('',*,*,#761,.F.);
#442=ORIENTED_EDGE('',*,*,#735,.F.);
#443=ORIENTED_EDGE('',*,*,#756,.T.);
#444=ORIENTED_EDGE('',*,*,#736,.F.);
#445=ORIENTED_EDGE('',*,*,#762,.F.);
#446=ORIENTED_EDGE('',*,*,#732,.F.);
#447=ORIENTED_EDGE('',*,*,#755,.T.);
#448=ORIENTED_EDGE('',*,*,#731,.F.);
#449=ORIENTED_EDGE('',*,*,#763,.F.);
#450=ORIENTED_EDGE('',*,*,#742,.F.);
#451=ORIENTED_EDGE('',*,*,#758,.T.);
#452=ORIENTED_EDGE('',*,*,#739,.F.);
#453=ORIENTED_EDGE('',*,*,#764,.F.);
#454=ORIENTED_EDGE('',*,*,#723,.F.);
#455=ORIENTED_EDGE('',*,*,#757,.T.);
#456=ORIENTED_EDGE('',*,*,#726,.F.);
#457=ORIENTED_EDGE('',*,*,#765,.F.);
#458=ORIENTED_EDGE('',*,*,#722,.F.);
#459=ORIENTED_EDGE('',*,*,#759,.T.);
#460=ORIENTED_EDGE('',*,*,#719,.F.);
#461=ORIENTED_EDGE('',*,*,#766,.F.);
#462=ORIENTED_EDGE('',*,*,#748,.F.);
#463=ORIENTED_EDGE('',*,*,#762,.T.);
#464=ORIENTED_EDGE('',*,*,#761,.T.);
#465=ORIENTED_EDGE('',*,*,#767,.F.);
#466=ORIENTED_EDGE('',*,*,#768,.F.);
#467=ORIENTED_EDGE('',*,*,#743,.F.);
#468=ORIENTED_EDGE('',*,*,#769,.F.);
#469=ORIENTED_EDGE('',*,*,#727,.F.);
#470=ORIENTED_EDGE('',*,*,#764,.T.);
#471=ORIENTED_EDGE('',*,*,#768,.T.);
#472=ORIENTED_EDGE('',*,*,#770,.F.);
#473=ORIENTED_EDGE('',*,*,#766,.T.);
#474=ORIENTED_EDGE('',*,*,#765,.T.);
#475=ORIENTED_EDGE('',*,*,#771,.F.);
#476=ORIENTED_EDGE('',*,*,#767,.T.);
#477=ORIENTED_EDGE('',*,*,#746,.F.);
#478=ORIENTED_EDGE('',*,*,#772,.F.);
#479=ORIENTED_EDGE('',*,*,#733,.F.);
#480=ORIENTED_EDGE('',*,*,#769,.T.);
#481=ORIENTED_EDGE('',*,*,#763,.T.);
#482=ORIENTED_EDGE('',*,*,#773,.F.);
#483=ORIENTED_EDGE('',*,*,#770,.T.);
#484=ORIENTED_EDGE('',*,*,#730,.F.);
#485=ORIENTED_EDGE('',*,*,#774,.F.);
#486=ORIENTED_EDGE('',*,*,#724,.F.);
#487=ORIENTED_EDGE('',*,*,#771,.T.);
#488=ORIENTED_EDGE('',*,*,#725,.F.);
#489=ORIENTED_EDGE('',*,*,#775,.F.);
#490=ORIENTED_EDGE('',*,*,#744,.F.);
#491=ORIENTED_EDGE('',*,*,#773,.T.);
#492=ORIENTED_EDGE('',*,*,#734,.F.);
#493=ORIENTED_EDGE('',*,*,#776,.F.);
#494=ORIENTED_EDGE('',*,*,#728,.F.);
#495=ORIENTED_EDGE('',*,*,#775,.T.);
#496=ORIENTED_EDGE('',*,*,#774,.T.);
#497=ORIENTED_EDGE('',*,*,#777,.F.);
#498=ORIENTED_EDGE('',*,*,#776,.T.);
#499=ORIENTED_EDGE('',*,*,#772,.T.);
#500=ORIENTED_EDGE('',*,*,#778,.F.);
#501=ORIENTED_EDGE('',*,*,#777,.T.);
#502=ORIENTED_EDGE('',*,*,#729,.F.);
#503=ORIENTED_EDGE('',*,*,#778,.T.);
#504=ORIENTED_EDGE('',*,*,#745,.F.);
#505=ORIENTED_EDGE('',*,*,#779,.T.);
#506=ORIENTED_EDGE('',*,*,#780,.T.);
#507=ORIENTED_EDGE('',*,*,#781,.F.);
#508=ORIENTED_EDGE('',*,*,#782,.F.);
#509=ORIENTED_EDGE('',*,*,#781,.T.);
#510=ORIENTED_EDGE('',*,*,#783,.T.);
#511=ORIENTED_EDGE('',*,*,#784,.F.);
#512=ORIENTED_EDGE('',*,*,#785,.F.);
#513=ORIENTED_EDGE('',*,*,#784,.T.);
#514=ORIENTED_EDGE('',*,*,#786,.T.);
#515=ORIENTED_EDGE('',*,*,#787,.F.);
#516=ORIENTED_EDGE('',*,*,#788,.F.);
#517=ORIENTED_EDGE('',*,*,#787,.T.);
#518=ORIENTED_EDGE('',*,*,#789,.T.);
#519=ORIENTED_EDGE('',*,*,#790,.F.);
#520=ORIENTED_EDGE('',*,*,#791,.F.);
#521=ORIENTED_EDGE('',*,*,#790,.T.);
#522=ORIENTED_EDGE('',*,*,#792,.T.);
#523=ORIENTED_EDGE('',*,*,#793,.F.);
#524=ORIENTED_EDGE('',*,*,#794,.F.);
#525=ORIENTED_EDGE('',*,*,#793,.T.);
#526=ORIENTED_EDGE('',*,*,#795,.T.);
#527=ORIENTED_EDGE('',*,*,#796,.F.);
#528=ORIENTED_EDGE('',*,*,#797,.F.);
#529=ORIENTED_EDGE('',*,*,#796,.T.);
#530=ORIENTED_EDGE('',*,*,#798,.T.);
#531=ORIENTED_EDGE('',*,*,#799,.T.);
#532=ORIENTED_EDGE('',*,*,#800,.F.);
#533=ORIENTED_EDGE('',*,*,#801,.F.);
#534=ORIENTED_EDGE('',*,*,#802,.T.);
#535=ORIENTED_EDGE('',*,*,#803,.T.);
#536=ORIENTED_EDGE('',*,*,#804,.F.);
#537=ORIENTED_EDGE('',*,*,#805,.F.);
#538=ORIENTED_EDGE('',*,*,#800,.T.);
#539=ORIENTED_EDGE('',*,*,#804,.T.);
#540=ORIENTED_EDGE('',*,*,#806,.T.);
#541=ORIENTED_EDGE('',*,*,#807,.T.);
#542=ORIENTED_EDGE('',*,*,#808,.T.);
#543=ORIENTED_EDGE('',*,*,#809,.F.);
#544=ORIENTED_EDGE('',*,*,#810,.F.);
#545=ORIENTED_EDGE('',*,*,#809,.T.);
#546=ORIENTED_EDGE('',*,*,#811,.T.);
#547=ORIENTED_EDGE('',*,*,#812,.F.);
#548=ORIENTED_EDGE('',*,*,#813,.F.);
#549=ORIENTED_EDGE('',*,*,#812,.T.);
#550=ORIENTED_EDGE('',*,*,#814,.T.);
#551=ORIENTED_EDGE('',*,*,#815,.F.);
#552=ORIENTED_EDGE('',*,*,#816,.F.);
#553=ORIENTED_EDGE('',*,*,#815,.T.);
#554=ORIENTED_EDGE('',*,*,#817,.T.);
#555=ORIENTED_EDGE('',*,*,#818,.F.);
#556=ORIENTED_EDGE('',*,*,#819,.F.);
#557=ORIENTED_EDGE('',*,*,#818,.T.);
#558=ORIENTED_EDGE('',*,*,#820,.T.);
#559=ORIENTED_EDGE('',*,*,#779,.F.);
#560=ORIENTED_EDGE('',*,*,#821,.F.);
#561=ORIENTED_EDGE('',*,*,#822,.F.);
#562=ORIENTED_EDGE('',*,*,#802,.F.);
#563=ORIENTED_EDGE('',*,*,#799,.F.);
#564=ORIENTED_EDGE('',*,*,#823,.F.);
#565=ORIENTED_EDGE('',*,*,#807,.F.);
#566=ORIENTED_EDGE('',*,*,#821,.T.);
#567=ORIENTED_EDGE('',*,*,#782,.T.);
#568=ORIENTED_EDGE('',*,*,#785,.T.);
#569=ORIENTED_EDGE('',*,*,#788,.T.);
#570=ORIENTED_EDGE('',*,*,#791,.T.);
#571=ORIENTED_EDGE('',*,*,#794,.T.);
#572=ORIENTED_EDGE('',*,*,#797,.T.);
#573=ORIENTED_EDGE('',*,*,#801,.T.);
#574=ORIENTED_EDGE('',*,*,#805,.T.);
#575=ORIENTED_EDGE('',*,*,#810,.T.);
#576=ORIENTED_EDGE('',*,*,#813,.T.);
#577=ORIENTED_EDGE('',*,*,#816,.T.);
#578=ORIENTED_EDGE('',*,*,#819,.T.);
#579=ORIENTED_EDGE('',*,*,#808,.F.);
#580=ORIENTED_EDGE('',*,*,#823,.T.);
#581=ORIENTED_EDGE('',*,*,#798,.F.);
#582=ORIENTED_EDGE('',*,*,#795,.F.);
#583=ORIENTED_EDGE('',*,*,#792,.F.);
#584=ORIENTED_EDGE('',*,*,#789,.F.);
#585=ORIENTED_EDGE('',*,*,#786,.F.);
#586=ORIENTED_EDGE('',*,*,#783,.F.);
#587=ORIENTED_EDGE('',*,*,#780,.F.);
#588=ORIENTED_EDGE('',*,*,#820,.F.);
#589=ORIENTED_EDGE('',*,*,#817,.F.);
#590=ORIENTED_EDGE('',*,*,#814,.F.);
#591=ORIENTED_EDGE('',*,*,#811,.F.);
#592=ORIENTED_EDGE('',*,*,#822,.T.);
#593=ORIENTED_EDGE('',*,*,#806,.F.);
#594=ORIENTED_EDGE('',*,*,#803,.F.);
#595=ORIENTED_EDGE('',*,*,#824,.T.);
#596=ORIENTED_EDGE('',*,*,#825,.T.);
#597=ORIENTED_EDGE('',*,*,#826,.T.);
#598=ORIENTED_EDGE('',*,*,#827,.F.);
#599=ORIENTED_EDGE('',*,*,#828,.F.);
#600=ORIENTED_EDGE('',*,*,#829,.T.);
#601=ORIENTED_EDGE('',*,*,#830,.T.);
#602=ORIENTED_EDGE('',*,*,#831,.F.);
#603=ORIENTED_EDGE('',*,*,#832,.F.);
#604=ORIENTED_EDGE('',*,*,#827,.T.);
#605=ORIENTED_EDGE('',*,*,#831,.T.);
#606=ORIENTED_EDGE('',*,*,#833,.T.);
#607=ORIENTED_EDGE('',*,*,#834,.F.);
#608=ORIENTED_EDGE('',*,*,#835,.F.);
#609=ORIENTED_EDGE('',*,*,#834,.T.);
#610=ORIENTED_EDGE('',*,*,#836,.T.);
#611=ORIENTED_EDGE('',*,*,#837,.F.);
#612=ORIENTED_EDGE('',*,*,#838,.F.);
#613=ORIENTED_EDGE('',*,*,#837,.T.);
#614=ORIENTED_EDGE('',*,*,#839,.T.);
#615=ORIENTED_EDGE('',*,*,#840,.F.);
#616=ORIENTED_EDGE('',*,*,#841,.F.);
#617=ORIENTED_EDGE('',*,*,#840,.T.);
#618=ORIENTED_EDGE('',*,*,#842,.T.);
#619=ORIENTED_EDGE('',*,*,#843,.F.);
#620=ORIENTED_EDGE('',*,*,#844,.F.);
#621=ORIENTED_EDGE('',*,*,#843,.T.);
#622=ORIENTED_EDGE('',*,*,#845,.T.);
#623=ORIENTED_EDGE('',*,*,#824,.F.);
#624=ORIENTED_EDGE('',*,*,#846,.F.);
#625=ORIENTED_EDGE('',*,*,#826,.F.);
#626=ORIENTED_EDGE('',*,*,#847,.T.);
#627=ORIENTED_EDGE('',*,*,#829,.F.);
#628=ORIENTED_EDGE('',*,*,#846,.T.);
#629=ORIENTED_EDGE('',*,*,#828,.T.);
#630=ORIENTED_EDGE('',*,*,#832,.T.);
#631=ORIENTED_EDGE('',*,*,#835,.T.);
#632=ORIENTED_EDGE('',*,*,#838,.T.);
#633=ORIENTED_EDGE('',*,*,#841,.T.);
#634=ORIENTED_EDGE('',*,*,#844,.T.);
#635=ORIENTED_EDGE('',*,*,#830,.F.);
#636=ORIENTED_EDGE('',*,*,#847,.F.);
#637=ORIENTED_EDGE('',*,*,#825,.F.);
#638=ORIENTED_EDGE('',*,*,#845,.F.);
#639=ORIENTED_EDGE('',*,*,#842,.F.);
#640=ORIENTED_EDGE('',*,*,#839,.F.);
#641=ORIENTED_EDGE('',*,*,#836,.F.);
#642=ORIENTED_EDGE('',*,*,#833,.F.);
#643=VERTEX_POINT('',#1260);
#644=VERTEX_POINT('',#1261);
#645=VERTEX_POINT('',#1263);
#646=VERTEX_POINT('',#1270);
#647=VERTEX_POINT('',#1299);
#648=VERTEX_POINT('',#1300);
#649=VERTEX_POINT('',#1302);
#650=VERTEX_POINT('',#1331);
#651=VERTEX_POINT('',#1344);
#652=VERTEX_POINT('',#1345);
#653=VERTEX_POINT('',#1347);
#654=VERTEX_POINT('',#1358);
#655=VERTEX_POINT('',#1391);
#656=VERTEX_POINT('',#1392);
#657=VERTEX_POINT('',#1394);
#658=VERTEX_POINT('',#1419);
#659=VERTEX_POINT('',#1429);
#660=VERTEX_POINT('',#1430);
#661=VERTEX_POINT('',#1432);
#662=VERTEX_POINT('',#1440);
#663=VERTEX_POINT('',#1471);
#664=VERTEX_POINT('',#1472);
#665=VERTEX_POINT('',#1479);
#666=VERTEX_POINT('',#1487);
#667=VERTEX_POINT('',#1518);
#668=VERTEX_POINT('',#1764);
#669=VERTEX_POINT('',#1765);
#670=VERTEX_POINT('',#1776);
#671=VERTEX_POINT('',#1801);
#672=VERTEX_POINT('',#1809);
#673=VERTEX_POINT('',#2628);
#674=VERTEX_POINT('',#2629);
#675=VERTEX_POINT('',#2634);
#676=VERTEX_POINT('',#2636);
#677=VERTEX_POINT('',#2646);
#678=VERTEX_POINT('',#2648);
#679=VERTEX_POINT('',#2658);
#680=VERTEX_POINT('',#2660);
#681=VERTEX_POINT('',#2670);
#682=VERTEX_POINT('',#2672);
#683=VERTEX_POINT('',#2682);
#684=VERTEX_POINT('',#2684);
#685=VERTEX_POINT('',#2694);
#686=VERTEX_POINT('',#2696);
#687=VERTEX_POINT('',#2706);
#688=VERTEX_POINT('',#2711);
#689=VERTEX_POINT('',#2713);
#690=VERTEX_POINT('',#2723);
#691=VERTEX_POINT('',#2728);
#692=VERTEX_POINT('',#2730);
#693=VERTEX_POINT('',#2740);
#694=VERTEX_POINT('',#2745);
#695=VERTEX_POINT('',#2750);
#696=VERTEX_POINT('',#2752);
#697=VERTEX_POINT('',#2762);
#698=VERTEX_POINT('',#2764);
#699=VERTEX_POINT('',#2780);
#700=VERTEX_POINT('',#2782);
#701=VERTEX_POINT('',#2809);
#702=VERTEX_POINT('',#2811);
#703=VERTEX_POINT('',#3297);
#704=VERTEX_POINT('',#3298);
#705=VERTEX_POINT('',#3303);
#706=VERTEX_POINT('',#3308);
#707=VERTEX_POINT('',#3310);
#708=VERTEX_POINT('',#3320);
#709=VERTEX_POINT('',#3325);
#710=VERTEX_POINT('',#3327);
#711=VERTEX_POINT('',#3337);
#712=VERTEX_POINT('',#3339);
#713=VERTEX_POINT('',#3357);
#714=VERTEX_POINT('',#3359);
#715=VERTEX_POINT('',#3382);
#716=VERTEX_POINT('',#3384);
#717=VERTEX_POINT('',#3400);
#718=VERTEX_POINT('',#3402);
#719=EDGE_CURVE('',#643,#644,#869,.T.);
#720=EDGE_CURVE('',#644,#645,#321,.T.);
#721=EDGE_CURVE('',#645,#646,#870,.T.);
#722=EDGE_CURVE('',#646,#643,#322,.T.);
#723=EDGE_CURVE('',#647,#648,#871,.T.);
#724=EDGE_CURVE('',#648,#649,#323,.T.);
#725=EDGE_CURVE('',#649,#650,#872,.T.);
#726=EDGE_CURVE('',#650,#647,#324,.T.);
#727=EDGE_CURVE('',#651,#652,#873,.T.);
#728=EDGE_CURVE('',#652,#653,#325,.T.);
#729=EDGE_CURVE('',#653,#654,#874,.T.);
#730=EDGE_CURVE('',#654,#651,#326,.T.);
#731=EDGE_CURVE('',#655,#656,#875,.T.);
#732=EDGE_CURVE('',#656,#657,#327,.T.);
#733=EDGE_CURVE('',#657,#658,#876,.T.);
#734=EDGE_CURVE('',#658,#655,#328,.T.);
#735=EDGE_CURVE('',#659,#660,#877,.T.);
#736=EDGE_CURVE('',#660,#661,#329,.T.);
#737=EDGE_CURVE('',#661,#662,#878,.T.);
#738=EDGE_CURVE('',#662,#659,#330,.T.);
#739=EDGE_CURVE('',#663,#664,#879,.T.);
#740=EDGE_CURVE('',#664,#665,#880,.T.);
#741=EDGE_CURVE('',#665,#666,#881,.T.);
#742=EDGE_CURVE('',#666,#667,#882,.T.);
#743=EDGE_CURVE('',#667,#663,#883,.T.);
#744=EDGE_CURVE('',#668,#669,#884,.T.);
#745=EDGE_CURVE('',#669,#670,#885,.T.);
#746=EDGE_CURVE('',#670,#671,#886,.T.);
#747=EDGE_CURVE('',#671,#672,#887,.T.);
#748=EDGE_CURVE('',#672,#668,#888,.T.);
#749=EDGE_CURVE('',#662,#645,#79,.T.);
#750=EDGE_CURVE('',#665,#662,#80,.T.);
#751=EDGE_CURVE('',#645,#665,#81,.T.);
#752=EDGE_CURVE('',#666,#661,#82,.T.);
#753=EDGE_CURVE('',#646,#664,#83,.T.);
#754=EDGE_CURVE('',#659,#644,#84,.T.);
#755=EDGE_CURVE('',#666,#656,#85,.T.);
#756=EDGE_CURVE('',#656,#661,#86,.T.);
#757=EDGE_CURVE('',#646,#647,#87,.T.);
#758=EDGE_CURVE('',#647,#664,#88,.T.);
#759=EDGE_CURVE('',#672,#644,#89,.T.);
#760=EDGE_CURVE('',#659,#672,#90,.T.);
#761=EDGE_CURVE('',#660,#671,#91,.T.);
#762=EDGE_CURVE('',#657,#660,#92,.T.);
#763=EDGE_CURVE('',#667,#655,#93,.T.);
#764=EDGE_CURVE('',#648,#663,#94,.T.);
#765=EDGE_CURVE('',#643,#650,#95,.T.);
#766=EDGE_CURVE('',#668,#643,#96,.T.);
#767=EDGE_CURVE('',#657,#671,#97,.T.);
#768=EDGE_CURVE('',#663,#651,#98,.T.);
#769=EDGE_CURVE('',#652,#667,#99,.T.);
#770=EDGE_CURVE('',#648,#651,#100,.T.);
#771=EDGE_CURVE('',#668,#650,#101,.T.);
#772=EDGE_CURVE('',#658,#670,#102,.T.);
#773=EDGE_CURVE('',#652,#655,#103,.T.);
#774=EDGE_CURVE('',#649,#654,#104,.T.);
#775=EDGE_CURVE('',#669,#649,#105,.T.);
#776=EDGE_CURVE('',#653,#658,#106,.T.);
#777=EDGE_CURVE('',#669,#654,#107,.T.);
#778=EDGE_CURVE('',#653,#670,#108,.T.);
#779=EDGE_CURVE('',#673,#674,#331,.T.);
#780=EDGE_CURVE('',#674,#675,#889,.T.);
#781=EDGE_CURVE('',#676,#675,#332,.T.);
#782=EDGE_CURVE('',#673,#676,#890,.T.);
#783=EDGE_CURVE('',#675,#677,#891,.T.);
#784=EDGE_CURVE('',#678,#677,#333,.T.);
#785=EDGE_CURVE('',#676,#678,#892,.T.);
#786=EDGE_CURVE('',#677,#679,#893,.T.);
#787=EDGE_CURVE('',#680,#679,#334,.T.);
#788=EDGE_CURVE('',#678,#680,#894,.T.);
#789=EDGE_CURVE('',#679,#681,#895,.T.);
#790=EDGE_CURVE('',#682,#681,#335,.T.);
#791=EDGE_CURVE('',#680,#682,#896,.T.);
#792=EDGE_CURVE('',#681,#683,#897,.T.);
#793=EDGE_CURVE('',#684,#683,#336,.T.);
#794=EDGE_CURVE('',#682,#684,#898,.T.);
#795=EDGE_CURVE('',#683,#685,#899,.T.);
#796=EDGE_CURVE('',#686,#685,#337,.T.);
#797=EDGE_CURVE('',#684,#686,#900,.T.);
#798=EDGE_CURVE('',#685,#687,#901,.T.);
#799=EDGE_CURVE('',#687,#688,#902,.T.);
#800=EDGE_CURVE('',#689,#688,#338,.T.);
#801=EDGE_CURVE('',#686,#689,#903,.T.);
#802=EDGE_CURVE('',#688,#690,#904,.T.);
#803=EDGE_CURVE('',#690,#691,#905,.T.);
#804=EDGE_CURVE('',#692,#691,#339,.T.);
#805=EDGE_CURVE('',#689,#692,#906,.T.);
#806=EDGE_CURVE('',#691,#693,#907,.T.);
#807=EDGE_CURVE('',#693,#694,#908,.T.);
#808=EDGE_CURVE('',#694,#695,#909,.T.);
#809=EDGE_CURVE('',#696,#695,#340,.T.);
#810=EDGE_CURVE('',#692,#696,#910,.T.);
#811=EDGE_CURVE('',#695,#697,#911,.T.);
#812=EDGE_CURVE('',#698,#697,#341,.T.);
#813=EDGE_CURVE('',#696,#698,#912,.T.);
#814=EDGE_CURVE('',#697,#699,#913,.T.);
#815=EDGE_CURVE('',#700,#699,#342,.T.);
#816=EDGE_CURVE('',#698,#700,#914,.T.);
#817=EDGE_CURVE('',#699,#701,#916,.T.);
#818=EDGE_CURVE('',#702,#701,#343,.T.);
#819=EDGE_CURVE('',#700,#702,#917,.T.);
#820=EDGE_CURVE('',#701,#674,#919,.T.);
#821=EDGE_CURVE('',#702,#673,#920,.T.);
#822=EDGE_CURVE('',#690,#693,#921,.T.);
#823=EDGE_CURVE('',#694,#687,#922,.T.);
#824=EDGE_CURVE('',#703,#704,#344,.T.);
#825=EDGE_CURVE('',#704,#705,#923,.T.);
#826=EDGE_CURVE('',#705,#706,#924,.T.);
#827=EDGE_CURVE('',#707,#706,#345,.T.);
#828=EDGE_CURVE('',#703,#707,#925,.T.);
#829=EDGE_CURVE('',#706,#708,#926,.T.);
#830=EDGE_CURVE('',#708,#709,#927,.T.);
#831=EDGE_CURVE('',#710,#709,#346,.T.);
#832=EDGE_CURVE('',#707,#710,#928,.T.);
#833=EDGE_CURVE('',#709,#711,#929,.T.);
#834=EDGE_CURVE('',#712,#711,#347,.T.);
#835=EDGE_CURVE('',#710,#712,#930,.T.);
#836=EDGE_CURVE('',#711,#713,#931,.T.);
#837=EDGE_CURVE('',#714,#713,#348,.T.);
#838=EDGE_CURVE('',#712,#714,#932,.T.);
#839=EDGE_CURVE('',#713,#715,#934,.T.);
#840=EDGE_CURVE('',#716,#715,#349,.T.);
#841=EDGE_CURVE('',#714,#716,#935,.T.);
#842=EDGE_CURVE('',#715,#717,#936,.T.);
#843=EDGE_CURVE('',#718,#717,#350,.T.);
#844=EDGE_CURVE('',#716,#718,#937,.T.);
#845=EDGE_CURVE('',#717,#704,#939,.T.);
#846=EDGE_CURVE('',#718,#703,#940,.T.);
#847=EDGE_CURVE('',#705,#708,#941,.T.);
#848=PRESENTATION_LAYER_ASSIGNMENT('2','Layer 2',(#867,#868));
#849=PRESENTATION_LAYER_ASSIGNMENT('1','Layer 1',(#53,#54,#55));
#850=STYLED_ITEM('',(#855),#867);
#851=STYLED_ITEM('',(#856),#868);
#852=STYLED_ITEM('',(#857),#53);
#853=STYLED_ITEM('',(#858),#54);
#854=STYLED_ITEM('',(#859),#55);
#855=PRESENTATION_STYLE_ASSIGNMENT((#860));
#856=PRESENTATION_STYLE_ASSIGNMENT((#861));
#857=PRESENTATION_STYLE_ASSIGNMENT((#38));
#858=PRESENTATION_STYLE_ASSIGNMENT((#39));
#859=PRESENTATION_STYLE_ASSIGNMENT((#40));
#860=CURVE_STYLE('',#865,POSITIVE_LENGTH_MEASURE(0.18),#862);
#861=CURVE_STYLE('',#866,POSITIVE_LENGTH_MEASURE(0.18),#862);
#862=COLOUR_RGB('Orange',1.,0.500007629510948,0.);
#863=COLOUR_RGB('light hard violet',0.6,0.2,1.);
#864=COLOUR_RGB('medium weak cyan',0.4,0.6,0.6);
#865=DRAUGHTING_PRE_DEFINED_CURVE_FONT('continuous');
#866=DRAUGHTING_PRE_DEFINED_CURVE_FONT('continuous');
#867=B_SPLINE_CURVE_WITH_KNOTS('',3,(#1184,#1185,#1186,#1187,#1188,#1189,
#1190,#1191,#1192,#1193,#1194,#1195,#1196,#1197,#1198,#1199,#1200,#1201,
#1202,#1203,#1204,#1205,#1206,#1207,#1208,#1209,#1210,#1211,#1212,#1213,
#1214,#1215,#1216,#1217,#1218,#1219,#1220,#1221,#1222,#1223,#1224,#1225,
#1226,#1227),.UNSPECIFIED.,.T.,.F.,(4,3,3,3,3,3,3,3,3,3,3,2,3,2,3,4),(0.,
0.126613994217421,0.142776793680772,0.250571977295256,0.364421950309096,
0.379515867241589,0.491702976118628,0.597684298464789,0.61384709792814,
0.740461092145561,0.763004796410502,0.856177095934564,0.884417142158039,
0.904248801043884,0.975189278758641,1.),.UNSPECIFIED.);
#868=B_SPLINE_CURVE_WITH_KNOTS('',3,(#1228,#1229,#1230,#1231,#1232,#1233,
#1234,#1235,#1236,#1237,#1238,#1239,#1240,#1241,#1242,#1243,#1244,#1245,
#1246,#1247,#1248,#1249,#1250,#1251,#1252,#1253),.UNSPECIFIED.,.T.,.F.,
(4,3,3,3,2,3,3,2,3,4),(0.,0.045296494416207,0.415689703964375,0.444943689918966,
0.508972873659711,0.57302062670859,0.615655139464695,0.667418114394243,
0.719060949721259,1.),.UNSPECIFIED.);
#869=B_SPLINE_CURVE_WITH_KNOTS('',3,(#1254,#1255,#1256,#1257,#1258,#1259),
 .UNSPECIFIED.,.F.,.F.,(4,2,4),(0.,0.5,1.),.UNSPECIFIED.);
#870=B_SPLINE_CURVE_WITH_KNOTS('',3,(#1264,#1265,#1266,#1267,#1268,#1269),
 .UNSPECIFIED.,.F.,.F.,(4,2,4),(0.,0.5,1.),.UNSPECIFIED.);
#871=B_SPLINE_CURVE_WITH_KNOTS('',3,(#1273,#1274,#1275,#1276,#1277,#1278,
#1279,#1280,#1281,#1282,#1283,#1284,#1285,#1286,#1287,#1288,#1289,#1290,
#1291,#1292,#1293,#1294,#1295,#1296,#1297,#1298),.UNSPECIFIED.,.F.,.F.,
(4,2,2,2,2,2,2,2,2,2,2,2,4),(0.,0.0625000000000002,0.125,0.25,0.375,0.5,
0.625,0.6875,0.75,0.8125,0.875,0.9375,1.),.UNSPECIFIED.);
#872=B_SPLINE_CURVE_WITH_KNOTS('',3,(#1303,#1304,#1305,#1306,#1307,#1308,
#1309,#1310,#1311,#1312,#1313,#1314,#1315,#1316,#1317,#1318,#1319,#1320,
#1321,#1322,#1323,#1324,#1325,#1326,#1327,#1328,#1329,#1330),
 .UNSPECIFIED.,.F.,.F.,(4,2,2,2,2,2,2,2,2,2,2,2,2,4),(0.,0.0312499999999998,
0.0624999999999996,0.125,0.25,0.375,0.5,0.562499999999999,0.624999999999999,
0.749999999999999,0.812499999999999,0.874999999999999,0.9375,1.),
 .UNSPECIFIED.);
#873=B_SPLINE_CURVE_WITH_KNOTS('',3,(#1334,#1335,#1336,#1337,#1338,#1339,
#1340,#1341,#1342,#1343),.UNSPECIFIED.,.F.,.F.,(4,2,2,2,4),(0.,0.125,0.249999999999999,
0.499999999999999,1.),.UNSPECIFIED.);
#874=B_SPLINE_CURVE_WITH_KNOTS('',3,(#1348,#1349,#1350,#1351,#1352,#1353,
#1354,#1355,#1356,#1357),.UNSPECIFIED.,.F.,.F.,(4,2,2,2,4),(0.,0.5,0.75,
0.875,1.),.UNSPECIFIED.);
#875=B_SPLINE_CURVE_WITH_KNOTS('',3,(#1361,#1362,#1363,#1364,#1365,#1366,
#1367,#1368,#1369,#1370,#1371,#1372,#1373,#1374,#1375,#1376,#1377,#1378,
#1379,#1380,#1381,#1382,#1383,#1384,#1385,#1386,#1387,#1388,#1389,#1390),
 .UNSPECIFIED.,.F.,.F.,(4,2,2,2,2,2,2,2,2,2,2,2,2,2,4),(0.,0.0624999999999999,
0.125,0.25,0.312499999999999,0.374999999999999,0.499999999999999,0.624999999999999,
0.687499999999998,0.749999999999998,0.812499999999998,0.874999999999998,
0.906249999999998,0.937499999999999,1.),.UNSPECIFIED.);
#876=B_SPLINE_CURVE_WITH_KNOTS('',3,(#1395,#1396,#1397,#1398,#1399,#1400,
#1401,#1402,#1403,#1404,#1405,#1406,#1407,#1408,#1409,#1410,#1411,#1412,
#1413,#1414,#1415,#1416,#1417,#1418),.UNSPECIFIED.,.F.,.F.,(4,2,2,2,2,2,
2,2,2,2,2,4),(0.,0.0625000000000002,0.125,0.187500000000001,0.250000000000001,
0.375000000000001,0.5,0.625,0.75,0.875,0.9375,1.),.UNSPECIFIED.);
#877=B_SPLINE_CURVE_WITH_KNOTS('',3,(#1422,#1423,#1424,#1425,#1426,#1427,
#1428),.UNSPECIFIED.,.F.,.F.,(4,3,4),(0.,0.504994940569281,1.),
 .UNSPECIFIED.);
#878=B_SPLINE_CURVE_WITH_KNOTS('',3,(#1433,#1434,#1435,#1436,#1437,#1438,
#1439),.UNSPECIFIED.,.F.,.F.,(4,3,4),(0.,0.468957919656915,1.),
 .UNSPECIFIED.);
#879=B_SPLINE_CURVE_WITH_KNOTS('',3,(#1443,#1444,#1445,#1446,#1447,#1448,
#1449,#1450,#1451,#1452,#1453,#1454,#1455,#1456,#1457,#1458,#1459,#1460,
#1461,#1462,#1463,#1464,#1465,#1466,#1467,#1468,#1469,#1470),
 .UNSPECIFIED.,.F.,.F.,(4,2,2,2,2,2,2,2,2,2,2,2,2,4),(0.,0.0625000000000002,
0.125,0.187500000000001,0.250000000000001,0.312500000000001,0.375000000000001,
0.500000000000001,0.562500000000001,0.625000000000001,0.750000000000001,
0.875000000000001,0.9375,1.),.UNSPECIFIED.);
#880=B_SPLINE_CURVE_WITH_KNOTS('',3,(#1473,#1474,#1475,#1476,#1477,#1478),
 .UNSPECIFIED.,.F.,.F.,(4,2,4),(0.,0.5,1.),.UNSPECIFIED.);
#881=B_SPLINE_CURVE_WITH_KNOTS('',3,(#1480,#1481,#1482,#1483,#1484,#1485,
#1486),.UNSPECIFIED.,.F.,.F.,(4,3,4),(0.,0.531092855696119,1.),
 .UNSPECIFIED.);
#882=B_SPLINE_CURVE_WITH_KNOTS('',3,(#1488,#1489,#1490,#1491,#1492,#1493,
#1494,#1495,#1496,#1497,#1498,#1499,#1500,#1501,#1502,#1503,#1504,#1505,
#1506,#1507,#1508,#1509,#1510,#1511,#1512,#1513,#1514,#1515,#1516,#1517),
 .UNSPECIFIED.,.F.,.F.,(4,2,2,2,2,2,2,2,2,2,2,2,2,2,4),(0.,0.0625000000000005,
0.0937500000000005,0.125,0.1875,0.25,0.3125,0.375,0.5,0.625,0.6875,0.75,
0.875,0.9375,1.),.UNSPECIFIED.);
#883=B_SPLINE_CURVE_WITH_KNOTS('',3,(#1519,#1520,#1521,#1522,#1523,#1524,
#1525,#1526,#1527,#1528),.UNSPECIFIED.,.F.,.F.,(4,2,2,2,4),(0.,0.500000000000001,
0.750000000000001,0.875000000000001,1.),.UNSPECIFIED.);
#884=B_SPLINE_CURVE_WITH_KNOTS('',3,(#1738,#1739,#1740,#1741,#1742,#1743,
#1744,#1745,#1746,#1747,#1748,#1749,#1750,#1751,#1752,#1753,#1754,#1755,
#1756,#1757,#1758,#1759,#1760,#1761,#1762,#1763),.UNSPECIFIED.,.F.,.F.,
(4,2,2,2,2,2,2,2,2,2,2,2,4),(0.,0.0625000000000001,0.125,0.1875,0.25,0.375000000000001,
0.437500000000001,0.500000000000002,0.750000000000001,0.875,0.9375,0.96875,
1.),.UNSPECIFIED.);
#885=B_SPLINE_CURVE_WITH_KNOTS('',3,(#1766,#1767,#1768,#1769,#1770,#1771,
#1772,#1773,#1774,#1775),.UNSPECIFIED.,.F.,.F.,(4,2,2,2,4),(0.,0.125000000000001,
0.250000000000001,0.5,1.),.UNSPECIFIED.);
#886=B_SPLINE_CURVE_WITH_KNOTS('',3,(#1777,#1778,#1779,#1780,#1781,#1782,
#1783,#1784,#1785,#1786,#1787,#1788,#1789,#1790,#1791,#1792,#1793,#1794,
#1795,#1796,#1797,#1798,#1799,#1800),.UNSPECIFIED.,.F.,.F.,(4,2,2,2,2,2,
2,2,2,2,2,4),(0.,0.0624999999999996,0.124999999999999,0.249999999999999,
0.374999999999999,0.5,0.625,0.75,0.8125,0.875,0.9375,1.),.UNSPECIFIED.);
#887=B_SPLINE_CURVE_WITH_KNOTS('',3,(#1802,#1803,#1804,#1805,#1806,#1807,
#1808),.UNSPECIFIED.,.F.,.F.,(4,3,4),(0.,0.495051326770689,1.),
 .UNSPECIFIED.);
#888=B_SPLINE_CURVE_WITH_KNOTS('',3,(#1810,#1811,#1812,#1813,#1814,#1815),
 .UNSPECIFIED.,.F.,.F.,(4,2,4),(0.,0.5,1.),.UNSPECIFIED.);
#889=B_SPLINE_CURVE_WITH_KNOTS('',3,(#2630,#2631,#2632,#2633),
 .UNSPECIFIED.,.F.,.F.,(4,4),(0.,1.),.UNSPECIFIED.);
#890=B_SPLINE_CURVE_WITH_KNOTS('',3,(#2637,#2638,#2639,#2640),
 .UNSPECIFIED.,.F.,.F.,(4,4),(0.,1.),.UNSPECIFIED.);
#891=B_SPLINE_CURVE_WITH_KNOTS('',3,(#2642,#2643,#2644,#2645),
 .UNSPECIFIED.,.F.,.F.,(4,4),(0.,1.),.UNSPECIFIED.);
#892=B_SPLINE_CURVE_WITH_KNOTS('',3,(#2649,#2650,#2651,#2652),
 .UNSPECIFIED.,.F.,.F.,(4,4),(0.,1.),.UNSPECIFIED.);
#893=B_SPLINE_CURVE_WITH_KNOTS('',3,(#2654,#2655,#2656,#2657),
 .UNSPECIFIED.,.F.,.F.,(4,4),(0.,1.),.UNSPECIFIED.);
#894=B_SPLINE_CURVE_WITH_KNOTS('',3,(#2661,#2662,#2663,#2664),
 .UNSPECIFIED.,.F.,.F.,(4,4),(0.,1.),.UNSPECIFIED.);
#895=B_SPLINE_CURVE_WITH_KNOTS('',3,(#2666,#2667,#2668,#2669),
 .UNSPECIFIED.,.F.,.F.,(4,4),(0.,1.),.UNSPECIFIED.);
#896=B_SPLINE_CURVE_WITH_KNOTS('',3,(#2673,#2674,#2675,#2676),
 .UNSPECIFIED.,.F.,.F.,(4,4),(0.,1.),.UNSPECIFIED.);
#897=B_SPLINE_CURVE_WITH_KNOTS('',3,(#2678,#2679,#2680,#2681),
 .UNSPECIFIED.,.F.,.F.,(4,4),(0.,1.),.UNSPECIFIED.);
#898=B_SPLINE_CURVE_WITH_KNOTS('',3,(#2685,#2686,#2687,#2688),
 .UNSPECIFIED.,.F.,.F.,(4,4),(0.,1.),.UNSPECIFIED.);
#899=B_SPLINE_CURVE_WITH_KNOTS('',3,(#2690,#2691,#2692,#2693),
 .UNSPECIFIED.,.F.,.F.,(4,4),(0.,1.),.UNSPECIFIED.);
#900=B_SPLINE_CURVE_WITH_KNOTS('',3,(#2697,#2698,#2699,#2700),
 .UNSPECIFIED.,.F.,.F.,(4,4),(0.,1.),.UNSPECIFIED.);
#901=B_SPLINE_CURVE_WITH_KNOTS('',3,(#2702,#2703,#2704,#2705),
 .UNSPECIFIED.,.F.,.F.,(4,4),(0.,1.),.UNSPECIFIED.);
#902=B_SPLINE_CURVE_WITH_KNOTS('',3,(#2707,#2708,#2709,#2710),
 .UNSPECIFIED.,.F.,.F.,(4,4),(0.,1.),.UNSPECIFIED.);
#903=B_SPLINE_CURVE_WITH_KNOTS('',3,(#2714,#2715,#2716,#2717),
 .UNSPECIFIED.,.F.,.F.,(4,4),(0.,1.),.UNSPECIFIED.);
#904=B_SPLINE_CURVE_WITH_KNOTS('',3,(#2719,#2720,#2721,#2722),
 .UNSPECIFIED.,.F.,.F.,(4,4),(0.,1.),.UNSPECIFIED.);
#905=B_SPLINE_CURVE_WITH_KNOTS('',3,(#2724,#2725,#2726,#2727),
 .UNSPECIFIED.,.F.,.F.,(4,4),(0.,1.),.UNSPECIFIED.);
#906=B_SPLINE_CURVE_WITH_KNOTS('',3,(#2731,#2732,#2733,#2734),
 .UNSPECIFIED.,.F.,.F.,(4,4),(0.,1.),.UNSPECIFIED.);
#907=B_SPLINE_CURVE_WITH_KNOTS('',3,(#2736,#2737,#2738,#2739),
 .UNSPECIFIED.,.F.,.F.,(4,4),(0.,1.),.UNSPECIFIED.);
#908=B_SPLINE_CURVE_WITH_KNOTS('',3,(#2741,#2742,#2743,#2744),
 .UNSPECIFIED.,.F.,.F.,(4,4),(0.,1.),.UNSPECIFIED.);
#909=B_SPLINE_CURVE_WITH_KNOTS('',3,(#2746,#2747,#2748,#2749),
 .UNSPECIFIED.,.F.,.F.,(4,4),(0.,1.),.UNSPECIFIED.);
#910=B_SPLINE_CURVE_WITH_KNOTS('',3,(#2753,#2754,#2755,#2756),
 .UNSPECIFIED.,.F.,.F.,(4,4),(0.,1.),.UNSPECIFIED.);
#911=B_SPLINE_CURVE_WITH_KNOTS('',3,(#2758,#2759,#2760,#2761),
 .UNSPECIFIED.,.F.,.F.,(4,4),(0.,1.),.UNSPECIFIED.);
#912=B_SPLINE_CURVE_WITH_KNOTS('',3,(#2765,#2766,#2767,#2768),
 .UNSPECIFIED.,.F.,.F.,(4,4),(0.,1.),.UNSPECIFIED.);
#913=B_SPLINE_CURVE_WITH_KNOTS('',3,(#2770,#2771,#2772,#2773,#2774,#2775,
#2776,#2777,#2778,#2779),.UNSPECIFIED.,.F.,.F.,(4,2,2,2,4),(0.,0.500000000000003,
0.750000000000005,0.875000000000002,1.),.UNSPECIFIED.);
#914=B_SPLINE_CURVE_WITH_KNOTS('',3,(#2783,#2784,#2785,#2786,#2787,#2788,
#2789,#2790,#2791,#2792),.UNSPECIFIED.,.F.,.F.,(4,2,2,2,4),(0.,0.499999999999994,
0.749999999999994,0.874999999999997,1.),.UNSPECIFIED.);
#915=B_SPLINE_CURVE_WITH_KNOTS('',3,(#2793,#2794,#2795,#2796,#2797,#2798),
 .UNSPECIFIED.,.F.,.F.,(4,2,4),(0.,0.767403833196694,1.),.UNSPECIFIED.);
#916=B_SPLINE_CURVE_WITH_KNOTS('',3,(#2799,#2800,#2801,#2802,#2803,#2804,
#2805,#2806,#2807,#2808),.UNSPECIFIED.,.F.,.F.,(4,2,2,2,4),(0.,0.125000000000002,
0.250000000000004,0.500000000000001,1.),.UNSPECIFIED.);
#917=B_SPLINE_CURVE_WITH_KNOTS('',3,(#2812,#2813,#2814,#2815,#2816,#2817,
#2818,#2819,#2820,#2821),.UNSPECIFIED.,.F.,.F.,(4,2,2,2,4),(0.,0.125000000000001,
0.250000000000002,0.500000000000001,1.),.UNSPECIFIED.);
#918=B_SPLINE_CURVE_WITH_KNOTS('',3,(#2822,#2823,#2824,#2825,#2826,#2827),
 .UNSPECIFIED.,.F.,.F.,(4,2,4),(0.,0.21847738335283,1.),.UNSPECIFIED.);
#919=B_SPLINE_CURVE_WITH_KNOTS('',3,(#2828,#2829,#2830,#2831),
 .UNSPECIFIED.,.F.,.F.,(4,4),(0.,1.),.UNSPECIFIED.);
#920=B_SPLINE_CURVE_WITH_KNOTS('',3,(#2832,#2833,#2834,#2835),
 .UNSPECIFIED.,.F.,.F.,(4,4),(0.,1.),.UNSPECIFIED.);
#921=B_SPLINE_CURVE_WITH_KNOTS('',3,(#2837,#2838,#2839,#2840),
 .UNSPECIFIED.,.F.,.F.,(4,4),(0.,1.),.UNSPECIFIED.);
#922=B_SPLINE_CURVE_WITH_KNOTS('',3,(#2841,#2842,#2843,#2844),
 .UNSPECIFIED.,.F.,.F.,(4,4),(0.,1.),.UNSPECIFIED.);
#923=B_SPLINE_CURVE_WITH_KNOTS('',3,(#3299,#3300,#3301,#3302),
 .UNSPECIFIED.,.F.,.F.,(4,4),(0.,1.),.UNSPECIFIED.);
#924=B_SPLINE_CURVE_WITH_KNOTS('',3,(#3304,#3305,#3306,#3307),
 .UNSPECIFIED.,.F.,.F.,(4,4),(0.,1.),.UNSPECIFIED.);
#925=B_SPLINE_CURVE_WITH_KNOTS('',3,(#3311,#3312,#3313,#3314),
 .UNSPECIFIED.,.F.,.F.,(4,4),(0.,1.),.UNSPECIFIED.);
#926=B_SPLINE_CURVE_WITH_KNOTS('',3,(#3316,#3317,#3318,#3319),
 .UNSPECIFIED.,.F.,.F.,(4,4),(0.,1.),.UNSPECIFIED.);
#927=B_SPLINE_CURVE_WITH_KNOTS('',3,(#3321,#3322,#3323,#3324),
 .UNSPECIFIED.,.F.,.F.,(4,4),(0.,1.),.UNSPECIFIED.);
#928=B_SPLINE_CURVE_WITH_KNOTS('',3,(#3328,#3329,#3330,#3331),
 .UNSPECIFIED.,.F.,.F.,(4,4),(0.,1.),.UNSPECIFIED.);
#929=B_SPLINE_CURVE_WITH_KNOTS('',3,(#3333,#3334,#3335,#3336),
 .UNSPECIFIED.,.F.,.F.,(4,4),(0.,1.),.UNSPECIFIED.);
#930=B_SPLINE_CURVE_WITH_KNOTS('',3,(#3340,#3341,#3342,#3343),
 .UNSPECIFIED.,.F.,.F.,(4,4),(0.,1.),.UNSPECIFIED.);
#931=B_SPLINE_CURVE_WITH_KNOTS('',3,(#3345,#3346,#3347,#3348,#3349,#3350,
#3351,#3352,#3353,#3354,#3355,#3356),.UNSPECIFIED.,.F.,.F.,(4,2,2,2,2,4),
(0.,0.249999999999995,0.375000000000001,0.500000000000008,0.750000000000004,
1.),.UNSPECIFIED.);
#932=B_SPLINE_CURVE_WITH_KNOTS('',3,(#3360,#3361,#3362,#3363,#3364,#3365,
#3366,#3367,#3368,#3369,#3370,#3371),.UNSPECIFIED.,.F.,.F.,(4,2,2,2,2,4),
(0.,0.249999999999985,0.374999999999987,0.499999999999988,0.749999999999994,
1.),.UNSPECIFIED.);
#933=B_SPLINE_CURVE_WITH_KNOTS('',3,(#3372,#3373,#3374,#3375,#3376,#3377),
 .UNSPECIFIED.,.F.,.F.,(4,2,4),(0.,0.499927507213241,1.),.UNSPECIFIED.);
#934=B_SPLINE_CURVE_WITH_KNOTS('',3,(#3378,#3379,#3380,#3381),
 .UNSPECIFIED.,.F.,.F.,(4,4),(0.,1.),.UNSPECIFIED.);
#935=B_SPLINE_CURVE_WITH_KNOTS('',3,(#3385,#3386,#3387,#3388),
 .UNSPECIFIED.,.F.,.F.,(4,4),(0.,1.),.UNSPECIFIED.);
#936=B_SPLINE_CURVE_WITH_KNOTS('',3,(#3390,#3391,#3392,#3393,#3394,#3395,
#3396,#3397,#3398,#3399),.UNSPECIFIED.,.F.,.F.,(4,2,2,2,4),(0.,0.25,0.5,
0.75,1.),.UNSPECIFIED.);
#937=B_SPLINE_CURVE_WITH_KNOTS('',3,(#3403,#3404,#3405,#3406,#3407,#3408,
#3409,#3410,#3411,#3412),.UNSPECIFIED.,.F.,.F.,(4,2,2,2,4),(0.,0.25,0.5,
0.75,1.),.UNSPECIFIED.);
#938=B_SPLINE_CURVE_WITH_KNOTS('',3,(#3413,#3414,#3415,#3416,#3417,#3418),
 .UNSPECIFIED.,.F.,.F.,(4,2,4),(0.,0.500580913210935,1.),.UNSPECIFIED.);
#939=B_SPLINE_CURVE_WITH_KNOTS('',3,(#3419,#3420,#3421,#3422),
 .UNSPECIFIED.,.F.,.F.,(4,4),(0.,1.),.UNSPECIFIED.);
#940=B_SPLINE_CURVE_WITH_KNOTS('',3,(#3423,#3424,#3425,#3426),
 .UNSPECIFIED.,.F.,.F.,(4,4),(0.,1.),.UNSPECIFIED.);
#941=B_SPLINE_CURVE_WITH_KNOTS('',3,(#3428,#3429,#3430,#3431),
 .UNSPECIFIED.,.F.,.F.,(4,4),(0.,1.),.UNSPECIFIED.);
#942=AXIS2_PLACEMENT_3D('',#1183,#1011,#1012);
#943=AXIS2_PLACEMENT_3D('',#1272,#1015,#1016);
#944=AXIS2_PLACEMENT_3D('',#1333,#1019,#1020);
#945=AXIS2_PLACEMENT_3D('',#1360,#1023,#1024);
#946=AXIS2_PLACEMENT_3D('',#1421,#1027,#1028);
#947=AXIS2_PLACEMENT_3D('',#1442,#1031,#1032);
#948=AXIS2_PLACEMENT_3D('',#2006,#1033,#1034);
#949=AXIS2_PLACEMENT_3D('',#2007,#1035,#1036);
#950=AXIS2_PLACEMENT_3D('',#2008,#1037,#1038);
#951=AXIS2_PLACEMENT_3D('',#2009,#1039,#1040);
#952=AXIS2_PLACEMENT_3D('',#2010,#1041,#1042);
#953=AXIS2_PLACEMENT_3D('',#2023,#1043,#1044);
#954=AXIS2_PLACEMENT_3D('',#2048,#1045,#1046);
#955=AXIS2_PLACEMENT_3D('',#2049,#1047,#1048);
#956=AXIS2_PLACEMENT_3D('',#2050,#1049,#1050);
#957=AXIS2_PLACEMENT_3D('',#2051,#1051,#1052);
#958=AXIS2_PLACEMENT_3D('',#2052,#1053,#1054);
#959=AXIS2_PLACEMENT_3D('',#2053,#1055,#1056);
#960=AXIS2_PLACEMENT_3D('',#2054,#1057,#1058);
#961=AXIS2_PLACEMENT_3D('',#2055,#1059,#1060);
#962=AXIS2_PLACEMENT_3D('',#2056,#1061,#1062);
#963=AXIS2_PLACEMENT_3D('',#2057,#1063,#1064);
#964=AXIS2_PLACEMENT_3D('',#2058,#1065,#1066);
#965=AXIS2_PLACEMENT_3D('',#2059,#1067,#1068);
#966=AXIS2_PLACEMENT_3D('',#2072,#1069,#1070);
#967=AXIS2_PLACEMENT_3D('',#2073,#1071,#1072);
#968=AXIS2_PLACEMENT_3D('',#2074,#1073,#1074);
#969=AXIS2_PLACEMENT_3D('',#2183,#1075,#1076);
#970=AXIS2_PLACEMENT_3D('',#2286,#1077,#1078);
#971=AXIS2_PLACEMENT_3D('',#2287,#1079,#1080);
#972=AXIS2_PLACEMENT_3D('',#2288,#1081,#1082);
#973=AXIS2_PLACEMENT_3D('',#2319,#1083,#1084);
#974=AXIS2_PLACEMENT_3D('',#2320,#1085,#1086);
#975=AXIS2_PLACEMENT_3D('',#2321,#1087,#1088);
#976=AXIS2_PLACEMENT_3D('',#2322,#1089,#1090);
#977=AXIS2_PLACEMENT_3D('',#2365,#1091,#1092);
#978=AXIS2_PLACEMENT_3D('',#2366,#1093,#1094);
#979=AXIS2_PLACEMENT_3D('',#2367,#1095,#1096);
#980=AXIS2_PLACEMENT_3D('',#2368,#1097,#1098);
#981=AXIS2_PLACEMENT_3D('',#2369,#1099,#1100);
#982=AXIS2_PLACEMENT_3D('',#2466,#1101,#1102);
#983=AXIS2_PLACEMENT_3D('',#2467,#1103,#1104);
#984=AXIS2_PLACEMENT_3D('',#2468,#1105,#1106);
#985=AXIS2_PLACEMENT_3D('',#2469,#1107,#1108);
#986=AXIS2_PLACEMENT_3D('',#2470,#1109,#1110);
#987=AXIS2_PLACEMENT_3D('',#2579,#1111,#1112);
#988=AXIS2_PLACEMENT_3D('',#2580,#1113,#1114);
#989=AXIS2_PLACEMENT_3D('',#2581,#1115,#1116);
#990=AXIS2_PLACEMENT_3D('',#2582,#1117,#1118);
#991=AXIS2_PLACEMENT_3D('',#2583,#1119,#1120);
#992=AXIS2_PLACEMENT_3D('',#2584,#1121,#1122);
#993=AXIS2_PLACEMENT_3D('',#2641,#1125,#1126);
#994=AXIS2_PLACEMENT_3D('',#2653,#1128,#1129);
#995=AXIS2_PLACEMENT_3D('',#2665,#1131,#1132);
#996=AXIS2_PLACEMENT_3D('',#2677,#1134,#1135);
#997=AXIS2_PLACEMENT_3D('',#2689,#1137,#1138);
#998=AXIS2_PLACEMENT_3D('',#2701,#1140,#1141);
#999=AXIS2_PLACEMENT_3D('',#2718,#1143,#1144);
#1000=AXIS2_PLACEMENT_3D('',#2735,#1146,#1147);
#1001=AXIS2_PLACEMENT_3D('',#2757,#1149,#1150);
#1002=AXIS2_PLACEMENT_3D('',#2769,#1152,#1153);
#1003=AXIS2_PLACEMENT_3D('',#2836,#1158,#1159);
#1004=AXIS2_PLACEMENT_3D('',#2845,#1160,#1161);
#1005=AXIS2_PLACEMENT_3D('',#3315,#1164,#1165);
#1006=AXIS2_PLACEMENT_3D('',#3332,#1167,#1168);
#1007=AXIS2_PLACEMENT_3D('',#3344,#1170,#1171);
#1008=AXIS2_PLACEMENT_3D('',#3389,#1175,#1176);
#1009=AXIS2_PLACEMENT_3D('',#3427,#1179,#1180);
#1010=AXIS2_PLACEMENT_3D('',#3432,#1181,#1182);
#1011=DIRECTION('',(0.,0.,1.));
#1012=DIRECTION('',(1.,0.,0.));
#1013=DIRECTION('',(0.,1.,0.));
#1014=DIRECTION('',(5.86846982431485E-17,-1.,4.10914680874151E-17));
#1015=DIRECTION('',(-0.57357643635105,0.,0.819152044288989));
#1016=DIRECTION('',(0.,-1.,0.));
#1017=DIRECTION('',(6.3991290107007E-17,-1.,3.35128694944517E-17));
#1018=DIRECTION('',(-6.3991290107007E-17,1.,-3.35128694944517E-17));
#1019=DIRECTION('',(6.3991290107007E-17,-1.,3.35128694944517E-17));
#1020=DIRECTION('',(0.885867822666792,7.05426844119949E-17,0.463937712159291));
#1021=DIRECTION('',(1.46868584730887E-16,-1.,1.0283849015476E-16));
#1022=DIRECTION('',(-5.86846982431485E-17,1.,-4.10914680874151E-17));
#1023=DIRECTION('',(0.57357643635105,0.,-0.819152044288989));
#1024=DIRECTION('',(0.819152044288989,0.,0.57357643635105));
#1025=DIRECTION('',(3.43939725351633E-16,-1.,-1.7860826650915E-16));
#1026=DIRECTION('',(-3.43939725351633E-16,1.,1.7860826650915E-16));
#1027=DIRECTION('',(3.43939725351633E-16,-1.,-1.7860826650915E-16));
#1028=DIRECTION('',(0.639468151263491,8.06848864000916E-17,0.768817587935951));
#1029=DIRECTION('',(-3.43939725351632E-16,1.,-6.68658174570311E-31));
#1030=DIRECTION('',(0.,-1.,0.));
#1031=DIRECTION('',(-1.9441144051816E-15,0.,1.));
#1032=DIRECTION('',(-1.,0.,-1.94462501657E-15));
#1033=DIRECTION('',(0.,-1.,0.));
#1034=DIRECTION('',(0.,0.,0.999999999999994));
#1035=DIRECTION('',(-0.994577880295757,0.103994423054307,0.));
#1036=DIRECTION('',(0.103994423054296,0.994577880295763,0.));
#1037=DIRECTION('',(0.812076324895267,-0.131152980400132,0.56862196429329));
#1038=DIRECTION('',(-0.573576436351045,0.,0.819152044288993));
#1039=DIRECTION('',(0.103655934794444,0.991340659240274,0.0806172718401978));
#1040=DIRECTION('',(-0.994577880295763,0.103994423054279,0.));
#1041=DIRECTION('',(-0.994522354328145,0.104524096463941,-3.83175088674914E-13));
#1042=DIRECTION('',(-0.104524096463943,-0.994522354328137,0.));
#1043=DIRECTION('',(0.812396443939656,-0.12816441156402,0.568846114061307));
#1044=DIRECTION('',(0.573576436351045,0.,-0.819152044288993));
#1045=DIRECTION('',(0.,-1.,0.));
#1046=DIRECTION('',(0.,0.,-0.999999999999994));
#1047=DIRECTION('',(0.,1.,0.));
#1048=DIRECTION('',(0.,0.,0.999999999999994));
#1049=DIRECTION('',(-0.471398270780765,-0.0218895662472118,0.881648749329581));
#1050=DIRECTION('',(-0.881860047636102,0.,-0.47151124735606));
#1051=DIRECTION('',(0.,-1.,0.));
#1052=DIRECTION('',(0.,0.,0.999999999999994));
#1053=DIRECTION('',(0.104186406070725,0.991309309146746,0.0803184062907192));
#1054=DIRECTION('',(-0.994522354328189,0.104524096463526,0.));
#1055=DIRECTION('',(0.,-1.,0.));
#1056=DIRECTION('',(0.,0.,0.999999999999994));
#1057=DIRECTION('',(-0.467080187380953,-0.011987284164094,0.884133702318005));
#1058=DIRECTION('',(-0.884197231952807,0.,-0.4671137495375));
#1059=DIRECTION('',(0.884197231952842,1.73472347597681E-14,0.467113749537448));
#1060=DIRECTION('',(0.467113749537465,0.,-0.884197231952842));
#1061=DIRECTION('',(0.811350584555203,-0.137684219781252,0.568113795436406));
#1062=DIRECTION('',(-0.573576436351045,0.,0.819152044288993));
#1063=DIRECTION('',(-0.993790833496668,0.111264456400048,-3.44790457815454E-14));
#1064=DIRECTION('',(0.111264456400043,0.993790833496676,0.));
#1065=DIRECTION('',(-0.110892745952239,-0.990470793587276,-0.081672553197288));
#1066=DIRECTION('',(0.993790833496676,-0.111264456400043,0.));
#1067=DIRECTION('',(-0.993732363416157,0.111785463721091,0.));
#1068=DIRECTION('',(-0.111785463721079,-0.993732363416162,0.));
#1069=DIRECTION('',(0.,-1.,0.));
#1070=DIRECTION('',(0.,0.,-0.999999999999994));
#1071=DIRECTION('',(3.43939725351633E-16,-1.,-1.7860826650915E-16));
#1072=DIRECTION('',(0.999999999999994,0.,0.));
#1073=DIRECTION('',(-0.744884332312074,-0.227437572829407,0.627231601516907));
#1074=DIRECTION('',(0.644112063444974,0.,0.764931140511786));
#1075=DIRECTION('',(-0.698764782470131,-0.345236057885708,0.626530001767678));
#1076=DIRECTION('',(0.667575277642704,0.,0.744542308186886));
#1077=DIRECTION('',(0.,-1.,0.));
#1078=DIRECTION('',(0.,0.,-0.999999999999994));
#1079=DIRECTION('',(6.3991290107007E-17,-1.,3.35128694944517E-17));
#1080=DIRECTION('',(0.999999999999994,0.,0.));
#1081=DIRECTION('',(0.811620700284679,-0.135290856210353,0.568302932506315));
#1082=DIRECTION('',(0.57357643635101,0.,-0.819152044289027));
#1083=DIRECTION('',(-0.471423485459931,-0.0192930884800291,0.88169590794883));
#1084=DIRECTION('',(-0.881860047636657,0.,-0.471511247354985));
#1085=DIRECTION('',(-0.11141592424959,-0.990447291089984,-0.0812444176304973));
#1086=DIRECTION('',(0.993732363416058,-0.111785463722033,0.));
#1087=DIRECTION('',(0.775649856146828,-0.321546957047266,0.543115876285208));
#1088=DIRECTION('',(0.573576436350975,0.,-0.819152044289027));
#1089=DIRECTION('',(-0.789630402944487,0.266044564298028,-0.552905160541299));
#1090=DIRECTION('',(-0.573576436351045,0.,0.819152044288993));
#1091=DIRECTION('',(1.4590880138025E-14,-1.,1.02166442617594E-14));
#1092=DIRECTION('',(-0.999999999999994,-1.73472347597681E-14,0.));
#1093=DIRECTION('',(0.0140134022975219,0.869060892588758,0.494506612219552));
#1094=DIRECTION('',(0.,-0.494555173849668,0.869146236267826));
#1095=DIRECTION('',(-0.467084650194756,-0.0111619095333781,0.884142149955544));
#1096=DIRECTION('',(-0.884197231952842,0.,-0.467113749537482));
#1097=DIRECTION('',(-0.114166645593522,-0.990789080239432,-0.0728215319272668));
#1098=DIRECTION('',(0.993426640189532,-0.114470566355326,0.));
#1099=DIRECTION('',(-0.741654664079119,-0.244812288113388,0.624512051795941));
#1100=DIRECTION('',(0.644112063445008,0.,0.764931140511751));
#1101=DIRECTION('',(0.,-1.,0.));
#1102=DIRECTION('',(0.,0.,0.999999999999994));
#1103=DIRECTION('',(-0.644112063444991,0.,-0.764931140511786));
#1104=DIRECTION('',(-0.764931140511769,0.,0.644112063444974));
#1105=DIRECTION('',(-1.9892877614447E-14,-1.,1.78364522076875E-14));
#1106=DIRECTION('',(0.999999999999994,-1.73472347597681E-14,0.));
#1107=DIRECTION('',(6.3991290107007E-17,-1.,3.35128694944517E-17));
#1108=DIRECTION('',(0.999999999999994,0.,0.));
#1109=DIRECTION('',(-0.686792760530407,-0.386149581102556,0.615795587104474));
#1110=DIRECTION('',(0.667575277642704,0.,0.744542308186921));
#1111=DIRECTION('',(-2.94090060669112E-14,-1.,-2.05924077393062E-14));
#1112=DIRECTION('',(0.999999999999994,-3.46944695195361E-14,0.));
#1113=DIRECTION('',(3.43939725351633E-16,-1.,-1.7860826650915E-16));
#1114=DIRECTION('',(0.999999999999994,0.,0.));
#1115=DIRECTION('',(-0.763729325289381,0.361579315609203,-0.534769030719438));
#1116=DIRECTION('',(0.573576436351045,0.,-0.819152044288993));
#1117=DIRECTION('',(-0.0161831355378894,-0.838873891836154,-0.544085195277183));
#1118=DIRECTION('',(0.,0.544156455564758,-0.8389837613847));
#1119=DIRECTION('',(0.7838115115827,-0.290558677851172,0.548830728946387));
#1120=DIRECTION('',(-0.573576436351496,0.,0.81915204428868));
#1121=DIRECTION('',(-0.573576436351028,3.46944695195361E-14,0.819152044288993));
#1122=DIRECTION('',(0.81915204428901,0.,0.57357643635101));
#1123=DIRECTION('',(0.,1.,0.));
#1124=DIRECTION('',(0.,1.,0.));
#1125=DIRECTION('',(0.633076121646076,0.,-0.774089545337981));
#1126=DIRECTION('',(-0.774089545337981,0.,-0.633076121646076));
#1127=DIRECTION('',(0.,1.,0.));
#1128=DIRECTION('',(0.762254731848812,0.,0.647277161480379));
#1129=DIRECTION('',(0.647277161480379,0.,-0.762254731848812));
#1130=DIRECTION('',(0.,1.,0.));
#1131=DIRECTION('',(-0.633076121646076,0.,0.774089545337981));
#1132=DIRECTION('',(0.774089545337981,0.,0.633076121646076));
#1133=DIRECTION('',(0.,1.,0.));
#1134=DIRECTION('',(0.852014226832035,0.,-0.52351863125949));
#1135=DIRECTION('',(-0.52351863125949,0.,-0.852014226832035));
#1136=DIRECTION('',(0.,1.,0.));
#1137=DIRECTION('',(0.762254731848806,0.,0.647277161480385));
#1138=DIRECTION('',(0.647277161480385,0.,-0.762254731848806));
#1139=DIRECTION('',(0.,1.,0.));
#1140=DIRECTION('',(-0.341565979699795,0.,0.93985779855876));
#1141=DIRECTION('',(0.93985779855876,0.,0.341565979699795));
#1142=DIRECTION('',(0.,1.,0.));
#1143=DIRECTION('',(0.633076121646077,0.,-0.77408954533798));
#1144=DIRECTION('',(-0.774089545337981,0.,-0.633076121646077));
#1145=DIRECTION('',(0.,1.,0.));
#1146=DIRECTION('',(0.762254731848812,0.,0.647277161480379));
#1147=DIRECTION('',(0.647277161480379,0.,-0.762254731848812));
#1148=DIRECTION('',(0.,1.,0.));
#1149=DIRECTION('',(-0.633076121646076,0.,0.774089545337981));
#1150=DIRECTION('',(0.774089545337981,0.,0.633076121646076));
#1151=DIRECTION('',(0.,1.,0.));
#1152=DIRECTION('',(-0.762254731848815,0.,-0.647277161480374));
#1153=DIRECTION('',(-0.647277161480374,0.,0.762254731848815));
#1154=DIRECTION('',(0.,1.,0.));
#1155=DIRECTION('',(0.,1.,0.));
#1156=DIRECTION('',(0.,1.,0.));
#1157=DIRECTION('',(0.,1.,0.));
#1158=DIRECTION('',(-0.762254731848812,0.,-0.647277161480378));
#1159=DIRECTION('',(-0.647277161480378,0.,0.762254731848812));
#1160=DIRECTION('',(0.0926784743791992,0.976113642184514,0.196501546884566));
#1161=DIRECTION('',(0.,-0.197350927838933,0.980332908394446));
#1162=DIRECTION('',(0.,1.,0.));
#1163=DIRECTION('',(0.,1.,0.));
#1164=DIRECTION('',(0.804572956962228,0.,0.593853817807933));
#1165=DIRECTION('',(0.593853817807933,0.,-0.804572956962228));
#1166=DIRECTION('',(0.,1.,0.));
#1167=DIRECTION('',(-0.587138276945573,0.,0.809486654457863));
#1168=DIRECTION('',(0.809486654457863,0.,0.587138276945573));
#1169=DIRECTION('',(0.,1.,0.));
#1170=DIRECTION('',(-0.804572956962237,0.,-0.59385381780792));
#1171=DIRECTION('',(-0.59385381780792,0.,0.804572956962237));
#1172=DIRECTION('',(0.,1.,0.));
#1173=DIRECTION('',(0.,1.,0.));
#1174=DIRECTION('',(0.,1.,0.));
#1175=DIRECTION('',(0.58713827694557,0.,-0.809486654457865));
#1176=DIRECTION('',(-0.809486654457865,0.,-0.58713827694557));
#1177=DIRECTION('',(0.,1.,0.));
#1178=DIRECTION('',(0.,1.,0.));
#1179=DIRECTION('',(0.587138276945575,0.,-0.809486654457862));
#1180=DIRECTION('',(-0.809486654457861,0.,-0.587138276945575));
#1181=DIRECTION('',(-0.10270490614627,-0.985212177264683,-0.137144697392457));
#1182=DIRECTION('',(0.,0.137873792071665,-0.990449805623576));
#1183=CARTESIAN_POINT('',(0.,0.,0.));
#1184=CARTESIAN_POINT('',(17.6203365874104,8.45037268457588,15.7697837380154));
#1185=CARTESIAN_POINT('',(17.2408768324786,8.54887455121367,15.4594489564391));
#1186=CARTESIAN_POINT('',(16.8614170775469,8.64737641785147,15.1491141748628));
#1187=CARTESIAN_POINT('',(16.4819573226151,8.74587828448926,14.8387793932865));
#1188=CARTESIAN_POINT('',(16.5230974131165,8.75172523621193,14.7903314786689));
#1189=CARTESIAN_POINT('',(16.5642375036179,8.75757218793459,14.7418835640512));
#1190=CARTESIAN_POINT('',(16.6053775941192,8.76341913965725,14.6934356494336));
#1191=CARTESIAN_POINT('',(16.9284377282745,8.67955773976711,14.9576449492765));
#1192=CARTESIAN_POINT('',(17.2514978624297,8.59569633987696,15.2218542491194));
#1193=CARTESIAN_POINT('',(17.574557996585,8.51183493998681,15.4860635489623));
#1194=CARTESIAN_POINT('',(17.3447432378948,8.60894864929245,15.1120454486533));
#1195=CARTESIAN_POINT('',(17.1149284792045,8.70606235859809,14.7380273483443));
#1196=CARTESIAN_POINT('',(16.8851137205143,8.80317606790373,14.3640092480353));
#1197=CARTESIAN_POINT('',(16.9235331236679,8.80863634746838,14.3187653037231));
#1198=CARTESIAN_POINT('',(16.9619525268215,8.81409662703303,14.2735213594108));
#1199=CARTESIAN_POINT('',(17.0003719299751,8.81955690659768,14.2282774150985));
#1200=CARTESIAN_POINT('',(17.4116535569244,8.75041753213871,14.3777466348644));
#1201=CARTESIAN_POINT('',(17.8229351838738,8.68127815767974,14.5272158546303));
#1202=CARTESIAN_POINT('',(18.2342168108231,8.61213878322077,14.6766850743962));
#1203=CARTESIAN_POINT('',(17.9165927846946,8.69458905378585,14.416921604118));
#1204=CARTESIAN_POINT('',(17.598968758566,8.77703932435092,14.1571581338397));
#1205=CARTESIAN_POINT('',(17.2813447324374,8.85948959491599,13.8973946635615));
#1206=CARTESIAN_POINT('',(17.3224848229387,8.86533654663865,13.8489467489438));
#1207=CARTESIAN_POINT('',(17.3636249134401,8.87118349836131,13.8004988343262));
#1208=CARTESIAN_POINT('',(17.4047650039415,8.87703045008397,13.7520509197085));
#1209=CARTESIAN_POINT('',(17.7842247588732,8.77852858344618,14.0623857012848));
#1210=CARTESIAN_POINT('',(18.163684513805,8.68002671680839,14.3727204828611));
#1211=CARTESIAN_POINT('',(18.5431442687367,8.58152485017059,14.6830552644374));
#1212=CARTESIAN_POINT('',(18.4857624992198,8.57336958283798,14.7506299108781));
#1213=CARTESIAN_POINT('',(18.4283807297028,8.56521431550537,14.8182045573188));
#1214=CARTESIAN_POINT('',(18.3709989601859,8.55705904817276,14.8857792037594));
#1215=CARTESIAN_POINT('',(18.0297908408711,8.61463218690888,14.7607151592801));
#1216=CARTESIAN_POINT('',(17.6885827215563,8.672205325645,14.6356511148009));
#1217=CARTESIAN_POINT('',(17.2439561708999,8.7472285875126,14.4726807997344));
#1218=CARTESIAN_POINT('',(17.1658611119757,8.76060210152545,14.4430813454478));
#1219=CARTESIAN_POINT('',(17.113625112239,8.76979007525915,14.4220771660524));
#1220=CARTESIAN_POINT('',(17.1412552082406,8.75874283132699,14.4639223855785));
#1221=CARTESIAN_POINT('',(17.1818346789961,8.74204893337847,14.5277096599649));
#1222=CARTESIAN_POINT('',(17.4283771339399,8.63894033668426,14.9236176337278));
#1223=CARTESIAN_POINT('',(17.6205733555967,8.55834474816784,15.2333251236332));
#1224=CARTESIAN_POINT('',(17.8130107186763,8.47775610376599,15.5428843863892));
#1225=CARTESIAN_POINT('',(17.7487860082543,8.46862829736928,15.618517503598));
#1226=CARTESIAN_POINT('',(17.6845612978323,8.45950049097258,15.6941506208067));
#1227=CARTESIAN_POINT('',(17.6203365874104,8.45037268457588,15.7697837380154));
#1228=CARTESIAN_POINT('',(17.8776622425995,8.93406416824687,13.1202540124504));
#1229=CARTESIAN_POINT('',(17.9140772950335,8.93713580218149,13.0709176849972));
#1230=CARTESIAN_POINT('',(17.9504923474674,8.9402074361161,13.021581357544));
#1231=CARTESIAN_POINT('',(17.9869073999014,8.94327907005072,12.9722450300907));
#1232=CARTESIAN_POINT('',(18.3878135143026,8.86100768287981,13.2630309546395));
#1233=CARTESIAN_POINT('',(18.7887196287037,8.7787362957089,13.5538168791883));
#1234=CARTESIAN_POINT('',(19.1896257431049,8.69646490853799,13.8446028037371));
#1235=CARTESIAN_POINT('',(19.166107688408,8.69448114495521,13.8764658485506));
#1236=CARTESIAN_POINT('',(19.142589633711,8.69249738137244,13.9083288933642));
#1237=CARTESIAN_POINT('',(19.1190715790141,8.69051361778967,13.9401919381778));
#1238=CARTESIAN_POINT('',(19.0483954361687,8.69954736521364,13.9282237660069));
#1239=CARTESIAN_POINT('',(18.9625315233826,8.70774366285673,13.9336454328429));
#1240=CARTESIAN_POINT('',(18.7611516751113,8.72270447913408,13.9769801016357));
#1241=CARTESIAN_POINT('',(18.6608920614939,8.7277298034939,14.0159618745697));
#1242=CARTESIAN_POINT('',(18.5612872916622,8.73050802285739,14.0705958715941));
#1243=CARTESIAN_POINT('',(18.5138935497305,8.74023386327709,14.0362201597494));
#1244=CARTESIAN_POINT('',(18.4664998077987,8.74995970369678,14.0018444479046));
#1245=CARTESIAN_POINT('',(18.4191060658669,8.75968554411648,13.9674687360599));
#1246=CARTESIAN_POINT('',(18.4698709615037,8.75908746082747,13.933748402788));
#1247=CARTESIAN_POINT('',(18.533233621118,8.75715630416734,13.9001703130866));
#1248=CARTESIAN_POINT('',(18.686657105222,8.75042253264701,13.8336482308752));
#1249=CARTESIAN_POINT('',(18.7546023934738,8.74645936150681,13.8112357713087));
#1250=CARTESIAN_POINT('',(18.8147100626036,8.74176921132816,13.799915177243));
#1251=CARTESIAN_POINT('',(18.5023607892689,8.80586753030106,13.5733614556455));
#1252=CARTESIAN_POINT('',(18.1900115159342,8.86996584927397,13.3468077340479));
#1253=CARTESIAN_POINT('',(17.8776622425995,8.93406416824687,13.1202540124504));
#1254=CARTESIAN_POINT('',(21.6392754530154,8.81832106812108,11.301196110663));
#1255=CARTESIAN_POINT('',(21.3539307111234,8.86588581657087,11.1013955714018));
#1256=CARTESIAN_POINT('',(21.0686478437614,8.91399817931984,10.9016383571528));
#1257=CARTESIAN_POINT('',(20.4981730771535,9.01102762701226,10.5021876252155));
#1258=CARTESIAN_POINT('',(20.2129393657979,9.0595745411509,10.3024648303728));
#1259=CARTESIAN_POINT('',(19.9276896021173,9.10798073189353,10.1027307955711));
#1260=CARTESIAN_POINT('',(21.6392754530154,8.81832106812108,11.301196110663));
#1261=CARTESIAN_POINT('',(19.9276896021173,9.10798073189353,10.1027307955711));
#1262=CARTESIAN_POINT('',(19.9276896021173,8.6625548589436,10.1027307955711));
#1263=CARTESIAN_POINT('',(19.9276896021173,9.76357777643017,10.1027307955711));
#1264=CARTESIAN_POINT('',(19.9276896021173,9.76357777643017,10.1027307955711));
#1265=CARTESIAN_POINT('',(20.212924781784,9.71751136274292,10.3024546185363));
#1266=CARTESIAN_POINT('',(20.498160514837,9.67145005471891,10.5021788289868));
#1267=CARTESIAN_POINT('',(21.0686254392907,9.57926708395781,10.9016226693735));
#1268=CARTESIAN_POINT('',(21.3539279446558,9.5338298480689,11.1013936343003));
#1269=CARTESIAN_POINT('',(21.6392754530154,9.48881316222181,11.301196110663));
#1270=CARTESIAN_POINT('',(21.6392754530154,9.48881316222181,11.301196110663));
#1271=CARTESIAN_POINT('',(21.6392754530154,8.7045850860763,11.301196110663));
#1272=CARTESIAN_POINT('',(20.806642190075,8.6625548589436,10.718180023388));
#1273=CARTESIAN_POINT('',(21.6703375325756,9.48881316222181,11.4298226900457));
#1274=CARTESIAN_POINT('',(21.5840423343454,9.48660746283449,11.5931704302513));
#1275=CARTESIAN_POINT('',(21.4959275090807,9.48463537565697,11.75550589878));
#1276=CARTESIAN_POINT('',(21.3160895375757,9.47829897032042,12.0781053963153));
#1277=CARTESIAN_POINT('',(21.2243691841225,9.47366562912003,12.2383649475594));
#1278=CARTESIAN_POINT('',(20.943795114285,9.45637150070056,12.7160405073956));
#1279=CARTESIAN_POINT('',(20.7498834564934,9.44113175916299,13.0297411090405));
#1280=CARTESIAN_POINT('',(20.3489742639349,9.39929568199944,13.6469502125369));
#1281=CARTESIAN_POINT('',(20.1419078968452,9.37312851462599,13.9505755205882));
#1282=CARTESIAN_POINT('',(19.7147192347154,9.30851888747642,14.547823208915));
#1283=CARTESIAN_POINT('',(19.4944685702402,9.2700265100934,14.8416073391412));
#1284=CARTESIAN_POINT('',(19.041615741864,9.17773755004645,15.4183292820482));
#1285=CARTESIAN_POINT('',(18.8102715541854,9.12403760162637,15.6996775883751));
#1286=CARTESIAN_POINT('',(18.456496242081,9.03038510648585,16.1111927308823));
#1287=CARTESIAN_POINT('',(18.3374249959756,8.99710922705916,16.2466349540634));
#1288=CARTESIAN_POINT('',(18.0972038921276,8.92543120269781,16.5139374145274));
#1289=CARTESIAN_POINT('',(17.9760671802231,8.88694980046463,16.6457846014543));
#1290=CARTESIAN_POINT('',(17.731763892168,8.80493614106676,16.905966667704));
#1291=CARTESIAN_POINT('',(17.6085843950516,8.76148080175792,17.0343140596581));
#1292=CARTESIAN_POINT('',(17.3603490854905,8.66891154535332,17.2874457804259));
#1293=CARTESIAN_POINT('',(17.2353154185522,8.61966638112165,17.4122088502763));
#1294=CARTESIAN_POINT('',(16.9834157329388,8.51560292550901,17.6582403431107));
#1295=CARTESIAN_POINT('',(16.8565007759687,8.4610690412558,17.7795539454275));
#1296=CARTESIAN_POINT('',(16.601114088558,8.34511607959479,18.0185246375011));
#1297=CARTESIAN_POINT('',(16.4727844886636,8.28289195773149,18.1360572128212));
#1298=CARTESIAN_POINT('',(16.3433614940816,8.21920845805923,18.2521011106513));
#1299=CARTESIAN_POINT('',(21.6703375325756,9.48881316222181,11.4298226900457));
#1300=CARTESIAN_POINT('',(16.3433614940816,8.21920845805923,18.2521011106513));
#1301=CARTESIAN_POINT('',(16.3433614940816,10.162554858944,18.2521011106513));
#1302=CARTESIAN_POINT('',(16.3433614940816,7.42687540842589,18.2521011106513));
#1303=CARTESIAN_POINT('',(16.3433614940816,7.42687540842589,18.2521011106513));
#1304=CARTESIAN_POINT('',(16.4072952535504,7.46267601947085,18.194776500943));
#1305=CARTESIAN_POINT('',(16.4709838082706,7.4980359833943,18.1370683827027));
#1306=CARTESIAN_POINT('',(16.5980887491825,7.56669474100016,18.0206744962648));
#1307=CARTESIAN_POINT('',(16.6615178423215,7.59992426015965,17.961976261518));
#1308=CARTESIAN_POINT('',(16.8513669346634,7.6965858568815,17.7844099016651));
#1309=CARTESIAN_POINT('',(16.9773256927917,7.75711009888588,17.6640904360751));
#1310=CARTESIAN_POINT('',(17.3528354162108,7.92925836223738,17.2976148595424));
#1311=CARTESIAN_POINT('',(17.6002725726176,8.03007835760192,17.045693015562));
#1312=CARTESIAN_POINT('',(18.0877886997091,8.20926670485539,16.5271006340464));
#1313=CARTESIAN_POINT('',(18.3278321885166,8.28786100725391,16.2604763230491));
#1314=CARTESIAN_POINT('',(18.7995330828286,8.42547925247576,15.7125315573097));
#1315=CARTESIAN_POINT('',(19.0312245312052,8.48429602925243,15.4311701287581));
#1316=CARTESIAN_POINT('',(19.37172091715,8.55986319554911,14.998114097026));
#1317=CARTESIAN_POINT('',(19.4839083326179,8.58297179418852,14.8520947036493));
#1318=CARTESIAN_POINT('',(19.7048360583467,8.62526459617216,14.5577513842668));
#1319=CARTESIAN_POINT('',(19.8136935599004,8.64444871113342,14.4092793540603));
#1320=CARTESIAN_POINT('',(20.1354052794961,8.69666288204651,13.9599878005858));
#1321=CARTESIAN_POINT('',(20.3433863370382,8.7246587591767,13.6553144116465));
#1322=CARTESIAN_POINT('',(20.645463012395,8.75779260419692,13.1906140121627));
#1323=CARTESIAN_POINT('',(20.7445079422122,8.7673058159183,13.0344280144789));
#1324=CARTESIAN_POINT('',(20.939254594567,8.78389306308086,12.7195126025797));
#1325=CARTESIAN_POINT('',(21.0349732103022,8.79104561880811,12.5607509409302));
#1326=CARTESIAN_POINT('',(21.2227108077121,8.80284627943674,12.2412465089753));
#1327=CARTESIAN_POINT('',(21.3147733023675,8.80735254235395,12.0804351056518));
#1328=CARTESIAN_POINT('',(21.495278766367,8.81398317472422,11.756700693998));
#1329=CARTESIAN_POINT('',(21.583719948342,8.81625958726043,11.5937806730714));
#1330=CARTESIAN_POINT('',(21.6703375325756,8.81832106812108,11.4298226900457));
#1331=CARTESIAN_POINT('',(21.6703375325756,8.81832106812108,11.4298226900457));
#1332=CARTESIAN_POINT('',(21.6703375325756,10.162554858944,11.4298226900457));
#1333=CARTESIAN_POINT('',(-0.073060928193343,10.162554858944,-0.057026641370364));
#1334=CARTESIAN_POINT('',(16.2192463226822,8.21920845805923,18.2595620842615));
#1335=CARTESIAN_POINT('',(16.1216390524983,8.25967171666053,18.1912167378946));
#1336=CARTESIAN_POINT('',(16.0240931831542,8.30036564807748,18.1229143848587));
#1337=CARTESIAN_POINT('',(15.8286774154313,8.38053618733729,17.986082791214));
#1338=CARTESIAN_POINT('',(15.7307967928483,8.41997250611616,17.9175460414368));
#1339=CARTESIAN_POINT('',(15.4366495105672,8.53638270351831,17.7115818970396));
#1340=CARTESIAN_POINT('',(15.2400294739509,8.61202900341613,17.5739070652378));
#1341=CARTESIAN_POINT('',(14.6488897763746,8.83416070332539,17.1599865928599));
#1342=CARTESIAN_POINT('',(14.2529425760398,8.97450976807958,16.8827413784524));
#1343=CARTESIAN_POINT('',(13.855465801748,9.10842879505819,16.60442514483));
#1344=CARTESIAN_POINT('',(16.2192463226822,8.21920845805923,18.2595620842615));
#1345=CARTESIAN_POINT('',(13.855465801748,9.10842879505819,16.60442514483));
#1346=CARTESIAN_POINT('',(13.855465801748,8.6625548589436,16.60442514483));
#1347=CARTESIAN_POINT('',(13.855465801748,8.42174345012836,16.60442514483));
#1348=CARTESIAN_POINT('',(13.855465801748,8.42174345012836,16.60442514483));
#1349=CARTESIAN_POINT('',(14.2543349907939,8.27388276871199,16.8837163577596));
#1350=CARTESIAN_POINT('',(14.651177780443,8.11796649683603,17.161588670556));
#1351=CARTESIAN_POINT('',(15.2423900836369,7.86968312937,17.5755599819347));
#1352=CARTESIAN_POINT('',(15.4388564158038,7.78484782468849,17.7131271887224));
#1353=CARTESIAN_POINT('',(15.7324807287783,7.65390525989885,17.9187251460688));
#1354=CARTESIAN_POINT('',(15.8301593945861,7.60957850686639,17.9871204841897));
#1355=CARTESIAN_POINT('',(16.0249608227993,7.51904340027655,18.1235219126786));
#1356=CARTESIAN_POINT('',(16.1220780611633,7.47287866158844,18.1915241350712));
#1357=CARTESIAN_POINT('',(16.2192463226822,7.42687540842589,18.2595620842615));
#1358=CARTESIAN_POINT('',(16.2192463226822,7.42687540842589,18.2595620842615));
#1359=CARTESIAN_POINT('',(16.2192463226822,8.2614652910165,18.2595620842615));
#1360=CARTESIAN_POINT('',(15.016362885693,8.6625548589436,17.417294034094));
#1361=CARTESIAN_POINT('',(13.8484122390386,9.10842879505819,16.44601682635));
#1362=CARTESIAN_POINT('',(13.9763513108962,9.1476744753207,16.3382854304046));
#1363=CARTESIAN_POINT('',(14.103087859237,9.18542133678393,16.2290168206675));
#1364=CARTESIAN_POINT('',(14.3543395163646,9.25623916139761,16.0072175443758));
#1365=CARTESIAN_POINT('',(14.4788331469694,9.28948431851535,15.8947039263354));
#1366=CARTESIAN_POINT('',(14.8487678790374,9.38373947220568,15.5523951018908));
#1367=CARTESIAN_POINT('',(15.0906445525672,9.43945563736467,15.3178549132543));
#1368=CARTESIAN_POINT('',(15.4461578666389,9.51265707219353,14.9564290070971));
#1369=CARTESIAN_POINT('',(15.5634404380597,9.53536656647007,14.8343545476474));
#1370=CARTESIAN_POINT('',(15.7954646502524,9.57803981430827,14.5870507885122));
#1371=CARTESIAN_POINT('',(15.9102043393171,9.59802548023693,14.4618243852322));
#1372=CARTESIAN_POINT('',(16.2505998355257,9.65354455577136,14.0813299988792));
#1373=CARTESIAN_POINT('',(16.472775039056,9.68462657924706,13.8208001017151));
#1374=CARTESIAN_POINT('',(16.9037729871746,9.73772925406788,13.290195335139));
#1375=CARTESIAN_POINT('',(17.1128328805916,9.75921939601588,13.0198988403241));
#1376=CARTESIAN_POINT('',(17.4167220451829,9.78533046401959,12.6070219384517));
#1377=CARTESIAN_POINT('',(17.5164026897782,9.79295968355575,12.4681550813097));
#1378=CARTESIAN_POINT('',(17.7125262473658,9.80601748653949,12.1879312208952));
#1379=CARTESIAN_POINT('',(17.8089675465623,9.81149796282031,12.0465762117158));
#1380=CARTESIAN_POINT('',(17.998573007705,9.82123306511551,11.7614068906998));
#1381=CARTESIAN_POINT('',(18.0917382455186,9.82546205621777,11.6175917965388));
#1382=CARTESIAN_POINT('',(18.2748141489396,9.83118883582488,11.3274268152507));
#1383=CARTESIAN_POINT('',(18.3647157379649,9.83220241944802,11.181086047923));
#1384=CARTESIAN_POINT('',(18.4968605864828,9.8336782222125,10.9600873884433));
#1385=CARTESIAN_POINT('',(18.54046814221,9.83420785798461,10.8861567444291));
#1386=CARTESIAN_POINT('',(18.6267994098173,9.83592587483499,10.7377702699027));
#1387=CARTESIAN_POINT('',(18.6695169771896,9.83717989777747,10.6633249823897));
#1388=CARTESIAN_POINT('',(18.7963194145107,9.84176284622037,10.4392449741776));
#1389=CARTESIAN_POINT('',(18.8790585423175,9.8457977889476,10.2888582799796));
#1390=CARTESIAN_POINT('',(18.9599892386935,9.84957331734556,10.1374948752644));
#1391=CARTESIAN_POINT('',(13.8484122390386,9.10842879505819,16.44601682635));
#1392=CARTESIAN_POINT('',(18.9599892386935,9.84957331734556,10.1374948752644));
#1393=CARTESIAN_POINT('',(18.9599892386935,10.162554858944,10.1374948752644));
#1394=CARTESIAN_POINT('',(18.9599892386935,9.20003429989971,10.1374948752644));
#1395=CARTESIAN_POINT('',(18.9599892386935,9.20003429989971,10.1374948752644));
#1396=CARTESIAN_POINT('',(18.8790088243844,9.19670474769278,10.2889512666456));
#1397=CARTESIAN_POINT('',(18.7962224108798,9.19266984417802,10.4394212372656));
#1398=CARTESIAN_POINT('',(18.6270521794577,9.18680070945662,10.738362161024));
#1399=CARTESIAN_POINT('',(18.5406570459359,9.18558822453358,10.8868514452918));
#1400=CARTESIAN_POINT('',(18.3643646321894,9.18382823134185,11.1816640769481));
#1401=CARTESIAN_POINT('',(18.2744652664723,9.18279736740105,11.3279925187335));
#1402=CARTESIAN_POINT('',(18.0911762423494,9.17757255582667,11.6184697319196));
#1403=CARTESIAN_POINT('',(17.9977728955047,9.1737789463905,11.7626358225177));
#1404=CARTESIAN_POINT('',(17.7128042476889,9.15996354317639,12.1911556827683));
#1405=CARTESIAN_POINT('',(17.5163317898666,9.14720404170007,12.4717766757664));
#1406=CARTESIAN_POINT('',(17.1105777736124,9.11223720561876,13.0228730337657));
#1407=CARTESIAN_POINT('',(16.9012875864626,9.09030163624915,13.2933604568483));
#1408=CARTESIAN_POINT('',(16.4699626532669,9.03577931604122,13.8241558223779));
#1409=CARTESIAN_POINT('',(16.2476380425947,9.00309879000342,14.0847490125099));
#1410=CARTESIAN_POINT('',(15.793576625589,8.92536562493965,14.5920811566932));
#1411=CARTESIAN_POINT('',(15.5615250931897,8.88034046104871,14.8392367281023));
#1412=CARTESIAN_POINT('',(15.0878803758535,8.77604426396608,15.3205702511096));
#1413=CARTESIAN_POINT('',(14.8462998918766,8.7166678633371,15.5547358884274));
#1414=CARTESIAN_POINT('',(14.4770961791354,8.61568498668845,15.8962822836117));
#1415=CARTESIAN_POINT('',(14.3528867002398,8.58005557641374,16.0085155818222));
#1416=CARTESIAN_POINT('',(14.102285645429,8.50425737581892,16.2297093322769));
#1417=CARTESIAN_POINT('',(13.9759029455501,8.46402250805568,16.3386629774974));
#1418=CARTESIAN_POINT('',(13.8484122390387,8.42174345012836,16.4460168263499));
#1419=CARTESIAN_POINT('',(13.8484122390386,8.42174345012836,16.44601682635));
#1420=CARTESIAN_POINT('',(13.8484122390386,10.162554858944,16.44601682635));
#1421=CARTESIAN_POINT('',(1.5501175447241E-5,10.162554858944,1.2299906563484E-5));
#1422=CARTESIAN_POINT('',(19.8703319584822,9.10798073189353,10.084646));
#1423=CARTESIAN_POINT('',(19.731936863769,9.12347539582349,10.084646));
#1424=CARTESIAN_POINT('',(19.5935371744378,9.13892899439338,10.084646));
#1425=CARTESIAN_POINT('',(19.4551402340802,9.15440716452573,10.084646));
#1426=CARTESIAN_POINT('',(19.3194810865547,9.16957914275,10.084646));
#1427=CARTESIAN_POINT('',(19.1838246003954,9.18477503409795,10.084646));
#1428=CARTESIAN_POINT('',(19.0481752434571,9.20003429989971,10.084646));
#1429=CARTESIAN_POINT('',(19.8703319584822,9.10798073189353,10.084646));
#1430=CARTESIAN_POINT('',(19.0481752434571,9.20003429989971,10.084646));
#1431=CARTESIAN_POINT('',(19.0481752434571,8.6625548589436,10.084646));
#1432=CARTESIAN_POINT('',(19.0481752434571,9.84957331734556,10.084646));
#1433=CARTESIAN_POINT('',(19.0481752434571,9.84957331734556,10.084646));
#1434=CARTESIAN_POINT('',(19.1766875138813,9.83606670395254,10.084646));
#1435=CARTESIAN_POINT('',(19.3052023200142,9.82258409063454,10.084646));
#1436=CARTESIAN_POINT('',(19.4337236213344,9.80916368222395,10.084646));
#1437=CARTESIAN_POINT('',(19.5792595455862,9.79396657853912,10.084646));
#1438=CARTESIAN_POINT('',(19.7247981357439,9.77879499192469,10.084646));
#1439=CARTESIAN_POINT('',(19.8703319584822,9.76357777643017,10.084646));
#1440=CARTESIAN_POINT('',(19.8703319584822,9.76357777643017,10.084646));
#1441=CARTESIAN_POINT('',(19.8703319584822,8.6625548589436,10.084646));
#1442=CARTESIAN_POINT('',(19.445006820334,8.6625548589436,10.084646));
#1443=CARTESIAN_POINT('',(16.2780053065471,8.3061145473181,18.2270975410545));
#1444=CARTESIAN_POINT('',(16.4069589759281,8.37031204428996,18.1106206077967));
#1445=CARTESIAN_POINT('',(16.534833375287,8.43302868614664,17.9926658053112));
#1446=CARTESIAN_POINT('',(16.7892446463542,8.54999054114415,17.7527913202891));
#1447=CARTESIAN_POINT('',(16.9155880656938,8.60505306149029,17.6309548121529));
#1448=CARTESIAN_POINT('',(17.1662630622557,8.71017121494737,17.3838047558103));
#1449=CARTESIAN_POINT('',(17.2907563539941,8.75990288865617,17.2585371716264));
#1450=CARTESIAN_POINT('',(17.5380135999657,8.85338077641155,17.0044726073318));
#1451=CARTESIAN_POINT('',(17.6607201653016,8.8972675212045,16.8756675340067));
#1452=CARTESIAN_POINT('',(17.9040472271633,8.98012543478216,16.6145408018975));
#1453=CARTESIAN_POINT('',(18.0247020588533,9.01901494878466,16.4822247642127));
#1454=CARTESIAN_POINT('',(18.2640709343892,9.09144280693422,16.2140709256875));
#1455=CARTESIAN_POINT('',(18.3827509876106,9.12506400049707,16.0782282076039));
#1456=CARTESIAN_POINT('',(18.7355008904128,9.21965256977547,15.6656286790623));
#1457=CARTESIAN_POINT('',(18.9664171430388,9.27386124655641,15.3837718534077));
#1458=CARTESIAN_POINT('',(19.3052471476345,9.34378802833828,14.9503233083393));
#1459=CARTESIAN_POINT('',(19.4167261289356,9.36522474093328,14.8043916878353));
#1460=CARTESIAN_POINT('',(19.6364214586033,9.40447104100822,14.5102423781058));
#1461=CARTESIAN_POINT('',(19.7446896121528,9.42230101583981,14.3619318927338));
#1462=CARTESIAN_POINT('',(20.0647336356017,9.47121752036916,13.9133505133917));
#1463=CARTESIAN_POINT('',(20.2718337736974,9.4975933777189,13.609474986323));
#1464=CARTESIAN_POINT('',(20.6725808929262,9.53981319493385,12.991624236915));
#1465=CARTESIAN_POINT('',(20.8664828281873,9.55518599338108,12.6776581317831));
#1466=CARTESIAN_POINT('',(21.1467781478861,9.5726753761946,12.19940805368));
#1467=CARTESIAN_POINT('',(21.2383533706418,9.57737645007126,12.0389291927024));
#1468=CARTESIAN_POINT('',(21.4179976613378,9.58380861767356,11.7159465541613));
#1469=CARTESIAN_POINT('',(21.5060965083671,9.58580167226329,11.5534653339738));
#1470=CARTESIAN_POINT('',(21.5926515771152,9.58798762158927,11.3901265014319));
#1471=CARTESIAN_POINT('',(16.2780053065471,8.3061145473181,18.2270975410545));
#1472=CARTESIAN_POINT('',(21.5926515771154,9.58798762158925,11.3901265014319));
#1473=CARTESIAN_POINT('',(21.5926515771154,9.58798762158925,11.390126501432));
#1474=CARTESIAN_POINT('',(21.3070823922652,9.63299971780907,11.1907280909954));
#1475=CARTESIAN_POINT('',(21.0213900236544,9.67842654233046,10.9916007068979));
#1476=CARTESIAN_POINT('',(20.4507853517887,9.77059273790077,10.5925284912345));
#1477=CARTESIAN_POINT('',(20.1657930435721,9.81665087778506,10.3925441508797));
#1478=CARTESIAN_POINT('',(19.8806975519617,9.86271184235419,10.192707727184));
#1479=CARTESIAN_POINT('',(19.8806975519617,9.86271184235419,10.192707727184));
#1480=CARTESIAN_POINT('',(19.8806975519617,9.86271184235419,10.192707727184));
#1481=CARTESIAN_POINT('',(19.7351586977859,9.87792498351739,10.1927642980474));
#1482=CARTESIAN_POINT('',(19.5896155926543,9.8930976914943,10.1927562592392));
#1483=CARTESIAN_POINT('',(19.4440754371115,9.90829843237372,10.1927170112662));
#1484=CARTESIAN_POINT('',(19.3155765969813,9.92171931656091,10.1926823588434));
#1485=CARTESIAN_POINT('',(19.1870842581891,9.93520254585868,10.1926456311401));
#1486=CARTESIAN_POINT('',(19.0585938840641,9.94870424826023,10.192677840629));
#1487=CARTESIAN_POINT('',(19.0585938840641,9.94870424826023,10.192677840629));
#1488=CARTESIAN_POINT('',(19.0585938840642,9.94870424826022,10.1926778406291));
#1489=CARTESIAN_POINT('',(18.9770653454285,9.94491001023563,10.3452633994521));
#1490=CARTESIAN_POINT('',(18.8935240712426,9.94088166926656,10.4967611842036));
#1491=CARTESIAN_POINT('',(18.7655254346628,9.93631999434166,10.7225079545606));
#1492=CARTESIAN_POINT('',(18.7224053640291,9.93507808231967,10.7975064045532));
#1493=CARTESIAN_POINT('',(18.6353271936048,9.93337699379867,10.9470307229777));
#1494=CARTESIAN_POINT('',(18.5913725151664,9.9328501110931,11.0215463441626));
#1495=CARTESIAN_POINT('',(18.4582372352809,9.93135775544701,11.2443311700875));
#1496=CARTESIAN_POINT('',(18.3677597811263,9.93028572817014,11.3919137854688));
#1497=CARTESIAN_POINT('',(18.1835462219699,9.92443224313451,11.6845666834824));
#1498=CARTESIAN_POINT('',(18.0898218099332,9.92013822447882,11.8296366308528));
#1499=CARTESIAN_POINT('',(17.8990272543033,9.91028273661907,12.117272942253));
#1500=CARTESIAN_POINT('',(17.8019569136182,9.9047386774599,12.259840225777));
#1501=CARTESIAN_POINT('',(17.6045739046192,9.89152988681254,12.5424941288896));
#1502=CARTESIAN_POINT('',(17.5042811947992,9.88381166218902,12.6825919575365));
#1503=CARTESIAN_POINT('',(17.1986325390006,9.85740221219354,13.0992273619465));
#1504=CARTESIAN_POINT('',(16.9883131119447,9.83569070132562,13.371981239736));
#1505=CARTESIAN_POINT('',(16.5547396634163,9.7820886331002,13.9074879973353));
#1506=CARTESIAN_POINT('',(16.3314083171895,9.75068872718076,14.1705636322048));
#1507=CARTESIAN_POINT('',(15.9890927871563,9.69466854650549,14.554742527553));
#1508=CARTESIAN_POINT('',(15.8736876105064,9.67451397893836,14.6811795478744));
#1509=CARTESIAN_POINT('',(15.6403409413917,9.63147976188868,14.9309242409223));
#1510=CARTESIAN_POINT('',(15.5224035640562,9.60857442126391,15.0542303384667));
#1511=CARTESIAN_POINT('',(15.164990391399,9.5347229846089,15.4194258418778));
#1512=CARTESIAN_POINT('',(14.9218989090543,9.47850863811514,15.6565485178972));
#1513=CARTESIAN_POINT('',(14.5501977984165,9.38339750091094,16.0028100463026));
#1514=CARTESIAN_POINT('',(14.4251488492343,9.34983942431052,16.1166763826414));
#1515=CARTESIAN_POINT('',(14.172844824053,9.27833929840913,16.3412422415911));
#1516=CARTESIAN_POINT('',(14.0455522092579,9.24024812888964,16.4518714147548));
#1517=CARTESIAN_POINT('',(13.9170044212037,9.20066325843336,16.5609198767078));
#1518=CARTESIAN_POINT('',(13.9170044212037,9.20066325843336,16.5609198767078));
#1519=CARTESIAN_POINT('',(13.9170044212037,9.20066325843336,16.5609198767078));
#1520=CARTESIAN_POINT('',(14.3141945222827,9.06604179986761,16.840954076581));
#1521=CARTESIAN_POINT('',(14.7096081893227,8.92483132833361,17.1201719028763));
#1522=CARTESIAN_POINT('',(15.2999304020813,8.70130067466253,17.5369955770223));
#1523=CARTESIAN_POINT('',(15.4964201987436,8.62525004900113,17.6754674038102));
#1524=CARTESIAN_POINT('',(15.7902912087537,8.50817683240617,17.8827018900109));
#1525=CARTESIAN_POINT('',(15.888045238067,8.46849835395769,17.9516973236909));
#1526=CARTESIAN_POINT('',(16.0831256379429,8.38778817083387,18.0895279741904));
#1527=CARTESIAN_POINT('',(16.1804843810987,8.34680744118462,18.1583461798698));
#1528=CARTESIAN_POINT('',(16.2780053065471,8.3061145473181,18.2270975410545));
#1529=CARTESIAN_POINT('',(18.073405177485,7.6446812649657,19.759686023394));
#1530=CARTESIAN_POINT('',(18.169425146259,7.7282071766657,19.585932793896));
#1531=CARTESIAN_POINT('',(18.361449590321,7.8949508749627,19.238863589599));
#1532=CARTESIAN_POINT('',(18.652991628579,8.1392100690236,18.713996092927));
#1533=CARTESIAN_POINT('',(18.949181995364,8.3732163739632,18.180023913786));
#1534=CARTESIAN_POINT('',(19.249094383107,8.5911204753268,17.633357006088));
#1535=CARTESIAN_POINT('',(19.550997217852,8.7880120905612,17.072789108021));
#1536=CARTESIAN_POINT('',(19.853620662646,8.9616277663149,16.498675471921));
#1537=CARTESIAN_POINT('',(20.155849933993,9.1089152545355,15.912780195035));
#1538=CARTESIAN_POINT('',(20.455942326836,9.2263401627263,15.316062277416));
#1539=CARTESIAN_POINT('',(20.75049691208,9.3112350691744,14.707937686961));
#1540=CARTESIAN_POINT('',(21.037736181921,9.3730617108983,14.090258622789));
#1541=CARTESIAN_POINT('',(21.320312889919,9.4238333497414,13.467414782942));
#1542=CARTESIAN_POINT('',(21.601248650499,9.4653443935583,12.841731278332));
#1543=CARTESIAN_POINT('',(21.88093528209,9.4956915354685,12.213699278084));
#1544=CARTESIAN_POINT('',(22.159680072072,9.5104175241565,11.58159290873));
#1545=CARTESIAN_POINT('',(22.431194289341,9.5217153173002,10.956392709777));
#1546=CARTESIAN_POINT('',(22.608838720007,9.5310681590241,10.546473802126));
#1547=CARTESIAN_POINT('',(22.69753520354,9.5366585296835,10.341975379731));
#1548=CARTESIAN_POINT('',(17.859504482502,7.661882379527,19.690847325742));
#1549=CARTESIAN_POINT('',(17.955588210069,7.746026523493,19.517079449197));
#1550=CARTESIAN_POINT('',(18.14783086646,7.9131055443632,19.168855943252));
#1551=CARTESIAN_POINT('',(18.439138228214,8.1584954244443,18.643098003956));
#1552=CARTESIAN_POINT('',(18.736487545389,8.3996571599779,18.10473238161));
#1553=CARTESIAN_POINT('',(19.035655432924,8.6171833973831,17.554507484153));
#1554=CARTESIAN_POINT('',(19.33601546568,8.81616763026,16.988522780232));
#1555=CARTESIAN_POINT('',(19.636800397822,8.9885375151364,16.410706520959));
#1556=CARTESIAN_POINT('',(19.936532922028,9.1374815018089,15.820460755792));
#1557=CARTESIAN_POINT('',(20.234403852052,9.2562433031693,15.22074440315));
#1558=CARTESIAN_POINT('',(20.527693589592,9.3419826544224,14.61121629643));
#1559=CARTESIAN_POINT('',(20.81219622513,9.3995158309921,13.990088514141));
#1560=CARTESIAN_POINT('',(21.092993681384,9.4554907495217,13.367737211626));
#1561=CARTESIAN_POINT('',(21.374001276159,9.4969272911818,12.741257835515));
#1562=CARTESIAN_POINT('',(21.652493546604,9.5309135689782,12.115161877227));
#1563=CARTESIAN_POINT('',(21.932372238367,9.5464880059322,11.482298196983));
#1564=CARTESIAN_POINT('',(22.205419313756,9.5510631373004,10.852689662159));
#1565=CARTESIAN_POINT('',(22.381736842943,9.5662993526934,10.444804333517));
#1566=CARTESIAN_POINT('',(22.470617328533,9.5713107882817,10.239981685275));
#1567=CARTESIAN_POINT('',(17.429779275961,7.6889016039138,19.555930770952));
#1568=CARTESIAN_POINT('',(17.526061155523,7.7750204928646,19.38039217059));
#1569=CARTESIAN_POINT('',(17.718907166326,7.951411120291,19.030079778832));
#1570=CARTESIAN_POINT('',(18.013659544231,8.2127344372257,18.493650078223));
#1571=CARTESIAN_POINT('',(18.308736950592,8.4415367963592,17.957245202511));
#1572=CARTESIAN_POINT('',(18.611865486482,8.6716468047581,17.404268307894));
#1573=CARTESIAN_POINT('',(18.913774117851,8.8699701946133,16.832853533295));
#1574=CARTESIAN_POINT('',(19.20722676691,9.0424694722864,16.23613511084));
#1575=CARTESIAN_POINT('',(19.495545534144,9.1787927044944,15.630144644145));
#1576=CARTESIAN_POINT('',(19.782395689163,9.2940106349895,15.020108227951));
#1577=CARTESIAN_POINT('',(20.06584616664,9.3858887868826,14.403991100447));
#1578=CARTESIAN_POINT('',(20.348265911513,9.4637198283559,13.785433084874));
#1579=CARTESIAN_POINT('',(20.629936766696,9.5231377588279,13.163111481389));
#1580=CARTESIAN_POINT('',(20.90989632578,9.566406630195,12.537893058721));
#1581=CARTESIAN_POINT('',(21.189270459069,9.595256759517,11.908769274642));
#1582=CARTESIAN_POINT('',(21.466413425234,9.6083049391991,11.277689903249));
#1583=CARTESIAN_POINT('',(21.746275113274,9.6304955665851,10.64631090894));
#1584=CARTESIAN_POINT('',(21.925393221704,9.6392113953475,10.238510120265));
#1585=CARTESIAN_POINT('',(22.015064340507,9.6451608986528,10.034216234359));
#1586=CARTESIAN_POINT('',(16.747912362172,7.7083723162804,19.362450108017));
#1587=CARTESIAN_POINT('',(16.844936437539,7.8016550295438,19.184254134426));
#1588=CARTESIAN_POINT('',(17.038674855427,7.9821329119835,18.82677835102));
#1589=CARTESIAN_POINT('',(17.330730478798,8.2552056089885,18.285267241016));
#1590=CARTESIAN_POINT('',(17.633485084176,8.5530513141995,17.710452336684));
#1591=CARTESIAN_POINT('',(17.930079400761,8.7901462965804,17.127266940242));
#1592=CARTESIAN_POINT('',(18.223220107621,8.9947502773511,16.533338840268));
#1593=CARTESIAN_POINT('',(18.512781284889,9.1597772319101,15.932479793553));
#1594=CARTESIAN_POINT('',(18.800884659828,9.2997578367355,15.327122489289));
#1595=CARTESIAN_POINT('',(19.086540657265,9.4121882481021,14.71576350496));
#1596=CARTESIAN_POINT('',(19.370957945991,9.5040840095162,14.100608753917));
#1597=CARTESIAN_POINT('',(19.65365027208,9.574387221903,13.480798773234));
#1598=CARTESIAN_POINT('',(19.934781990533,9.6289047424776,12.857804644719));
#1599=CARTESIAN_POINT('',(20.214689326929,9.6664763843993,12.230948486378));
#1600=CARTESIAN_POINT('',(20.493433960142,9.69317428385,11.602620404772));
#1601=CARTESIAN_POINT('',(20.771088127724,9.7018047586832,10.969387796534));
#1602=CARTESIAN_POINT('',(21.05006093405,9.7358300315002,10.343223651858));
#1603=CARTESIAN_POINT('',(21.230008865641,9.7461948465012,9.9344824093317));
#1604=CARTESIAN_POINT('',(21.32039914456,9.751700414704,9.7294918871049));
#1605=CARTESIAN_POINT('',(16.040428672836,7.7743316074147,19.111374555221));
#1606=CARTESIAN_POINT('',(16.139079235811,7.880046008744,18.928681317772));
#1607=CARTESIAN_POINT('',(16.336976299854,8.1013073797934,18.566157345001));
#1608=CARTESIAN_POINT('',(16.643933612482,8.4416462479871,17.992938608197));
#1609=CARTESIAN_POINT('',(16.942110139514,8.7105352076561,17.415474966842));
#1610=CARTESIAN_POINT('',(17.237804766733,8.9435977083545,16.828455378951));
#1611=CARTESIAN_POINT('',(17.530216631448,9.1350301177054,16.234282955134));
#1612=CARTESIAN_POINT('',(17.820344859876,9.2954438255452,15.633390183563));
#1613=CARTESIAN_POINT('',(18.107767490662,9.4251117309185,15.025865858672));
#1614=CARTESIAN_POINT('',(18.393299433275,9.5313404448179,14.413591965973));
#1615=CARTESIAN_POINT('',(18.676739179235,9.6149717446343,13.796346306701));
#1616=CARTESIAN_POINT('',(18.958822463168,9.6822817105165,13.175851315391));
#1617=CARTESIAN_POINT('',(19.239541540187,9.7312339857169,12.551429534857));
#1618=CARTESIAN_POINT('',(19.519159320665,9.7681666179757,11.924806254967));
#1619=CARTESIAN_POINT('',(19.797401948711,9.7858623485629,11.293376122811));
#1620=CARTESIAN_POINT('',(20.075243398491,9.8019945870509,10.662743002764));
#1621=CARTESIAN_POINT('',(20.354817147277,9.8282847077333,10.03194536458));
#1622=CARTESIAN_POINT('',(20.535870860362,9.8287531427509,9.6163715891776));
#1623=CARTESIAN_POINT('',(20.626557626984,9.8322408942647,9.4091381522588));
#1624=CARTESIAN_POINT('',(15.356096299467,7.9957061736167,18.825696586797));
#1625=CARTESIAN_POINT('',(15.454745953131,8.0983196837589,18.640416473202));
#1626=CARTESIAN_POINT('',(15.652101293132,8.3029965388931,18.269817692102));
#1627=CARTESIAN_POINT('',(15.953330673491,8.6073726355074,17.701111204583));
#1628=CARTESIAN_POINT('',(16.251655354045,8.8700056204153,17.120960342173));
#1629=CARTESIAN_POINT('',(16.546563884552,9.0896367173892,16.532407160273));
#1630=CARTESIAN_POINT('',(16.838219695688,9.2728511202705,15.93581833917));
#1631=CARTESIAN_POINT('',(17.127104271989,9.4230675087104,15.332322349061));
#1632=CARTESIAN_POINT('',(17.41381274074,9.5471819327999,14.723579052421));
#1633=CARTESIAN_POINT('',(17.698655774658,9.647618055146,14.109853741005));
#1634=CARTESIAN_POINT('',(17.982049739398,9.7273783170458,13.49208627707));
#1635=CARTESIAN_POINT('',(18.263915995212,9.7894825905781,12.870610592549));
#1636=CARTESIAN_POINT('',(18.544351449674,9.8340663793043,12.245380544505));
#1637=CARTESIAN_POINT('',(18.823714927828,9.8666686840184,11.617886465144));
#1638=CARTESIAN_POINT('',(19.101788871917,9.8813082492843,10.986769448313));
#1639=CARTESIAN_POINT('',(19.37965666968,9.9005153488288,10.357604142787));
#1640=CARTESIAN_POINT('',(19.65924843884,9.9262504291241,9.726334494272));
#1641=CARTESIAN_POINT('',(19.840324400445,9.9308982839334,9.3072743072895));
#1642=CARTESIAN_POINT('',(19.930800752447,9.9347351056821,9.1004164481522));
#1643=CARTESIAN_POINT('',(14.670814896547,8.1991177426566,18.541153710613));
#1644=CARTESIAN_POINT('',(14.768148118392,8.2923583298861,18.354762319241));
#1645=CARTESIAN_POINT('',(14.961667640625,8.475326648676,17.982717115091));
#1646=CARTESIAN_POINT('',(15.263644334691,8.7755859608251,17.408101572921));
#1647=CARTESIAN_POINT('',(15.560640387562,9.0244485780455,16.825602672911));
#1648=CARTESIAN_POINT('',(15.854368194951,9.2346847760895,16.234465505383));
#1649=CARTESIAN_POINT('',(16.145380925414,9.4081692981904,15.636145597806));
#1650=CARTESIAN_POINT('',(16.434007606384,9.5522874399333,15.031770228424));
#1651=CARTESIAN_POINT('',(16.720564844071,9.6686602347055,14.421636716971));
#1652=CARTESIAN_POINT('',(17.005117114748,9.7625335442367,13.806837113022));
#1653=CARTESIAN_POINT('',(17.287515661117,9.8358698731499,13.187410132886));
#1654=CARTESIAN_POINT('',(17.568924211933,9.894605494886,12.564911544721));
#1655=CARTESIAN_POINT('',(17.848680065298,9.9346322381048,11.938942203808));
#1656=CARTESIAN_POINT('',(18.127940815184,9.966025818468,11.310335966757));
#1657=CARTESIAN_POINT('',(18.404639616977,9.9723693576596,10.676465416084));
#1658=CARTESIAN_POINT('',(18.684828709706,10.0032469690794,10.042621608042));
#1659=CARTESIAN_POINT('',(18.961211549945,10.0151422049052,9.4167137209737));
#1660=CARTESIAN_POINT('',(19.138190489468,10.0287936608858,9.027661419826));
#1661=CARTESIAN_POINT('',(19.227453467582,10.0344251764673,8.8293615439677));
#1662=CARTESIAN_POINT('',(13.986132478657,8.4002698708246,18.248821854218));
#1663=CARTESIAN_POINT('',(14.082493093982,8.4879550747371,18.062130583785));
#1664=CARTESIAN_POINT('',(14.275072093634,8.6618841589387,17.6891685943));
#1665=CARTESIAN_POINT('',(14.572720679357,8.9365803676899,17.114811751092));
#1666=CARTESIAN_POINT('',(14.86957655648,9.1775081483009,16.529711326221));
#1667=CARTESIAN_POINT('',(15.162805870959,9.3758297784436,15.936977674689));
#1668=CARTESIAN_POINT('',(15.453004708163,9.5415925552035,15.336720487322));
#1669=CARTESIAN_POINT('',(15.740481501011,9.6751378256437,14.729786427648));
#1670=CARTESIAN_POINT('',(16.025469016935,9.786702958531,14.117966815593));
#1671=CARTESIAN_POINT('',(16.30870946723,9.8761545499318,13.501317949843));
#1672=CARTESIAN_POINT('',(16.592319087395,9.9507055214891,12.882797865578));
#1673=CARTESIAN_POINT('',(16.873774157034,10.0004669178146,12.259594849));
#1674=CARTESIAN_POINT('',(17.154497505612,10.0414006041614,11.633314261726));
#1675=CARTESIAN_POINT('',(17.433651508198,10.055267458984,11.004070818112));
#1676=CARTESIAN_POINT('',(17.714708816035,10.077974093944,10.385252168587));
#1677=CARTESIAN_POINT('',(17.991256631584,10.092436888743,9.7905319201491));
#1678=CARTESIAN_POINT('',(18.262390526475,10.114020926845,9.2142667736382));
#1679=CARTESIAN_POINT('',(18.44186105219,10.124142406708,8.8269942830369));
#1680=CARTESIAN_POINT('',(18.531046911107,10.129850127867,8.635248580615));
#1681=CARTESIAN_POINT('',(13.304595002537,8.5968912290421,17.95297232015));
#1682=CARTESIAN_POINT('',(13.399235715629,8.6789655054776,17.766397431593));
#1683=CARTESIAN_POINT('',(13.586771660082,8.8400640304338,17.394496210293));
#1684=CARTESIAN_POINT('',(13.882402885921,9.0969038563544,16.821212566277));
#1685=CARTESIAN_POINT('',(14.17829812215,9.3263459359379,16.232964630516));
#1686=CARTESIAN_POINT('',(14.469196565031,9.515670589933,15.637548842799));
#1687=CARTESIAN_POINT('',(14.758908595094,9.6730379009074,15.035365901035));
#1688=CARTESIAN_POINT('',(15.047175452591,9.8070273340615,14.429818614097));
#1689=CARTESIAN_POINT('',(15.337848222957,9.9268035947673,13.822282817853));
#1690=CARTESIAN_POINT('',(15.638801621457,10.0192759332645,13.221117939992));
#1691=CARTESIAN_POINT('',(15.938276674992,10.078035459091,12.617351140255));
#1692=CARTESIAN_POINT('',(16.233526044114,10.123654844534,12.013005775071));
#1693=CARTESIAN_POINT('',(16.522792482324,10.150993609536,11.409580000188));
#1694=CARTESIAN_POINT('',(16.807033598384,10.179410532039,10.813160265189));
#1695=CARTESIAN_POINT('',(17.08378295035,10.193532826842,10.224263897764));
#1696=CARTESIAN_POINT('',(17.355928444995,10.210628941618,9.6410367015974));
#1697=CARTESIAN_POINT('',(17.623552728006,10.222728461577,9.0658666356374));
#1698=CARTESIAN_POINT('',(17.798842099942,10.233345386908,8.692127567672));
#1699=CARTESIAN_POINT('',(17.886814679651,10.238181504122,8.5039902237459));
#1700=CARTESIAN_POINT('',(12.858136598294,8.7180776078917,17.754561660401));
#1701=CARTESIAN_POINT('',(12.951490273096,8.798744071947,17.567839645971));
#1702=CARTESIAN_POINT('',(13.13961473456,8.9616023356804,17.193007798976));
#1703=CARTESIAN_POINT('',(13.419536255826,9.2003653422528,16.624870944278));
#1704=CARTESIAN_POINT('',(13.717247750817,9.425349318536,16.034648111511));
#1705=CARTESIAN_POINT('',(14.010668005927,9.6043821495592,15.441684425651));
#1706=CARTESIAN_POINT('',(14.317276427845,9.7658313594836,14.848552415221));
#1707=CARTESIAN_POINT('',(14.621204606022,9.8960525192303,14.253740700888));
#1708=CARTESIAN_POINT('',(14.925603338165,10.0022562719642,13.657393187524));
#1709=CARTESIAN_POINT('',(15.227211341171,10.086114286134,13.059133971557));
#1710=CARTESIAN_POINT('',(15.52829072526,10.151283646532,12.462437646596));
#1711=CARTESIAN_POINT('',(15.825478314932,10.195489148578,11.866628978896));
#1712=CARTESIAN_POINT('',(16.117363180072,10.228575594902,11.273726020934));
#1713=CARTESIAN_POINT('',(16.402522060322,10.249169754248,10.685131691908));
#1714=CARTESIAN_POINT('',(16.681581456942,10.267722307374,10.103761046612));
#1715=CARTESIAN_POINT('',(16.953930499994,10.281472990801,9.531701353538));
#1716=CARTESIAN_POINT('',(17.220669483711,10.296282997846,8.9682142009819));
#1717=CARTESIAN_POINT('',(17.396503660338,10.305266718444,8.5943930991851));
#1718=CARTESIAN_POINT('',(17.48423650111,10.310013894157,8.4082158650801));
#1719=CARTESIAN_POINT('',(12.635073315205,8.7759553665158,17.656192954019));
#1720=CARTESIAN_POINT('',(12.728569561924,8.8565059207634,17.469321391025));
#1721=CARTESIAN_POINT('',(12.914815937979,9.0171614846999,17.095949987275));
#1722=CARTESIAN_POINT('',(13.198069649472,9.2534618727693,16.5254853122));
#1723=CARTESIAN_POINT('',(13.491741357202,9.4704135406675,15.940555003348));
#1724=CARTESIAN_POINT('',(13.792242733279,9.6530534382933,15.347006739961));
#1725=CARTESIAN_POINT('',(14.098131171099,9.8083057859595,14.756889365212));
#1726=CARTESIAN_POINT('',(14.406848747308,9.9378691650664,14.164581535758));
#1727=CARTESIAN_POINT('',(14.714107657557,10.0425992950532,13.571425306917));
#1728=CARTESIAN_POINT('',(15.020024063655,10.125602861803,12.977753363473));
#1729=CARTESIAN_POINT('',(15.32322769276,10.188027600845,12.38484074487));
#1730=CARTESIAN_POINT('',(15.622272000109,10.233063176471,11.793659994891));
#1731=CARTESIAN_POINT('',(15.915340965561,10.264405616139,11.205511864067));
#1732=CARTESIAN_POINT('',(16.20162383152,10.286783747746,10.622393473184));
#1733=CARTESIAN_POINT('',(16.480832798661,10.303667696357,10.046268783923));
#1734=CARTESIAN_POINT('',(16.753258136715,10.318243574057,9.4782339667446));
#1735=CARTESIAN_POINT('',(17.020013098809,10.33192931017,8.9168946604074));
#1736=CARTESIAN_POINT('',(17.195500144831,10.341321209532,8.5449575697671));
#1737=CARTESIAN_POINT('',(17.283264491199,10.345973660171,8.3587138509955));
#1738=CARTESIAN_POINT('',(21.5705011448209,8.71924216009714,11.3758291618992));
#1739=CARTESIAN_POINT('',(21.484844915848,8.71716157596461,11.5384253619749));
#1740=CARTESIAN_POINT('',(21.397090693693,8.7149148334918,11.6998274814257));
#1741=CARTESIAN_POINT('',(21.2178502208544,8.70838924774608,12.0204619652408));
#1742=CARTESIAN_POINT('',(21.1264246795789,8.70395094831499,12.179724563722));
#1743=CARTESIAN_POINT('',(20.9400932714529,8.69228645622715,12.4962028677026));
#1744=CARTESIAN_POINT('',(20.8451035989942,8.68520755720818,12.65346626431));
#1745=CARTESIAN_POINT('',(20.6517739922347,8.66880342572279,12.9653583052093));
#1746=CARTESIAN_POINT('',(20.5534317341225,8.65939846045436,13.120025759832));
#1747=CARTESIAN_POINT('',(20.2535173757252,8.62662928290504,13.5801986857632));
#1748=CARTESIAN_POINT('',(20.0470234211164,8.59892320641065,13.8818721059552));
#1749=CARTESIAN_POINT('',(19.7274258218284,8.54728467390399,14.326570737109));
#1750=CARTESIAN_POINT('',(19.6192602825668,8.52831479614588,14.4735007998858));
#1751=CARTESIAN_POINT('',(19.3996970149495,8.48649410493332,14.7647422808145));
#1752=CARTESIAN_POINT('',(19.2881883228454,8.46364313869616,14.9091986801232));
#1753=CARTESIAN_POINT('',(18.7239842621521,8.339099201035,15.6231919329449));
#1754=CARTESIAN_POINT('',(18.2535430044148,8.20566399017715,16.1645540755215));
#1755=CARTESIAN_POINT('',(17.5264207204298,7.93963820074044,16.9332378873648));
#1756=CARTESIAN_POINT('',(17.2806066744455,7.83973976490921,17.1822818752906));
#1757=CARTESIAN_POINT('',(16.9066582626855,7.6695014715832,17.5437571777255));
#1758=CARTESIAN_POINT('',(16.7811316663684,7.60968475507382,17.6623436481205));
#1759=CARTESIAN_POINT('',(16.5919753574363,7.51411883675434,17.8373532429008));
#1760=CARTESIAN_POINT('',(16.5287690370345,7.481266936142,17.8951940578422));
#1761=CARTESIAN_POINT('',(16.4021092602767,7.41337867942313,18.0098745797992));
#1762=CARTESIAN_POINT('',(16.3386635445709,7.3784021489697,18.0667426183675));
#1763=CARTESIAN_POINT('',(16.2749856527636,7.34298801924227,18.1232383603049));
#1764=CARTESIAN_POINT('',(21.5705011448209,8.71924216009714,11.3758291618992));
#1765=CARTESIAN_POINT('',(16.2749856527635,7.34298801924227,18.1232383603049));
#1766=CARTESIAN_POINT('',(16.2749856527636,7.34298801924227,18.1232383603049));
#1767=CARTESIAN_POINT('',(16.177630456969,7.38862787017572,18.0557662670276));
#1768=CARTESIAN_POINT('',(16.080269810808,7.43439981369465,17.9883909228536));
#1769=CARTESIAN_POINT('',(15.8851220194236,7.52424787506452,17.8531147928226));
#1770=CARTESIAN_POINT('',(15.7873248910708,7.56826888848658,17.7852303563113));
#1771=CARTESIAN_POINT('',(15.4933600135392,7.69831293790101,17.5811616999102));
#1772=CARTESIAN_POINT('',(15.2966452438727,7.78255053849513,17.444654134526));
#1773=CARTESIAN_POINT('',(14.704494530099,8.02899071068811,17.0341304072795));
#1774=CARTESIAN_POINT('',(14.3072224630187,8.18386666674526,16.7584153879126));
#1775=CARTESIAN_POINT('',(13.9080463193368,8.33080544819711,16.4811885310412));
#1776=CARTESIAN_POINT('',(13.9080463193367,8.33080544819713,16.4811885310412));
#1777=CARTESIAN_POINT('',(13.9080463193367,8.33080544819713,16.4811885310412));
#1778=CARTESIAN_POINT('',(14.0362050066287,8.37268303610831,16.3742102250746));
#1779=CARTESIAN_POINT('',(14.1632281840119,8.41253810476658,16.2656054132988));
#1780=CARTESIAN_POINT('',(14.4151662730722,8.48756765758201,16.0451572593084));
#1781=CARTESIAN_POINT('',(14.540043301695,8.52282363554358,15.933294849583));
#1782=CARTESIAN_POINT('',(14.9110863316124,8.62278408829358,15.5927059221699));
#1783=CARTESIAN_POINT('',(15.1537272319977,8.6815812857273,15.3590178117862));
#1784=CARTESIAN_POINT('',(15.6294277161001,8.78481046479862,14.8785553566137));
#1785=CARTESIAN_POINT('',(15.8624188016116,8.82937133348194,14.6317421720847));
#1786=CARTESIAN_POINT('',(16.3181539090572,8.90630633908989,14.1248708134147));
#1787=CARTESIAN_POINT('',(16.5412203282827,8.93864758018604,13.8644107529907));
#1788=CARTESIAN_POINT('',(16.9739417479557,8.99257194579109,13.3338396088724));
#1789=CARTESIAN_POINT('',(17.1838887869942,9.01425114780383,13.0634225185763));
#1790=CARTESIAN_POINT('',(17.5908725849025,9.04878021957157,12.5123804375396));
#1791=CARTESIAN_POINT('',(17.787830230677,9.06137173689638,12.2316791453954));
#1792=CARTESIAN_POINT('',(18.0735476999563,9.07498129198305,11.8030347451736));
#1793=CARTESIAN_POINT('',(18.1672235492044,9.0787046140701,11.6588397709987));
#1794=CARTESIAN_POINT('',(18.3510028718361,9.08379988293301,11.3682755995744));
#1795=CARTESIAN_POINT('',(18.4411188218736,9.08477234597807,11.2218844336217));
#1796=CARTESIAN_POINT('',(18.617656414896,9.08650761109177,10.9268277210972));
#1797=CARTESIAN_POINT('',(18.704068416209,9.08774904627436,10.7781504613641));
#1798=CARTESIAN_POINT('',(18.8731673926719,9.09364533438006,10.478780915043));
#1799=CARTESIAN_POINT('',(18.9558997675813,9.09768366886231,10.3280880114354));
#1800=CARTESIAN_POINT('',(19.037033651032,9.10098957079072,10.1765215582369));
#1801=CARTESIAN_POINT('',(19.037033651032,9.10098957079073,10.1765215582369));
#1802=CARTESIAN_POINT('',(19.037033651032,9.10098957079073,10.1765215582369));
#1803=CARTESIAN_POINT('',(19.1727032748505,9.08571957851233,10.1766245309309));
#1804=CARTESIAN_POINT('',(19.3083813650748,9.07052405426585,10.1765906740608));
#1805=CARTESIAN_POINT('',(19.4440621716732,9.05535346960532,10.1765440214811));
#1806=CARTESIAN_POINT('',(19.5824556007471,9.03987958435313,10.1764964361916));
#1807=CARTESIAN_POINT('',(19.720851748385,9.02442987682259,10.1764541744283));
#1808=CARTESIAN_POINT('',(19.859242683887,9.0089336525348,10.1764787446803));
#1809=CARTESIAN_POINT('',(19.859242683887,9.0089336525348,10.1764787446803));
#1810=CARTESIAN_POINT('',(19.859242683887,9.0089336525348,10.1764787446803));
#1811=CARTESIAN_POINT('',(20.1446257083397,8.96052248018296,10.3760922553384));
#1812=CARTESIAN_POINT('',(20.4300672254829,8.9119719775438,10.575588340975));
#1813=CARTESIAN_POINT('',(21.0004245763318,8.81492936223855,10.9753458876703));
#1814=CARTESIAN_POINT('',(21.2853421309509,8.76681014731748,11.1756933799823));
#1815=CARTESIAN_POINT('',(21.5705011448209,8.71924216009714,11.3758291618992));
#1816=CARTESIAN_POINT('',(12.674740357723,7.9154119487452,17.47069453472));
#1817=CARTESIAN_POINT('',(12.782218888613,7.99931833793,17.29049424718));
#1818=CARTESIAN_POINT('',(12.997262898697,8.1670138887443,16.930185367932));
#1819=CARTESIAN_POINT('',(13.32368013341,8.4124383918602,16.378943068737));
#1820=CARTESIAN_POINT('',(13.659916933061,8.6321221803697,15.81321787095));
#1821=CARTESIAN_POINT('',(13.995280050585,8.8118631746809,15.239459466029));
#1822=CARTESIAN_POINT('',(14.33247258882,8.9592585192477,14.662627379214));
#1823=CARTESIAN_POINT('',(14.672159350552,9.0784269807651,14.083491151038));
#1824=CARTESIAN_POINT('',(15.010080141716,9.1721953993038,13.501404985506));
#1825=CARTESIAN_POINT('',(15.344496181423,9.2443369579568,12.915768118401));
#1826=CARTESIAN_POINT('',(15.674965046334,9.2977429962224,12.328427671762));
#1827=CARTESIAN_POINT('',(16.001632390117,9.3355529440875,11.741829268072));
#1828=CARTESIAN_POINT('',(16.324366458845,9.3611472756517,11.158589598432));
#1829=CARTESIAN_POINT('',(16.642487280771,9.3775081313534,10.58106672568));
#1830=CARTESIAN_POINT('',(16.955362526149,9.3889488509404,10.010746843806));
#1831=CARTESIAN_POINT('',(17.262429855088,9.3971986224521,9.4476519611078));
#1832=CARTESIAN_POINT('',(17.564123461579,9.4052054999137,8.8913705147282));
#1833=CARTESIAN_POINT('',(17.762984171263,9.4100726597272,8.5222189659215));
#1834=CARTESIAN_POINT('',(17.862400815437,9.4128026236621,8.3377946927614));
#1835=CARTESIAN_POINT('',(12.897755041437,7.8452227335968,17.58269189259));
#1836=CARTESIAN_POINT('',(13.005349649605,7.9295608913232,17.402501632179));
#1837=CARTESIAN_POINT('',(13.220231406104,8.0988992719019,17.041525735017));
#1838=CARTESIAN_POINT('',(13.54857548089,8.3517532560002,16.491176851103));
#1839=CARTESIAN_POINT('',(13.886468858485,8.5765533139737,15.922630582145));
#1840=CARTESIAN_POINT('',(14.214105301021,8.7561601904734,15.348795842619));
#1841=CARTESIAN_POINT('',(14.551126411218,8.9088069087784,14.769749658707));
#1842=CARTESIAN_POINT('',(14.888879013173,9.0302268972322,14.190730444578));
#1843=CARTESIAN_POINT('',(15.224181830009,9.1272884685404,13.605826929385));
#1844=CARTESIAN_POINT('',(15.555691792545,9.2013441696409,13.016621943274));
#1845=CARTESIAN_POINT('',(15.884000831561,9.256711685335,12.425576005807));
#1846=CARTESIAN_POINT('',(16.20916946769,9.2961533675802,11.834462896752));
#1847=CARTESIAN_POINT('',(16.531055415268,9.3224284589564,11.246711519596));
#1848=CARTESIAN_POINT('',(16.84946401246,9.3403986190022,10.664254811454));
#1849=CARTESIAN_POINT('',(17.162319327844,9.349258589477,10.089455977033));
#1850=CARTESIAN_POINT('',(17.470885618327,9.3619437955573,9.5221406701877));
#1851=CARTESIAN_POINT('',(17.773266689946,9.3661850542115,8.9604774232821));
#1852=CARTESIAN_POINT('',(17.971982627857,9.373050429366,8.5930441944289));
#1853=CARTESIAN_POINT('',(18.071451756928,9.3756616507633,8.4082283116421));
#1854=CARTESIAN_POINT('',(13.344730167234,7.6940099616291,17.809296547367));
#1855=CARTESIAN_POINT('',(13.453461037685,7.7799653195556,17.629723735437));
#1856=CARTESIAN_POINT('',(13.669477923122,7.9473003095397,17.271751851046));
#1857=CARTESIAN_POINT('',(14.009661463952,8.2247597391134,16.717112584574));
#1858=CARTESIAN_POINT('',(14.343552069113,8.4557806722287,16.152635065247));
#1859=CARTESIAN_POINT('',(14.675126879125,8.6478079385007,15.578658313705));
#1860=CARTESIAN_POINT('',(15.001805428106,8.804997215967,14.99673830776));
#1861=CARTESIAN_POINT('',(15.327702384993,8.9326160005044,14.408690856696));
#1862=CARTESIAN_POINT('',(15.651778216153,9.0355410044359,13.815493147861));
#1863=CARTESIAN_POINT('',(15.973654490776,9.1176687749213,13.217419531862));
#1864=CARTESIAN_POINT('',(16.294711219851,9.1782922208122,12.614469044705));
#1865=CARTESIAN_POINT('',(16.61707019479,9.2191136542216,12.012292177243));
#1866=CARTESIAN_POINT('',(16.94028286667,9.244918754325,11.413404333888));
#1867=CARTESIAN_POINT('',(17.261051443716,9.2601943375067,10.822267565349));
#1868=CARTESIAN_POINT('',(17.578778451837,9.278097779432,10.239836036649));
#1869=CARTESIAN_POINT('',(17.886560013961,9.2773977292196,9.6698911277202));
#1870=CARTESIAN_POINT('',(18.190676040636,9.2959171250077,9.1101407680171));
#1871=CARTESIAN_POINT('',(18.391863574897,9.2986373917313,8.7299959090633));
#1872=CARTESIAN_POINT('',(18.49207829236,9.3013956720278,8.5423969734599));
#1873=CARTESIAN_POINT('',(14.026292923663,7.4560164956913,18.14086620353));
#1874=CARTESIAN_POINT('',(14.136374819955,7.5491450693626,17.961980778633));
#1875=CARTESIAN_POINT('',(14.356204948132,7.7338638555984,17.604888325644));
#1876=CARTESIAN_POINT('',(14.694908014521,8.0240297105072,17.05588430413));
#1877=CARTESIAN_POINT('',(15.031752743381,8.2733591884489,16.494908902876));
#1878=CARTESIAN_POINT('',(15.363964266467,8.4785548096723,15.924869327456));
#1879=CARTESIAN_POINT('',(15.693695124124,8.6481961455696,15.346318380536));
#1880=CARTESIAN_POINT('',(16.019869563856,8.7859259074703,14.760462156045));
#1881=CARTESIAN_POINT('',(16.343691361508,8.8961654751271,14.168226485126));
#1882=CARTESIAN_POINT('',(16.665445338006,8.9826929579612,13.570660832106));
#1883=CARTESIAN_POINT('',(16.985323465308,9.0495666178995,12.968689243851));
#1884=CARTESIAN_POINT('',(17.303481114529,9.0983816066949,12.361896160932));
#1885=CARTESIAN_POINT('',(17.620271689246,9.1318225930845,11.752022638428));
#1886=CARTESIAN_POINT('',(17.936327780035,9.1503837078424,11.137529414093));
#1887=CARTESIAN_POINT('',(18.250374432524,9.153316158241,10.521062052516));
#1888=CARTESIAN_POINT('',(18.568685992708,9.1805618487688,9.9048070488953));
#1889=CARTESIAN_POINT('',(18.878331422727,9.1762106352177,9.3012666262498));
#1890=CARTESIAN_POINT('',(19.079132958607,9.1855213079681,8.9242025736601));
#1891=CARTESIAN_POINT('',(19.179884375733,9.1886661078487,8.7326472930178));
#1892=CARTESIAN_POINT('',(14.706107556522,7.1984837157257,18.473120554037));
#1893=CARTESIAN_POINT('',(14.817070024998,7.2992983256704,18.295187408604));
#1894=CARTESIAN_POINT('',(15.037767176098,7.4976181961623,17.938877518588));
#1895=CARTESIAN_POINT('',(15.381279559177,7.819215209751,17.393122974083));
#1896=CARTESIAN_POINT('',(15.718651742063,8.0827830914477,16.836076231668));
#1897=CARTESIAN_POINT('',(16.052531446634,8.3040963804424,16.269037696896));
#1898=CARTESIAN_POINT('',(16.382725787115,8.4870455709316,15.693474293459));
#1899=CARTESIAN_POINT('',(16.710259502412,8.6362669597656,15.11027426579));
#1900=CARTESIAN_POINT('',(17.035200862766,8.7564859078378,14.520573175103));
#1901=CARTESIAN_POINT('',(17.357918240732,8.8518781799811,13.92514688517));
#1902=CARTESIAN_POINT('',(17.678690414004,8.9253783149235,13.32474545738));
#1903=CARTESIAN_POINT('',(17.997942786503,8.9810797607928,12.72046528314));
#1904=CARTESIAN_POINT('',(18.31548885206,9.0186579538059,12.111940218999));
#1905=CARTESIAN_POINT('',(18.631970910785,9.0449068278388,11.501116494877));
#1906=CARTESIAN_POINT('',(18.946767627595,9.0515468187639,10.885419738384));
#1907=CARTESIAN_POINT('',(19.262017771232,9.0683345004078,10.27276098029));
#1908=CARTESIAN_POINT('',(19.578744680854,9.0841121801143,9.6564346876994));
#1909=CARTESIAN_POINT('',(19.782792967975,9.0902595275652,9.2543304921525));
#1910=CARTESIAN_POINT('',(19.885139005784,9.0933465298877,9.0540547582011));
#1911=CARTESIAN_POINT('',(15.383756609683,6.9311103537583,18.794744333034));
#1912=CARTESIAN_POINT('',(15.496458661937,7.0439068765446,18.619095076728));
#1913=CARTESIAN_POINT('',(15.722391120574,7.2709346127668,18.268544629612));
#1914=CARTESIAN_POINT('',(16.066066298615,7.6051650370141,17.728339522209));
#1915=CARTESIAN_POINT('',(16.405424558146,7.8884413092536,17.175950868975));
#1916=CARTESIAN_POINT('',(16.740680294716,8.1251646974365,16.612710187033));
#1917=CARTESIAN_POINT('',(17.072356565717,8.3203942683222,16.040050538978));
#1918=CARTESIAN_POINT('',(17.400872699148,8.4821760234096,15.459676843923));
#1919=CARTESIAN_POINT('',(17.726534555111,8.6126850197791,14.872083843965));
#1920=CARTESIAN_POINT('',(18.049906081427,8.7169258175778,14.278628039631));
#1921=CARTESIAN_POINT('',(18.371270078406,8.7980543597758,13.679872632029));
#1922=CARTESIAN_POINT('',(18.690911368121,8.8606074245332,13.076921069584));
#1923=CARTESIAN_POINT('',(19.008996660702,8.9041774624013,12.469505174834));
#1924=CARTESIAN_POINT('',(19.325878152309,8.9356098554484,11.859593428527));
#1925=CARTESIAN_POINT('',(19.64125885496,8.9471282483964,11.244633751172));
#1926=CARTESIAN_POINT('',(19.956257768937,8.9585708057444,10.630686492609));
#1927=CARTESIAN_POINT('',(20.272727567268,8.9777611274888,10.016776821967));
#1928=CARTESIAN_POINT('',(20.479379305817,8.9761684120306,9.6109520269378));
#1929=CARTESIAN_POINT('',(20.582433300276,8.9779058609493,9.4090419554793));
#1930=CARTESIAN_POINT('',(16.063778628438,6.6541067860306,19.117133459639));
#1931=CARTESIAN_POINT('',(16.17616604383,6.7698862392968,18.944513207947));
#1932=CARTESIAN_POINT('',(16.400798101081,7.0068298329901,18.60155939644));
#1933=CARTESIAN_POINT('',(16.751081198138,7.3856670276311,18.062960944629));
#1934=CARTESIAN_POINT('',(17.091094939809,7.6825642854681,17.513581163131));
#1935=CARTESIAN_POINT('',(17.428093113688,7.9384404478697,16.954051969314));
#1936=CARTESIAN_POINT('',(17.760789033616,8.1507815175234,16.385276421275));
#1937=CARTESIAN_POINT('',(18.090401042303,8.3239154525044,15.807401968856));
#1938=CARTESIAN_POINT('',(18.417320485253,8.4653635976813,15.222716806577));
#1939=CARTESIAN_POINT('',(18.741712764036,8.5791933892939,14.63145253102));
#1940=CARTESIAN_POINT('',(19.063846839238,8.6687530542671,14.034719131426));
#1941=CARTESIAN_POINT('',(19.384214578703,8.7376255533754,13.433252119273));
#1942=CARTESIAN_POINT('',(19.702906577777,8.7886481249049,12.827806086116));
#1943=CARTESIAN_POINT('',(20.020186007763,8.8229578338617,12.218429172337));
#1944=CARTESIAN_POINT('',(20.336230788947,8.8450042277169,11.606492521585));
#1945=CARTESIAN_POINT('',(20.650791929853,8.8489098230184,10.990049503088));
#1946=CARTESIAN_POINT('',(20.967379387065,8.873707581347,10.378126651169));
#1947=CARTESIAN_POINT('',(21.170939607513,8.8768267850911,9.9785634900656));
#1948=CARTESIAN_POINT('',(21.273506392771,8.8798277328583,9.7783167640993));
#1949=CARTESIAN_POINT('',(16.771568948109,6.571059815776,19.410963272245));
#1950=CARTESIAN_POINT('',(16.882072323007,6.6742691345017,19.241849952917));
#1951=CARTESIAN_POINT('',(17.103443494561,6.8764955536701,18.901585052663));
#1952=CARTESIAN_POINT('',(17.434002467245,7.1679738248807,18.394782237039));
#1953=CARTESIAN_POINT('',(17.779173115788,7.5023194119674,17.85636538911));
#1954=CARTESIAN_POINT('',(18.115597977081,7.7497875099461,17.29637047872));
#1955=CARTESIAN_POINT('',(18.450314879,7.9709997905883,16.729909203446));
#1956=CARTESIAN_POINT('',(18.781123047258,8.1608958054058,16.155683368948));
#1957=CARTESIAN_POINT('',(19.10827030411,8.3145661308618,15.572701703033));
#1958=CARTESIAN_POINT('',(19.433119957587,8.4373779280897,14.983415252795));
#1959=CARTESIAN_POINT('',(19.756032229795,8.535589694267,14.388555609799));
#1960=CARTESIAN_POINT('',(20.076847135151,8.611611145302,13.78866061396));
#1961=CARTESIAN_POINT('',(20.396210969466,8.6697407590726,13.184611639366));
#1962=CARTESIAN_POINT('',(20.713821933715,8.7096511792981,12.576569815788));
#1963=CARTESIAN_POINT('',(21.030599385189,8.7370124569928,11.965414921848));
#1964=CARTESIAN_POINT('',(21.345380490575,8.7459629886011,11.350548377496));
#1965=CARTESIAN_POINT('',(21.660943337198,8.7588307987599,10.736039107382));
#1966=CARTESIAN_POINT('',(21.866365092996,8.7683586234712,10.337674413475));
#1967=CARTESIAN_POINT('',(21.968624494724,8.7728914724801,10.138290787204));
#1968=CARTESIAN_POINT('',(17.211210880617,6.5001756376278,19.582780409497));
#1969=CARTESIAN_POINT('',(17.32106834992,6.6002721189967,19.413824557727));
#1970=CARTESIAN_POINT('',(17.540634882586,6.8024244798066,19.077075557182));
#1971=CARTESIAN_POINT('',(17.876015017732,7.1071486432322,18.558620238491));
#1972=CARTESIAN_POINT('',(18.210769942426,7.3726421664227,18.033045501016));
#1973=CARTESIAN_POINT('',(18.552039124833,7.6340552756136,17.494673574205));
#1974=CARTESIAN_POINT('',(18.893037537677,7.8522480891399,16.941989326899));
#1975=CARTESIAN_POINT('',(19.233351480807,8.0438644353898,16.379360173908));
#1976=CARTESIAN_POINT('',(19.567381698281,8.2101237305483,15.804715749652));
#1977=CARTESIAN_POINT('',(19.894029139191,8.3428251144187,15.217942745477));
#1978=CARTESIAN_POINT('',(20.217518592866,8.4476252850804,14.624724229764));
#1979=CARTESIAN_POINT('',(20.539115498412,8.5285479869033,14.026040427042));
#1980=CARTESIAN_POINT('',(20.858708268191,8.5894401239781,13.422920780561));
#1981=CARTESIAN_POINT('',(21.176997807135,8.6336355471416,12.815778939848));
#1982=CARTESIAN_POINT('',(21.493495991138,8.6629260207545,12.205563829428));
#1983=CARTESIAN_POINT('',(21.809397769905,8.6794756026622,11.591905906011));
#1984=CARTESIAN_POINT('',(22.12364107793,8.6778388573226,10.974320721138));
#1985=CARTESIAN_POINT('',(22.32433040614,8.6885581979165,10.576944254563));
#1986=CARTESIAN_POINT('',(22.42578630834,8.6915937006031,10.376833531618));
#1987=CARTESIAN_POINT('',(17.430019330705,6.4626933979677,19.670578905336));
#1988=CARTESIAN_POINT('',(17.539872422406,6.5628934254724,19.501902249145));
#1989=CARTESIAN_POINT('',(17.759753032192,6.7630653318329,19.164189173032));
#1990=CARTESIAN_POINT('',(18.092508238976,7.0535889660047,18.651674496258));
#1991=CARTESIAN_POINT('',(18.429740020792,7.3284180368227,18.128382485886));
#1992=CARTESIAN_POINT('',(18.770162002296,7.577277458991,17.593142059766));
#1993=CARTESIAN_POINT('',(19.11248757233,7.7992139223827,17.045567780788));
#1994=CARTESIAN_POINT('',(19.452961575676,7.992477130239,16.485952588367));
#1995=CARTESIAN_POINT('',(19.788308383266,8.1584553657244,15.913995769014));
#1996=CARTESIAN_POINT('',(20.117473196447,8.2949862365982,15.330741442641));
#1997=CARTESIAN_POINT('',(20.442337154048,8.40344015692,14.739127472695));
#1998=CARTESIAN_POINT('',(20.764800406082,8.4877826009422,14.141608812536));
#1999=CARTESIAN_POINT('',(21.085588497189,8.5516717421428,13.539363535955));
#2000=CARTESIAN_POINT('',(21.405026699966,8.5960906764813,12.932506141512));
#2001=CARTESIAN_POINT('',(21.722742820355,8.6263512786519,12.322624832409));
#2002=CARTESIAN_POINT('',(22.039598215042,8.6404196268803,11.707958374465));
#2003=CARTESIAN_POINT('',(22.349207123247,8.6467951992686,11.096497337474));
#2004=CARTESIAN_POINT('',(22.552027085405,8.6509130596976,10.695463215527));
#2005=CARTESIAN_POINT('',(22.653219986261,8.654501477002,10.495737141803));
#2006=CARTESIAN_POINT('',(19.8703319584822,9.76357777643017,10.184646));
#2007=CARTESIAN_POINT('',(19.8703319584822,9.76357777643017,10.184646));
#2008=CARTESIAN_POINT('',(19.8703319584822,9.76357777643017,10.184646));
#2009=CARTESIAN_POINT('',(19.8703319584822,9.76357777643017,10.184646));
#2010=CARTESIAN_POINT('',(19.048175243457,9.84957331734556,10.184646));
#2011=CARTESIAN_POINT('',(19.8703319584822,9.76357777643017,10.084646));
#2012=CARTESIAN_POINT('',(19.8816064725251,9.87140454202804,10.084646));
#2013=CARTESIAN_POINT('',(19.8806975519617,9.86271184235419,10.192707727184));
#2014=CARTESIAN_POINT('',(19.5962786542846,9.79223316511732,10.084646));
#2015=CARTESIAN_POINT('',(19.607298013321,9.90020360089204,10.0846460000048));
#2016=CARTESIAN_POINT('',(19.6065835837806,9.89136490902576,10.1928142751779));
#2017=CARTESIAN_POINT('',(19.322212474907,9.82077205876633,10.084646));
#2018=CARTESIAN_POINT('',(19.3334005542632,9.92849982467141,10.084645999999));
#2019=CARTESIAN_POINT('',(19.332594121445,9.91991244426556,10.1926091556469));
#2020=CARTESIAN_POINT('',(19.048175243457,9.84957331734556,10.084646));
#2021=CARTESIAN_POINT('',(19.0595037735465,9.9573616340768,10.084646));
#2022=CARTESIAN_POINT('',(19.0585938840641,9.94870424826023,10.192677840629));
#2023=CARTESIAN_POINT('',(21.5819178093803,9.48881316222181,11.3831113150919));
#2024=CARTESIAN_POINT('',(21.6392754530154,9.48881316222181,11.301196110663));
#2025=CARTESIAN_POINT('',(21.6497310967488,9.58758253676363,11.308517231222));
#2026=CARTESIAN_POINT('',(21.5926515771154,9.58798762158925,11.390126501432));
#2027=CARTESIAN_POINT('',(21.4966013523215,9.5113215568548,11.2012946298499));
#2028=CARTESIAN_POINT('',(21.5068931955885,9.61034714310384,11.208501056085));
#2029=CARTESIAN_POINT('',(21.449822343714,9.61050070607962,11.2903961262137));
#2030=CARTESIAN_POINT('',(21.3539271679527,9.5338276057638,11.101393090447));
#2031=CARTESIAN_POINT('',(21.3643069735342,9.63314672394742,11.1086611085593));
#2032=CARTESIAN_POINT('',(21.3070577544954,9.63299363448298,11.1908031622209));
#2033=CARTESIAN_POINT('',(21.0686334584475,9.57934872837074,10.9016282844476));
#2034=CARTESIAN_POINT('',(21.0791848104406,9.67918501582215,10.9090164206525));
#2035=CARTESIAN_POINT('',(21.0215696310677,9.67849442721324,10.991558787796));
#2036=CARTESIAN_POINT('',(20.92600853757,9.60231293517914,10.8017612397125));
#2037=CARTESIAN_POINT('',(20.9367681188769,9.70235321360766,10.8092951796503));
#2038=CARTESIAN_POINT('',(20.8788696239528,9.7014470094384,10.8919240199309));
#2039=CARTESIAN_POINT('',(20.4981601249116,9.67145011739638,10.5021785559581));
#2040=CARTESIAN_POINT('',(20.508794037131,9.7718049515342,10.5096245014576));
#2041=CARTESIAN_POINT('',(20.4509059796282,9.77057317290931,10.5926130371543));
#2042=CARTESIAN_POINT('',(20.2129245912948,9.71751139203987,10.3024544851543));
#2043=CARTESIAN_POINT('',(20.2239160950537,9.81744893512145,10.3101508189386));
#2044=CARTESIAN_POINT('',(20.1657966968062,9.81665028757869,10.3925467113258));
#2045=CARTESIAN_POINT('',(19.9276896021173,9.76357777643017,10.1027307955711));
#2046=CARTESIAN_POINT('',(19.9385039857787,9.86336878666718,10.1103031085319));
#2047=CARTESIAN_POINT('',(19.8806975519617,9.86271184235419,10.192707727184));
#2048=CARTESIAN_POINT('',(19.8703319584822,9.10798073189353,10.184646));
#2049=CARTESIAN_POINT('',(19.8703319584822,8.6625548589436,10.184646));
#2050=CARTESIAN_POINT('',(19.0481752434571,9.84957331734556,10.184646));
#2051=CARTESIAN_POINT('',(19.0481752434571,9.84957331734556,10.184646));
#2052=CARTESIAN_POINT('',(19.0481752434571,9.84957331734556,10.184646));
#2053=CARTESIAN_POINT('',(21.5819178093803,9.48881316222181,11.3831113150919));
#2054=CARTESIAN_POINT('',(21.5819178093803,9.48881316222181,11.3831113150919));
#2055=CARTESIAN_POINT('',(21.5819178093803,9.48881316222181,11.3831113150919));
#2056=CARTESIAN_POINT('',(19.8703319584822,9.10798073189353,10.184646));
#2057=CARTESIAN_POINT('',(19.8703319584822,9.10798073189353,10.184646));
#2058=CARTESIAN_POINT('',(19.8703319584822,9.10798073189353,10.184646));
#2059=CARTESIAN_POINT('',(19.0481752434571,9.20003429989971,10.184646));
#2060=CARTESIAN_POINT('',(19.859242683887,9.0089336525348,10.1764787446803));
#2061=CARTESIAN_POINT('',(19.8600799884545,9.01641228165786,10.084646));
#2062=CARTESIAN_POINT('',(19.8703319584822,9.10798073189353,10.084646));
#2063=CARTESIAN_POINT('',(19.585231509435,9.03961585436207,10.1764300963141));
#2064=CARTESIAN_POINT('',(19.5861765901929,9.0471237957371,10.0846460000043));
#2065=CARTESIAN_POINT('',(19.5962792884154,9.13866356805628,10.084646));
#2066=CARTESIAN_POINT('',(19.3111269883562,9.07013960575075,10.1767295946224));
#2067=CARTESIAN_POINT('',(19.3122084707567,9.07737693324009,10.0846460000029));
#2068=CARTESIAN_POINT('',(19.3222091102485,9.16920808974011,10.084646));
#2069=CARTESIAN_POINT('',(19.037033651032,9.10098957079072,10.176521558237));
#2070=CARTESIAN_POINT('',(19.03787082732,9.10843176536262,10.084646));
#2071=CARTESIAN_POINT('',(19.0481752434571,9.20003429989971,10.084646));
#2072=CARTESIAN_POINT('',(19.0481752434571,9.20003429989971,10.184646));
#2073=CARTESIAN_POINT('',(19.0481752434571,10.162554858944,10.184646));
#2074=CARTESIAN_POINT('',(13.9128234453831,9.10842879505818,16.5225099404012));
#2075=CARTESIAN_POINT('',(18.9599892386935,9.84957331734556,10.1374948752644));
#2076=CARTESIAN_POINT('',(18.9588132642909,9.96348403399642,10.1396942816379));
#2077=CARTESIAN_POINT('',(19.0585938840642,9.94870424826023,10.192677840629));
#2078=CARTESIAN_POINT('',(18.8792205551842,9.84580534752713,10.2885552698708));
#2079=CARTESIAN_POINT('',(18.8779488816652,9.95978912105842,10.2908914976242));
#2080=CARTESIAN_POINT('',(18.9774028459638,9.94492571697041,10.3446317484698));
#2081=CARTESIAN_POINT('',(18.7965017722333,9.84177185787263,10.4389133413845));
#2082=CARTESIAN_POINT('',(18.7953598563239,9.95559713995242,10.4409640785185));
#2083=CARTESIAN_POINT('',(18.8941586217694,9.94091418725252,10.4956039652297));
#2084=CARTESIAN_POINT('',(18.6698529291925,9.83719083561831,10.6627359671581));
#2085=CARTESIAN_POINT('',(18.6689774290732,9.95082198891503,10.6642668962404));
#2086=CARTESIAN_POINT('',(18.7669594419869,9.93636625002951,10.7199974969872));
#2087=CARTESIAN_POINT('',(18.6272032388242,9.83593645375831,10.7370684760543));
#2088=CARTESIAN_POINT('',(18.6264966184282,9.94950551143807,10.7382921338819));
#2089=CARTESIAN_POINT('',(18.7241908779746,9.93512396527377,10.7944087853429));
#2090=CARTESIAN_POINT('',(18.5410349407337,9.83421662327439,10.8851901342502));
#2091=CARTESIAN_POINT('',(18.5406110094699,9.94774349929467,10.8859098752649));
#2092=CARTESIAN_POINT('',(18.6377819258988,9.93341447055806,10.9428457824102));
#2093=CARTESIAN_POINT('',(18.4975172044693,9.83368604753628,10.9589776947243));
#2094=CARTESIAN_POINT('',(18.497159272944,9.94723096636539,10.9595814255769));
#2095=CARTESIAN_POINT('',(18.5941205498413,9.93288261065504,11.0169033018295));
#2096=CARTESIAN_POINT('',(18.4096238898374,9.83270347294807,11.1059931554761));
#2097=CARTESIAN_POINT('',(18.4092957879607,9.94634236351644,11.1065369215828));
#2098=CARTESIAN_POINT('',(18.5058625036888,9.93189001432347,11.1646780197092));
#2099=CARTESIAN_POINT('',(18.3652483120349,9.83225136441474,11.1792210524873));
#2100=CARTESIAN_POINT('',(18.3648561401048,9.94596548086239,11.1798667573716));
#2101=CARTESIAN_POINT('',(18.4612655359996,9.93142920870266,11.2383951700126));
#2102=CARTESIAN_POINT('',(18.2756492386506,9.83082403733508,11.3251037354979));
#2103=CARTESIAN_POINT('',(18.2750073724139,9.94473823093712,11.3261416151134));
#2104=CARTESIAN_POINT('',(18.3711295612059,9.92997566677376,11.3854761757119));
#2105=CARTESIAN_POINT('',(18.230426575602,9.82979294956784,11.3977572142072));
#2106=CARTESIAN_POINT('',(18.2295598998891,9.94383600805041,11.3991453109504));
#2107=CARTESIAN_POINT('',(18.3255794896086,9.92892535415939,11.458866033813));
#2108=CARTESIAN_POINT('',(18.0934943326154,9.82553143370339,11.6148502580195));
#2109=CARTESIAN_POINT('',(18.0920241316919,9.93996087609291,11.6171529355782));
#2110=CARTESIAN_POINT('',(18.1877799213836,9.92460441180516,11.6779494037554));
#2111=CARTESIAN_POINT('',(18.0005180039292,9.82132442252891,11.758427152478));
#2112=CARTESIAN_POINT('',(17.9987731546217,9.93605069945371,11.7610990357301));
#2113=CARTESIAN_POINT('',(18.094316291053,9.92035094869776,11.8227315331406));
#2114=CARTESIAN_POINT('',(17.8111719797889,9.81161946956915,12.0433139689325));
#2115=CARTESIAN_POINT('',(17.8090461139883,9.92691406850864,12.0464657626986));
#2116=CARTESIAN_POINT('',(17.9040636629462,9.91056138330632,12.109803227545));
#2117=CARTESIAN_POINT('',(17.71480156458,9.80615448083437,12.1846245120971));
#2118=CARTESIAN_POINT('',(17.7124413985183,9.92170596597675,12.1880589305237));
#2119=CARTESIAN_POINT('',(17.8071802563066,9.90505393525471,12.2522299981929));
#2120=CARTESIAN_POINT('',(17.5186778699816,9.79312532639738,12.4649587033785));
#2121=CARTESIAN_POINT('',(17.5157138160058,9.90923690355226,12.4691344092541));
#2122=CARTESIAN_POINT('',(17.6099203362103,9.89192016338293,12.5349615627171));
#2123=CARTESIAN_POINT('',(17.418925531053,9.78550740034104,12.6039811848921));
#2124=CARTESIAN_POINT('',(17.4155411449891,9.90193754313289,12.6086601949493));
#2125=CARTESIAN_POINT('',(17.5095818791257,9.88423756434497,12.6752470359556));
#2126=CARTESIAN_POINT('',(17.2160326198453,9.76809877246765,12.8797332927045));
#2127=CARTESIAN_POINT('',(17.2119833706135,9.88532273275178,12.8851570184648));
#2128=CARTESIAN_POINT('',(17.3056287368381,9.86667767983094,12.9534923544384));
#2129=CARTESIAN_POINT('',(17.1128253058595,9.75836897221173,13.0165486392897));
#2130=CARTESIAN_POINT('',(17.1084313212554,9.87603323443244,13.0223278138101));
#2131=CARTESIAN_POINT('',(17.2019096220154,9.85686248725481,13.0915613738492));
#2132=CARTESIAN_POINT('',(16.9033321195267,9.73663568114393,13.2874637103743));
#2133=CARTESIAN_POINT('',(16.8981571216279,9.85508647166788,13.2940586650038));
#2134=CARTESIAN_POINT('',(16.9912179754182,9.83495440503861,13.3650139910284));
#2135=CARTESIAN_POINT('',(16.7971227324054,9.72458168076637,13.421469344773));
#2136=CARTESIAN_POINT('',(16.7914918719249,9.84338862544053,13.42851862192));
#2137=CARTESIAN_POINT('',(16.8843473331691,9.82280895682436,13.5002981817315));
#2138=CARTESIAN_POINT('',(16.4741463349519,9.68481009280737,13.8191593130538));
#2139=CARTESIAN_POINT('',(16.4665027927377,9.80478394839233,13.828337756639));
#2140=CARTESIAN_POINT('',(16.5594933984103,9.78273177763691,13.9017935174576));
#2141=CARTESIAN_POINT('',(16.2530044388144,9.65389904310874,14.0785507985909));
#2142=CARTESIAN_POINT('',(16.2440554117901,9.77491576137768,14.0888695358307));
#2143=CARTESIAN_POINT('',(16.3371627440201,9.75154534151165,14.1638965006115));
#2144=CARTESIAN_POINT('',(15.9128290088224,9.5984721056183,14.4589354274126));
#2145=CARTESIAN_POINT('',(15.9030951223342,9.72118893365199,14.4696625453571));
#2146=CARTESIAN_POINT('',(15.9948310517135,9.69564858234956,14.5484030939487));
#2147=CARTESIAN_POINT('',(15.7980260814551,9.57849525373737,14.5842804906878));
#2148=CARTESIAN_POINT('',(15.787670668074,9.70170368761673,14.5954998045226));
#2149=CARTESIAN_POINT('',(15.8792906615507,9.67551106407873,14.6750919582682));
#2150=CARTESIAN_POINT('',(15.5655930063443,9.53577779839476,14.8320996070203));
#2151=CARTESIAN_POINT('',(15.5540272973663,9.6600720536938,14.8442513923418));
#2152=CARTESIAN_POINT('',(15.645402590423,9.63244786383517,14.9255936404406));
#2153=CARTESIAN_POINT('',(15.4479639160167,9.51301835594772,14.9545719856589));
#2154=CARTESIAN_POINT('',(15.4356380592266,9.63786609378691,14.9673073252784));
#2155=CARTESIAN_POINT('',(15.5270089935637,9.60949310270273,15.0494616208892));
#2156=CARTESIAN_POINT('',(15.2099368662189,9.46402881534299,15.1965993408022));
#2157=CARTESIAN_POINT('',(15.1960756496978,9.59014884882192,15.2104896667635));
#2158=CARTESIAN_POINT('',(15.2873989296703,9.56004783308718,15.2944129463592));
#2159=CARTESIAN_POINT('',(15.0894360552735,9.43772479418991,15.3162510949775));
#2160=CARTESIAN_POINT('',(15.0746476958935,9.56452266169371,15.3308225687974));
#2161=CARTESIAN_POINT('',(15.1660945975506,9.53348312407716,15.4155867138802));
#2162=CARTESIAN_POINT('',(14.8465209346023,9.38168695583662,15.5518308399134));
#2163=CARTESIAN_POINT('',(14.8300279066485,9.5099766471545,15.5675941248779));
#2164=CARTESIAN_POINT('',(14.9216007704373,9.47689319919413,15.6541731942335));
#2165=CARTESIAN_POINT('',(14.7240420692971,9.35197377781894,15.6678293239373));
#2166=CARTESIAN_POINT('',(14.7066059710065,9.48100227434824,15.6842169141187));
#2167=CARTESIAN_POINT('',(14.7983323335457,9.44689066849918,15.7716586319578));
#2168=CARTESIAN_POINT('',(14.477106442579,9.28903118678835,15.8962787342487));
#2169=CARTESIAN_POINT('',(14.4577555151956,9.41974114485224,15.9139216356876));
#2170=CARTESIAN_POINT('',(14.5497859768692,9.38329179245891,16.0031931281473));
#2171=CARTESIAN_POINT('',(14.3526531435138,9.25577791637893,16.0087258749488));
#2172=CARTESIAN_POINT('',(14.332125880682,9.38736553566859,16.0271317761811));
#2173=CARTESIAN_POINT('',(14.4245256142013,9.34966968508531,16.1172404142319));
#2174=CARTESIAN_POINT('',(14.1019195461975,9.18507779852015,16.2300283173048));
#2175=CARTESIAN_POINT('',(14.0790176323715,9.31866404203894,16.2499503671093));
#2176=CARTESIAN_POINT('',(14.1720967563658,9.27812038838485,16.3418987017107));
#2177=CARTESIAN_POINT('',(13.975667421805,9.14746469348727,16.3388613008202));
#2178=CARTESIAN_POINT('',(13.9515984874561,9.28202362271976,16.3594475523579));
#2179=CARTESIAN_POINT('',(14.0449650532778,9.24006732107028,16.4523695045459));
#2180=CARTESIAN_POINT('',(13.8484122390387,9.10842879505817,16.44601682635));
#2181=CARTESIAN_POINT('',(13.8241531175376,9.24421542637268,16.4664442765869));
#2182=CARTESIAN_POINT('',(13.9170044212038,9.20066325843335,16.5609198767078));
#2183=CARTESIAN_POINT('',(16.2766039663173,8.21920845805923,18.1776468798326));
#2184=CARTESIAN_POINT('',(21.5926515771153,9.58798762158926,11.3901265014318));
#2185=CARTESIAN_POINT('',(21.6698450510553,9.57675899826838,11.4307549058008));
#2186=CARTESIAN_POINT('',(21.6703375325754,9.48881316222183,11.4298226900455));
#2187=CARTESIAN_POINT('',(21.5064724875277,9.58581116759628,11.5527558207464));
#2188=CARTESIAN_POINT('',(21.5834676715918,9.57475186415351,11.5942412297417));
#2189=CARTESIAN_POINT('',(21.5840242559366,9.48660700357722,11.5932046507786));
#2190=CARTESIAN_POINT('',(21.4186255832423,9.58382490255951,11.7147963202537));
#2191=CARTESIAN_POINT('',(21.495394917765,9.57269447850376,11.7564903139946));
#2192=CARTESIAN_POINT('',(21.4958515240245,9.48463424423904,11.7556478638362));
#2193=CARTESIAN_POINT('',(21.23912320317,9.57741016371189,12.0375662374468));
#2194=CARTESIAN_POINT('',(21.3149527539455,9.56597031975274,12.0801155112848));
#2195=CARTESIAN_POINT('',(21.3158081455473,9.47828750685815,12.0786044952363));
#2196=CARTESIAN_POINT('',(21.1475184333084,9.57271627569291,12.1981223425011));
#2197=CARTESIAN_POINT('',(21.2228361262619,9.56107584815982,12.2410337514413));
#2198=CARTESIAN_POINT('',(21.2239402447742,9.47364358364597,12.239113525658));
#2199=CARTESIAN_POINT('',(20.960676429715,9.56106857208839,12.5169640081216));
#2200=CARTESIAN_POINT('',(21.0350111934851,9.54909850608722,12.5606863819925));
#2201=CARTESIAN_POINT('',(21.0364960112416,9.46208100979706,12.5581993886832));
#2202=CARTESIAN_POINT('',(20.8654867093652,9.554268454703,12.6751636426897));
#2203=CARTESIAN_POINT('',(20.9393488049188,9.54217510441177,12.7193593436492));
#2204=CARTESIAN_POINT('',(20.9410110133165,9.45531565646495,12.7166175530236));
#2205=CARTESIAN_POINT('',(20.6716911823628,9.53845370119021,12.9891671977201));
#2206=CARTESIAN_POINT('',(20.744656073622,9.52611553856015,13.0341904535098));
#2207=CARTESIAN_POINT('',(20.7467483948889,9.43958480291519,13.030858799694));
#2208=CARTESIAN_POINT('',(20.57308622724,9.52932612758447,13.1450037549243));
#2209=CARTESIAN_POINT('',(20.6456063359438,9.5168562673277,13.1903935601219));
#2210=CARTESIAN_POINT('',(20.6479434917994,9.43050924179277,13.1867287670137));
#2211=CARTESIAN_POINT('',(20.2723466987971,9.49765742672479,13.6087162422506));
#2212=CARTESIAN_POINT('',(20.3437110656747,9.48478829128212,13.6548175138227));
#2213=CARTESIAN_POINT('',(20.3465616284697,9.39901302188253,13.6505657090756));
#2214=CARTESIAN_POINT('',(20.0651064391112,9.47127195172153,13.9128212767788));
#2215=CARTESIAN_POINT('',(20.1358602404255,9.4582487065786,13.95937197053));
#2216=CARTESIAN_POINT('',(20.1390026049204,9.3727434997268,13.9547874483564));
#2217=CARTESIAN_POINT('',(19.7447371350457,9.42230955252474,14.361868632972));
#2218=CARTESIAN_POINT('',(19.8133162384657,9.4085327246063,14.4097994927559));
#2219=CARTESIAN_POINT('',(19.817834860321,9.32408663058608,14.4035815567035));
#2220=CARTESIAN_POINT('',(19.6363355356718,9.40445804771937,14.5103626607291));
#2221=CARTESIAN_POINT('',(19.7043591276793,9.39042575565394,14.558407873212));
#2222=CARTESIAN_POINT('',(19.7091388289744,9.30635669991876,14.5519246734151));
#2223=CARTESIAN_POINT('',(19.4162962794151,9.36514559127536,14.8049619588479));
#2224=CARTESIAN_POINT('',(19.483017204481,9.35050725310081,14.8532661797748));
#2225=CARTESIAN_POINT('',(19.4884961556109,9.26733574092915,14.8460727076688));
#2226=CARTESIAN_POINT('',(19.3046129871772,9.34366495614684,14.951151022617));
#2227=CARTESIAN_POINT('',(19.3706814873549,9.32869561768023,14.999471463146));
#2228=CARTESIAN_POINT('',(19.3764736621539,9.24602540158492,14.9919740031109));
#2229=CARTESIAN_POINT('',(19.0783154602479,9.29694664383781,15.2406092580479));
#2230=CARTESIAN_POINT('',(19.1429881268713,9.28128562304159,15.2889964212642));
#2231=CARTESIAN_POINT('',(19.1495247413061,9.19968113188205,15.2808029429439));
#2232=CARTESIAN_POINT('',(18.9639173008168,9.27176614896871,15.3835688778878));
#2233=CARTESIAN_POINT('',(19.0279145795459,9.25578375221147,15.4319865777886));
#2234=CARTESIAN_POINT('',(19.0348526060246,9.17470320916514,15.4234109520776));
#2235=CARTESIAN_POINT('',(18.7328008702602,9.21713849306136,15.6659064495435));
#2236=CARTESIAN_POINT('',(18.7954769741515,9.20051565696252,15.7143018768651));
#2237=CARTESIAN_POINT('',(18.8032788808706,9.12052458578032,15.7049562011699));
#2238=CARTESIAN_POINT('',(18.616139435486,9.18766532277193,15.8052726630697));
#2239=CARTESIAN_POINT('',(18.6782061948263,9.17073305403047,15.8535463729617));
#2240=CARTESIAN_POINT('',(18.6863817349817,9.09129981410156,15.8438891380952));
#2241=CARTESIAN_POINT('',(18.3807935451784,9.12451973291764,16.0804863041065));
#2242=CARTESIAN_POINT('',(18.4414038647005,9.10683009306215,16.1284796924277));
#2243=CARTESIAN_POINT('',(18.4504101994188,9.02871220667125,16.1181651362603));
#2244=CARTESIAN_POINT('',(18.2620129410955,9.09084749492242,16.2164106836967));
#2245=CARTESIAN_POINT('',(18.3219323859854,9.07278317569713,16.2641307658773));
#2246=CARTESIAN_POINT('',(18.3313324522397,8.99536477653383,16.2535104539935));
#2247=CARTESIAN_POINT('',(18.022431458834,9.01830002250174,16.484733503205));
#2248=CARTESIAN_POINT('',(18.0808426316493,8.99941654416971,16.531866377255));
#2249=CARTESIAN_POINT('',(18.0912267291275,8.92357046489797,16.5204873442389));
#2250=CARTESIAN_POINT('',(17.9017005358547,8.97935412860387,16.6170950890249));
#2251=CARTESIAN_POINT('',(17.9593752789021,8.96006882751185,16.6638208419586));
#2252=CARTESIAN_POINT('',(17.9702122352477,8.88505003941544,16.6521056771642));
#2253=CARTESIAN_POINT('',(17.6583973989316,8.89644824158511,16.8781235847424));
#2254=CARTESIAN_POINT('',(17.7145232600827,8.87633113404223,16.9240493845461));
#2255=CARTESIAN_POINT('',(17.7262807104976,8.80302651433448,16.9117165801535));
#2256=CARTESIAN_POINT('',(17.5357540622652,8.85255684267292,17.0068261212636));
#2257=CARTESIAN_POINT('',(17.5911414421557,8.83207193523035,17.0523577247508));
#2258=CARTESIAN_POINT('',(17.6033505319986,8.75959423160176,17.0397217384475));
#2259=CARTESIAN_POINT('',(17.2885867600238,8.75905180033023,17.2607341547042));
#2260=CARTESIAN_POINT('',(17.3425354737044,8.73783357358255,17.3053377669299));
#2261=CARTESIAN_POINT('',(17.3557592684037,8.66713213574796,17.2920526952256));
#2262=CARTESIAN_POINT('',(17.1641655459183,8.70931491338382,17.3858987072063));
#2263=CARTESIAN_POINT('',(17.2174588422342,8.68777341993589,17.4298988276739));
#2264=CARTESIAN_POINT('',(17.2311211927293,8.61797858411499,17.4163565336386));
#2265=CARTESIAN_POINT('',(16.9139215150916,8.60433058490518,17.6325716052491));
#2266=CARTESIAN_POINT('',(16.9656452195488,8.58200829011474,17.6753358848747));
#2267=CARTESIAN_POINT('',(16.9801547293508,8.51420950339912,17.6613726709839));
#2268=CARTESIAN_POINT('',(16.7878616957893,8.54937521671352,17.7541117277254));
#2269=CARTESIAN_POINT('',(16.8387794633718,8.52670086156466,17.7963733201426));
#2270=CARTESIAN_POINT('',(16.8537748031912,8.45986623877604,17.782132406983));
#2271=CARTESIAN_POINT('',(16.59729015979,8.46173189579274,17.9337693758694));
#2272=CARTESIAN_POINT('',(16.6470021326281,8.43854481288242,17.9754626133614));
#2273=CARTESIAN_POINT('',(16.6631653961737,8.37327130173129,17.9604477215033));
#2274=CARTESIAN_POINT('',(16.5335461689115,8.43152943981688,17.9932311078902));
#2275=CARTESIAN_POINT('',(16.5829763349859,8.40823306861054,18.0346173415425));
#2276=CARTESIAN_POINT('',(16.5994743966895,8.34346188087322,18.0193986190887));
#2277=CARTESIAN_POINT('',(16.4059381435306,8.36963886721248,18.1109472525925));
#2278=CARTESIAN_POINT('',(16.4547791334393,8.34611918462399,18.1518074110157));
#2279=CARTESIAN_POINT('',(16.4717414767191,8.28222444751145,18.1363814433957));
#2280=CARTESIAN_POINT('',(16.3420448589157,8.33799560299849,18.169254046125));
#2281=CARTESIAN_POINT('',(16.3905733267813,8.31436083724689,18.2098794792748));
#2282=CARTESIAN_POINT('',(16.4076877001488,8.25086062723142,18.1944246234958));
#2283=CARTESIAN_POINT('',(16.2780053065472,8.30611454731808,18.2270975410546));
#2284=CARTESIAN_POINT('',(16.3260827917518,8.28229652489736,18.2675936278373));
#2285=CARTESIAN_POINT('',(16.3433614940817,8.2192084580592,18.2521011106513));
#2286=CARTESIAN_POINT('',(21.5819178093803,8.81832106812108,11.3831113150919));
#2287=CARTESIAN_POINT('',(21.5819178093803,10.162554858944,11.3831113150919));
#2288=CARTESIAN_POINT('',(21.5819178093803,8.81832106812108,11.3831113150919));
#2289=CARTESIAN_POINT('',(21.5705011448209,8.71924216009714,11.3758291618992));
#2290=CARTESIAN_POINT('',(21.6281282596591,8.71866100329372,11.2933907618451));
#2291=CARTESIAN_POINT('',(21.6392754530154,8.81832106812108,11.301196110663));
#2292=CARTESIAN_POINT('',(21.427952410012,8.74302102059876,11.2757828672659));
#2293=CARTESIAN_POINT('',(21.4856371193219,8.74260639928282,11.1936173912547));
#2294=CARTESIAN_POINT('',(21.4966030149877,8.84210345144217,11.2012957940612));
#2295=CARTESIAN_POINT('',(21.2853623030963,8.76684793870408,11.1755836518758));
#2296=CARTESIAN_POINT('',(21.3429347769797,8.76672012090073,11.0936961354241));
#2297=CARTESIAN_POINT('',(21.3539341288529,8.8659163827927,11.1013979645217));
#2298=CARTESIAN_POINT('',(21.000245550023,8.81497260169148,10.9753660909523));
#2299=CARTESIAN_POINT('',(21.0575996290451,8.81531148946086,10.8939023139252));
#2300=CARTESIAN_POINT('',(21.0686505903678,8.91402283512657,10.9016402803473));
#2301=CARTESIAN_POINT('',(20.8577010867315,8.83921283700251,10.8753123960844));
#2302=CARTESIAN_POINT('',(20.9148518374118,8.839765474254,10.7939492341606));
#2303=CARTESIAN_POINT('',(20.9260291100685,8.93825554855085,10.8017756447311));
#2304=CARTESIAN_POINT('',(20.5725437026134,8.88773053035797,10.6754487041536));
#2305=CARTESIAN_POINT('',(20.6296209337527,8.88843879367301,10.5942284052874));
#2306=CARTESIAN_POINT('',(20.6407917338309,8.98677027088046,10.6020502837103));
#2307=CARTESIAN_POINT('',(20.4299185027195,8.911985046448,10.5756299381476));
#2308=CARTESIAN_POINT('',(20.4868969702015,8.91267444991427,10.4942920101262));
#2309=CARTESIAN_POINT('',(20.4981730691746,9.0110278381393,10.5021876196287));
#2310=CARTESIAN_POINT('',(20.14458144589,8.96044192108708,10.3760437110644));
#2311=CARTESIAN_POINT('',(20.2016389064859,8.96096386700744,10.2945521635772));
#2312=CARTESIAN_POINT('',(20.2129293204737,9.05948658328193,10.3024577965611));
#2313=CARTESIAN_POINT('',(20.0018670842546,8.9847394509123,10.2762385582987));
#2314=CARTESIAN_POINT('',(20.0589788978766,8.98516007601642,10.1946605501464));
#2315=CARTESIAN_POINT('',(20.0703144689451,9.08377763794981,10.2025978024601));
#2316=CARTESIAN_POINT('',(19.859242683887,9.0089336525348,10.1764787446803));
#2317=CARTESIAN_POINT('',(19.9164482924433,9.00925911528246,10.094859545798));
#2318=CARTESIAN_POINT('',(19.9276896021173,9.10798073189353,10.1027307955711));
#2319=CARTESIAN_POINT('',(19.0481752434571,9.20003429989971,10.1846459999999));
#2320=CARTESIAN_POINT('',(19.0481752434571,9.20003429989971,10.184646));
#2321=CARTESIAN_POINT('',(16.2766039663173,8.21920845805923,18.1776468798326));
#2322=CARTESIAN_POINT('',(13.9128234453831,9.10842879505819,16.5225099404011));
#2323=CARTESIAN_POINT('',(13.855465801748,9.10842879505818,16.60442514483));
#2324=CARTESIAN_POINT('',(13.8716221323,9.17989211080845,16.6157379292723));
#2325=CARTESIAN_POINT('',(13.9170044212037,9.20066325843336,16.5609198767078));
#2326=CARTESIAN_POINT('',(14.054201700477,9.04147012065557,16.743581519233));
#2327=CARTESIAN_POINT('',(14.0698760278238,9.11243778693246,16.7545568013051));
#2328=CARTESIAN_POINT('',(14.1155748099581,9.13336088807594,16.7009195886781));
#2329=CARTESIAN_POINT('',(14.2525486797644,8.97287737190299,16.8824655693111));
#2330=CARTESIAN_POINT('',(14.2682735297678,9.04313236867879,16.893476227822));
#2331=CARTESIAN_POINT('',(14.3137341054808,9.06438772315939,16.8407038065964));
#2332=CARTESIAN_POINT('',(14.6484135990621,8.83220507668631,17.1596531699161));
#2333=CARTESIAN_POINT('',(14.6643553193119,8.90088913168925,17.1708156826058));
#2334=CARTESIAN_POINT('',(14.7091468258986,8.92289008810206,17.1197609276209));
#2335=CARTESIAN_POINT('',(14.8459318198963,8.7601184832682,17.297956917078));
#2336=CARTESIAN_POINT('',(14.8619607455392,8.82793599892782,17.309180491642));
#2337=CARTESIAN_POINT('',(14.9064012035535,8.85031420684926,17.2591265222086));
#2338=CARTESIAN_POINT('',(15.141504260151,8.64905168868095,17.5049189678314));
#2339=CARTESIAN_POINT('',(15.1582049345343,8.71543457406007,17.516612905928));
#2340=CARTESIAN_POINT('',(15.2015944178512,8.73853631784494,17.4675610022714));
#2341=CARTESIAN_POINT('',(15.2399086000249,8.61157994916958,17.5738224284036));
#2342=CARTESIAN_POINT('',(15.2566747079259,8.67757840612109,17.5855621835429));
#2343=CARTESIAN_POINT('',(15.2998713534682,8.70084598900831,17.5369073943541));
#2344=CARTESIAN_POINT('',(15.4365055539301,8.53584214680293,17.7114810975171));
#2345=CARTESIAN_POINT('',(15.4533641379163,8.60114635152267,17.7232856051073));
#2346=CARTESIAN_POINT('',(15.4962715587342,8.62468820616101,17.6754004364943));
#2347=CARTESIAN_POINT('',(15.5346989869437,8.49757915649293,17.780236879516));
#2348=CARTESIAN_POINT('',(15.5516135638985,8.56255796492809,17.792080593805));
#2349=CARTESIAN_POINT('',(15.5943915666772,8.58622019662166,17.7445556784669));
#2350=CARTESIAN_POINT('',(15.7307977047662,8.41997214182134,17.9175466799685));
#2351=CARTESIAN_POINT('',(15.7478836460986,8.48422240911495,17.9295103848872));
#2352=CARTESIAN_POINT('',(15.7904027334642,8.50813212691615,17.8827805531364));
#2353=CARTESIAN_POINT('',(15.8286783807147,8.3805357933921,17.9860834671128));
#2354=CARTESIAN_POINT('',(15.845875534448,8.4443726994946,17.9981250437929));
#2355=CARTESIAN_POINT('',(15.8883060130216,8.46839177038671,17.9518815133));
#2356=CARTESIAN_POINT('',(16.02409382833,8.30036538132167,18.1229148366156));
#2357=CARTESIAN_POINT('',(16.0414027313592,8.36332133238752,18.1350346609944));
#2358=CARTESIAN_POINT('',(16.083471333487,8.38764383663655,18.0897722759021));
#2359=CARTESIAN_POINT('',(16.1216391010861,8.25967170287285,18.1912167719162));
#2360=CARTESIAN_POINT('',(16.1389705276885,8.32218197756016,18.2033523674746));
#2361=CARTESIAN_POINT('',(16.1807749818358,8.34668618334377,18.1585510469836));
#2362=CARTESIAN_POINT('',(16.2192463226822,8.21920845805923,18.2595620842615));
#2363=CARTESIAN_POINT('',(16.2365504462353,8.28141583380678,18.2716785620154));
#2364=CARTESIAN_POINT('',(16.2780053065471,8.3061145473181,18.2270975410545));
#2365=CARTESIAN_POINT('',(16.2766039663173,8.21920845805923,18.1776468798326));
#2366=CARTESIAN_POINT('',(16.2766039663173,8.21920845805923,18.1776468798326));
#2367=CARTESIAN_POINT('',(21.5819178093803,8.81832106812108,11.3831113150919));
#2368=CARTESIAN_POINT('',(21.5819178093803,8.81832106812108,11.3831113150919));
#2369=CARTESIAN_POINT('',(13.9128234453832,8.42174345012836,16.5225099404011));
#2370=CARTESIAN_POINT('',(19.037033651032,9.10098957079073,10.1765215582369));
#2371=CARTESIAN_POINT('',(18.960782129366,9.11289006651307,10.1360119443478));
#2372=CARTESIAN_POINT('',(18.9599892386935,9.20003429989971,10.1374948752643));
#2373=CARTESIAN_POINT('',(18.9559001650759,9.09768368482395,10.3280872717367));
#2374=CARTESIAN_POINT('',(18.8800772769347,9.10965896201353,10.2869813920299));
#2375=CARTESIAN_POINT('',(18.8791282546008,9.19670965365938,10.2887278981959));
#2376=CARTESIAN_POINT('',(18.872874693636,9.09362848135563,10.4793232232872));
#2377=CARTESIAN_POINT('',(18.7971937149097,9.10550081033442,10.4376756662805));
#2378=CARTESIAN_POINT('',(18.7963302544089,9.19267500309685,10.4392256031272));
#2379=CARTESIAN_POINT('',(18.7454029138102,9.08919369909649,10.7049604543379));
#2380=CARTESIAN_POINT('',(18.6701561066069,9.10094495498689,10.6622076856051));
#2381=CARTESIAN_POINT('',(18.6695213648619,9.18827341421181,10.6633173362807));
#2382=CARTESIAN_POINT('',(18.7023892985409,9.08804356960368,10.7800293362294));
#2383=CARTESIAN_POINT('',(18.6273015409222,9.09975914165832,10.7369004359853));
#2384=CARTESIAN_POINT('',(18.6268157279159,9.18713466180136,10.7377415862305));
#2385=CARTESIAN_POINT('',(18.615553622839,9.08651305451001,10.9293486444286));
#2386=CARTESIAN_POINT('',(18.540818277519,9.09820987299758,10.8855616886766));
#2387=CARTESIAN_POINT('',(18.5405324114304,9.18561168047651,10.8860469137513));
#2388=CARTESIAN_POINT('',(18.5717254637548,9.08605529092286,11.0036239373118));
#2389=CARTESIAN_POINT('',(18.4971980983465,9.09776504175023,10.9595174048586));
#2390=CARTESIAN_POINT('',(18.4969556292041,9.18515209934033,10.9599263848955));
#2391=CARTESIAN_POINT('',(18.4832704571366,9.08518755531849,11.1514035077917));
#2392=CARTESIAN_POINT('',(18.4091711205472,9.09696089277035,11.1067444957198));
#2393=CARTESIAN_POINT('',(18.4089398667968,9.18427308176675,11.1071277918356));
#2394=CARTESIAN_POINT('',(18.4386437154153,9.08477778546118,11.2249078057871));
#2395=CARTESIAN_POINT('',(18.3647845116068,9.09660198099956,11.1799827786796));
#2396=CARTESIAN_POINT('',(18.3645008840446,9.18385386355409,11.1804497322997));
#2397=CARTESIAN_POINT('',(18.3486113627506,9.08344855919097,11.371140080834));
#2398=CARTESIAN_POINT('',(18.2752397868579,9.09540750727218,11.3257637940993));
#2399=CARTESIAN_POINT('',(18.27476888824,9.18249670714044,11.3265251436395));
#2400=CARTESIAN_POINT('',(18.3031977530487,9.08248169317837,11.4438826798421));
#2401=CARTESIAN_POINT('',(18.2300899721803,9.09452484646022,11.3982954384051));
#2402=CARTESIAN_POINT('',(18.2294765068077,9.18151100341741,11.3992776369124));
#2403=CARTESIAN_POINT('',(18.1655723501675,9.07864399666724,11.6613992548892));
#2404=CARTESIAN_POINT('',(18.0933362778148,9.09095240331247,11.6150918864466));
#2405=CARTESIAN_POINT('',(18.0923219866396,9.17761293815818,11.6166800611097));
#2406=CARTESIAN_POINT('',(18.0720488308552,9.07491774867541,11.8053216121873));
#2407=CARTESIAN_POINT('',(18.0003905745213,9.0874278585072,11.7586252388184));
#2408=CARTESIAN_POINT('',(17.9991816854406,9.17383893999349,11.7604767297165));
#2409=CARTESIAN_POINT('',(17.7863375042166,9.06128474306161,12.2338412722592));
#2410=CARTESIAN_POINT('',(17.716656121291,9.07435392175385,12.1855088926499));
#2411=CARTESIAN_POINT('',(17.7146390944086,9.16006890552777,12.1884768219609));
#2412=CARTESIAN_POINT('',(17.5891744923727,9.04866596336131,12.514785250996));
#2413=CARTESIAN_POINT('',(17.5207963146859,9.06212869872081,12.4655360026591));
#2414=CARTESIAN_POINT('',(17.5181212744658,9.14734097400686,12.4692860801033));
#2415=CARTESIAN_POINT('',(17.2829943777279,9.02264424158067,12.9291832177193));
#2416=CARTESIAN_POINT('',(17.216039276237,9.03678935821475,12.8797215566418));
#2417=CARTESIAN_POINT('',(17.2131016844952,9.12108100877236,12.8836545057357));
#2418=CARTESIAN_POINT('',(17.1792365576305,9.01284592185456,13.0661180034278));
#2419=CARTESIAN_POINT('',(17.1129430010431,9.02724933979585,13.0163935662253));
#2420=CARTESIAN_POINT('',(17.1097399819572,9.11119424271565,13.0206038911748));
#2421=CARTESIAN_POINT('',(16.9689181121908,8.99087200236218,13.3368876632878));
#2422=CARTESIAN_POINT('',(16.9039129628629,9.00578801538548,13.2867176258052));
#2423=CARTESIAN_POINT('',(16.9001843687395,9.08902525708423,13.291467052592));
#2424=CARTESIAN_POINT('',(16.8622825206462,8.978680391833,13.4708148666453));
#2425=CARTESIAN_POINT('',(16.7979499867497,8.99386616225,13.4204349212422));
#2426=CARTESIAN_POINT('',(16.7939230907616,9.0767260690373,13.4254735017343));
#2427=CARTESIAN_POINT('',(16.5379845899961,8.93819712112024,13.8682411011191));
#2428=CARTESIAN_POINT('',(16.4761973590168,8.95426715137452,13.8166697845574));
#2429=CARTESIAN_POINT('',(16.4707396921908,9.03588547908121,13.8232223388844));
#2430=CARTESIAN_POINT('',(16.3159830269574,8.90597140700947,14.1273588736784));
#2431=CARTESIAN_POINT('',(16.2557508759721,8.9226728034408,14.0754032733831));
#2432=CARTESIAN_POINT('',(16.2494211509185,9.00337631243344,14.0826937110334));
#2433=CARTESIAN_POINT('',(15.9743554627771,8.84825195409705,14.507208240328));
#2434=CARTESIAN_POINT('',(15.9154811551243,8.86576274913508,14.4560115054989));
#2435=CARTESIAN_POINT('',(15.9088437335836,8.94511251595337,14.4633219839252));
#2436=CARTESIAN_POINT('',(15.8590395492267,8.82745181086066,14.6323545659441));
#2437=CARTESIAN_POINT('',(15.8009189221456,8.84530189150177,14.5811514601732));
#2438=CARTESIAN_POINT('',(15.7938840333427,8.92411111397656,14.5887681550466));
#2439=CARTESIAN_POINT('',(15.6255582367302,8.78250808381656,14.8796864274299));
#2440=CARTESIAN_POINT('',(15.5688885951218,8.80103648853025,14.8286365376486));
#2441=CARTESIAN_POINT('',(15.5611221388906,8.87871577930634,14.8367923017103));
#2442=CARTESIAN_POINT('',(15.507300552936,8.75833941922979,15.0019640890951));
#2443=CARTESIAN_POINT('',(15.4514093798674,8.77723619433431,14.9510167998908));
#2444=CARTESIAN_POINT('',(15.4432266653683,8.85429607565195,14.9594645075588));
#2445=CARTESIAN_POINT('',(15.1489841461424,8.68048832603594,15.3636875344186));
#2446=CARTESIAN_POINT('',(15.0962695574687,8.70065875152759,15.3122910656172));
#2447=CARTESIAN_POINT('',(15.0859724516103,8.77561443413787,15.3224911225379));
#2448=CARTESIAN_POINT('',(14.9060715054464,8.62151131268327,15.5974393305326));
#2449=CARTESIAN_POINT('',(14.855094411751,8.64251916396724,15.5463673946422));
#2450=CARTESIAN_POINT('',(14.8437004623488,8.71600303565026,15.5572137791623));
#2451=CARTESIAN_POINT('',(14.5358764544658,8.52166088390928,15.9370528257954));
#2452=CARTESIAN_POINT('',(14.4859919117857,8.54345558102039,15.8881724110207));
#2453=CARTESIAN_POINT('',(14.474581390542,8.61497371580243,15.8985715241683));
#2454=CARTESIAN_POINT('',(14.4115039773826,8.48650644487015,16.0484001789618));
#2455=CARTESIAN_POINT('',(14.3624294692433,8.50870498746973,15.999956987416));
#2456=CARTESIAN_POINT('',(14.350586413481,8.57937911311337,16.010571650624));
#2457=CARTESIAN_POINT('',(14.1611132808675,8.41187812531616,16.267416700094));
#2458=CARTESIAN_POINT('',(14.1135177742571,8.43478594790407,16.2199345040101));
#2459=CARTESIAN_POINT('',(14.100825821238,8.50379624218361,16.2309717462724));
#2460=CARTESIAN_POINT('',(14.0350849684442,8.37231704891164,16.3751451570767));
#2461=CARTESIAN_POINT('',(13.9881860922699,8.3955533189228,16.328147714711));
#2462=CARTESIAN_POINT('',(13.975071638046,8.46374682787157,16.3393629819337));
#2463=CARTESIAN_POINT('',(13.9080463193367,8.33080544819712,16.4811885310412));
#2464=CARTESIAN_POINT('',(13.8614529785698,8.35422444152034,16.4350358409992));
#2465=CARTESIAN_POINT('',(13.8484122390386,8.42174345012835,16.44601682635));
#2466=CARTESIAN_POINT('',(13.9128234453831,9.10842879505819,16.5225099404011));
#2467=CARTESIAN_POINT('',(13.9128234453831,9.10842879505819,16.5225099404011));
#2468=CARTESIAN_POINT('',(16.2766039663173,7.42687540842589,18.1776468798326));
#2469=CARTESIAN_POINT('',(16.2766039663173,10.162554858944,18.1776468798326));
#2470=CARTESIAN_POINT('',(16.2766039663173,7.42687540842589,18.1776468798326));
#2471=CARTESIAN_POINT('',(21.6703375325757,8.81832106812107,11.4298226900457));
#2472=CARTESIAN_POINT('',(21.6709347522625,8.70378403994805,11.4286922159492));
#2473=CARTESIAN_POINT('',(21.570501144821,8.71924216009713,11.3758291618992));
#2474=CARTESIAN_POINT('',(21.583696288126,8.81625902666907,11.5938254593737));
#2475=CARTESIAN_POINT('',(21.5844514087726,8.70196616081009,11.5924167125019));
#2476=CARTESIAN_POINT('',(21.484485264562,8.71715283996213,11.5391080682494));
#2477=CARTESIAN_POINT('',(21.4952018640172,8.81398153032922,11.7568438411393));
#2478=CARTESIAN_POINT('',(21.4958600692256,8.69952146774049,11.7556315092406));
#2479=CARTESIAN_POINT('',(21.3963889524608,8.71489643133049,11.7011158001874));
#2480=CARTESIAN_POINT('',(21.3145214498662,8.80734210822097,12.0808815669283));
#2481=CARTESIAN_POINT('',(21.3156307556719,8.69235942803973,12.0789240761657));
#2482=CARTESIAN_POINT('',(21.216526747062,8.70833383727831,12.0227960803832));
#2483=CARTESIAN_POINT('',(21.2223370941264,8.80282723030136,12.2418981775734));
#2484=CARTESIAN_POINT('',(21.2237971781952,8.68756147984888,12.2393585689283));
#2485=CARTESIAN_POINT('',(21.1248425223909,8.70386794462564,12.1824675159716));
#2486=CARTESIAN_POINT('',(21.0342789245422,8.79099751119091,12.5619167760546));
#2487=CARTESIAN_POINT('',(21.0363386361234,8.67528161692636,12.5584668802713));
#2488=CARTESIAN_POINT('',(20.937810696176,8.69212718960354,12.5000228843519));
#2489=CARTESIAN_POINT('',(20.9383511573656,8.78382431258746,12.7210036885022));
#2490=CARTESIAN_POINT('',(20.9406443673495,8.66787852200194,12.7172212264051));
#2491=CARTESIAN_POINT('',(20.8423786927405,8.68499915755398,12.6579476448313));
#2492=CARTESIAN_POINT('',(20.7431849490743,8.76718483957668,13.0365368352946));
#2493=CARTESIAN_POINT('',(20.7461038325065,8.65067528864887,13.0318929206384));
#2494=CARTESIAN_POINT('',(20.6482066905729,8.66847717671258,12.971025115398));
#2495=CARTESIAN_POINT('',(20.6439240018691,8.75763922661638,13.1930257878363));
#2496=CARTESIAN_POINT('',(20.6471761005345,8.64080309357008,13.1879272710139));
#2497=CARTESIAN_POINT('',(20.5494636657219,8.65900261444065,13.126221903509));
#2498=CARTESIAN_POINT('',(20.4420955929489,8.73547016516177,13.5034197702415));
#2499=CARTESIAN_POINT('',(20.4461637454718,8.61799176889239,13.4972607438359));
#2500=CARTESIAN_POINT('',(20.3487480861612,8.63699497513017,13.4339691313952));
#2501=CARTESIAN_POINT('',(20.3395276651354,8.72286017563491,13.6573258235248));
#2502=CARTESIAN_POINT('',(20.3439904079135,8.60504233514227,13.6506690729623));
#2503=CARTESIAN_POINT('',(20.2467552647483,8.62447401207444,13.5865439004203));
#2504=CARTESIAN_POINT('',(20.1311054005921,8.69451589711496,13.9625632089299));
#2505=CARTESIAN_POINT('',(20.1364687211264,8.57595218791542,13.9548300578522));
#2506=CARTESIAN_POINT('',(20.0394609984502,8.59633381840266,13.8890937915172));
#2507=CARTESIAN_POINT('',(20.025249469377,8.67881367116025,14.1138966458221));
#2508=CARTESIAN_POINT('',(20.031031738633,8.55981307561075,14.1056791761353));
#2509=CARTESIAN_POINT('',(19.9341673799298,8.58074895917025,14.0390491076992));
#2510=CARTESIAN_POINT('',(19.8102842291341,8.64386530071074,14.4139696271373));
#2511=CARTESIAN_POINT('',(19.8171556841617,8.52393335264402,14.4045243647143));
#2512=CARTESIAN_POINT('',(19.7203610652804,8.54607898948952,14.3362460835759));
#2513=CARTESIAN_POINT('',(19.7011757617143,8.6246021915211,14.5627080565097));
#2514=CARTESIAN_POINT('',(19.7085782265156,8.50413670107485,14.5526770869384));
#2515=CARTESIAN_POINT('',(19.6118446411632,8.52697634184594,14.4834945991249));
#2516=CARTESIAN_POINT('',(19.5350953408822,8.59275048160259,14.7838557681615));
#2517=CARTESIAN_POINT('',(19.5437264624705,8.47150441902131,14.7724502822718));
#2518=CARTESIAN_POINT('',(19.4466571386196,8.49539763784571,14.7023643955719));
#2519=CARTESIAN_POINT('',(19.4793321129089,8.58164267726946,14.8572451511701));
#2520=CARTESIAN_POINT('',(19.4882873438492,8.46010488178033,14.8455011248184));
#2521=CARTESIAN_POINT('',(19.3911931093856,8.48438632102279,14.774986292949));
#2522=CARTESIAN_POINT('',(19.3670022745683,8.55840874704018,15.0033690841125));
#2523=CARTESIAN_POINT('',(19.3766459296241,8.43627530912659,14.9909191368589));
#2524=CARTESIAN_POINT('',(19.2794674120265,8.4613566033243,14.9195606869302));
#2525=CARTESIAN_POINT('',(19.3104009418453,8.54627835518071,15.076147134627));
#2526=CARTESIAN_POINT('',(19.3203936036671,8.4238348044527,15.0633438595291));
#2527=CARTESIAN_POINT('',(19.2231722762969,8.44933406517445,14.9915552862493));
#2528=CARTESIAN_POINT('',(19.0260624627635,8.4830490450492,15.4375499752762));
#2529=CARTESIAN_POINT('',(19.0363400092721,8.3586585686994,15.4248999780667));
#2530=CARTESIAN_POINT('',(18.9404048005599,8.3866836136215,15.3489627067202));
#2531=CARTESIAN_POINT('',(18.7940630688819,8.42401928135295,15.7190758999572));
#2532=CARTESIAN_POINT('',(18.805547159328,8.29788352490042,15.7052022886597));
#2533=CARTESIAN_POINT('',(18.7097370636111,8.32824095107445,15.627082111978));
#2534=CARTESIAN_POINT('',(18.4401327364936,8.32055418946434,16.1299254590865));
#2535=CARTESIAN_POINT('',(18.4564657615362,8.19257811980341,16.1112411654954));
#2536=CARTESIAN_POINT('',(18.3578838620545,8.22586186747142,16.0326933360073));
#2537=CARTESIAN_POINT('',(18.3211665984632,8.28358551715719,16.2649704570612));
#2538=CARTESIAN_POINT('',(18.3385443943089,8.15473393678568,16.2453611884148));
#2539=CARTESIAN_POINT('',(18.2396064837374,8.18928791708964,16.1659784228764));
#2540=CARTESIAN_POINT('',(18.0813476426732,8.20459204591208,16.5313019370509));
#2541=CARTESIAN_POINT('',(18.1010291920686,8.0740990645707,16.5097582359292));
#2542=CARTESIAN_POINT('',(18.0012422394426,8.11113341862313,16.4288062217188));
#2543=CARTESIAN_POINT('',(17.9604979324812,8.1625492358589,16.6625844362218));
#2544=CARTESIAN_POINT('',(17.9814206831847,8.03124029391949,16.6399918091544));
#2545=CARTESIAN_POINT('',(17.8811728628602,8.06953858300923,16.5583317289226));
#2546=CARTESIAN_POINT('',(17.7170736122288,8.07293726258036,16.9213641186821));
#2547=CARTESIAN_POINT('',(17.7406103250554,7.9401646248125,16.8966964959745));
#2548=CARTESIAN_POINT('',(17.6394431290004,7.98087032141187,16.8136230339862));
#2549=CARTESIAN_POINT('',(17.594492747363,8.02539945964872,17.0488674289761));
#2550=CARTESIAN_POINT('',(17.6193656746383,7.89194553830481,17.0231501701495));
#2551=CARTESIAN_POINT('',(17.5177827385804,7.93381596608341,16.939418638613));
#2552=CARTESIAN_POINT('',(17.3478211251008,7.92407677289827,17.3000161168242));
#2553=CARTESIAN_POINT('',(17.375800847727,7.7893047718459,17.271925836214));
#2554=CARTESIAN_POINT('',(17.2730683149603,7.83361752984819,17.1869594587361));
#2555=CARTESIAN_POINT('',(17.2237607922641,7.87013899411261,17.4236315552482));
#2556=CARTESIAN_POINT('',(17.2531750902156,7.73438114526729,17.3944945284324));
#2557=CARTESIAN_POINT('',(17.149955008132,7.78033931101618,17.308652190032));
#2558=CARTESIAN_POINT('',(16.9742820731992,7.75565981487437,17.6670120972797));
#2559=CARTESIAN_POINT('',(17.0072727996835,7.61771783515784,17.6352767004624));
#2560=CARTESIAN_POINT('',(16.9020364976026,7.66731589656688,17.548144873965));
#2561=CARTESIAN_POINT('',(16.8488208747457,7.69532733563399,17.7868169250744));
#2562=CARTESIAN_POINT('',(16.8835896603753,7.55596619653238,17.7538074608488));
#2563=CARTESIAN_POINT('',(16.7772748144236,7.60779053455994,17.6659493165667));
#2564=CARTESIAN_POINT('',(16.6598376775203,7.59904945631058,17.9635345772715));
#2565=CARTESIAN_POINT('',(16.698853001621,7.45844391634492,17.9273035975505));
#2566=CARTESIAN_POINT('',(16.5896030227087,7.51289216377894,17.8395288740814));
#2567=CARTESIAN_POINT('',(16.5967175342162,7.56596435907252,18.0219367790941));
#2568=CARTESIAN_POINT('',(16.6369817850397,7.42480798043746,17.984803408045));
#2569=CARTESIAN_POINT('',(16.5269722182383,7.48031647759342,17.8968283829623));
#2570=CARTESIAN_POINT('',(16.4702721841627,7.49764109880846,18.1377133094486));
#2571=CARTESIAN_POINT('',(16.5129515644796,7.35531985084605,18.098904070414));
#2572=CARTESIAN_POINT('',(16.4013957356315,7.41298336632824,18.0105130240119));
#2573=CARTESIAN_POINT('',(16.4069328769124,7.46247310702816,18.1951014169108));
#2574=CARTESIAN_POINT('',(16.45061268219,7.31947511937055,18.1556579928264));
#2575=CARTESIAN_POINT('',(16.3383670044762,7.3782372313484,18.067005709583));
#2576=CARTESIAN_POINT('',(16.3433614940816,7.4268754084259,18.2521011106512));
#2577=CARTESIAN_POINT('',(16.388124221322,7.28325772517901,18.2119657285017));
#2578=CARTESIAN_POINT('',(16.2749856527635,7.34298801924228,18.1232383603048));
#2579=CARTESIAN_POINT('',(13.9128234453831,8.42174345012836,16.5225099404011));
#2580=CARTESIAN_POINT('',(13.9128234453831,10.162554858944,16.5225099404012));
#2581=CARTESIAN_POINT('',(16.2766039663173,7.42687540842589,18.1776468798326));
#2582=CARTESIAN_POINT('',(16.2766039663173,7.42687540842589,18.1776468798326));
#2583=CARTESIAN_POINT('',(13.9128234453832,8.42174345012834,16.5225099404012));
#2584=CARTESIAN_POINT('',(13.9128234453831,8.42174345012836,16.5225099404011));
#2585=CARTESIAN_POINT('',(13.9080463193367,8.33080544819713,16.4811885310412));
#2586=CARTESIAN_POINT('',(13.8226312698046,8.28974173387545,16.5814341580497));
#2587=CARTESIAN_POINT('',(13.855465801748,8.42174345012836,16.60442514483));
#2588=CARTESIAN_POINT('',(14.1076254118603,8.25733936278625,16.6197957234017));
#2589=CARTESIAN_POINT('',(14.022441007724,8.21417184879452,16.7213424426553));
#2590=CARTESIAN_POINT('',(14.0548862223093,8.34781836268336,16.74406082658));
#2591=CARTESIAN_POINT('',(14.3067686108887,8.18178359939895,16.7580174221574));
#2592=CARTESIAN_POINT('',(14.2204443858231,8.13679920015289,16.859985900685));
#2593=CARTESIAN_POINT('',(14.2537615687223,8.27178623620787,16.8833148433025));
#2594=CARTESIAN_POINT('',(14.7038859734678,8.02659354853992,17.0336667889514));
#2595=CARTESIAN_POINT('',(14.615017488881,7.97806051241738,17.13626896182));
#2596=CARTESIAN_POINT('',(14.6504354900356,8.11557159767361,17.1610689132172));
#2597=CARTESIAN_POINT('',(14.9018954397256,7.94683681428606,17.1709836695642));
#2598=CARTESIAN_POINT('',(14.8117964444672,7.89616519793808,17.2740550698825));
#2599=CARTESIAN_POINT('',(14.8482148607781,8.0352192256095,17.2995555195135));
#2600=CARTESIAN_POINT('',(15.1979522896719,7.82362436510453,17.3762327033764));
#2601=CARTESIAN_POINT('',(15.1042356199319,7.77031581046153,17.4788231850114));
#2602=CARTESIAN_POINT('',(15.1438210051425,7.9110779888372,17.5065411701386));
#2603=CARTESIAN_POINT('',(15.2964930174002,7.78197038252635,17.4445525816163));
#2604=CARTESIAN_POINT('',(15.2019731335788,7.7275910648712,17.547259728833));
#2605=CARTESIAN_POINT('',(15.2421878238764,7.86911913643758,17.5754183581257));
#2606=CARTESIAN_POINT('',(15.4932222636399,7.69763101168421,17.581053932573));
#2607=CARTESIAN_POINT('',(15.3972391220083,7.64124417652595,17.6839864458865));
#2608=CARTESIAN_POINT('',(15.4386275747994,7.78419293003058,17.7129669525261));
#2609=CARTESIAN_POINT('',(15.5913957029519,7.65494397343607,17.6492174882643));
#2610=CARTESIAN_POINT('',(15.4946817819614,7.59762782390018,17.7522165309287));
#2611=CARTESIAN_POINT('',(15.5366974722758,7.74121516209725,17.7816362340105));
#2612=CARTESIAN_POINT('',(15.7872850381191,7.56828649918993,17.7852026903894));
#2613=CARTESIAN_POINT('',(15.6890442562586,7.50907031567136,17.8883106005778));
#2614=CARTESIAN_POINT('',(15.732447023948,7.65392046667603,17.9187015456925));
#2615=CARTESIAN_POINT('',(15.8849580033369,7.52432169947445,17.8530008867789));
#2616=CARTESIAN_POINT('',(15.785947245251,7.46412338776277,17.9561628039453));
#2617=CARTESIAN_POINT('',(15.8301243678507,7.60959455809951,17.9870959582055));
#2618=CARTESIAN_POINT('',(16.0798861159187,7.43457815634123,17.9881251559525));
#2619=CARTESIAN_POINT('',(15.978989256417,7.37213927839352,18.0913322753539));
#2620=CARTESIAN_POINT('',(16.0249287126506,7.51905855122649,18.1234994289104));
#2621=CARTESIAN_POINT('',(16.177313180494,7.38877660986615,18.0555463762535));
#2622=CARTESIAN_POINT('',(16.0754651229741,7.32492174025897,18.1588854043766));
#2623=CARTESIAN_POINT('',(16.1220631479844,7.47288572909986,18.1915136927509));
#2624=CARTESIAN_POINT('',(16.2749856527636,7.34298801924227,18.1232383603049));
#2625=CARTESIAN_POINT('',(16.1719612948985,7.27803169446275,18.2264527513629));
#2626=CARTESIAN_POINT('',(16.2192463226822,7.42687540842589,18.2595620842615));
#2627=CARTESIAN_POINT('',(17.6203365874104,7.95037268457588,15.7697837380154));
#2628=CARTESIAN_POINT('',(17.6203365874104,8.31178847876844,15.7697837380154));
#2629=CARTESIAN_POINT('',(17.6203365874104,8.36438310340643,15.7697837380154));
#2630=CARTESIAN_POINT('',(17.6203365874104,8.36438310340643,15.7697837380154));
#2631=CARTESIAN_POINT('',(17.2422220732137,8.49056511530873,15.4605491389598));
#2632=CARTESIAN_POINT('',(16.8627022538388,8.60927031227198,15.1501652346884));
#2633=CARTESIAN_POINT('',(16.4819573226151,8.72145739863912,14.8387793932865));
#2634=CARTESIAN_POINT('',(16.4819573226151,8.72145739863912,14.8387793932865));
#2635=CARTESIAN_POINT('',(16.4819573226151,8.24587828448926,14.8387793932865));
#2636=CARTESIAN_POINT('',(16.4819573226151,8.66964909457934,14.8387793932865));
#2637=CARTESIAN_POINT('',(17.6203365874103,8.31178847876844,15.7697837380154));
#2638=CARTESIAN_POINT('',(17.2422345624476,8.43828317301777,15.4605593530698));
#2639=CARTESIAN_POINT('',(16.8627141732716,8.5572481541048,15.1501749827962));
#2640=CARTESIAN_POINT('',(16.4819573226151,8.66964909458251,14.8387793932865));
#2641=CARTESIAN_POINT('',(17.6203365874104,7.95037268457588,15.7697837380154));
#2642=CARTESIAN_POINT('',(16.4819573226151,8.72145739863912,14.8387793932865));
#2643=CARTESIAN_POINT('',(16.5230691067971,8.73048174942996,14.7903648131154));
#2644=CARTESIAN_POINT('',(16.5642105659451,8.73918867112614,14.7419152867347));
#2645=CARTESIAN_POINT('',(16.6053775941192,8.74759044697591,14.6934356494336));
#2646=CARTESIAN_POINT('',(16.6053775941192,8.74759044697591,14.6934356494336));
#2647=CARTESIAN_POINT('',(16.6053775941192,8.26341913965725,14.6934356494336));
#2648=CARTESIAN_POINT('',(16.6053775941192,8.69591596796035,14.6934356494336));
#2649=CARTESIAN_POINT('',(16.4819573226151,8.66964909457934,14.8387793932865));
#2650=CARTESIAN_POINT('',(16.523068782728,8.67872001869897,14.7903651947498));
#2651=CARTESIAN_POINT('',(16.5642102600641,8.68747150915377,14.7419156469501));
#2652=CARTESIAN_POINT('',(16.6053775941192,8.69591596796035,14.6934356494336));
#2653=CARTESIAN_POINT('',(16.4819573226151,8.24587828448926,14.8387793932865));
#2654=CARTESIAN_POINT('',(16.6053775941192,8.74759044697591,14.6934356494336));
#2655=CARTESIAN_POINT('',(16.9292936759289,8.65462066630858,14.9583449716765));
#2656=CARTESIAN_POINT('',(17.2523908560371,8.55713162756918,15.2225845689293));
#2657=CARTESIAN_POINT('',(17.574557996585,8.45450999625636,15.4860635489623));
#2658=CARTESIAN_POINT('',(17.574557996585,8.45450999625636,15.4860635489623));
#2659=CARTESIAN_POINT('',(17.574557996585,8.01183493998681,15.4860635489623));
#2660=CARTESIAN_POINT('',(17.574557996585,8.40224182943978,15.4860635489623));
#2661=CARTESIAN_POINT('',(16.6053775941195,8.69591596796035,14.6934356494342));
#2662=CARTESIAN_POINT('',(16.9293014688845,8.60278166188539,14.9583513450147));
#2663=CARTESIAN_POINT('',(17.2523981713343,8.50509168319104,15.2225905516221));
#2664=CARTESIAN_POINT('',(17.574557996585,8.40224182943978,15.4860635489623));
#2665=CARTESIAN_POINT('',(16.6053775941192,8.26341913965725,14.6934356494336));
#2666=CARTESIAN_POINT('',(17.574557996585,8.45450999625636,15.4860635489623));
#2667=CARTESIAN_POINT('',(17.3463635595947,8.58149300719172,15.1146824840098));
#2668=CARTESIAN_POINT('',(17.1164374200602,8.69586991810146,14.7404831140033));
#2669=CARTESIAN_POINT('',(16.8851137205143,8.80007315261779,14.3640092480353));
#2670=CARTESIAN_POINT('',(16.8851137205143,8.80007315261779,14.3640092480353));
#2671=CARTESIAN_POINT('',(16.8851137205143,8.30317606790373,14.3640092480353));
#2672=CARTESIAN_POINT('',(16.8851137205143,8.748659777555,14.3640092480353));
#2673=CARTESIAN_POINT('',(17.574557996585,8.40224182943978,15.4860635489623));
#2674=CARTESIAN_POINT('',(17.3463776477616,8.52958296903567,15.1147054121691));
#2675=CARTESIAN_POINT('',(17.1164505658123,8.64423996773816,14.7405045084049));
#2676=CARTESIAN_POINT('',(16.8851137205143,8.74865977755501,14.3640092480353));
#2677=CARTESIAN_POINT('',(17.574557996585,8.01183493998681,15.4860635489623));
#2678=CARTESIAN_POINT('',(16.8851137205143,8.80007315261779,14.3640092480353));
#2679=CARTESIAN_POINT('',(16.9235163964452,8.80666813062563,14.3187850022471));
#2680=CARTESIAN_POINT('',(16.9619365967537,8.81302364635098,14.2735401191791));
#2681=CARTESIAN_POINT('',(17.0003719299751,8.819147733235,14.2282774150985));
#2682=CARTESIAN_POINT('',(17.0003719299751,8.819147733235,14.2282774150985));
#2683=CARTESIAN_POINT('',(17.0003719299751,8.31955690659768,14.2282774150985));
#2684=CARTESIAN_POINT('',(17.0003719299751,8.76782711664824,14.2282774150985));
#2685=CARTESIAN_POINT('',(16.8851137205143,8.748659777555,14.3640092480353));
#2686=CARTESIAN_POINT('',(16.9235162245186,8.75528694835031,14.3187852047134));
#2687=CARTESIAN_POINT('',(16.9619364335901,8.76167336627334,14.2735403113259));
#2688=CARTESIAN_POINT('',(17.0003719299751,8.76782711664824,14.2282774150985));
#2689=CARTESIAN_POINT('',(16.8851137205143,8.30317606790373,14.3640092480353));
#2690=CARTESIAN_POINT('',(17.0003719299751,8.819147733235,14.2282774150985));
#2691=CARTESIAN_POINT('',(17.4117662155545,8.7499881496423,14.3777875776064));
#2692=CARTESIAN_POINT('',(17.8230295836455,8.67995665128297,14.5272501616825));
#2693=CARTESIAN_POINT('',(18.2342168108231,8.60941805194343,14.6766850743962));
#2694=CARTESIAN_POINT('',(18.2342168108231,8.60941805194343,14.6766850743962));
#2695=CARTESIAN_POINT('',(18.2342168108231,8.11213878322077,14.6766850743962));
#2696=CARTESIAN_POINT('',(18.2342168108231,8.55793917197288,14.6766850743962));
#2697=CARTESIAN_POINT('',(17.0003719299751,8.76782711664824,14.2282774150986));
#2698=CARTESIAN_POINT('',(17.4117672104556,8.69862083390969,14.3777879391764));
#2699=CARTESIAN_POINT('',(17.8230299856801,8.6285327272507,14.5272503077911));
#2700=CARTESIAN_POINT('',(18.2342168108231,8.55793917197288,14.6766850743962));
#2701=CARTESIAN_POINT('',(17.0003719299751,8.31955690659768,14.2282774150985));
#2702=CARTESIAN_POINT('',(18.2342168108231,8.60941805194343,14.6766850743962));
#2703=CARTESIAN_POINT('',(18.1631278814309,8.62898165355444,14.6185461885494));
#2704=CARTESIAN_POINT('',(18.0920076689433,8.64834663073052,14.560381718349));
#2705=CARTESIAN_POINT('',(18.0208578244563,8.6675234667049,14.5021930141159));
#2706=CARTESIAN_POINT('',(18.020857824461,8.66752346670568,14.5021930141104));
#2707=CARTESIAN_POINT('',(18.2342168108231,8.61213878322077,14.6766850743962));
#2708=CARTESIAN_POINT('',(17.9165927846946,8.69458905378585,14.416921604118));
#2709=CARTESIAN_POINT('',(17.598968758566,8.77703932435092,14.1571581338397));
#2710=CARTESIAN_POINT('',(17.2813447324374,8.85948959491599,13.8973946635615));
#2711=CARTESIAN_POINT('',(17.2813447324374,8.85948959491599,13.8973946635615));
#2712=CARTESIAN_POINT('',(17.2813447324374,8.35948959491599,13.8973946635615));
#2713=CARTESIAN_POINT('',(17.2813447324374,8.80874705129449,13.8973946635615));
#2714=CARTESIAN_POINT('',(18.2342168108231,8.55793917197288,14.6766850743962));
#2715=CARTESIAN_POINT('',(17.9171891396123,8.64532287806318,14.4174093229623));
#2716=CARTESIAN_POINT('',(17.5995595973281,8.72889053032445,14.1576413413889));
#2717=CARTESIAN_POINT('',(17.2813447324374,8.80874705129448,13.8973946635615));
#2718=CARTESIAN_POINT('',(18.2342168108231,8.11213878322077,14.6766850743962));
#2719=CARTESIAN_POINT('',(17.2813447324374,8.85948959491599,13.8973946635615));
#2720=CARTESIAN_POINT('',(17.3224848229387,8.86533654663865,13.8489467489438));
#2721=CARTESIAN_POINT('',(17.3636249134401,8.87118349836131,13.8004988343262));
#2722=CARTESIAN_POINT('',(17.4047650039415,8.87703045008397,13.7520509197085));
#2723=CARTESIAN_POINT('',(17.3117210779713,8.86380677126838,13.8616224866682));
#2724=CARTESIAN_POINT('',(17.3117210779713,8.86380677126838,13.8616224866682));
#2725=CARTESIAN_POINT('',(17.3427285791213,8.86777732193198,13.8251070403015));
#2726=CARTESIAN_POINT('',(17.3737435453873,8.87161094632193,13.7885828027703));
#2727=CARTESIAN_POINT('',(17.4047650039415,8.87531214243104,13.7520509197085));
#2728=CARTESIAN_POINT('',(17.4047650039415,8.87531214243104,13.7520509197085));
#2729=CARTESIAN_POINT('',(17.4047650039415,8.37703045008397,13.7520509197085));
#2730=CARTESIAN_POINT('',(17.4047650039415,8.82425900469211,13.7520509197085));
#2731=CARTESIAN_POINT('',(17.2813447324374,8.80874705129449,13.8973946635615));
#2732=CARTESIAN_POINT('',(17.3224718208297,8.81415895356655,13.8489620606523));
#2733=CARTESIAN_POINT('',(17.3636126826643,8.81932612520802,13.8005132376874));
#2734=CARTESIAN_POINT('',(17.4047650039415,8.82425900469211,13.7520509197085));
#2735=CARTESIAN_POINT('',(17.2813447324374,8.35948959491599,13.8973946635615));
#2736=CARTESIAN_POINT('',(17.4047650039415,8.87531214243104,13.7520509197085));
#2737=CARTESIAN_POINT('',(17.4490852019773,8.86445219974811,13.7882974486173));
#2738=CARTESIAN_POINT('',(17.4933947161991,8.8535234058914,13.8245352399485));
#2739=CARTESIAN_POINT('',(17.5376933230676,8.84252432027585,13.8607641108841));
#2740=CARTESIAN_POINT('',(17.5376933230673,8.8425243202758,13.8607641108844));
#2741=CARTESIAN_POINT('',(17.4047650039415,8.87703045008397,13.7520509197085));
#2742=CARTESIAN_POINT('',(17.7842247588732,8.77852858344618,14.0623857012848));
#2743=CARTESIAN_POINT('',(18.163684513805,8.68002671680839,14.3727204828611));
#2744=CARTESIAN_POINT('',(18.5431442687367,8.58152485017059,14.6830552644374));
#2745=CARTESIAN_POINT('',(18.4643154172265,8.60198759732034,14.6185864134001));
#2746=CARTESIAN_POINT('',(18.4643154172268,8.60198759732257,14.6185864134004));
#2747=CARTESIAN_POINT('',(18.490595923234,8.59485811761415,14.640079483444));
#2748=CARTESIAN_POINT('',(18.5168722303779,8.5877015785922,14.6615691195177));
#2749=CARTESIAN_POINT('',(18.5431442687367,8.58051752965134,14.6830552644374));
#2750=CARTESIAN_POINT('',(18.5431442687367,8.58051752965134,14.6830552644374));
#2751=CARTESIAN_POINT('',(18.5431442687367,8.08152485017059,14.6830552644374));
#2752=CARTESIAN_POINT('',(18.5431442687367,8.52906673287712,14.6830552644374));
#2753=CARTESIAN_POINT('',(17.4047650039415,8.82425900469211,13.7520509197085));
#2754=CARTESIAN_POINT('',(17.7850193679626,8.73097549119085,14.0630355589706));
#2755=CARTESIAN_POINT('',(18.1645083446015,8.63276613103795,14.3733942390289));
#2756=CARTESIAN_POINT('',(18.5431442687367,8.52906673287712,14.6830552644374));
#2757=CARTESIAN_POINT('',(17.4047650039415,8.37703045008397,13.7520509197085));
#2758=CARTESIAN_POINT('',(18.5431442687367,8.58051752965134,14.6830552644374));
#2759=CARTESIAN_POINT('',(18.4857187957741,8.57039489593113,14.7506813774835));
#2760=CARTESIAN_POINT('',(18.4283362411614,8.5597220300687,14.8182569484786));
#2761=CARTESIAN_POINT('',(18.3709989601859,8.5484687362433,14.8857792037594));
#2762=CARTESIAN_POINT('',(18.3709989601859,8.5484687362433,14.8857792037594));
#2763=CARTESIAN_POINT('',(18.3709989601859,8.05705904817276,14.8857792037594));
#2764=CARTESIAN_POINT('',(18.3709989601859,8.49685943438728,14.8857792037594));
#2765=CARTESIAN_POINT('',(18.5431442687367,8.52906673287712,14.6830552644374));
#2766=CARTESIAN_POINT('',(18.485718327554,8.51889447992628,14.7506819288748));
#2767=CARTESIAN_POINT('',(18.4283357603841,8.50816888969898,14.8182575146577));
#2768=CARTESIAN_POINT('',(18.3709989601859,8.49685943438797,14.8857792037594));
#2769=CARTESIAN_POINT('',(18.5431442687367,8.08152485017059,14.6830552644374));
#2770=CARTESIAN_POINT('',(18.3709989601859,8.5484687362433,14.8857792037594));
#2771=CARTESIAN_POINT('',(18.1613210115011,8.58510962078661,14.8089253107357));
#2772=CARTESIAN_POINT('',(17.9516164886594,8.6215772069382,14.7320616774058));
#2773=CARTESIAN_POINT('',(17.6370261278679,8.6760596229628,14.6167539205043));
#2774=CARTESIAN_POINT('',(17.5321564468466,8.69417953536529,14.5783157189806));
#2775=CARTESIAN_POINT('',(17.3748397914426,8.72127972587648,14.52065396923));
#2776=CARTESIAN_POINT('',(17.3223659637429,8.7302847572927,14.5015133044456));
#2777=CARTESIAN_POINT('',(17.2176921924712,8.74839416244184,14.4625486704396));
#2778=CARTESIAN_POINT('',(17.1654192429059,8.75746519807083,14.4429036691851));
#2779=CARTESIAN_POINT('',(17.113625112239,8.76673820110343,14.4220771660524));
#2780=CARTESIAN_POINT('',(17.113625112239,8.76673820110343,14.4220771660524));
#2781=CARTESIAN_POINT('',(17.113625112239,8.26979007525915,14.4220771660524));
#2782=CARTESIAN_POINT('',(17.113625112239,8.71531013299814,14.4220771660524));
#2783=CARTESIAN_POINT('',(18.370998960186,8.49685943438728,14.8857792037596));
#2784=CARTESIAN_POINT('',(18.1613212187557,8.53353165786617,14.8089253867015));
#2785=CARTESIAN_POINT('',(17.9516166944822,8.57002936669821,14.7320617528467));
#2786=CARTESIAN_POINT('',(17.6370260994532,8.6245556358114,14.6167539100894));
#2787=CARTESIAN_POINT('',(17.5321563433862,8.64269021892991,14.5783156810589));
#2788=CARTESIAN_POINT('',(17.3748395945537,8.6698126056263,14.5206538970638));
#2789=CARTESIAN_POINT('',(17.3223657288059,8.67882501417508,14.5015132180592));
#2790=CARTESIAN_POINT('',(17.2176919760995,8.69694970505263,14.4625485888272));
#2791=CARTESIAN_POINT('',(17.1654190617424,8.70602853249978,14.442903596339));
#2792=CARTESIAN_POINT('',(17.113625112239,8.71531013299846,14.4220771660524));
#2793=CARTESIAN_POINT('',(18.3709989601859,8.05705904817276,14.8857792037594));
#2794=CARTESIAN_POINT('',(18.0297908408711,8.11463218690888,14.7607151592801));
#2795=CARTESIAN_POINT('',(17.6885827215563,8.172205325645,14.6356511148009));
#2796=CARTESIAN_POINT('',(17.2439561708999,8.2472285875126,14.4726807997344));
#2797=CARTESIAN_POINT('',(17.1658611119757,8.26060210152545,14.4430813454478));
#2798=CARTESIAN_POINT('',(17.113625112239,8.26979007525915,14.4220771660524));
#2799=CARTESIAN_POINT('',(17.113625112239,8.76673820110343,14.4220771660524));
#2800=CARTESIAN_POINT('',(17.1441639521853,8.75368717670921,14.4683276192377));
#2801=CARTESIAN_POINT('',(17.1736859797589,8.74043077295189,14.5151605756145));
#2802=CARTESIAN_POINT('',(17.2324861897185,8.71357512425549,14.6088818375134));
#2803=CARTESIAN_POINT('',(17.2616326193776,8.69996991156942,14.6558515511684));
#2804=CARTESIAN_POINT('',(17.3491910965996,8.6586574662496,14.7965427723265));
#2805=CARTESIAN_POINT('',(17.4074341407559,8.63044112232731,14.8902134711622));
#2806=CARTESIAN_POINT('',(17.5818165498874,8.543662624648,15.1707858427658));
#2807=CARTESIAN_POINT('',(17.6976074955031,8.48297226815695,15.3572440506795));
#2808=CARTESIAN_POINT('',(17.8130107186763,8.41914801664519,15.5428843863892));
#2809=CARTESIAN_POINT('',(17.8130107186763,8.41914801664519,15.5428843863892));
#2810=CARTESIAN_POINT('',(17.8130107186763,7.97775610376598,15.5428843863892));
#2811=CARTESIAN_POINT('',(17.8130107186763,8.36686011189843,15.5428843863892));
#2812=CARTESIAN_POINT('',(17.113625112239,8.71531013299814,14.4220771660525));
#2813=CARTESIAN_POINT('',(17.1441655967866,8.70223156805438,14.4683301099529));
#2814=CARTESIAN_POINT('',(17.1736889665827,8.68894645138453,14.5151652839168));
#2815=CARTESIAN_POINT('',(17.2324915666617,8.66203166085281,14.608890460171));
#2816=CARTESIAN_POINT('',(17.2616390359958,8.64839597001454,14.6558618580424));
#2817=CARTESIAN_POINT('',(17.3492001527364,8.60698932885582,14.7965573309896));
#2818=CARTESIAN_POINT('',(17.4074442252507,8.5787064324763,14.8902296919544));
#2819=CARTESIAN_POINT('',(17.5818271770219,8.49171495965086,15.17080295057));
#2820=CARTESIAN_POINT('',(17.6976151359355,8.43086540799845,15.3572563412587));
#2821=CARTESIAN_POINT('',(17.8130107186763,8.36686011189844,15.5428843863892));
#2822=CARTESIAN_POINT('',(17.113625112239,8.26979007525915,14.4220771660524));
#2823=CARTESIAN_POINT('',(17.1412552082406,8.25874283132699,14.4639223855785));
#2824=CARTESIAN_POINT('',(17.1818346789961,8.24204893337847,14.5277096599649));
#2825=CARTESIAN_POINT('',(17.4283771339399,8.13894033668426,14.9236176337278));
#2826=CARTESIAN_POINT('',(17.6205733555967,8.05834474816784,15.2333251236332));
#2827=CARTESIAN_POINT('',(17.8130107186763,7.97775610376598,15.5428843863892));
#2828=CARTESIAN_POINT('',(17.8130107186763,8.41914801664519,15.5428843863892));
#2829=CARTESIAN_POINT('',(17.7486788693929,8.4017927243206,15.6186436738215));
#2830=CARTESIAN_POINT('',(17.6844517745173,8.38355777624821,15.6942795990406));
#2831=CARTESIAN_POINT('',(17.6203365874103,8.36438310340643,15.7697837380154));
#2832=CARTESIAN_POINT('',(17.8130107186763,8.36686011189843,15.5428843863892));
#2833=CARTESIAN_POINT('',(17.7486775061686,8.34940895254182,15.6186452791988));
#2834=CARTESIAN_POINT('',(17.6844503627011,8.33107205875782,15.6942812616415));
#2835=CARTESIAN_POINT('',(17.6203365874104,8.31178847876844,15.7697837380154));
#2836=CARTESIAN_POINT('',(17.8130107186763,7.97775610376598,15.5428843863892));
#2837=CARTESIAN_POINT('',(17.3117210779718,8.8638067712735,13.8616224866693));
#2838=CARTESIAN_POINT('',(17.3871263018254,8.85707247889971,13.8595105111808));
#2839=CARTESIAN_POINT('',(17.4624427261408,8.84994436878073,13.8593966913586));
#2840=CARTESIAN_POINT('',(17.5376933230673,8.84252432027589,13.860764110884));
#2841=CARTESIAN_POINT('',(18.46431541723,8.60198759732472,14.6185864133894));
#2842=CARTESIAN_POINT('',(18.316232894193,8.62367724560364,14.5806859521462));
#2843=CARTESIAN_POINT('',(18.1685098865423,8.64557938955994,14.5415603643278));
#2844=CARTESIAN_POINT('',(18.020857824461,8.66752346670568,14.5021930141105));
#2845=CARTESIAN_POINT('',(17.7040591342012,8.66959394097417,14.6413237311597));
#2846=CARTESIAN_POINT('',(17.8726412619501,8.24869425084885,15.9077283676375));
#2847=CARTESIAN_POINT('',(18.0130485948808,8.31917248343446,15.661022030896));
#2848=CARTESIAN_POINT('',(18.1526719419845,8.38055449274765,15.4122009203257));
#2849=CARTESIAN_POINT('',(18.2916344270667,8.43440799826695,15.1615600016119));
#2850=CARTESIAN_POINT('',(18.4305969121488,8.48826150378625,14.910919082898));
#2851=CARTESIAN_POINT('',(18.5688946746436,8.53457953078945,14.6584584023762));
#2852=CARTESIAN_POINT('',(18.706647885057,8.57461144690388,14.4045027140685));
#2853=CARTESIAN_POINT('',(17.612684319529,8.3103727369906,15.7772959443026));
#2854=CARTESIAN_POINT('',(17.7529003343005,8.37880188316619,15.5301101010911));
#2855=CARTESIAN_POINT('',(17.8923747973701,8.43830987819731,15.280854027813));
#2856=CARTESIAN_POINT('',(18.0312088493685,8.49049644046256,15.0298222045793));
#2857=CARTESIAN_POINT('',(18.170042901367,8.54268300272781,14.7787903813456));
#2858=CARTESIAN_POINT('',(18.3082200255755,8.58752898156116,14.5259882147043));
#2859=CARTESIAN_POINT('',(18.4458536072141,8.62617042951704,14.27170012353));
#2860=CARTESIAN_POINT('',(17.3528253416831,8.37082334017378,15.6467423465261));
#2861=CARTESIAN_POINT('',(17.4928776739597,8.437446845262,15.3991191310933));
#2862=CARTESIAN_POINT('',(17.6321396719875,8.49523908884862,15.1494079275383));
#2863=CARTESIAN_POINT('',(17.7707918408437,8.54580152201095,14.8979523123858));
#2864=CARTESIAN_POINT('',(17.9094440097,8.59636395517327,14.6464966972332));
#2865=CARTESIAN_POINT('',(18.0474653247579,8.63970519295519,14.393341624472));
#2866=CARTESIAN_POINT('',(18.1849716667452,8.67697401527108,14.1387123852005));
#2867=CARTESIAN_POINT('',(17.0926943941455,8.43054574690905,15.5158539622762));
#2868=CARTESIAN_POINT('',(17.2325958271259,8.49527247877646,15.2677894494791));
#2869=CARTESIAN_POINT('',(17.3717218631875,8.55135241989979,15.0176764341639));
#2870=CARTESIAN_POINT('',(17.5102455509242,8.60035102425767,14.7658528318521));
#2871=CARTESIAN_POINT('',(17.6487692386609,8.64934962861555,14.5140292295402));
#2872=CARTESIAN_POINT('',(17.7866731301518,8.69127122648048,14.2605366305304));
#2873=CARTESIAN_POINT('',(17.9240713790166,8.72724405095652,14.0056007624006));
#2874=CARTESIAN_POINT('',(16.9626289203767,8.46040695027668,15.4504097701513));
#2875=CARTESIAN_POINT('',(17.102454903709,8.52418529553369,15.202124608672));
#2876=CARTESIAN_POINT('',(17.2415129587876,8.57940908542538,14.9518106874767));
#2877=CARTESIAN_POINT('',(17.3799724059644,8.62762577538103,14.6998030915852));
#2878=CARTESIAN_POINT('',(17.5184318531413,8.67584246533668,14.4477954956937));
#2879=CARTESIAN_POINT('',(17.6562770328487,8.71705424324313,14.1941341335596));
#2880=CARTESIAN_POINT('',(17.7936212351522,8.75237906879923,13.9390449510007));
#2881=CARTESIAN_POINT('',(16.8325294211423,8.49005315849876,15.3849024396814));
#2882=CARTESIAN_POINT('',(16.9722792310647,8.55288095053712,15.13639640034));
#2883=CARTESIAN_POINT('',(17.1112767253441,8.60725674463935,14.8858877629251));
#2884=CARTESIAN_POINT('',(17.2496777331794,8.65470330961008,14.6337030500573));
#2885=CARTESIAN_POINT('',(17.3880787410147,8.70214987458081,14.3815183371894));
#2886=CARTESIAN_POINT('',(17.5258701415304,8.74266446253432,14.127690034988));
#2887=CARTESIAN_POINT('',(17.6631620365218,8.77735765994378,13.8724527300062));
#2888=CARTESIAN_POINT('',(16.7024400412162,8.51945299542216,15.3193607195966));
#2889=CARTESIAN_POINT('',(16.8421065214728,8.58134442222806,15.0706333591575));
#2890=CARTESIAN_POINT('',(16.9810358870293,8.63488214228266,14.8199254639781));
#2891=CARTESIAN_POINT('',(17.1193737037444,8.68156344074486,14.5675600945788));
#2892=CARTESIAN_POINT('',(17.2577115204596,8.72824473920705,14.3151947251794));
#2893=CARTESIAN_POINT('',(17.3954464448402,8.76806501416308,14.0611971012399));
#2894=CARTESIAN_POINT('',(17.5326809696604,8.80214240525243,13.8058116152859));
#2895=CARTESIAN_POINT('',(16.5723506612902,8.54885283234557,15.2538189995118));
#2896=CARTESIAN_POINT('',(16.7119338118808,8.60980789391899,15.0048703179751));
#2897=CARTESIAN_POINT('',(16.8507950487144,8.66250753992598,14.753963165031));
#2898=CARTESIAN_POINT('',(16.9890696743094,8.70842357187963,14.5014171391002));
#2899=CARTESIAN_POINT('',(17.1273442999045,8.75433960383329,14.2488711131695));
#2900=CARTESIAN_POINT('',(17.26502274815,8.79346556579184,13.9947041674918));
#2901=CARTESIAN_POINT('',(17.402199902799,8.82692715056108,13.7391705005656));
#2902=CARTESIAN_POINT('',(16.4422865881377,8.57799585622428,15.1882532126709));
#2903=CARTESIAN_POINT('',(16.5817759096061,8.63802940725133,14.939081654753));
#2904=CARTESIAN_POINT('',(16.720554948938,8.68989787628619,14.68796577652));
#2905=CARTESIAN_POINT('',(16.8587559748946,8.735046697441,14.4352303014323));
#2906=CARTESIAN_POINT('',(16.9969570008511,8.78019551859581,14.1824948263446));
#2907=CARTESIAN_POINT('',(17.1345717110279,8.81862098992632,13.928151584039));
#2908=CARTESIAN_POINT('',(17.271681355647,8.85148126642613,13.6724663372238));
#2909=CARTESIAN_POINT('',(16.3121890711648,8.60691673784782,15.1226238587372));
#2910=CARTESIAN_POINT('',(16.4515878779383,8.66605588696674,14.8732343011974));
#2911=CARTESIAN_POINT('',(16.5902873608707,8.71712226604858,14.6219155514879));
#2912=CARTESIAN_POINT('',(16.7284145214749,8.76153929007022,14.3689964743238));
#2913=CARTESIAN_POINT('',(16.8665416820791,8.80595631409186,14.1160773971597));
#2914=CARTESIAN_POINT('',(17.0040887607953,8.84372367356752,13.8615660917627));
#2915=CARTESIAN_POINT('',(17.1411411683695,8.87600506446841,13.6057390433965));
#2916=CARTESIAN_POINT('',(12.674740357723,7.9154119487452,17.47069453472));
#2917=CARTESIAN_POINT('',(12.782218888613,7.99931833793,17.29049424718));
#2918=CARTESIAN_POINT('',(12.997262898697,8.1670138887443,16.930185367932));
#2919=CARTESIAN_POINT('',(13.32368013341,8.4124383918602,16.378943068737));
#2920=CARTESIAN_POINT('',(13.659916933061,8.6321221803697,15.81321787095));
#2921=CARTESIAN_POINT('',(13.995280050585,8.8118631746809,15.239459466029));
#2922=CARTESIAN_POINT('',(14.33247258882,8.9592585192477,14.662627379214));
#2923=CARTESIAN_POINT('',(14.672159350552,9.0784269807651,14.083491151038));
#2924=CARTESIAN_POINT('',(15.010080141716,9.1721953993038,13.501404985506));
#2925=CARTESIAN_POINT('',(15.344496181423,9.2443369579568,12.915768118401));
#2926=CARTESIAN_POINT('',(15.674965046334,9.2977429962224,12.328427671762));
#2927=CARTESIAN_POINT('',(16.001632390117,9.3355529440875,11.741829268072));
#2928=CARTESIAN_POINT('',(16.324366458845,9.3611472756517,11.158589598432));
#2929=CARTESIAN_POINT('',(16.642487280771,9.3775081313534,10.58106672568));
#2930=CARTESIAN_POINT('',(16.955362526149,9.3889488509404,10.010746843806));
#2931=CARTESIAN_POINT('',(17.262429855088,9.3971986224521,9.4476519611078));
#2932=CARTESIAN_POINT('',(17.564123461579,9.4052054999137,8.8913705147282));
#2933=CARTESIAN_POINT('',(17.762984171263,9.4100726597272,8.5222189659215));
#2934=CARTESIAN_POINT('',(17.862400815437,9.4128026236621,8.3377946927614));
#2935=CARTESIAN_POINT('',(12.897755041437,7.8452227335968,17.58269189259));
#2936=CARTESIAN_POINT('',(13.005349649605,7.9295608913232,17.402501632179));
#2937=CARTESIAN_POINT('',(13.220231406104,8.0988992719019,17.041525735017));
#2938=CARTESIAN_POINT('',(13.54857548089,8.3517532560002,16.491176851103));
#2939=CARTESIAN_POINT('',(13.886468858485,8.5765533139737,15.922630582145));
#2940=CARTESIAN_POINT('',(14.214105301021,8.7561601904734,15.348795842619));
#2941=CARTESIAN_POINT('',(14.551126411218,8.9088069087784,14.769749658707));
#2942=CARTESIAN_POINT('',(14.888879013173,9.0302268972322,14.190730444578));
#2943=CARTESIAN_POINT('',(15.224181830009,9.1272884685404,13.605826929385));
#2944=CARTESIAN_POINT('',(15.555691792545,9.2013441696409,13.016621943274));
#2945=CARTESIAN_POINT('',(15.884000831561,9.256711685335,12.425576005807));
#2946=CARTESIAN_POINT('',(16.20916946769,9.2961533675802,11.834462896752));
#2947=CARTESIAN_POINT('',(16.531055415268,9.3224284589564,11.246711519596));
#2948=CARTESIAN_POINT('',(16.84946401246,9.3403986190022,10.664254811454));
#2949=CARTESIAN_POINT('',(17.162319327844,9.349258589477,10.089455977033));
#2950=CARTESIAN_POINT('',(17.470885618327,9.3619437955573,9.5221406701877));
#2951=CARTESIAN_POINT('',(17.773266689946,9.3661850542115,8.9604774232821));
#2952=CARTESIAN_POINT('',(17.971982627857,9.373050429366,8.5930441944289));
#2953=CARTESIAN_POINT('',(18.071451756928,9.3756616507633,8.4082283116421));
#2954=CARTESIAN_POINT('',(13.344730167234,7.6940099616291,17.809296547367));
#2955=CARTESIAN_POINT('',(13.453461037685,7.7799653195556,17.629723735437));
#2956=CARTESIAN_POINT('',(13.669477923122,7.9473003095397,17.271751851046));
#2957=CARTESIAN_POINT('',(14.009661463952,8.2247597391134,16.717112584574));
#2958=CARTESIAN_POINT('',(14.343552069113,8.4557806722287,16.152635065247));
#2959=CARTESIAN_POINT('',(14.675126879125,8.6478079385007,15.578658313705));
#2960=CARTESIAN_POINT('',(15.001805428106,8.804997215967,14.99673830776));
#2961=CARTESIAN_POINT('',(15.327702384993,8.9326160005044,14.408690856696));
#2962=CARTESIAN_POINT('',(15.651778216153,9.0355410044359,13.815493147861));
#2963=CARTESIAN_POINT('',(15.973654490776,9.1176687749213,13.217419531862));
#2964=CARTESIAN_POINT('',(16.294711219851,9.1782922208122,12.614469044705));
#2965=CARTESIAN_POINT('',(16.61707019479,9.2191136542216,12.012292177243));
#2966=CARTESIAN_POINT('',(16.94028286667,9.244918754325,11.413404333888));
#2967=CARTESIAN_POINT('',(17.261051443716,9.2601943375067,10.822267565349));
#2968=CARTESIAN_POINT('',(17.578778451837,9.278097779432,10.239836036649));
#2969=CARTESIAN_POINT('',(17.886560013961,9.2773977292196,9.6698911277202));
#2970=CARTESIAN_POINT('',(18.190676040636,9.2959171250077,9.1101407680171));
#2971=CARTESIAN_POINT('',(18.391863574897,9.2986373917313,8.7299959090633));
#2972=CARTESIAN_POINT('',(18.49207829236,9.3013956720278,8.5423969734599));
#2973=CARTESIAN_POINT('',(14.026292923663,7.4560164956913,18.14086620353));
#2974=CARTESIAN_POINT('',(14.136374819955,7.5491450693626,17.961980778633));
#2975=CARTESIAN_POINT('',(14.356204948132,7.7338638555984,17.604888325644));
#2976=CARTESIAN_POINT('',(14.694908014521,8.0240297105072,17.05588430413));
#2977=CARTESIAN_POINT('',(15.031752743381,8.2733591884489,16.494908902876));
#2978=CARTESIAN_POINT('',(15.363964266467,8.4785548096723,15.924869327456));
#2979=CARTESIAN_POINT('',(15.693695124124,8.6481961455696,15.346318380536));
#2980=CARTESIAN_POINT('',(16.019869563856,8.7859259074703,14.760462156045));
#2981=CARTESIAN_POINT('',(16.343691361508,8.8961654751271,14.168226485126));
#2982=CARTESIAN_POINT('',(16.665445338006,8.9826929579612,13.570660832106));
#2983=CARTESIAN_POINT('',(16.985323465308,9.0495666178995,12.968689243851));
#2984=CARTESIAN_POINT('',(17.303481114529,9.0983816066949,12.361896160932));
#2985=CARTESIAN_POINT('',(17.620271689246,9.1318225930845,11.752022638428));
#2986=CARTESIAN_POINT('',(17.936327780035,9.1503837078424,11.137529414093));
#2987=CARTESIAN_POINT('',(18.250374432524,9.153316158241,10.521062052516));
#2988=CARTESIAN_POINT('',(18.568685992708,9.1805618487688,9.9048070488953));
#2989=CARTESIAN_POINT('',(18.878331422727,9.1762106352177,9.3012666262498));
#2990=CARTESIAN_POINT('',(19.079132958607,9.1855213079681,8.9242025736601));
#2991=CARTESIAN_POINT('',(19.179884375733,9.1886661078487,8.7326472930178));
#2992=CARTESIAN_POINT('',(14.706107556522,7.1984837157257,18.473120554037));
#2993=CARTESIAN_POINT('',(14.817070024998,7.2992983256704,18.295187408604));
#2994=CARTESIAN_POINT('',(15.037767176098,7.4976181961623,17.938877518588));
#2995=CARTESIAN_POINT('',(15.381279559177,7.819215209751,17.393122974083));
#2996=CARTESIAN_POINT('',(15.718651742063,8.0827830914477,16.836076231668));
#2997=CARTESIAN_POINT('',(16.052531446634,8.3040963804424,16.269037696896));
#2998=CARTESIAN_POINT('',(16.382725787115,8.4870455709316,15.693474293459));
#2999=CARTESIAN_POINT('',(16.710259502412,8.6362669597656,15.11027426579));
#3000=CARTESIAN_POINT('',(17.035200862766,8.7564859078378,14.520573175103));
#3001=CARTESIAN_POINT('',(17.357918240732,8.8518781799811,13.92514688517));
#3002=CARTESIAN_POINT('',(17.678690414004,8.9253783149235,13.32474545738));
#3003=CARTESIAN_POINT('',(17.997942786503,8.9810797607928,12.72046528314));
#3004=CARTESIAN_POINT('',(18.31548885206,9.0186579538059,12.111940218999));
#3005=CARTESIAN_POINT('',(18.631970910785,9.0449068278388,11.501116494877));
#3006=CARTESIAN_POINT('',(18.946767627595,9.0515468187639,10.885419738384));
#3007=CARTESIAN_POINT('',(19.262017771232,9.0683345004078,10.27276098029));
#3008=CARTESIAN_POINT('',(19.578744680854,9.0841121801143,9.6564346876994));
#3009=CARTESIAN_POINT('',(19.782792967975,9.0902595275652,9.2543304921525));
#3010=CARTESIAN_POINT('',(19.885139005784,9.0933465298877,9.0540547582011));
#3011=CARTESIAN_POINT('',(15.383756609683,6.9311103537583,18.794744333034));
#3012=CARTESIAN_POINT('',(15.496458661937,7.0439068765446,18.619095076728));
#3013=CARTESIAN_POINT('',(15.722391120574,7.2709346127668,18.268544629612));
#3014=CARTESIAN_POINT('',(16.066066298615,7.6051650370141,17.728339522209));
#3015=CARTESIAN_POINT('',(16.405424558146,7.8884413092536,17.175950868975));
#3016=CARTESIAN_POINT('',(16.740680294716,8.1251646974365,16.612710187033));
#3017=CARTESIAN_POINT('',(17.072356565717,8.3203942683222,16.040050538978));
#3018=CARTESIAN_POINT('',(17.400872699148,8.4821760234096,15.459676843923));
#3019=CARTESIAN_POINT('',(17.726534555111,8.6126850197791,14.872083843965));
#3020=CARTESIAN_POINT('',(18.049906081427,8.7169258175778,14.278628039631));
#3021=CARTESIAN_POINT('',(18.371270078406,8.7980543597758,13.679872632029));
#3022=CARTESIAN_POINT('',(18.690911368121,8.8606074245332,13.076921069584));
#3023=CARTESIAN_POINT('',(19.008996660702,8.9041774624013,12.469505174834));
#3024=CARTESIAN_POINT('',(19.325878152309,8.9356098554484,11.859593428527));
#3025=CARTESIAN_POINT('',(19.64125885496,8.9471282483964,11.244633751172));
#3026=CARTESIAN_POINT('',(19.956257768937,8.9585708057444,10.630686492609));
#3027=CARTESIAN_POINT('',(20.272727567268,8.9777611274888,10.016776821967));
#3028=CARTESIAN_POINT('',(20.479379305817,8.9761684120306,9.6109520269378));
#3029=CARTESIAN_POINT('',(20.582433300276,8.9779058609493,9.4090419554793));
#3030=CARTESIAN_POINT('',(16.063778628438,6.6541067860306,19.117133459639));
#3031=CARTESIAN_POINT('',(16.17616604383,6.7698862392968,18.944513207947));
#3032=CARTESIAN_POINT('',(16.400798101081,7.0068298329901,18.60155939644));
#3033=CARTESIAN_POINT('',(16.751081198138,7.3856670276311,18.062960944629));
#3034=CARTESIAN_POINT('',(17.091094939809,7.6825642854681,17.513581163131));
#3035=CARTESIAN_POINT('',(17.428093113688,7.9384404478697,16.954051969314));
#3036=CARTESIAN_POINT('',(17.760789033616,8.1507815175234,16.385276421275));
#3037=CARTESIAN_POINT('',(18.090401042303,8.3239154525044,15.807401968856));
#3038=CARTESIAN_POINT('',(18.417320485253,8.4653635976813,15.222716806577));
#3039=CARTESIAN_POINT('',(18.741712764036,8.5791933892939,14.63145253102));
#3040=CARTESIAN_POINT('',(19.063846839238,8.6687530542671,14.034719131426));
#3041=CARTESIAN_POINT('',(19.384214578703,8.7376255533754,13.433252119273));
#3042=CARTESIAN_POINT('',(19.702906577777,8.7886481249049,12.827806086116));
#3043=CARTESIAN_POINT('',(20.020186007763,8.8229578338617,12.218429172337));
#3044=CARTESIAN_POINT('',(20.336230788947,8.8450042277169,11.606492521585));
#3045=CARTESIAN_POINT('',(20.650791929853,8.8489098230184,10.990049503088));
#3046=CARTESIAN_POINT('',(20.967379387065,8.873707581347,10.378126651169));
#3047=CARTESIAN_POINT('',(21.170939607513,8.8768267850911,9.9785634900656));
#3048=CARTESIAN_POINT('',(21.273506392771,8.8798277328583,9.7783167640993));
#3049=CARTESIAN_POINT('',(16.771568948109,6.571059815776,19.410963272245));
#3050=CARTESIAN_POINT('',(16.882072323007,6.6742691345017,19.241849952917));
#3051=CARTESIAN_POINT('',(17.103443494561,6.8764955536701,18.901585052663));
#3052=CARTESIAN_POINT('',(17.434002467245,7.1679738248807,18.394782237039));
#3053=CARTESIAN_POINT('',(17.779173115788,7.5023194119674,17.85636538911));
#3054=CARTESIAN_POINT('',(18.115597977081,7.7497875099461,17.29637047872));
#3055=CARTESIAN_POINT('',(18.450314879,7.9709997905883,16.729909203446));
#3056=CARTESIAN_POINT('',(18.781123047258,8.1608958054058,16.155683368948));
#3057=CARTESIAN_POINT('',(19.10827030411,8.3145661308618,15.572701703033));
#3058=CARTESIAN_POINT('',(19.433119957587,8.4373779280897,14.983415252795));
#3059=CARTESIAN_POINT('',(19.756032229795,8.535589694267,14.388555609799));
#3060=CARTESIAN_POINT('',(20.076847135151,8.611611145302,13.78866061396));
#3061=CARTESIAN_POINT('',(20.396210969466,8.6697407590726,13.184611639366));
#3062=CARTESIAN_POINT('',(20.713821933715,8.7096511792981,12.576569815788));
#3063=CARTESIAN_POINT('',(21.030599385189,8.7370124569928,11.965414921848));
#3064=CARTESIAN_POINT('',(21.345380490575,8.7459629886011,11.350548377496));
#3065=CARTESIAN_POINT('',(21.660943337198,8.7588307987599,10.736039107382));
#3066=CARTESIAN_POINT('',(21.866365092996,8.7683586234712,10.337674413475));
#3067=CARTESIAN_POINT('',(21.968624494724,8.7728914724801,10.138290787204));
#3068=CARTESIAN_POINT('',(17.211210880617,6.5001756376278,19.582780409497));
#3069=CARTESIAN_POINT('',(17.32106834992,6.6002721189967,19.413824557727));
#3070=CARTESIAN_POINT('',(17.540634882586,6.8024244798066,19.077075557182));
#3071=CARTESIAN_POINT('',(17.876015017732,7.1071486432322,18.558620238491));
#3072=CARTESIAN_POINT('',(18.210769942426,7.3726421664227,18.033045501016));
#3073=CARTESIAN_POINT('',(18.552039124833,7.6340552756136,17.494673574205));
#3074=CARTESIAN_POINT('',(18.893037537677,7.8522480891399,16.941989326899));
#3075=CARTESIAN_POINT('',(19.233351480807,8.0438644353898,16.379360173908));
#3076=CARTESIAN_POINT('',(19.567381698281,8.2101237305483,15.804715749652));
#3077=CARTESIAN_POINT('',(19.894029139191,8.3428251144187,15.217942745477));
#3078=CARTESIAN_POINT('',(20.217518592866,8.4476252850804,14.624724229764));
#3079=CARTESIAN_POINT('',(20.539115498412,8.5285479869033,14.026040427042));
#3080=CARTESIAN_POINT('',(20.858708268191,8.5894401239781,13.422920780561));
#3081=CARTESIAN_POINT('',(21.176997807135,8.6336355471416,12.815778939848));
#3082=CARTESIAN_POINT('',(21.493495991138,8.6629260207545,12.205563829428));
#3083=CARTESIAN_POINT('',(21.809397769905,8.6794756026622,11.591905906011));
#3084=CARTESIAN_POINT('',(22.12364107793,8.6778388573226,10.974320721138));
#3085=CARTESIAN_POINT('',(22.32433040614,8.6885581979165,10.576944254563));
#3086=CARTESIAN_POINT('',(22.42578630834,8.6915937006031,10.376833531618));
#3087=CARTESIAN_POINT('',(17.430019330705,6.4626933979677,19.670578905336));
#3088=CARTESIAN_POINT('',(17.539872422406,6.5628934254724,19.501902249145));
#3089=CARTESIAN_POINT('',(17.759753032192,6.7630653318329,19.164189173032));
#3090=CARTESIAN_POINT('',(18.092508238976,7.0535889660047,18.651674496258));
#3091=CARTESIAN_POINT('',(18.429740020792,7.3284180368227,18.128382485886));
#3092=CARTESIAN_POINT('',(18.770162002296,7.577277458991,17.593142059766));
#3093=CARTESIAN_POINT('',(19.11248757233,7.7992139223827,17.045567780788));
#3094=CARTESIAN_POINT('',(19.452961575676,7.992477130239,16.485952588367));
#3095=CARTESIAN_POINT('',(19.788308383266,8.1584553657244,15.913995769014));
#3096=CARTESIAN_POINT('',(20.117473196447,8.2949862365982,15.330741442641));
#3097=CARTESIAN_POINT('',(20.442337154048,8.40344015692,14.739127472695));
#3098=CARTESIAN_POINT('',(20.764800406082,8.4877826009422,14.141608812536));
#3099=CARTESIAN_POINT('',(21.085588497189,8.5516717421428,13.539363535955));
#3100=CARTESIAN_POINT('',(21.405026699966,8.5960906764813,12.932506141512));
#3101=CARTESIAN_POINT('',(21.722742820355,8.6263512786519,12.322624832409));
#3102=CARTESIAN_POINT('',(22.039598215042,8.6404196268803,11.707958374465));
#3103=CARTESIAN_POINT('',(22.349207123247,8.6467951992686,11.096497337474));
#3104=CARTESIAN_POINT('',(22.552027085405,8.6509130596976,10.695463215527));
#3105=CARTESIAN_POINT('',(22.653219986261,8.654501477002,10.495737141803));
#3106=CARTESIAN_POINT('',(12.674740357723,7.9154119487452,17.47069453472));
#3107=CARTESIAN_POINT('',(12.782218888613,7.99931833793,17.29049424718));
#3108=CARTESIAN_POINT('',(12.997262898697,8.1670138887443,16.930185367932));
#3109=CARTESIAN_POINT('',(13.32368013341,8.4124383918602,16.378943068737));
#3110=CARTESIAN_POINT('',(13.659916933061,8.6321221803697,15.81321787095));
#3111=CARTESIAN_POINT('',(13.995280050585,8.8118631746809,15.239459466029));
#3112=CARTESIAN_POINT('',(14.33247258882,8.9592585192477,14.662627379214));
#3113=CARTESIAN_POINT('',(14.672159350552,9.0784269807651,14.083491151038));
#3114=CARTESIAN_POINT('',(15.010080141716,9.1721953993038,13.501404985506));
#3115=CARTESIAN_POINT('',(15.344496181423,9.2443369579568,12.915768118401));
#3116=CARTESIAN_POINT('',(15.674965046334,9.2977429962224,12.328427671762));
#3117=CARTESIAN_POINT('',(16.001632390117,9.3355529440875,11.741829268072));
#3118=CARTESIAN_POINT('',(16.324366458845,9.3611472756517,11.158589598432));
#3119=CARTESIAN_POINT('',(16.642487280771,9.3775081313534,10.58106672568));
#3120=CARTESIAN_POINT('',(16.955362526149,9.3889488509404,10.010746843806));
#3121=CARTESIAN_POINT('',(17.262429855088,9.3971986224521,9.4476519611078));
#3122=CARTESIAN_POINT('',(17.564123461579,9.4052054999137,8.8913705147282));
#3123=CARTESIAN_POINT('',(17.762984171263,9.4100726597272,8.5222189659215));
#3124=CARTESIAN_POINT('',(17.862400815437,9.4128026236621,8.3377946927614));
#3125=CARTESIAN_POINT('',(12.897755041437,7.8452227335968,17.58269189259));
#3126=CARTESIAN_POINT('',(13.005349649605,7.9295608913232,17.402501632179));
#3127=CARTESIAN_POINT('',(13.220231406104,8.0988992719019,17.041525735017));
#3128=CARTESIAN_POINT('',(13.54857548089,8.3517532560002,16.491176851103));
#3129=CARTESIAN_POINT('',(13.886468858485,8.5765533139737,15.922630582145));
#3130=CARTESIAN_POINT('',(14.214105301021,8.7561601904734,15.348795842619));
#3131=CARTESIAN_POINT('',(14.551126411218,8.9088069087784,14.769749658707));
#3132=CARTESIAN_POINT('',(14.888879013173,9.0302268972322,14.190730444578));
#3133=CARTESIAN_POINT('',(15.224181830009,9.1272884685404,13.605826929385));
#3134=CARTESIAN_POINT('',(15.555691792545,9.2013441696409,13.016621943274));
#3135=CARTESIAN_POINT('',(15.884000831561,9.256711685335,12.425576005807));
#3136=CARTESIAN_POINT('',(16.20916946769,9.2961533675802,11.834462896752));
#3137=CARTESIAN_POINT('',(16.531055415268,9.3224284589564,11.246711519596));
#3138=CARTESIAN_POINT('',(16.84946401246,9.3403986190022,10.664254811454));
#3139=CARTESIAN_POINT('',(17.162319327844,9.349258589477,10.089455977033));
#3140=CARTESIAN_POINT('',(17.470885618327,9.3619437955573,9.5221406701877));
#3141=CARTESIAN_POINT('',(17.773266689946,9.3661850542115,8.9604774232821));
#3142=CARTESIAN_POINT('',(17.971982627857,9.373050429366,8.5930441944289));
#3143=CARTESIAN_POINT('',(18.071451756928,9.3756616507633,8.4082283116421));
#3144=CARTESIAN_POINT('',(13.344730167234,7.6940099616291,17.809296547367));
#3145=CARTESIAN_POINT('',(13.453461037685,7.7799653195556,17.629723735437));
#3146=CARTESIAN_POINT('',(13.669477923122,7.9473003095397,17.271751851046));
#3147=CARTESIAN_POINT('',(14.009661463952,8.2247597391134,16.717112584574));
#3148=CARTESIAN_POINT('',(14.343552069113,8.4557806722287,16.152635065247));
#3149=CARTESIAN_POINT('',(14.675126879125,8.6478079385007,15.578658313705));
#3150=CARTESIAN_POINT('',(15.001805428106,8.804997215967,14.99673830776));
#3151=CARTESIAN_POINT('',(15.327702384993,8.9326160005044,14.408690856696));
#3152=CARTESIAN_POINT('',(15.651778216153,9.0355410044359,13.815493147861));
#3153=CARTESIAN_POINT('',(15.973654490776,9.1176687749213,13.217419531862));
#3154=CARTESIAN_POINT('',(16.294711219851,9.1782922208122,12.614469044705));
#3155=CARTESIAN_POINT('',(16.61707019479,9.2191136542216,12.012292177243));
#3156=CARTESIAN_POINT('',(16.94028286667,9.244918754325,11.413404333888));
#3157=CARTESIAN_POINT('',(17.261051443716,9.2601943375067,10.822267565349));
#3158=CARTESIAN_POINT('',(17.578778451837,9.278097779432,10.239836036649));
#3159=CARTESIAN_POINT('',(17.886560013961,9.2773977292196,9.6698911277202));
#3160=CARTESIAN_POINT('',(18.190676040636,9.2959171250077,9.1101407680171));
#3161=CARTESIAN_POINT('',(18.391863574897,9.2986373917313,8.7299959090633));
#3162=CARTESIAN_POINT('',(18.49207829236,9.3013956720278,8.5423969734599));
#3163=CARTESIAN_POINT('',(14.026292923663,7.4560164956913,18.14086620353));
#3164=CARTESIAN_POINT('',(14.136374819955,7.5491450693626,17.961980778633));
#3165=CARTESIAN_POINT('',(14.356204948132,7.7338638555984,17.604888325644));
#3166=CARTESIAN_POINT('',(14.694908014521,8.0240297105072,17.05588430413));
#3167=CARTESIAN_POINT('',(15.031752743381,8.2733591884489,16.494908902876));
#3168=CARTESIAN_POINT('',(15.363964266467,8.4785548096723,15.924869327456));
#3169=CARTESIAN_POINT('',(15.693695124124,8.6481961455696,15.346318380536));
#3170=CARTESIAN_POINT('',(16.019869563856,8.7859259074703,14.760462156045));
#3171=CARTESIAN_POINT('',(16.343691361508,8.8961654751271,14.168226485126));
#3172=CARTESIAN_POINT('',(16.665445338006,8.9826929579612,13.570660832106));
#3173=CARTESIAN_POINT('',(16.985323465308,9.0495666178995,12.968689243851));
#3174=CARTESIAN_POINT('',(17.303481114529,9.0983816066949,12.361896160932));
#3175=CARTESIAN_POINT('',(17.620271689246,9.1318225930845,11.752022638428));
#3176=CARTESIAN_POINT('',(17.936327780035,9.1503837078424,11.137529414093));
#3177=CARTESIAN_POINT('',(18.250374432524,9.153316158241,10.521062052516));
#3178=CARTESIAN_POINT('',(18.568685992708,9.1805618487688,9.9048070488953));
#3179=CARTESIAN_POINT('',(18.878331422727,9.1762106352177,9.3012666262498));
#3180=CARTESIAN_POINT('',(19.079132958607,9.1855213079681,8.9242025736601));
#3181=CARTESIAN_POINT('',(19.179884375733,9.1886661078487,8.7326472930178));
#3182=CARTESIAN_POINT('',(14.706107556522,7.1984837157257,18.473120554037));
#3183=CARTESIAN_POINT('',(14.817070024998,7.2992983256704,18.295187408604));
#3184=CARTESIAN_POINT('',(15.037767176098,7.4976181961623,17.938877518588));
#3185=CARTESIAN_POINT('',(15.381279559177,7.819215209751,17.393122974083));
#3186=CARTESIAN_POINT('',(15.718651742063,8.0827830914477,16.836076231668));
#3187=CARTESIAN_POINT('',(16.052531446634,8.3040963804424,16.269037696896));
#3188=CARTESIAN_POINT('',(16.382725787115,8.4870455709316,15.693474293459));
#3189=CARTESIAN_POINT('',(16.710259502412,8.6362669597656,15.11027426579));
#3190=CARTESIAN_POINT('',(17.035200862766,8.7564859078378,14.520573175103));
#3191=CARTESIAN_POINT('',(17.357918240732,8.8518781799811,13.92514688517));
#3192=CARTESIAN_POINT('',(17.678690414004,8.9253783149235,13.32474545738));
#3193=CARTESIAN_POINT('',(17.997942786503,8.9810797607928,12.72046528314));
#3194=CARTESIAN_POINT('',(18.31548885206,9.0186579538059,12.111940218999));
#3195=CARTESIAN_POINT('',(18.631970910785,9.0449068278388,11.501116494877));
#3196=CARTESIAN_POINT('',(18.946767627595,9.0515468187639,10.885419738384));
#3197=CARTESIAN_POINT('',(19.262017771232,9.0683345004078,10.27276098029));
#3198=CARTESIAN_POINT('',(19.578744680854,9.0841121801143,9.6564346876994));
#3199=CARTESIAN_POINT('',(19.782792967975,9.0902595275652,9.2543304921525));
#3200=CARTESIAN_POINT('',(19.885139005784,9.0933465298877,9.0540547582011));
#3201=CARTESIAN_POINT('',(15.383756609683,6.9311103537583,18.794744333034));
#3202=CARTESIAN_POINT('',(15.496458661937,7.0439068765446,18.619095076728));
#3203=CARTESIAN_POINT('',(15.722391120574,7.2709346127668,18.268544629612));
#3204=CARTESIAN_POINT('',(16.066066298615,7.6051650370141,17.728339522209));
#3205=CARTESIAN_POINT('',(16.405424558146,7.8884413092536,17.175950868975));
#3206=CARTESIAN_POINT('',(16.740680294716,8.1251646974365,16.612710187033));
#3207=CARTESIAN_POINT('',(17.072356565717,8.3203942683222,16.040050538978));
#3208=CARTESIAN_POINT('',(17.400872699148,8.4821760234096,15.459676843923));
#3209=CARTESIAN_POINT('',(17.726534555111,8.6126850197791,14.872083843965));
#3210=CARTESIAN_POINT('',(18.049906081427,8.7169258175778,14.278628039631));
#3211=CARTESIAN_POINT('',(18.371270078406,8.7980543597758,13.679872632029));
#3212=CARTESIAN_POINT('',(18.690911368121,8.8606074245332,13.076921069584));
#3213=CARTESIAN_POINT('',(19.008996660702,8.9041774624013,12.469505174834));
#3214=CARTESIAN_POINT('',(19.325878152309,8.9356098554484,11.859593428527));
#3215=CARTESIAN_POINT('',(19.64125885496,8.9471282483964,11.244633751172));
#3216=CARTESIAN_POINT('',(19.956257768937,8.9585708057444,10.630686492609));
#3217=CARTESIAN_POINT('',(20.272727567268,8.9777611274888,10.016776821967));
#3218=CARTESIAN_POINT('',(20.479379305817,8.9761684120306,9.6109520269378));
#3219=CARTESIAN_POINT('',(20.582433300276,8.9779058609493,9.4090419554793));
#3220=CARTESIAN_POINT('',(16.063778628438,6.6541067860306,19.117133459639));
#3221=CARTESIAN_POINT('',(16.17616604383,6.7698862392968,18.944513207947));
#3222=CARTESIAN_POINT('',(16.400798101081,7.0068298329901,18.60155939644));
#3223=CARTESIAN_POINT('',(16.751081198138,7.3856670276311,18.062960944629));
#3224=CARTESIAN_POINT('',(17.091094939809,7.6825642854681,17.513581163131));
#3225=CARTESIAN_POINT('',(17.428093113688,7.9384404478697,16.954051969314));
#3226=CARTESIAN_POINT('',(17.760789033616,8.1507815175234,16.385276421275));
#3227=CARTESIAN_POINT('',(18.090401042303,8.3239154525044,15.807401968856));
#3228=CARTESIAN_POINT('',(18.417320485253,8.4653635976813,15.222716806577));
#3229=CARTESIAN_POINT('',(18.741712764036,8.5791933892939,14.63145253102));
#3230=CARTESIAN_POINT('',(19.063846839238,8.6687530542671,14.034719131426));
#3231=CARTESIAN_POINT('',(19.384214578703,8.7376255533754,13.433252119273));
#3232=CARTESIAN_POINT('',(19.702906577777,8.7886481249049,12.827806086116));
#3233=CARTESIAN_POINT('',(20.020186007763,8.8229578338617,12.218429172337));
#3234=CARTESIAN_POINT('',(20.336230788947,8.8450042277169,11.606492521585));
#3235=CARTESIAN_POINT('',(20.650791929853,8.8489098230184,10.990049503088));
#3236=CARTESIAN_POINT('',(20.967379387065,8.873707581347,10.378126651169));
#3237=CARTESIAN_POINT('',(21.170939607513,8.8768267850911,9.9785634900656));
#3238=CARTESIAN_POINT('',(21.273506392771,8.8798277328583,9.7783167640993));
#3239=CARTESIAN_POINT('',(16.771568948109,6.571059815776,19.410963272245));
#3240=CARTESIAN_POINT('',(16.882072323007,6.6742691345017,19.241849952917));
#3241=CARTESIAN_POINT('',(17.103443494561,6.8764955536701,18.901585052663));
#3242=CARTESIAN_POINT('',(17.434002467245,7.1679738248807,18.394782237039));
#3243=CARTESIAN_POINT('',(17.779173115788,7.5023194119674,17.85636538911));
#3244=CARTESIAN_POINT('',(18.115597977081,7.7497875099461,17.29637047872));
#3245=CARTESIAN_POINT('',(18.450314879,7.9709997905883,16.729909203446));
#3246=CARTESIAN_POINT('',(18.781123047258,8.1608958054058,16.155683368948));
#3247=CARTESIAN_POINT('',(19.10827030411,8.3145661308618,15.572701703033));
#3248=CARTESIAN_POINT('',(19.433119957587,8.4373779280897,14.983415252795));
#3249=CARTESIAN_POINT('',(19.756032229795,8.535589694267,14.388555609799));
#3250=CARTESIAN_POINT('',(20.076847135151,8.611611145302,13.78866061396));
#3251=CARTESIAN_POINT('',(20.396210969466,8.6697407590726,13.184611639366));
#3252=CARTESIAN_POINT('',(20.713821933715,8.7096511792981,12.576569815788));
#3253=CARTESIAN_POINT('',(21.030599385189,8.7370124569928,11.965414921848));
#3254=CARTESIAN_POINT('',(21.345380490575,8.7459629886011,11.350548377496));
#3255=CARTESIAN_POINT('',(21.660943337198,8.7588307987599,10.736039107382));
#3256=CARTESIAN_POINT('',(21.866365092996,8.7683586234712,10.337674413475));
#3257=CARTESIAN_POINT('',(21.968624494724,8.7728914724801,10.138290787204));
#3258=CARTESIAN_POINT('',(17.211210880617,6.5001756376278,19.582780409497));
#3259=CARTESIAN_POINT('',(17.32106834992,6.6002721189967,19.413824557727));
#3260=CARTESIAN_POINT('',(17.540634882586,6.8024244798066,19.077075557182));
#3261=CARTESIAN_POINT('',(17.876015017732,7.1071486432322,18.558620238491));
#3262=CARTESIAN_POINT('',(18.210769942426,7.3726421664227,18.033045501016));
#3263=CARTESIAN_POINT('',(18.552039124833,7.6340552756136,17.494673574205));
#3264=CARTESIAN_POINT('',(18.893037537677,7.8522480891399,16.941989326899));
#3265=CARTESIAN_POINT('',(19.233351480807,8.0438644353898,16.379360173908));
#3266=CARTESIAN_POINT('',(19.567381698281,8.2101237305483,15.804715749652));
#3267=CARTESIAN_POINT('',(19.894029139191,8.3428251144187,15.217942745477));
#3268=CARTESIAN_POINT('',(20.217518592866,8.4476252850804,14.624724229764));
#3269=CARTESIAN_POINT('',(20.539115498412,8.5285479869033,14.026040427042));
#3270=CARTESIAN_POINT('',(20.858708268191,8.5894401239781,13.422920780561));
#3271=CARTESIAN_POINT('',(21.176997807135,8.6336355471416,12.815778939848));
#3272=CARTESIAN_POINT('',(21.493495991138,8.6629260207545,12.205563829428));
#3273=CARTESIAN_POINT('',(21.809397769905,8.6794756026622,11.591905906011));
#3274=CARTESIAN_POINT('',(22.12364107793,8.6778388573226,10.974320721138));
#3275=CARTESIAN_POINT('',(22.32433040614,8.6885581979165,10.576944254563));
#3276=CARTESIAN_POINT('',(22.42578630834,8.6915937006031,10.376833531618));
#3277=CARTESIAN_POINT('',(17.430019330705,6.4626933979677,19.670578905336));
#3278=CARTESIAN_POINT('',(17.539872422406,6.5628934254724,19.501902249145));
#3279=CARTESIAN_POINT('',(17.759753032192,6.7630653318329,19.164189173032));
#3280=CARTESIAN_POINT('',(18.092508238976,7.0535889660047,18.651674496258));
#3281=CARTESIAN_POINT('',(18.429740020792,7.3284180368227,18.128382485886));
#3282=CARTESIAN_POINT('',(18.770162002296,7.577277458991,17.593142059766));
#3283=CARTESIAN_POINT('',(19.11248757233,7.7992139223827,17.045567780788));
#3284=CARTESIAN_POINT('',(19.452961575676,7.992477130239,16.485952588367));
#3285=CARTESIAN_POINT('',(19.788308383266,8.1584553657244,15.913995769014));
#3286=CARTESIAN_POINT('',(20.117473196447,8.2949862365982,15.330741442641));
#3287=CARTESIAN_POINT('',(20.442337154048,8.40344015692,14.739127472695));
#3288=CARTESIAN_POINT('',(20.764800406082,8.4877826009422,14.141608812536));
#3289=CARTESIAN_POINT('',(21.085588497189,8.5516717421428,13.539363535955));
#3290=CARTESIAN_POINT('',(21.405026699966,8.5960906764813,12.932506141512));
#3291=CARTESIAN_POINT('',(21.722742820355,8.6263512786519,12.322624832409));
#3292=CARTESIAN_POINT('',(22.039598215042,8.6404196268803,11.707958374465));
#3293=CARTESIAN_POINT('',(22.349207123247,8.6467951992686,11.096497337474));
#3294=CARTESIAN_POINT('',(22.552027085405,8.6509130596976,10.695463215527));
#3295=CARTESIAN_POINT('',(22.653219986261,8.654501477002,10.495737141803));
#3296=CARTESIAN_POINT('',(17.8776622425995,8.43406416824687,13.1202540124504));
#3297=CARTESIAN_POINT('',(17.8776622425995,8.88264274578201,13.1202540124504));
#3298=CARTESIAN_POINT('',(17.8776622425995,8.93345333797411,13.1202540124504));
#3299=CARTESIAN_POINT('',(17.8776622425995,8.93345333797411,13.1202540124504));
#3300=CARTESIAN_POINT('',(17.8906182152105,8.93477504861885,13.1027008286848));
#3301=CARTESIAN_POINT('',(17.9035751020462,8.93607158895101,13.0851464062974));
#3302=CARTESIAN_POINT('',(17.9165328521523,8.93734293006051,13.067590814322));
#3303=CARTESIAN_POINT('',(17.9165328521523,8.93734293006051,13.067590814322));
#3304=CARTESIAN_POINT('',(17.8776622425995,8.93406416824687,13.1202540124504));
#3305=CARTESIAN_POINT('',(17.9140772950335,8.93713580218149,13.0709176849972));
#3306=CARTESIAN_POINT('',(17.9504923474674,8.9402074361161,13.021581357544));
#3307=CARTESIAN_POINT('',(17.9869073999014,8.94327907005072,12.9722450300907));
#3308=CARTESIAN_POINT('',(17.9869073999014,8.94327907005072,12.9722450300907));
#3309=CARTESIAN_POINT('',(17.9869073999014,8.44327907005071,12.9722450300907));
#3310=CARTESIAN_POINT('',(17.9869073999014,8.89323441700822,12.9722450300907));
#3311=CARTESIAN_POINT('',(17.8776622425995,8.88264274578201,13.1202540124504));
#3312=CARTESIAN_POINT('',(17.9140702789927,8.88637284123717,13.0709271905632));
#3313=CARTESIAN_POINT('',(17.9504857094125,8.88990367389656,13.0215903510022));
#3314=CARTESIAN_POINT('',(17.9869073999014,8.89323441700822,12.9722450300907));
#3315=CARTESIAN_POINT('',(17.8776622425995,8.43406416824687,13.1202540124504));
#3316=CARTESIAN_POINT('',(17.9869073999014,8.94327907005072,12.9722450300907));
#3317=CARTESIAN_POINT('',(18.3878135143026,8.86100768287981,13.2630309546395));
#3318=CARTESIAN_POINT('',(18.7887196287037,8.7787362957089,13.5538168791883));
#3319=CARTESIAN_POINT('',(19.1896257431049,8.69646490853799,13.8446028037371));
#3320=CARTESIAN_POINT('',(18.2705852565394,8.88506451572758,13.1780027495501));
#3321=CARTESIAN_POINT('',(18.2705852565395,8.88506451572766,13.1780027495501));
#3322=CARTESIAN_POINT('',(18.5772039434797,8.82072635322944,13.4003999521945));
#3323=CARTESIAN_POINT('',(18.8835762184972,8.75463351622554,13.6226184269119));
#3324=CARTESIAN_POINT('',(19.1896257431049,8.686242406031,13.8446028037371));
#3325=CARTESIAN_POINT('',(19.1896257431049,8.686242406031,13.8446028037371));
#3326=CARTESIAN_POINT('',(19.1896257431049,8.19646490853799,13.8446028037371));
#3327=CARTESIAN_POINT('',(19.1896257431049,8.63526027827838,13.8446028037371));
#3328=CARTESIAN_POINT('',(17.9869073999014,8.89323441700822,12.9722450300907));
#3329=CARTESIAN_POINT('',(18.3882904923912,8.81063668552641,13.2633769172216));
#3330=CARTESIAN_POINT('',(18.7892218902384,8.72482519496415,13.5541811804036));
#3331=CARTESIAN_POINT('',(19.1896257431049,8.63526027827837,13.8446028037371));
#3332=CARTESIAN_POINT('',(17.9869073999014,8.44327907005071,12.9722450300907));
#3333=CARTESIAN_POINT('',(19.1896257431049,8.686242406031,13.8446028037371));
#3334=CARTESIAN_POINT('',(19.1661031070384,8.68301456514481,13.8764720555428));
#3335=CARTESIAN_POINT('',(19.1425848860437,8.67969409245569,13.9083353256622));
#3336=CARTESIAN_POINT('',(19.1190715790141,8.67627894875118,13.9401919381778));
#3337=CARTESIAN_POINT('',(19.1190715790141,8.67627894875118,13.9401919381778));
#3338=CARTESIAN_POINT('',(19.1190715790141,8.19051361778966,13.9401919381778));
#3339=CARTESIAN_POINT('',(19.1190715790141,8.62525571536234,13.9401919381778));
#3340=CARTESIAN_POINT('',(19.1896257431049,8.63526027827838,13.8446028037371));
#3341=CARTESIAN_POINT('',(19.1661030689853,8.63201912412054,13.8764721070985));
#3342=CARTESIAN_POINT('',(19.1425848462004,8.62868496007813,13.9083353796433));
#3343=CARTESIAN_POINT('',(19.1190715790141,8.62525571536234,13.9401919381778));
#3344=CARTESIAN_POINT('',(19.1896257431049,8.19646490853799,13.8446028037371));
#3345=CARTESIAN_POINT('',(19.1190715790141,8.67627894875118,13.9401919381778));
#3346=CARTESIAN_POINT('',(19.070944144373,8.68239304519391,13.9320421240999));
#3347=CARTESIAN_POINT('',(19.0228499144551,8.68694301382861,13.9326116638828));
#3348=CARTESIAN_POINT('',(18.9507295950143,8.69264735321058,13.9395778521033));
#3349=CARTESIAN_POINT('',(18.9266334261969,8.69434973409396,13.9430175252116));
#3350=CARTESIAN_POINT('',(18.8787583323874,8.69741913705423,13.9515231501743));
#3351=CARTESIAN_POINT('',(18.8549889479111,8.69880182551533,13.9564983974727));
#3352=CARTESIAN_POINT('',(18.7843170163953,8.70236969895954,13.9741584568658));
#3353=CARTESIAN_POINT('',(18.7378857192854,8.70398966032316,13.9895787419295));
#3354=CARTESIAN_POINT('',(18.6478223761352,8.70581651696939,14.0260654420459));
#3355=CARTESIAN_POINT('',(18.6040361618387,8.70603546220265,14.0471477812068));
#3356=CARTESIAN_POINT('',(18.5612872916622,8.70563598344498,14.0705958715941));
#3357=CARTESIAN_POINT('',(18.5612872916622,8.70563598344498,14.0705958715941));
#3358=CARTESIAN_POINT('',(18.5612872916622,8.23050802285739,14.0705958715941));
#3359=CARTESIAN_POINT('',(18.5612872916622,8.65452289722658,14.0705958715941));
#3360=CARTESIAN_POINT('',(19.1190715790141,8.62525571536234,13.9401919381778));
#3361=CARTESIAN_POINT('',(19.0709443706695,8.63137046372345,13.9320421624206));
#3362=CARTESIAN_POINT('',(19.0228501556517,8.63591763898792,13.9326116495924));
#3363=CARTESIAN_POINT('',(18.9507296925748,8.64161513321509,13.9395778381763));
#3364=CARTESIAN_POINT('',(18.9266334403201,8.64331475714914,13.9430175207987));
#3365=CARTESIAN_POINT('',(18.8787581565391,8.64637794524623,13.9515231833197));
#3366=CARTESIAN_POINT('',(18.8549886809985,8.64775720379947,13.9564984547133));
#3367=CARTESIAN_POINT('',(18.7843164906763,8.65131354011895,13.974158607152));
#3368=CARTESIAN_POINT('',(18.7378850619691,8.65292413332218,13.9895789798631));
#3369=CARTESIAN_POINT('',(18.647821892701,8.65472937134972,14.0260656662566));
#3370=CARTESIAN_POINT('',(18.6040358775746,8.65493605553371,14.0471479371279));
#3371=CARTESIAN_POINT('',(18.5612872916622,8.65452289722682,14.0705958715941));
#3372=CARTESIAN_POINT('',(19.1190715790141,8.19051361778966,13.9401919381778));
#3373=CARTESIAN_POINT('',(19.0483954361687,8.19954736521364,13.9282237660069));
#3374=CARTESIAN_POINT('',(18.9625315233826,8.20774366285673,13.9336454328429));
#3375=CARTESIAN_POINT('',(18.7611516751113,8.22270447913408,13.9769801016357));
#3376=CARTESIAN_POINT('',(18.6608920614939,8.2277298034939,14.0159618745697));
#3377=CARTESIAN_POINT('',(18.5612872916622,8.23050802285739,14.0705958715941));
#3378=CARTESIAN_POINT('',(18.5612872916622,8.70563598344498,14.0705958715941));
#3379=CARTESIAN_POINT('',(18.5139018354597,8.7166416484306,14.036226169569));
#3380=CARTESIAN_POINT('',(18.46650785288,8.72759141604297,14.001850283177));
#3381=CARTESIAN_POINT('',(18.4191060658669,8.73848922978693,13.9674687360599));
#3382=CARTESIAN_POINT('',(18.4191060658669,8.73848922978693,13.9674687360599));
#3383=CARTESIAN_POINT('',(18.4191060658669,8.25968554411648,13.9674687360599));
#3384=CARTESIAN_POINT('',(18.4191060658669,8.68741175893012,13.9674687360599));
#3385=CARTESIAN_POINT('',(18.5612872916622,8.65452289722658,14.0705958715941));
#3386=CARTESIAN_POINT('',(18.513901906877,8.66554084393029,14.0362262213695));
#3387=CARTESIAN_POINT('',(18.4665079231345,8.67650248128204,14.0018503341342));
#3388=CARTESIAN_POINT('',(18.4191060658669,8.68741175893012,13.9674687360599));
#3389=CARTESIAN_POINT('',(18.5612872916622,8.23050802285739,14.0705958715941));
#3390=CARTESIAN_POINT('',(18.4191060658669,8.73848922978693,13.9674687360599));
#3391=CARTESIAN_POINT('',(18.4491507466083,8.73932401967877,13.9475117040412));
#3392=CARTESIAN_POINT('',(18.480399141512,8.73961080160601,13.9296471347127));
#3393=CARTESIAN_POINT('',(18.5443547764704,8.73951612062935,13.8964538959388));
#3394=CARTESIAN_POINT('',(18.5770213457338,8.73912730527464,13.8811836758895));
#3395=CARTESIAN_POINT('',(18.6431193386654,8.73788447547489,13.8525264910998));
#3396=CARTESIAN_POINT('',(18.6766606214589,8.73699644823498,13.8392653999292));
#3397=CARTESIAN_POINT('',(18.7447069652371,8.73445199304444,13.8163341392124));
#3398=CARTESIAN_POINT('',(18.7792482439049,8.73280412438175,13.8065940064196));
#3399=CARTESIAN_POINT('',(18.8147100626036,8.73052139075693,13.799915177243));
#3400=CARTESIAN_POINT('',(18.8147100626036,8.73052139075693,13.799915177243));
#3401=CARTESIAN_POINT('',(18.8147100626036,8.24176921132816,13.799915177243));
#3402=CARTESIAN_POINT('',(18.8147100626036,8.67953612240932,13.799915177243));
#3403=CARTESIAN_POINT('',(18.419106065867,8.68741175893012,13.9674687360599));
#3404=CARTESIAN_POINT('',(18.4491504618453,8.68825726401687,13.9475118931936));
#3405=CARTESIAN_POINT('',(18.4803986827384,8.68855369537878,13.9296473923497));
#3406=CARTESIAN_POINT('',(18.5443541412076,8.68847695569989,13.8964542061116));
#3407=CARTESIAN_POINT('',(18.5770206984639,8.68809640262088,13.8811839730444));
#3408=CARTESIAN_POINT('',(18.6431187363169,8.6868690541873,13.8525267357248));
#3409=CARTESIAN_POINT('',(18.6766600921295,8.68598818200643,13.8392655951467));
#3410=CARTESIAN_POINT('',(18.7447066322449,8.68345652834907,13.816334234593));
#3411=CARTESIAN_POINT('',(18.7792480428876,8.68181434251537,13.8065940442789));
#3412=CARTESIAN_POINT('',(18.8147100626036,8.67953612240995,13.799915177243));
#3413=CARTESIAN_POINT('',(18.4191060658669,8.25968554411648,13.9674687360599));
#3414=CARTESIAN_POINT('',(18.4698709615037,8.25908746082747,13.933748402788));
#3415=CARTESIAN_POINT('',(18.533233621118,8.25715630416734,13.9001703130866));
#3416=CARTESIAN_POINT('',(18.686657105222,8.25042253264701,13.8336482308752));
#3417=CARTESIAN_POINT('',(18.7546023934738,8.24645936150681,13.8112357713087));
#3418=CARTESIAN_POINT('',(18.8147100626036,8.24176921132816,13.799915177243));
#3419=CARTESIAN_POINT('',(18.8147100626036,8.73052139075693,13.799915177243));
#3420=CARTESIAN_POINT('',(18.5026549038346,8.80023793968423,13.573574783337));
#3421=CARTESIAN_POINT('',(18.1903089391194,8.86790523726967,13.3470234615532));
#3422=CARTESIAN_POINT('',(17.8776622425995,8.93345333797411,13.1202540124504));
#3423=CARTESIAN_POINT('',(18.8147100626037,8.67953612240932,13.7999151772431));
#3424=CARTESIAN_POINT('',(18.5026564400105,8.74931993008253,13.5735758975588));
#3425=CARTESIAN_POINT('',(18.190309639224,8.81703954644211,13.3470239693542));
#3426=CARTESIAN_POINT('',(17.8776622425995,8.88264274578201,13.1202540124504));
#3427=CARTESIAN_POINT('',(18.8147100626036,8.24176921132816,13.799915177243));
#3428=CARTESIAN_POINT('',(17.9165328521523,8.9373429300605,13.0675908143221));
#3429=CARTESIAN_POINT('',(18.0332191028408,8.91943165398309,13.1088768208827));
#3430=CARTESIAN_POINT('',(18.1516982939162,8.90217378239599,13.1441262409002));
#3431=CARTESIAN_POINT('',(18.2705852565386,8.88506451572732,13.1780027495529));
#3432=CARTESIAN_POINT('',(18.8618124021022,8.71522623994309,13.9553190512325));
#3433=CARTESIAN_POINT('',(18.9650437679243,8.57560861968848,14.2813556277713));
#3434=CARTESIAN_POINT('',(19.0792933979533,8.60683864893567,14.0699188226902));
#3435=CARTESIAN_POINT('',(19.1931809564403,8.6339389982012,13.857483703311));
#3436=CARTESIAN_POINT('',(19.3067624616093,8.65748954148049,13.6442055486973));
#3437=CARTESIAN_POINT('',(18.7403120236669,8.61937611855405,14.1667872054827));
#3438=CARTESIAN_POINT('',(18.8544809205057,8.64965464166059,13.9551229784958));
#3439=CARTESIAN_POINT('',(18.9682987292227,8.67591884292299,13.742479311549));
#3440=CARTESIAN_POINT('',(19.0818094005727,8.69866698952655,13.5290151358307));
#3441=CARTESIAN_POINT('',(18.5155129939462,8.66251855791041,14.0520633677552));
#3442=CARTESIAN_POINT('',(18.6295967703415,8.69186022110911,13.840161626656));
#3443=CARTESIAN_POINT('',(18.7433371901131,8.7173332760608,13.62731137622));
#3444=CARTESIAN_POINT('',(18.8567648050423,8.7393097704229,13.4136589438249));
#3445=CARTESIAN_POINT('',(18.2906819394013,8.70527442356624,13.9372475737355));
#3446=CARTESIAN_POINT('',(18.4046886238296,8.7337087717871,13.7251258654857));
#3447=CARTESIAN_POINT('',(18.518366407494,8.75837980834722,13.5120857007997));
#3448=CARTESIAN_POINT('',(18.6317273009841,8.77958617348524,13.2982594785915));
#3449=CARTESIAN_POINT('',(18.0658508848564,8.74803028922207,13.8224317797159));
#3450=CARTESIAN_POINT('',(18.1797804773177,8.77555732246508,13.6100901043153));
#3451=CARTESIAN_POINT('',(18.2933956248748,8.79942634063364,13.3968600253794));
#3452=CARTESIAN_POINT('',(18.406689796926,8.81986257654758,13.1828600133581));
#3453=CARTESIAN_POINT('',(17.8410219065919,8.79042599684803,13.7075476424278));
#3454=CARTESIAN_POINT('',(17.9548868879655,8.81707570295739,13.4950082715227));
#3455=CARTESIAN_POINT('',(18.068456262143,8.84012691827028,13.281608221988));
#3456=CARTESIAN_POINT('',(18.1817032475199,8.85979108614509,13.0674536203358));
#3457=CARTESIAN_POINT('',(17.6161151254693,8.83227933506574,13.5925164906599));
#3458=CARTESIAN_POINT('',(17.7298973790044,8.85809167422865,13.3797743598737));
#3459=CARTESIAN_POINT('',(17.8433877140112,8.88033323094381,13.1661696696557));
#3460=CARTESIAN_POINT('',(17.9565612657455,8.89924757220379,12.9518131887683));
#3461=CARTESIAN_POINT('',(12.674740357723,7.9154119487452,17.47069453472));
#3462=CARTESIAN_POINT('',(12.782218888613,7.99931833793,17.29049424718));
#3463=CARTESIAN_POINT('',(12.997262898697,8.1670138887443,16.930185367932));
#3464=CARTESIAN_POINT('',(13.32368013341,8.4124383918602,16.378943068737));
#3465=CARTESIAN_POINT('',(13.659916933061,8.6321221803697,15.81321787095));
#3466=CARTESIAN_POINT('',(13.995280050585,8.8118631746809,15.239459466029));
#3467=CARTESIAN_POINT('',(14.33247258882,8.9592585192477,14.662627379214));
#3468=CARTESIAN_POINT('',(14.672159350552,9.0784269807651,14.083491151038));
#3469=CARTESIAN_POINT('',(15.010080141716,9.1721953993038,13.501404985506));
#3470=CARTESIAN_POINT('',(15.344496181423,9.2443369579568,12.915768118401));
#3471=CARTESIAN_POINT('',(15.674965046334,9.2977429962224,12.328427671762));
#3472=CARTESIAN_POINT('',(16.001632390117,9.3355529440875,11.741829268072));
#3473=CARTESIAN_POINT('',(16.324366458845,9.3611472756517,11.158589598432));
#3474=CARTESIAN_POINT('',(16.642487280771,9.3775081313534,10.58106672568));
#3475=CARTESIAN_POINT('',(16.955362526149,9.3889488509404,10.010746843806));
#3476=CARTESIAN_POINT('',(17.262429855088,9.3971986224521,9.4476519611078));
#3477=CARTESIAN_POINT('',(17.564123461579,9.4052054999137,8.8913705147282));
#3478=CARTESIAN_POINT('',(17.762984171263,9.4100726597272,8.5222189659215));
#3479=CARTESIAN_POINT('',(17.862400815437,9.4128026236621,8.3377946927614));
#3480=CARTESIAN_POINT('',(12.897755041437,7.8452227335968,17.58269189259));
#3481=CARTESIAN_POINT('',(13.005349649605,7.9295608913232,17.402501632179));
#3482=CARTESIAN_POINT('',(13.220231406104,8.0988992719019,17.041525735017));
#3483=CARTESIAN_POINT('',(13.54857548089,8.3517532560002,16.491176851103));
#3484=CARTESIAN_POINT('',(13.886468858485,8.5765533139737,15.922630582145));
#3485=CARTESIAN_POINT('',(14.214105301021,8.7561601904734,15.348795842619));
#3486=CARTESIAN_POINT('',(14.551126411218,8.9088069087784,14.769749658707));
#3487=CARTESIAN_POINT('',(14.888879013173,9.0302268972322,14.190730444578));
#3488=CARTESIAN_POINT('',(15.224181830009,9.1272884685404,13.605826929385));
#3489=CARTESIAN_POINT('',(15.555691792545,9.2013441696409,13.016621943274));
#3490=CARTESIAN_POINT('',(15.884000831561,9.256711685335,12.425576005807));
#3491=CARTESIAN_POINT('',(16.20916946769,9.2961533675802,11.834462896752));
#3492=CARTESIAN_POINT('',(16.531055415268,9.3224284589564,11.246711519596));
#3493=CARTESIAN_POINT('',(16.84946401246,9.3403986190022,10.664254811454));
#3494=CARTESIAN_POINT('',(17.162319327844,9.349258589477,10.089455977033));
#3495=CARTESIAN_POINT('',(17.470885618327,9.3619437955573,9.5221406701877));
#3496=CARTESIAN_POINT('',(17.773266689946,9.3661850542115,8.9604774232821));
#3497=CARTESIAN_POINT('',(17.971982627857,9.373050429366,8.5930441944289));
#3498=CARTESIAN_POINT('',(18.071451756928,9.3756616507633,8.4082283116421));
#3499=CARTESIAN_POINT('',(13.344730167234,7.6940099616291,17.809296547367));
#3500=CARTESIAN_POINT('',(13.453461037685,7.7799653195556,17.629723735437));
#3501=CARTESIAN_POINT('',(13.669477923122,7.9473003095397,17.271751851046));
#3502=CARTESIAN_POINT('',(14.009661463952,8.2247597391134,16.717112584574));
#3503=CARTESIAN_POINT('',(14.343552069113,8.4557806722287,16.152635065247));
#3504=CARTESIAN_POINT('',(14.675126879125,8.6478079385007,15.578658313705));
#3505=CARTESIAN_POINT('',(15.001805428106,8.804997215967,14.99673830776));
#3506=CARTESIAN_POINT('',(15.327702384993,8.9326160005044,14.408690856696));
#3507=CARTESIAN_POINT('',(15.651778216153,9.0355410044359,13.815493147861));
#3508=CARTESIAN_POINT('',(15.973654490776,9.1176687749213,13.217419531862));
#3509=CARTESIAN_POINT('',(16.294711219851,9.1782922208122,12.614469044705));
#3510=CARTESIAN_POINT('',(16.61707019479,9.2191136542216,12.012292177243));
#3511=CARTESIAN_POINT('',(16.94028286667,9.244918754325,11.413404333888));
#3512=CARTESIAN_POINT('',(17.261051443716,9.2601943375067,10.822267565349));
#3513=CARTESIAN_POINT('',(17.578778451837,9.278097779432,10.239836036649));
#3514=CARTESIAN_POINT('',(17.886560013961,9.2773977292196,9.6698911277202));
#3515=CARTESIAN_POINT('',(18.190676040636,9.2959171250077,9.1101407680171));
#3516=CARTESIAN_POINT('',(18.391863574897,9.2986373917313,8.7299959090633));
#3517=CARTESIAN_POINT('',(18.49207829236,9.3013956720278,8.5423969734599));
#3518=CARTESIAN_POINT('',(14.026292923663,7.4560164956913,18.14086620353));
#3519=CARTESIAN_POINT('',(14.136374819955,7.5491450693626,17.961980778633));
#3520=CARTESIAN_POINT('',(14.356204948132,7.7338638555984,17.604888325644));
#3521=CARTESIAN_POINT('',(14.694908014521,8.0240297105072,17.05588430413));
#3522=CARTESIAN_POINT('',(15.031752743381,8.2733591884489,16.494908902876));
#3523=CARTESIAN_POINT('',(15.363964266467,8.4785548096723,15.924869327456));
#3524=CARTESIAN_POINT('',(15.693695124124,8.6481961455696,15.346318380536));
#3525=CARTESIAN_POINT('',(16.019869563856,8.7859259074703,14.760462156045));
#3526=CARTESIAN_POINT('',(16.343691361508,8.8961654751271,14.168226485126));
#3527=CARTESIAN_POINT('',(16.665445338006,8.9826929579612,13.570660832106));
#3528=CARTESIAN_POINT('',(16.985323465308,9.0495666178995,12.968689243851));
#3529=CARTESIAN_POINT('',(17.303481114529,9.0983816066949,12.361896160932));
#3530=CARTESIAN_POINT('',(17.620271689246,9.1318225930845,11.752022638428));
#3531=CARTESIAN_POINT('',(17.936327780035,9.1503837078424,11.137529414093));
#3532=CARTESIAN_POINT('',(18.250374432524,9.153316158241,10.521062052516));
#3533=CARTESIAN_POINT('',(18.568685992708,9.1805618487688,9.9048070488953));
#3534=CARTESIAN_POINT('',(18.878331422727,9.1762106352177,9.3012666262498));
#3535=CARTESIAN_POINT('',(19.079132958607,9.1855213079681,8.9242025736601));
#3536=CARTESIAN_POINT('',(19.179884375733,9.1886661078487,8.7326472930178));
#3537=CARTESIAN_POINT('',(14.706107556522,7.1984837157257,18.473120554037));
#3538=CARTESIAN_POINT('',(14.817070024998,7.2992983256704,18.295187408604));
#3539=CARTESIAN_POINT('',(15.037767176098,7.4976181961623,17.938877518588));
#3540=CARTESIAN_POINT('',(15.381279559177,7.819215209751,17.393122974083));
#3541=CARTESIAN_POINT('',(15.718651742063,8.0827830914477,16.836076231668));
#3542=CARTESIAN_POINT('',(16.052531446634,8.3040963804424,16.269037696896));
#3543=CARTESIAN_POINT('',(16.382725787115,8.4870455709316,15.693474293459));
#3544=CARTESIAN_POINT('',(16.710259502412,8.6362669597656,15.11027426579));
#3545=CARTESIAN_POINT('',(17.035200862766,8.7564859078378,14.520573175103));
#3546=CARTESIAN_POINT('',(17.357918240732,8.8518781799811,13.92514688517));
#3547=CARTESIAN_POINT('',(17.678690414004,8.9253783149235,13.32474545738));
#3548=CARTESIAN_POINT('',(17.997942786503,8.9810797607928,12.72046528314));
#3549=CARTESIAN_POINT('',(18.31548885206,9.0186579538059,12.111940218999));
#3550=CARTESIAN_POINT('',(18.631970910785,9.0449068278388,11.501116494877));
#3551=CARTESIAN_POINT('',(18.946767627595,9.0515468187639,10.885419738384));
#3552=CARTESIAN_POINT('',(19.262017771232,9.0683345004078,10.27276098029));
#3553=CARTESIAN_POINT('',(19.578744680854,9.0841121801143,9.6564346876994));
#3554=CARTESIAN_POINT('',(19.782792967975,9.0902595275652,9.2543304921525));
#3555=CARTESIAN_POINT('',(19.885139005784,9.0933465298877,9.0540547582011));
#3556=CARTESIAN_POINT('',(15.383756609683,6.9311103537583,18.794744333034));
#3557=CARTESIAN_POINT('',(15.496458661937,7.0439068765446,18.619095076728));
#3558=CARTESIAN_POINT('',(15.722391120574,7.2709346127668,18.268544629612));
#3559=CARTESIAN_POINT('',(16.066066298615,7.6051650370141,17.728339522209));
#3560=CARTESIAN_POINT('',(16.405424558146,7.8884413092536,17.175950868975));
#3561=CARTESIAN_POINT('',(16.740680294716,8.1251646974365,16.612710187033));
#3562=CARTESIAN_POINT('',(17.072356565717,8.3203942683222,16.040050538978));
#3563=CARTESIAN_POINT('',(17.400872699148,8.4821760234096,15.459676843923));
#3564=CARTESIAN_POINT('',(17.726534555111,8.6126850197791,14.872083843965));
#3565=CARTESIAN_POINT('',(18.049906081427,8.7169258175778,14.278628039631));
#3566=CARTESIAN_POINT('',(18.371270078406,8.7980543597758,13.679872632029));
#3567=CARTESIAN_POINT('',(18.690911368121,8.8606074245332,13.076921069584));
#3568=CARTESIAN_POINT('',(19.008996660702,8.9041774624013,12.469505174834));
#3569=CARTESIAN_POINT('',(19.325878152309,8.9356098554484,11.859593428527));
#3570=CARTESIAN_POINT('',(19.64125885496,8.9471282483964,11.244633751172));
#3571=CARTESIAN_POINT('',(19.956257768937,8.9585708057444,10.630686492609));
#3572=CARTESIAN_POINT('',(20.272727567268,8.9777611274888,10.016776821967));
#3573=CARTESIAN_POINT('',(20.479379305817,8.9761684120306,9.6109520269378));
#3574=CARTESIAN_POINT('',(20.582433300276,8.9779058609493,9.4090419554793));
#3575=CARTESIAN_POINT('',(16.063778628438,6.6541067860306,19.117133459639));
#3576=CARTESIAN_POINT('',(16.17616604383,6.7698862392968,18.944513207947));
#3577=CARTESIAN_POINT('',(16.400798101081,7.0068298329901,18.60155939644));
#3578=CARTESIAN_POINT('',(16.751081198138,7.3856670276311,18.062960944629));
#3579=CARTESIAN_POINT('',(17.091094939809,7.6825642854681,17.513581163131));
#3580=CARTESIAN_POINT('',(17.428093113688,7.9384404478697,16.954051969314));
#3581=CARTESIAN_POINT('',(17.760789033616,8.1507815175234,16.385276421275));
#3582=CARTESIAN_POINT('',(18.090401042303,8.3239154525044,15.807401968856));
#3583=CARTESIAN_POINT('',(18.417320485253,8.4653635976813,15.222716806577));
#3584=CARTESIAN_POINT('',(18.741712764036,8.5791933892939,14.63145253102));
#3585=CARTESIAN_POINT('',(19.063846839238,8.6687530542671,14.034719131426));
#3586=CARTESIAN_POINT('',(19.384214578703,8.7376255533754,13.433252119273));
#3587=CARTESIAN_POINT('',(19.702906577777,8.7886481249049,12.827806086116));
#3588=CARTESIAN_POINT('',(20.020186007763,8.8229578338617,12.218429172337));
#3589=CARTESIAN_POINT('',(20.336230788947,8.8450042277169,11.606492521585));
#3590=CARTESIAN_POINT('',(20.650791929853,8.8489098230184,10.990049503088));
#3591=CARTESIAN_POINT('',(20.967379387065,8.873707581347,10.378126651169));
#3592=CARTESIAN_POINT('',(21.170939607513,8.8768267850911,9.9785634900656));
#3593=CARTESIAN_POINT('',(21.273506392771,8.8798277328583,9.7783167640993));
#3594=CARTESIAN_POINT('',(16.771568948109,6.571059815776,19.410963272245));
#3595=CARTESIAN_POINT('',(16.882072323007,6.6742691345017,19.241849952917));
#3596=CARTESIAN_POINT('',(17.103443494561,6.8764955536701,18.901585052663));
#3597=CARTESIAN_POINT('',(17.434002467245,7.1679738248807,18.394782237039));
#3598=CARTESIAN_POINT('',(17.779173115788,7.5023194119674,17.85636538911));
#3599=CARTESIAN_POINT('',(18.115597977081,7.7497875099461,17.29637047872));
#3600=CARTESIAN_POINT('',(18.450314879,7.9709997905883,16.729909203446));
#3601=CARTESIAN_POINT('',(18.781123047258,8.1608958054058,16.155683368948));
#3602=CARTESIAN_POINT('',(19.10827030411,8.3145661308618,15.572701703033));
#3603=CARTESIAN_POINT('',(19.433119957587,8.4373779280897,14.983415252795));
#3604=CARTESIAN_POINT('',(19.756032229795,8.535589694267,14.388555609799));
#3605=CARTESIAN_POINT('',(20.076847135151,8.611611145302,13.78866061396));
#3606=CARTESIAN_POINT('',(20.396210969466,8.6697407590726,13.184611639366));
#3607=CARTESIAN_POINT('',(20.713821933715,8.7096511792981,12.576569815788));
#3608=CARTESIAN_POINT('',(21.030599385189,8.7370124569928,11.965414921848));
#3609=CARTESIAN_POINT('',(21.345380490575,8.7459629886011,11.350548377496));
#3610=CARTESIAN_POINT('',(21.660943337198,8.7588307987599,10.736039107382));
#3611=CARTESIAN_POINT('',(21.866365092996,8.7683586234712,10.337674413475));
#3612=CARTESIAN_POINT('',(21.968624494724,8.7728914724801,10.138290787204));
#3613=CARTESIAN_POINT('',(17.211210880617,6.5001756376278,19.582780409497));
#3614=CARTESIAN_POINT('',(17.32106834992,6.6002721189967,19.413824557727));
#3615=CARTESIAN_POINT('',(17.540634882586,6.8024244798066,19.077075557182));
#3616=CARTESIAN_POINT('',(17.876015017732,7.1071486432322,18.558620238491));
#3617=CARTESIAN_POINT('',(18.210769942426,7.3726421664227,18.033045501016));
#3618=CARTESIAN_POINT('',(18.552039124833,7.6340552756136,17.494673574205));
#3619=CARTESIAN_POINT('',(18.893037537677,7.8522480891399,16.941989326899));
#3620=CARTESIAN_POINT('',(19.233351480807,8.0438644353898,16.379360173908));
#3621=CARTESIAN_POINT('',(19.567381698281,8.2101237305483,15.804715749652));
#3622=CARTESIAN_POINT('',(19.894029139191,8.3428251144187,15.217942745477));
#3623=CARTESIAN_POINT('',(20.217518592866,8.4476252850804,14.624724229764));
#3624=CARTESIAN_POINT('',(20.539115498412,8.5285479869033,14.026040427042));
#3625=CARTESIAN_POINT('',(20.858708268191,8.5894401239781,13.422920780561));
#3626=CARTESIAN_POINT('',(21.176997807135,8.6336355471416,12.815778939848));
#3627=CARTESIAN_POINT('',(21.493495991138,8.6629260207545,12.205563829428));
#3628=CARTESIAN_POINT('',(21.809397769905,8.6794756026622,11.591905906011));
#3629=CARTESIAN_POINT('',(22.12364107793,8.6778388573226,10.974320721138));
#3630=CARTESIAN_POINT('',(22.32433040614,8.6885581979165,10.576944254563));
#3631=CARTESIAN_POINT('',(22.42578630834,8.6915937006031,10.376833531618));
#3632=CARTESIAN_POINT('',(17.430019330705,6.4626933979677,19.670578905336));
#3633=CARTESIAN_POINT('',(17.539872422406,6.5628934254724,19.501902249145));
#3634=CARTESIAN_POINT('',(17.759753032192,6.7630653318329,19.164189173032));
#3635=CARTESIAN_POINT('',(18.092508238976,7.0535889660047,18.651674496258));
#3636=CARTESIAN_POINT('',(18.429740020792,7.3284180368227,18.128382485886));
#3637=CARTESIAN_POINT('',(18.770162002296,7.577277458991,17.593142059766));
#3638=CARTESIAN_POINT('',(19.11248757233,7.7992139223827,17.045567780788));
#3639=CARTESIAN_POINT('',(19.452961575676,7.992477130239,16.485952588367));
#3640=CARTESIAN_POINT('',(19.788308383266,8.1584553657244,15.913995769014));
#3641=CARTESIAN_POINT('',(20.117473196447,8.2949862365982,15.330741442641));
#3642=CARTESIAN_POINT('',(20.442337154048,8.40344015692,14.739127472695));
#3643=CARTESIAN_POINT('',(20.764800406082,8.4877826009422,14.141608812536));
#3644=CARTESIAN_POINT('',(21.085588497189,8.5516717421428,13.539363535955));
#3645=CARTESIAN_POINT('',(21.405026699966,8.5960906764813,12.932506141512));
#3646=CARTESIAN_POINT('',(21.722742820355,8.6263512786519,12.322624832409));
#3647=CARTESIAN_POINT('',(22.039598215042,8.6404196268803,11.707958374465));
#3648=CARTESIAN_POINT('',(22.349207123247,8.6467951992686,11.096497337474));
#3649=CARTESIAN_POINT('',(22.552027085405,8.6509130596976,10.695463215527));
#3650=CARTESIAN_POINT('',(22.653219986261,8.654501477002,10.495737141803));
#3651=MECHANICAL_DESIGN_GEOMETRIC_PRESENTATION_REPRESENTATION('',(#850,
#851,#852,#853,#854),#3652);
#3652=(
GEOMETRIC_REPRESENTATION_CONTEXT(3)
GLOBAL_UNCERTAINTY_ASSIGNED_CONTEXT((#3653))
GLOBAL_UNIT_ASSIGNED_CONTEXT((#3659,#3655,#3654))
REPRESENTATION_CONTEXT('160-05689-A','TOP_LEVEL_ASSEMBLY_PART')
);
#3653=UNCERTAINTY_MEASURE_WITH_UNIT(LENGTH_MEASURE(0.0002),#3659,
'DISTANCE_ACCURACY_VALUE','Maximum Tolerance applied to model');
#3654=(
NAMED_UNIT(*)
SI_UNIT($,.STERADIAN.)
SOLID_ANGLE_UNIT()
);
#3655=(
CONVERSION_BASED_UNIT('DEGREE',#3657)
NAMED_UNIT(#3656)
PLANE_ANGLE_UNIT()
);
#3656=DIMENSIONAL_EXPONENTS(0.,0.,0.,0.,0.,0.,0.);
#3657=PLANE_ANGLE_MEASURE_WITH_UNIT(PLANE_ANGLE_MEASURE(0.0174532925),#3658);
#3658=(
NAMED_UNIT(*)
PLANE_ANGLE_UNIT()
SI_UNIT($,.RADIAN.)
);
#3659=(
LENGTH_UNIT()
NAMED_UNIT(*)
SI_UNIT(.MILLI.,.METRE.)
);
ENDSEC;
END-ISO-10303-21;
