ISO-10303-21;
HEADER;
/* Generated by software containing ST-Developer
 * from STEP Tools, Inc. (www.steptools.com) 
 */
/* OPTION: using custom schema-name function */

FILE_DESCRIPTION(
/* description */ (''),
/* implementation_level */ '2;1');

FILE_NAME(
/* name */ '160-05690-A.stp',
/* time_stamp */ '2025-07-08T10:47:53-07:00',
/* author */ (''),
/* organization */ (''),
/* preprocessor_version */ 'ST-DEVELOPER v19.4',
/* originating_system */ 'SIEMENS PLM Software NX2306.9160',
/* authorisation */ '');

FILE_SCHEMA (('AUTOMOTIVE_DESIGN { 1 0 10303 214 3 1 1 1 }'));
ENDSEC;

DATA;
#10=PROPERTY_DEFINITION_REPRESENTATION(#14,#12);
#11=PROPERTY_DEFINITION_REPRESENTATION(#15,#13);
#12=REPRESENTATION('',(#16),#4070);
#13=REPRESENTATION('',(#17),#4070);
#14=PROPERTY_DEFINITION('pmi validation property','',#21);
#15=PROPERTY_DEFINITION('pmi validation property','',#21);
#16=VALUE_REPRESENTATION_ITEM('number of annotations',COUNT_MEASURE(0.));
#17=VALUE_REPRESENTATION_ITEM('number of views',COUNT_MEASURE(0.));
#18=SHAPE_REPRESENTATION_RELATIONSHIP('None',
'relationship between daok06F8F9D11mdg-None and daok06F8F9D11mdg-None',
#30,#19);
#19=ADVANCED_BREP_SHAPE_REPRESENTATION('daok06F8F9D11mdg-None',(#59,#60,
#61),#4070);
#20=SHAPE_DEFINITION_REPRESENTATION(#21,#30);
#21=PRODUCT_DEFINITION_SHAPE('','',#22);
#22=PRODUCT_DEFINITION(' ','',#24,#23);
#23=PRODUCT_DEFINITION_CONTEXT('part definition',#29,'design');
#24=PRODUCT_DEFINITION_FORMATION_WITH_SPECIFIED_SOURCE(' ',' ',#26,
 .NOT_KNOWN.);
#25=PRODUCT_RELATED_PRODUCT_CATEGORY('part','',(#26));
#26=PRODUCT('daok06F8F9D11mdg','daok06F8F9D11mdg',' ',(#27));
#27=PRODUCT_CONTEXT(' ',#29,'mechanical');
#28=APPLICATION_PROTOCOL_DEFINITION('international standard',
'automotive_design',2010,#29);
#29=APPLICATION_CONTEXT(
'core data for automotive mechanical design processes');
#30=SHAPE_REPRESENTATION('daok06F8F9D11mdg-None',(#944),#4070);
#31=SURFACE_OF_LINEAR_EXTRUSION('',#915,#382);
#32=SURFACE_OF_LINEAR_EXTRUSION('',#918,#384);
#33=SURFACE_OF_LINEAR_EXTRUSION('',#932,#389);
#34=SURFACE_OF_LINEAR_EXTRUSION('',#938,#392);
#35=PRESENTATION_LAYER_ASSIGNMENT('1','Layer 1',(#59,#60,#61));
#36=STYLED_ITEM('',(#39),#59);
#37=STYLED_ITEM('',(#40),#60);
#38=STYLED_ITEM('',(#41),#61);
#39=PRESENTATION_STYLE_ASSIGNMENT((#42));
#40=PRESENTATION_STYLE_ASSIGNMENT((#43));
#41=PRESENTATION_STYLE_ASSIGNMENT((#44));
#42=SURFACE_STYLE_USAGE(.BOTH.,#45);
#43=SURFACE_STYLE_USAGE(.BOTH.,#46);
#44=SURFACE_STYLE_USAGE(.BOTH.,#47);
#45=SURFACE_SIDE_STYLE('',(#48));
#46=SURFACE_SIDE_STYLE('',(#49));
#47=SURFACE_SIDE_STYLE('',(#50));
#48=SURFACE_STYLE_FILL_AREA(#51);
#49=SURFACE_STYLE_FILL_AREA(#52);
#50=SURFACE_STYLE_FILL_AREA(#53);
#51=FILL_AREA_STYLE('',(#54));
#52=FILL_AREA_STYLE('',(#55));
#53=FILL_AREA_STYLE('',(#56));
#54=FILL_AREA_STYLE_COLOUR('',#57);
#55=FILL_AREA_STYLE_COLOUR('',#58);
#56=FILL_AREA_STYLE_COLOUR('',#58);
#57=COLOUR_RGB('light hard violet',0.6,0.2,1.);
#58=COLOUR_RGB('medium weak cyan',0.4,0.6,0.6);
#59=MANIFOLD_SOLID_BREP('QDT P2SCOPING_TE_R2 0815-\X\B8\X\C4.stp<1>',#62);
#60=MANIFOLD_SOLID_BREP('',#63);
#61=MANIFOLD_SOLID_BREP('',#64);
#62=CLOSED_SHELL('',(#130,#131,#132,#133,#134,#135,#136,#137,#138,#139,
#140,#141,#142,#143,#144,#145,#146,#147,#148,#149,#150,#151,#152,#153,#154,
#155,#156,#157,#158,#159,#160,#161));
#63=CLOSED_SHELL('',(#162,#163,#164,#165,#166,#167,#168,#169,#170,#171,
#172,#173,#174,#175,#176,#177,#178,#179));
#64=CLOSED_SHELL('',(#180,#181,#182,#183,#184,#185,#186,#187,#188,#189));
#65=SPHERICAL_SURFACE('',#954,0.1);
#66=SPHERICAL_SURFACE('',#957,0.1);
#67=SPHERICAL_SURFACE('',#967,0.1);
#68=SPHERICAL_SURFACE('',#970,0.1);
#69=SPHERICAL_SURFACE('',#972,0.1);
#70=SPHERICAL_SURFACE('',#980,0.1);
#71=SPHERICAL_SURFACE('',#983,0.1);
#72=SPHERICAL_SURFACE('',#985,0.1);
#73=SPHERICAL_SURFACE('',#992,0.1);
#74=SPHERICAL_SURFACE('',#994,0.1);
#75=(
BOUNDED_SURFACE()
B_SPLINE_SURFACE(3,2,((#1939,#1940,#1941),(#1942,#1943,#1944),(#1945,#1946,
#1947),(#1948,#1949,#1950)),.UNSPECIFIED.,.F.,.F.,.F.)
B_SPLINE_SURFACE_WITH_KNOTS((4,4),(3,3),(0.,1.),(0.,1.),.UNSPECIFIED.)
GEOMETRIC_REPRESENTATION_ITEM()
RATIONAL_B_SPLINE_SURFACE(((1.,0.67800543071566,1.),(1.,0.677505489644116,
1.),(1.,0.678342852068551,1.),(1.,0.6781156220401,1.)))
REPRESENTATION_ITEM('')
SURFACE()
);
#76=(
BOUNDED_SURFACE()
B_SPLINE_SURFACE(3,2,((#1960,#1961,#1962),(#1963,#1964,#1965),(#1966,#1967,
#1968),(#1969,#1970,#1971),(#1972,#1973,#1974),(#1975,#1976,#1977),(#1978,
#1979,#1980),(#1981,#1982,#1983)),.UNSPECIFIED.,.F.,.F.,.F.)
B_SPLINE_SURFACE_WITH_KNOTS((4,2,2,4),(3,3),(0.,0.25,0.5,1.),(0.,1.),
 .UNSPECIFIED.)
GEOMETRIC_REPRESENTATION_ITEM()
RATIONAL_B_SPLINE_SURFACE(((1.,0.708555333106039,1.),(1.,0.707741904675629,
1.),(1.,0.706670175106934,1.),(1.,0.704764937572144,1.),(1.,0.703936174493013,
1.),(1.,0.702910517481558,1.),(1.,0.704292110170072,1.),(1.,0.704775424746485,
1.)))
REPRESENTATION_ITEM('')
SURFACE()
);
#77=(
BOUNDED_SURFACE()
B_SPLINE_SURFACE(3,2,((#1985,#1986,#1987),(#1988,#1989,#1990),(#1991,#1992,
#1993),(#1994,#1995,#1996),(#1997,#1998,#1999),(#2000,#2001,#2002),(#2003,
#2004,#2005),(#2006,#2007,#2008),(#2009,#2010,#2011),(#2012,#2013,#2014),
(#2015,#2016,#2017),(#2018,#2019,#2020),(#2021,#2022,#2023),(#2024,#2025,
#2026),(#2027,#2028,#2029),(#2030,#2031,#2032),(#2033,#2034,#2035),(#2036,
#2037,#2038),(#2039,#2040,#2041),(#2042,#2043,#2044),(#2045,#2046,#2047),
(#2048,#2049,#2050),(#2051,#2052,#2053),(#2054,#2055,#2056),(#2057,#2058,
#2059),(#2060,#2061,#2062),(#2063,#2064,#2065),(#2066,#2067,#2068),(#2069,
#2070,#2071),(#2072,#2073,#2074),(#2075,#2076,#2077),(#2078,#2079,#2080),
(#2081,#2082,#2083),(#2084,#2085,#2086),(#2087,#2088,#2089),(#2090,#2091,
#2092)),.UNSPECIFIED.,.F.,.F.,.F.)
B_SPLINE_SURFACE_WITH_KNOTS((4,2,2,2,2,2,2,2,2,2,2,2,2,2,2,2,2,4),(3,3),
(0.,0.0625,0.09375,0.125,0.15625,0.1875,0.25,0.3125,0.375,0.4375,0.5,0.625,
0.6875,0.75,0.8125,0.875,0.9375,1.),(0.,1.),.UNSPECIFIED.)
GEOMETRIC_REPRESENTATION_ITEM()
RATIONAL_B_SPLINE_SURFACE(((1.,0.659640485053616,1.),(1.,0.659392285320158,
1.),(1.,0.659931809834974,1.),(1.,0.660601077290728,1.),(1.,0.660820770702525,
1.),(1.,0.660977951928093,1.),(1.,0.660920524407701,1.),(1.,0.660613816693666,
1.),(1.,0.660365562909617,1.),(1.,0.659698167188734,1.),(1.,0.65925968827116,
1.),(1.,0.6579399258692,1.),(1.,0.656924882937089,1.),(1.,0.655023817687636,
1.),(1.,0.654147780958553,1.),(1.,0.65222296239353,1.),(1.,0.651092806823012,
1.),(1.,0.648387414862945,1.),(1.,0.646880057917677,1.),(1.,0.644156610798021,
1.),(1.,0.642872107075892,1.),(1.,0.638498136971689,1.),(1.,0.634605124681493,
1.),(1.,0.629096531262044,1.),(1.,0.627291498531481,1.),(1.,0.623432066641138,
1.),(1.,0.621359068910315,1.),(1.,0.61675569188035,1.),(1.,0.614196423898484,
1.),(1.,0.608852956647334,1.),(1.,0.606108703266185,1.),(1.,0.600113138822885,
1.),(1.,0.596814582296255,1.),(1.,0.589649904792794,1.),(1.,0.586052939519197,
1.),(1.,0.582777945065675,1.)))
REPRESENTATION_ITEM('')
SURFACE()
);
#78=(
BOUNDED_SURFACE()
B_SPLINE_SURFACE(3,2,((#2097,#2098,#2099),(#2100,#2101,#2102),(#2103,#2104,
#2105),(#2106,#2107,#2108)),.UNSPECIFIED.,.F.,.F.,.F.)
B_SPLINE_SURFACE_WITH_KNOTS((4,4),(3,3),(0.,1.),(0.,1.),.UNSPECIFIED.)
GEOMETRIC_REPRESENTATION_ITEM()
RATIONAL_B_SPLINE_SURFACE(((1.,0.73541571685586,1.),(1.,0.735701061762242,
1.),(1.,0.734550466297948,1.),(1.,0.735270160427443,1.)))
REPRESENTATION_ITEM('')
SURFACE()
);
#79=(
BOUNDED_SURFACE()
B_SPLINE_SURFACE(3,2,((#2117,#2118,#2119),(#2120,#2121,#2122),(#2123,#2124,
#2125),(#2126,#2127,#2128),(#2129,#2130,#2131),(#2132,#2133,#2134),(#2135,
#2136,#2137),(#2138,#2139,#2140),(#2141,#2142,#2143),(#2144,#2145,#2146)),
 .UNSPECIFIED.,.F.,.F.,.F.)
B_SPLINE_SURFACE_WITH_KNOTS((4,2,2,2,4),(3,3),(0.,0.25,0.5,0.75,1.),(0.,
1.),.UNSPECIFIED.)
GEOMETRIC_REPRESENTATION_ITEM()
RATIONAL_B_SPLINE_SURFACE(((1.,0.705042058680469,1.),(1.,0.705762092658081,
1.),(1.,0.706751718660208,1.),(1.,0.708420678442122,1.),(1.,0.709122314575485,
1.),(1.,0.709683334492341,1.),(1.,0.709543451289915,1.),(1.,0.708940179294964,
1.),(1.,0.708537697012998,1.),(1.,0.708271407326802,1.)))
REPRESENTATION_ITEM('')
SURFACE()
);
#80=(
BOUNDED_SURFACE()
B_SPLINE_SURFACE(3,2,((#2150,#2151,#2152),(#2153,#2154,#2155),(#2156,#2157,
#2158),(#2159,#2160,#2161),(#2162,#2163,#2164),(#2165,#2166,#2167),(#2168,
#2169,#2170),(#2171,#2172,#2173),(#2174,#2175,#2176),(#2177,#2178,#2179),
(#2180,#2181,#2182),(#2183,#2184,#2185),(#2186,#2187,#2188),(#2189,#2190,
#2191),(#2192,#2193,#2194),(#2195,#2196,#2197),(#2198,#2199,#2200),(#2201,
#2202,#2203),(#2204,#2205,#2206),(#2207,#2208,#2209),(#2210,#2211,#2212),
(#2213,#2214,#2215),(#2216,#2217,#2218),(#2219,#2220,#2221),(#2222,#2223,
#2224),(#2225,#2226,#2227),(#2228,#2229,#2230),(#2231,#2232,#2233),(#2234,
#2235,#2236),(#2237,#2238,#2239),(#2240,#2241,#2242),(#2243,#2244,#2245),
(#2246,#2247,#2248),(#2249,#2250,#2251)),.UNSPECIFIED.,.F.,.F.,.F.)
B_SPLINE_SURFACE_WITH_KNOTS((4,2,2,2,2,2,2,2,2,2,2,2,2,2,2,2,4),(3,3),(0.,
0.03125,0.0625,0.125,0.1875,0.25,0.3125,0.375,0.4375,0.5,0.5625,0.625,0.75,
0.8125,0.875,0.9375,1.),(0.,1.),.UNSPECIFIED.)
GEOMETRIC_REPRESENTATION_ITEM()
RATIONAL_B_SPLINE_SURFACE(((1.,0.829920506857492,1.),(1.,0.828624192336548,
1.),(1.,0.827369672161741,1.),(1.,0.824807273441331,1.),(1.,0.823449268967793,
1.),(1.,0.819425674861902,1.),(1.,0.816410118484639,1.),(1.,0.810022992461305,
1.),(1.,0.807093986064604,1.),(1.,0.801632211825222,1.),(1.,0.798957614875276,
1.),(1.,0.793481300884013,1.),(1.,0.790765743092537,1.),(1.,0.785795153847179,
1.),(1.,0.783453446151663,1.),(1.,0.779202359970981,1.),(1.,0.777360563907335,
1.),(1.,0.773913465058788,1.),(1.,0.772191044474028,1.),(1.,0.768672484313829,
1.),(1.,0.766953788540412,1.),(1.,0.763990376154245,1.),(1.,0.762691573858225,
1.),(1.,0.75944495230722,1.),(1.,0.758449768464532,1.),(1.,0.756477416028982,
1.),(1.,0.755859581624297,1.),(1.,0.754749023776649,1.),(1.,0.754194325204252,
1.),(1.,0.75272720665587,1.),(1.,0.751829328325379,1.),(1.,0.750476226098559,
1.),(1.,0.750143382509069,1.),(1.,0.750891662341464,1.)))
REPRESENTATION_ITEM('')
SURFACE()
);
#81=(
BOUNDED_SURFACE()
B_SPLINE_SURFACE(3,2,((#2254,#2255,#2256),(#2257,#2258,#2259),(#2260,#2261,
#2262),(#2263,#2264,#2265),(#2266,#2267,#2268),(#2269,#2270,#2271),(#2272,
#2273,#2274),(#2275,#2276,#2277),(#2278,#2279,#2280),(#2281,#2282,#2283),
(#2284,#2285,#2286),(#2287,#2288,#2289),(#2290,#2291,#2292),(#2293,#2294,
#2295)),.UNSPECIFIED.,.F.,.F.,.F.)
B_SPLINE_SURFACE_WITH_KNOTS((4,2,2,2,2,2,4),(3,3),(0.,0.25,0.5,0.625,0.75,
0.875,1.),(0.,1.),.UNSPECIFIED.)
GEOMETRIC_REPRESENTATION_ITEM()
RATIONAL_B_SPLINE_SURFACE(((1.,0.803322689319119,1.),(1.,0.805772608613186,
1.),(1.,0.808386576536619,1.),(1.,0.813905902074224,1.),(1.,0.817036914238407,
1.),(1.,0.821377703636515,1.),(1.,0.82270299597396,1.),(1.,0.825119302311803,
1.),(1.,0.826237575552311,1.),(1.,0.828654053050761,1.),(1.,0.830008603990845,
1.),(1.,0.83304900355075,1.),(1.,0.834632808439022,1.),(1.,0.835774594302556,
1.)))
REPRESENTATION_ITEM('')
SURFACE()
);
#82=(
BOUNDED_SURFACE()
B_SPLINE_SURFACE(3,2,((#2299,#2300,#2301),(#2302,#2303,#2304),(#2305,#2306,
#2307),(#2308,#2309,#2310),(#2311,#2312,#2313),(#2314,#2315,#2316),(#2317,
#2318,#2319),(#2320,#2321,#2322),(#2323,#2324,#2325),(#2326,#2327,#2328),
(#2329,#2330,#2331),(#2332,#2333,#2334),(#2335,#2336,#2337),(#2338,#2339,
#2340),(#2341,#2342,#2343),(#2344,#2345,#2346),(#2347,#2348,#2349),(#2350,
#2351,#2352),(#2353,#2354,#2355),(#2356,#2357,#2358),(#2359,#2360,#2361),
(#2362,#2363,#2364),(#2365,#2366,#2367),(#2368,#2369,#2370),(#2371,#2372,
#2373),(#2374,#2375,#2376),(#2377,#2378,#2379),(#2380,#2381,#2382),(#2383,
#2384,#2385),(#2386,#2387,#2388),(#2389,#2390,#2391),(#2392,#2393,#2394)),
 .UNSPECIFIED.,.F.,.F.,.F.)
B_SPLINE_SURFACE_WITH_KNOTS((4,2,2,2,2,2,2,2,2,2,2,2,2,2,2,4),(3,3),(0.,
0.0625,0.09375,0.125,0.15625,0.1875,0.25,0.375,0.4375,0.5,0.625,0.6875,
0.75,0.875,0.9375,1.),(0.,1.),.UNSPECIFIED.)
GEOMETRIC_REPRESENTATION_ITEM()
RATIONAL_B_SPLINE_SURFACE(((1.,0.753843786525112,1.),(1.,0.754168240348519,
1.),(1.,0.753727047047103,1.),(1.,0.753182699579279,1.),(1.,0.75302175779898,
1.),(1.,0.7529371396799,1.),(1.,0.752993213258847,1.),(1.,0.753273110275297,
1.),(1.,0.753496577769473,1.),(1.,0.75409371029295,1.),(1.,0.754466637904094,
1.),(1.,0.755643057594874,1.),(1.,0.756540226900871,1.),(1.,0.759011491852216,
1.),(1.,0.760679587499741,1.),(1.,0.764077188925902,1.),(1.,0.765286191600328,
1.),(1.,0.767769464844493,1.),(1.,0.769064878342257,1.),(1.,0.773132729759736,
1.),(1.,0.776018091441118,1.),(1.,0.781034187280719,1.),(1.,0.782821966808732,
1.),(1.,0.786648097319392,1.),(1.,0.788689014820244,1.),(1.,0.795073786737882,
1.),(1.,0.799477745019093,1.),(1.,0.807088881675287,1.),(1.,0.809842964208122,
1.),(1.,0.815312088832497,1.),(1.,0.81792737368377,1.),(1.,0.820624875641559,
1.)))
REPRESENTATION_ITEM('')
SURFACE()
);
#83=(
BOUNDED_SURFACE()
B_SPLINE_SURFACE(3,2,((#2402,#2403,#2404),(#2405,#2406,#2407),(#2408,#2409,
#2410),(#2411,#2412,#2413),(#2414,#2415,#2416),(#2417,#2418,#2419),(#2420,
#2421,#2422),(#2423,#2424,#2425),(#2426,#2427,#2428),(#2429,#2430,#2431),
(#2432,#2433,#2434),(#2435,#2436,#2437),(#2438,#2439,#2440),(#2441,#2442,
#2443),(#2444,#2445,#2446),(#2447,#2448,#2449),(#2450,#2451,#2452),(#2453,
#2454,#2455),(#2456,#2457,#2458),(#2459,#2460,#2461),(#2462,#2463,#2464),
(#2465,#2466,#2467),(#2468,#2469,#2470),(#2471,#2472,#2473),(#2474,#2475,
#2476),(#2477,#2478,#2479),(#2480,#2481,#2482),(#2483,#2484,#2485),(#2486,
#2487,#2488),(#2489,#2490,#2491),(#2492,#2493,#2494),(#2495,#2496,#2497),
(#2498,#2499,#2500),(#2501,#2502,#2503),(#2504,#2505,#2506),(#2507,#2508,
#2509)),.UNSPECIFIED.,.F.,.F.,.F.)
B_SPLINE_SURFACE_WITH_KNOTS((4,2,2,2,2,2,2,2,2,2,2,2,2,2,2,2,2,4),(3,3),
(0.,0.0312499999999999,0.0625,0.125,0.1875,0.25,0.3125,0.375,0.5,0.53125,
0.5625,0.625,0.6875,0.75,0.8125,0.875,0.9375,1.),(0.,1.),.UNSPECIFIED.)
GEOMETRIC_REPRESENTATION_ITEM()
RATIONAL_B_SPLINE_SURFACE(((1.,0.540417473652954,1.),(1.,0.543037723081344,
1.),(1.,0.545681620032681,1.),(1.,0.55111649004189,1.),(1.,0.553798195227072,
1.),(1.,0.561594954650792,1.),(1.,0.566812494586354,1.),(1.,0.576040537708851,
1.),(1.,0.579892937780809,1.),(1.,0.586360624114529,1.),(1.,0.589323523362777,
1.),(1.,0.595625621085696,1.),(1.,0.598870735848383,1.),(1.,0.605372276884625,
1.),(1.,0.608621143379174,1.),(1.,0.617807010952316,1.),(1.,0.623304617615168,
1.),(1.,0.629223586606731,1.),(1.,0.630364599515267,1.),(1.,0.632573743749139,
1.),(1.,0.633641394864658,1.),(1.,0.636718949327859,1.),(1.,0.638602825991653,
1.),(1.,0.642012410910407,1.),(1.,0.643536304101762,1.),(1.,0.646243276313117,
1.),(1.,0.64744300384819,1.),(1.,0.649753404325503,1.),(1.,0.650878831638224,
1.),(1.,0.652849084878274,1.),(1.,0.653632044240152,1.),(1.,0.655202180485004,
1.),(1.,0.656162867191024,1.),(1.,0.657915339905518,1.),(1.,0.658492425292379,
1.),(1.,0.65766185428342,1.)))
REPRESENTATION_ITEM('')
SURFACE()
);
#84=(
BOUNDED_SURFACE()
B_SPLINE_SURFACE(3,2,((#2516,#2517,#2518),(#2519,#2520,#2521),(#2522,#2523,
#2524),(#2525,#2526,#2527),(#2528,#2529,#2530),(#2531,#2532,#2533),(#2534,
#2535,#2536),(#2537,#2538,#2539),(#2540,#2541,#2542),(#2543,#2544,#2545),
(#2546,#2547,#2548),(#2549,#2550,#2551),(#2552,#2553,#2554),(#2555,#2556,
#2557)),.UNSPECIFIED.,.F.,.F.,.F.)
B_SPLINE_SURFACE_WITH_KNOTS((4,2,2,2,2,2,4),(3,3),(0.,0.25,0.5,0.625,0.75,
0.875,1.),(0.,1.),.UNSPECIFIED.)
GEOMETRIC_REPRESENTATION_ITEM()
RATIONAL_B_SPLINE_SURFACE(((1.,0.58690514558825,1.),(1.,0.58284703039964,
1.),(1.,0.578629757868109,1.),(1.,0.57001780614001,1.),(1.,0.56522205116877,
1.),(1.,0.557720245429163,1.),(1.,0.555220334734537,1.),(1.,0.550590703536932,
1.),(1.,0.548435378773783,1.),(1.,0.54401894300485,1.),(1.,0.541783221002887,
1.),(1.,0.536595575720407,1.),(1.,0.53354741509706,1.),(1.,0.530845441363189,
1.)))
REPRESENTATION_ITEM('')
SURFACE()
);
#85=CIRCLE('',#950,0.1);
#86=CIRCLE('',#951,0.1);
#87=CIRCLE('',#952,0.1);
#88=CIRCLE('',#953,0.1);
#89=CIRCLE('',#955,0.1);
#90=CIRCLE('',#956,0.1);
#91=CIRCLE('',#958,0.1);
#92=CIRCLE('',#960,0.1);
#93=CIRCLE('',#961,0.1);
#94=CIRCLE('',#962,0.1);
#95=CIRCLE('',#964,0.1);
#96=CIRCLE('',#965,0.1);
#97=CIRCLE('',#966,0.1);
#98=CIRCLE('',#968,0.1);
#99=CIRCLE('',#969,0.1);
#100=CIRCLE('',#971,0.1);
#101=CIRCLE('',#973,0.1);
#102=CIRCLE('',#974,0.1);
#103=CIRCLE('',#976,0.1);
#104=CIRCLE('',#977,0.1);
#105=CIRCLE('',#978,0.1);
#106=CIRCLE('',#979,0.1);
#107=CIRCLE('',#981,0.1);
#108=CIRCLE('',#982,0.1);
#109=CIRCLE('',#984,0.1);
#110=CIRCLE('',#986,0.1);
#111=CIRCLE('',#988,0.1);
#112=CIRCLE('',#989,0.1);
#113=CIRCLE('',#991,0.1);
#114=CIRCLE('',#993,0.1);
#115=B_SPLINE_SURFACE_WITH_KNOTS('',3,3,((#1460,#1461,#1462,#1463,#1464,
#1465,#1466,#1467,#1468,#1469,#1470,#1471,#1472,#1473,#1474,#1475,#1476,
#1477,#1478),(#1479,#1480,#1481,#1482,#1483,#1484,#1485,#1486,#1487,#1488,
#1489,#1490,#1491,#1492,#1493,#1494,#1495,#1496,#1497),(#1498,#1499,#1500,
#1501,#1502,#1503,#1504,#1505,#1506,#1507,#1508,#1509,#1510,#1511,#1512,
#1513,#1514,#1515,#1516),(#1517,#1518,#1519,#1520,#1521,#1522,#1523,#1524,
#1525,#1526,#1527,#1528,#1529,#1530,#1531,#1532,#1533,#1534,#1535),(#1536,
#1537,#1538,#1539,#1540,#1541,#1542,#1543,#1544,#1545,#1546,#1547,#1548,
#1549,#1550,#1551,#1552,#1553,#1554),(#1555,#1556,#1557,#1558,#1559,#1560,
#1561,#1562,#1563,#1564,#1565,#1566,#1567,#1568,#1569,#1570,#1571,#1572,
#1573),(#1574,#1575,#1576,#1577,#1578,#1579,#1580,#1581,#1582,#1583,#1584,
#1585,#1586,#1587,#1588,#1589,#1590,#1591,#1592),(#1593,#1594,#1595,#1596,
#1597,#1598,#1599,#1600,#1601,#1602,#1603,#1604,#1605,#1606,#1607,#1608,
#1609,#1610,#1611),(#1612,#1613,#1614,#1615,#1616,#1617,#1618,#1619,#1620,
#1621,#1622,#1623,#1624,#1625,#1626,#1627,#1628,#1629,#1630),(#1631,#1632,
#1633,#1634,#1635,#1636,#1637,#1638,#1639,#1640,#1641,#1642,#1643,#1644,
#1645,#1646,#1647,#1648,#1649),(#1650,#1651,#1652,#1653,#1654,#1655,#1656,
#1657,#1658,#1659,#1660,#1661,#1662,#1663,#1664,#1665,#1666,#1667,#1668)),
 .UNSPECIFIED.,.F.,.F.,.F.,(4,1,1,1,1,1,1,1,4),(4,1,1,1,1,1,1,1,1,1,1,1,
1,1,1,1,4),(0.,0.125,0.25,0.375,0.5,0.625,0.75,0.875,1.),(0.,0.0625,0.125,
0.1875,0.25,0.3125,0.375,0.4375,0.5,0.5625,0.625,0.6875,0.75,0.8125,0.875,
0.9375,1.),.UNSPECIFIED.);
#116=B_SPLINE_SURFACE_WITH_KNOTS('',3,3,((#1747,#1748,#1749,#1750,#1751,
#1752,#1753,#1754,#1755,#1756,#1757,#1758,#1759,#1760,#1761,#1762,#1763,
#1764,#1765),(#1766,#1767,#1768,#1769,#1770,#1771,#1772,#1773,#1774,#1775,
#1776,#1777,#1778,#1779,#1780,#1781,#1782,#1783,#1784),(#1785,#1786,#1787,
#1788,#1789,#1790,#1791,#1792,#1793,#1794,#1795,#1796,#1797,#1798,#1799,
#1800,#1801,#1802,#1803),(#1804,#1805,#1806,#1807,#1808,#1809,#1810,#1811,
#1812,#1813,#1814,#1815,#1816,#1817,#1818,#1819,#1820,#1821,#1822),(#1823,
#1824,#1825,#1826,#1827,#1828,#1829,#1830,#1831,#1832,#1833,#1834,#1835,
#1836,#1837,#1838,#1839,#1840,#1841),(#1842,#1843,#1844,#1845,#1846,#1847,
#1848,#1849,#1850,#1851,#1852,#1853,#1854,#1855,#1856,#1857,#1858,#1859,
#1860),(#1861,#1862,#1863,#1864,#1865,#1866,#1867,#1868,#1869,#1870,#1871,
#1872,#1873,#1874,#1875,#1876,#1877,#1878,#1879),(#1880,#1881,#1882,#1883,
#1884,#1885,#1886,#1887,#1888,#1889,#1890,#1891,#1892,#1893,#1894,#1895,
#1896,#1897,#1898),(#1899,#1900,#1901,#1902,#1903,#1904,#1905,#1906,#1907,
#1908,#1909,#1910,#1911,#1912,#1913,#1914,#1915,#1916,#1917),(#1918,#1919,
#1920,#1921,#1922,#1923,#1924,#1925,#1926,#1927,#1928,#1929,#1930,#1931,
#1932,#1933,#1934,#1935,#1936)),.UNSPECIFIED.,.F.,.F.,.F.,(4,1,1,1,1,1,
1,4),(4,1,1,1,1,1,1,1,1,1,1,1,1,1,1,1,4),(0.,0.14285714285714,0.28571428571429,
0.42857142857143,0.57142857142857,0.71428571428571,0.85714285714286,1.),
(0.,0.0625,0.125,0.1875,0.25,0.3125,0.375,0.4375,0.5,0.5625,0.625,0.6875,
0.75,0.8125,0.875,0.9375,1.),.UNSPECIFIED.);
#117=B_SPLINE_SURFACE_WITH_KNOTS('',3,3,((#2800,#2801,#2802,#2803,#2804,
#2805,#2806,#2807,#2808,#2809),(#2810,#2811,#2812,#2813,#2814,#2815,#2816,
#2817,#2818,#2819),(#2820,#2821,#2822,#2823,#2824,#2825,#2826,#2827,#2828,
#2829),(#2830,#2831,#2832,#2833,#2834,#2835,#2836,#2837,#2838,#2839),(#2840,
#2841,#2842,#2843,#2844,#2845,#2846,#2847,#2848,#2849),(#2850,#2851,#2852,
#2853,#2854,#2855,#2856,#2857,#2858,#2859),(#2860,#2861,#2862,#2863,#2864,
#2865,#2866,#2867,#2868,#2869),(#2870,#2871,#2872,#2873,#2874,#2875,#2876,
#2877,#2878,#2879),(#2880,#2881,#2882,#2883,#2884,#2885,#2886,#2887,#2888,
#2889),(#2890,#2891,#2892,#2893,#2894,#2895,#2896,#2897,#2898,#2899)),
 .UNSPECIFIED.,.F.,.F.,.F.,(4,3,3,4),(4,3,3,4),(0.,0.25,0.5,1.),(0.,0.5,
0.75,1.),.UNSPECIFIED.);
#118=B_SPLINE_SURFACE_WITH_KNOTS('',3,3,((#2900,#2901,#2902,#2903,#2904,
#2905,#2906,#2907,#2908,#2909,#2910,#2911,#2912,#2913,#2914,#2915,#2916,
#2917,#2918),(#2919,#2920,#2921,#2922,#2923,#2924,#2925,#2926,#2927,#2928,
#2929,#2930,#2931,#2932,#2933,#2934,#2935,#2936,#2937),(#2938,#2939,#2940,
#2941,#2942,#2943,#2944,#2945,#2946,#2947,#2948,#2949,#2950,#2951,#2952,
#2953,#2954,#2955,#2956),(#2957,#2958,#2959,#2960,#2961,#2962,#2963,#2964,
#2965,#2966,#2967,#2968,#2969,#2970,#2971,#2972,#2973,#2974,#2975),(#2976,
#2977,#2978,#2979,#2980,#2981,#2982,#2983,#2984,#2985,#2986,#2987,#2988,
#2989,#2990,#2991,#2992,#2993,#2994),(#2995,#2996,#2997,#2998,#2999,#3000,
#3001,#3002,#3003,#3004,#3005,#3006,#3007,#3008,#3009,#3010,#3011,#3012,
#3013),(#3014,#3015,#3016,#3017,#3018,#3019,#3020,#3021,#3022,#3023,#3024,
#3025,#3026,#3027,#3028,#3029,#3030,#3031,#3032),(#3033,#3034,#3035,#3036,
#3037,#3038,#3039,#3040,#3041,#3042,#3043,#3044,#3045,#3046,#3047,#3048,
#3049,#3050,#3051),(#3052,#3053,#3054,#3055,#3056,#3057,#3058,#3059,#3060,
#3061,#3062,#3063,#3064,#3065,#3066,#3067,#3068,#3069,#3070),(#3071,#3072,
#3073,#3074,#3075,#3076,#3077,#3078,#3079,#3080,#3081,#3082,#3083,#3084,
#3085,#3086,#3087,#3088,#3089)),.UNSPECIFIED.,.F.,.F.,.F.,(4,1,1,1,1,1,
1,4),(4,1,1,1,1,1,1,1,1,1,1,1,1,1,1,1,4),(0.,0.14285714285714,0.28571428571429,
0.42857142857143,0.57142857142857,0.71428571428571,0.85714285714286,1.),
(0.,0.0625,0.125,0.1875,0.25,0.3125,0.375,0.4375,0.5,0.5625,0.625,0.6875,
0.75,0.8125,0.875,0.9375,1.),.UNSPECIFIED.);
#119=B_SPLINE_SURFACE_WITH_KNOTS('',3,3,((#3090,#3091,#3092,#3093,#3094,
#3095,#3096,#3097,#3098,#3099,#3100,#3101,#3102,#3103,#3104,#3105,#3106,
#3107,#3108),(#3109,#3110,#3111,#3112,#3113,#3114,#3115,#3116,#3117,#3118,
#3119,#3120,#3121,#3122,#3123,#3124,#3125,#3126,#3127),(#3128,#3129,#3130,
#3131,#3132,#3133,#3134,#3135,#3136,#3137,#3138,#3139,#3140,#3141,#3142,
#3143,#3144,#3145,#3146),(#3147,#3148,#3149,#3150,#3151,#3152,#3153,#3154,
#3155,#3156,#3157,#3158,#3159,#3160,#3161,#3162,#3163,#3164,#3165),(#3166,
#3167,#3168,#3169,#3170,#3171,#3172,#3173,#3174,#3175,#3176,#3177,#3178,
#3179,#3180,#3181,#3182,#3183,#3184),(#3185,#3186,#3187,#3188,#3189,#3190,
#3191,#3192,#3193,#3194,#3195,#3196,#3197,#3198,#3199,#3200,#3201,#3202,
#3203),(#3204,#3205,#3206,#3207,#3208,#3209,#3210,#3211,#3212,#3213,#3214,
#3215,#3216,#3217,#3218,#3219,#3220,#3221,#3222),(#3223,#3224,#3225,#3226,
#3227,#3228,#3229,#3230,#3231,#3232,#3233,#3234,#3235,#3236,#3237,#3238,
#3239,#3240,#3241),(#3242,#3243,#3244,#3245,#3246,#3247,#3248,#3249,#3250,
#3251,#3252,#3253,#3254,#3255,#3256,#3257,#3258,#3259,#3260),(#3261,#3262,
#3263,#3264,#3265,#3266,#3267,#3268,#3269,#3270,#3271,#3272,#3273,#3274,
#3275,#3276,#3277,#3278,#3279)),.UNSPECIFIED.,.F.,.F.,.F.,(4,1,1,1,1,1,
1,4),(4,1,1,1,1,1,1,1,1,1,1,1,1,1,1,1,4),(0.,0.14285714285714,0.28571428571429,
0.42857142857143,0.57142857142857,0.71428571428571,0.85714285714286,1.),
(0.,0.0625,0.125,0.1875,0.25,0.3125,0.375,0.4375,0.5,0.5625,0.625,0.6875,
0.75,0.8125,0.875,0.9375,1.),.UNSPECIFIED.);
#120=B_SPLINE_SURFACE_WITH_KNOTS('',3,3,((#3661,#3662,#3663,#3664),(#3665,
#3666,#3667,#3668),(#3669,#3670,#3671,#3672),(#3673,#3674,#3675,#3676),
(#3677,#3678,#3679,#3680),(#3681,#3682,#3683,#3684),(#3685,#3686,#3687,
#3688)),.UNSPECIFIED.,.F.,.F.,.F.,(4,3,4),(4,4),(0.,0.5,1.),(0.,1.),
 .UNSPECIFIED.);
#121=B_SPLINE_SURFACE_WITH_KNOTS('',3,3,((#3689,#3690,#3691,#3692,#3693,
#3694,#3695,#3696,#3697,#3698,#3699,#3700,#3701,#3702,#3703,#3704,#3705,
#3706,#3707),(#3708,#3709,#3710,#3711,#3712,#3713,#3714,#3715,#3716,#3717,
#3718,#3719,#3720,#3721,#3722,#3723,#3724,#3725,#3726),(#3727,#3728,#3729,
#3730,#3731,#3732,#3733,#3734,#3735,#3736,#3737,#3738,#3739,#3740,#3741,
#3742,#3743,#3744,#3745),(#3746,#3747,#3748,#3749,#3750,#3751,#3752,#3753,
#3754,#3755,#3756,#3757,#3758,#3759,#3760,#3761,#3762,#3763,#3764),(#3765,
#3766,#3767,#3768,#3769,#3770,#3771,#3772,#3773,#3774,#3775,#3776,#3777,
#3778,#3779,#3780,#3781,#3782,#3783),(#3784,#3785,#3786,#3787,#3788,#3789,
#3790,#3791,#3792,#3793,#3794,#3795,#3796,#3797,#3798,#3799,#3800,#3801,
#3802),(#3803,#3804,#3805,#3806,#3807,#3808,#3809,#3810,#3811,#3812,#3813,
#3814,#3815,#3816,#3817,#3818,#3819,#3820,#3821),(#3822,#3823,#3824,#3825,
#3826,#3827,#3828,#3829,#3830,#3831,#3832,#3833,#3834,#3835,#3836,#3837,
#3838,#3839,#3840),(#3841,#3842,#3843,#3844,#3845,#3846,#3847,#3848,#3849,
#3850,#3851,#3852,#3853,#3854,#3855,#3856,#3857,#3858,#3859),(#3860,#3861,
#3862,#3863,#3864,#3865,#3866,#3867,#3868,#3869,#3870,#3871,#3872,#3873,
#3874,#3875,#3876,#3877,#3878)),.UNSPECIFIED.,.F.,.F.,.F.,(4,1,1,1,1,1,
1,4),(4,1,1,1,1,1,1,1,1,1,1,1,1,1,1,1,4),(0.,0.14285714285714,0.28571428571429,
0.42857142857143,0.57142857142857,0.71428571428571,0.85714285714286,1.),
(0.,0.0625,0.125,0.1875,0.25,0.3125,0.375,0.4375,0.5,0.5625,0.625,0.6875,
0.75,0.8125,0.875,0.9375,1.),.UNSPECIFIED.);
#122=B_SPLINE_SURFACE_WITH_KNOTS('',3,3,((#3879,#3880,#3881,#3882,#3883,
#3884,#3885,#3886,#3887,#3888,#3889,#3890,#3891,#3892,#3893,#3894,#3895,
#3896,#3897),(#3898,#3899,#3900,#3901,#3902,#3903,#3904,#3905,#3906,#3907,
#3908,#3909,#3910,#3911,#3912,#3913,#3914,#3915,#3916),(#3917,#3918,#3919,
#3920,#3921,#3922,#3923,#3924,#3925,#3926,#3927,#3928,#3929,#3930,#3931,
#3932,#3933,#3934,#3935),(#3936,#3937,#3938,#3939,#3940,#3941,#3942,#3943,
#3944,#3945,#3946,#3947,#3948,#3949,#3950,#3951,#3952,#3953,#3954),(#3955,
#3956,#3957,#3958,#3959,#3960,#3961,#3962,#3963,#3964,#3965,#3966,#3967,
#3968,#3969,#3970,#3971,#3972,#3973),(#3974,#3975,#3976,#3977,#3978,#3979,
#3980,#3981,#3982,#3983,#3984,#3985,#3986,#3987,#3988,#3989,#3990,#3991,
#3992),(#3993,#3994,#3995,#3996,#3997,#3998,#3999,#4000,#4001,#4002,#4003,
#4004,#4005,#4006,#4007,#4008,#4009,#4010,#4011),(#4012,#4013,#4014,#4015,
#4016,#4017,#4018,#4019,#4020,#4021,#4022,#4023,#4024,#4025,#4026,#4027,
#4028,#4029,#4030),(#4031,#4032,#4033,#4034,#4035,#4036,#4037,#4038,#4039,
#4040,#4041,#4042,#4043,#4044,#4045,#4046,#4047,#4048,#4049),(#4050,#4051,
#4052,#4053,#4054,#4055,#4056,#4057,#4058,#4059,#4060,#4061,#4062,#4063,
#4064,#4065,#4066,#4067,#4068)),.UNSPECIFIED.,.F.,.F.,.F.,(4,1,1,1,1,1,
1,4),(4,1,1,1,1,1,1,1,1,1,1,1,1,1,1,1,4),(0.,0.14285714285714,0.28571428571429,
0.42857142857143,0.57142857142857,0.71428571428571,0.85714285714286,1.),
(0.,0.0625,0.125,0.1875,0.25,0.3125,0.375,0.4375,0.5,0.5625,0.625,0.6875,
0.75,0.8125,0.875,0.9375,1.),.UNSPECIFIED.);
#123=CYLINDRICAL_SURFACE('',#946,24.591117993829);
#124=CYLINDRICAL_SURFACE('',#948,21.499980397504);
#125=CYLINDRICAL_SURFACE('',#959,0.1);
#126=CYLINDRICAL_SURFACE('',#963,0.1);
#127=CYLINDRICAL_SURFACE('',#975,0.1);
#128=CYLINDRICAL_SURFACE('',#987,0.1);
#129=CYLINDRICAL_SURFACE('',#990,0.1);
#130=ADVANCED_FACE('',(#211),#190,.F.);
#131=ADVANCED_FACE('',(#212),#123,.T.);
#132=ADVANCED_FACE('',(#213),#191,.F.);
#133=ADVANCED_FACE('',(#214),#124,.F.);
#134=ADVANCED_FACE('',(#215),#192,.F.);
#135=ADVANCED_FACE('',(#216),#115,.T.);
#136=ADVANCED_FACE('',(#217),#116,.T.);
#137=ADVANCED_FACE('',(#218),#75,.T.);
#138=ADVANCED_FACE('',(#219),#65,.T.);
#139=ADVANCED_FACE('',(#220),#66,.T.);
#140=ADVANCED_FACE('',(#221),#125,.T.);
#141=ADVANCED_FACE('',(#222),#76,.T.);
#142=ADVANCED_FACE('',(#223),#77,.T.);
#143=ADVANCED_FACE('',(#224),#126,.T.);
#144=ADVANCED_FACE('',(#225),#78,.T.);
#145=ADVANCED_FACE('',(#226),#67,.T.);
#146=ADVANCED_FACE('',(#227),#68,.T.);
#147=ADVANCED_FACE('',(#228),#69,.T.);
#148=ADVANCED_FACE('',(#229),#79,.T.);
#149=ADVANCED_FACE('',(#230),#127,.T.);
#150=ADVANCED_FACE('',(#231),#80,.T.);
#151=ADVANCED_FACE('',(#232),#81,.T.);
#152=ADVANCED_FACE('',(#233),#70,.T.);
#153=ADVANCED_FACE('',(#234),#82,.T.);
#154=ADVANCED_FACE('',(#235),#71,.T.);
#155=ADVANCED_FACE('',(#236),#72,.T.);
#156=ADVANCED_FACE('',(#237),#128,.T.);
#157=ADVANCED_FACE('',(#238),#83,.T.);
#158=ADVANCED_FACE('',(#239),#129,.T.);
#159=ADVANCED_FACE('',(#240),#73,.T.);
#160=ADVANCED_FACE('',(#241),#74,.T.);
#161=ADVANCED_FACE('',(#242),#84,.T.);
#162=ADVANCED_FACE('',(#243),#193,.T.);
#163=ADVANCED_FACE('',(#244),#194,.F.);
#164=ADVANCED_FACE('',(#245),#195,.F.);
#165=ADVANCED_FACE('',(#246),#196,.F.);
#166=ADVANCED_FACE('',(#247),#197,.F.);
#167=ADVANCED_FACE('',(#248),#198,.F.);
#168=ADVANCED_FACE('',(#249),#199,.F.);
#169=ADVANCED_FACE('',(#250),#200,.F.);
#170=ADVANCED_FACE('',(#251),#201,.F.);
#171=ADVANCED_FACE('',(#252),#202,.F.);
#172=ADVANCED_FACE('',(#253),#203,.F.);
#173=ADVANCED_FACE('',(#254),#31,.F.);
#174=ADVANCED_FACE('',(#255),#32,.F.);
#175=ADVANCED_FACE('',(#256),#204,.F.);
#176=ADVANCED_FACE('',(#257),#205,.T.);
#177=ADVANCED_FACE('',(#258),#117,.T.);
#178=ADVANCED_FACE('',(#259),#118,.F.);
#179=ADVANCED_FACE('',(#260),#119,.F.);
#180=ADVANCED_FACE('',(#261),#206,.F.);
#181=ADVANCED_FACE('',(#262),#207,.F.);
#182=ADVANCED_FACE('',(#263),#33,.F.);
#183=ADVANCED_FACE('',(#264),#208,.F.);
#184=ADVANCED_FACE('',(#265),#34,.F.);
#185=ADVANCED_FACE('',(#266),#209,.F.);
#186=ADVANCED_FACE('',(#267),#210,.F.);
#187=ADVANCED_FACE('',(#268),#120,.T.);
#188=ADVANCED_FACE('',(#269),#121,.F.);
#189=ADVANCED_FACE('',(#270),#122,.F.);
#190=PLANE('',#945);
#191=PLANE('',#947);
#192=PLANE('',#949);
#193=PLANE('',#995);
#194=PLANE('',#996);
#195=PLANE('',#997);
#196=PLANE('',#998);
#197=PLANE('',#999);
#198=PLANE('',#1000);
#199=PLANE('',#1001);
#200=PLANE('',#1002);
#201=PLANE('',#1003);
#202=PLANE('',#1004);
#203=PLANE('',#1005);
#204=PLANE('',#1006);
#205=PLANE('',#1007);
#206=PLANE('',#1008);
#207=PLANE('',#1009);
#208=PLANE('',#1010);
#209=PLANE('',#1011);
#210=PLANE('',#1012);
#211=FACE_OUTER_BOUND('',#271,.T.);
#212=FACE_OUTER_BOUND('',#272,.T.);
#213=FACE_OUTER_BOUND('',#273,.T.);
#214=FACE_OUTER_BOUND('',#274,.T.);
#215=FACE_OUTER_BOUND('',#275,.T.);
#216=FACE_OUTER_BOUND('',#276,.T.);
#217=FACE_OUTER_BOUND('',#277,.T.);
#218=FACE_OUTER_BOUND('',#278,.T.);
#219=FACE_OUTER_BOUND('',#279,.T.);
#220=FACE_OUTER_BOUND('',#280,.T.);
#221=FACE_OUTER_BOUND('',#281,.T.);
#222=FACE_OUTER_BOUND('',#282,.T.);
#223=FACE_OUTER_BOUND('',#283,.T.);
#224=FACE_OUTER_BOUND('',#284,.T.);
#225=FACE_OUTER_BOUND('',#285,.T.);
#226=FACE_OUTER_BOUND('',#286,.T.);
#227=FACE_OUTER_BOUND('',#287,.T.);
#228=FACE_OUTER_BOUND('',#288,.T.);
#229=FACE_OUTER_BOUND('',#289,.T.);
#230=FACE_OUTER_BOUND('',#290,.T.);
#231=FACE_OUTER_BOUND('',#291,.T.);
#232=FACE_OUTER_BOUND('',#292,.T.);
#233=FACE_OUTER_BOUND('',#293,.T.);
#234=FACE_OUTER_BOUND('',#294,.T.);
#235=FACE_OUTER_BOUND('',#295,.T.);
#236=FACE_OUTER_BOUND('',#296,.T.);
#237=FACE_OUTER_BOUND('',#297,.T.);
#238=FACE_OUTER_BOUND('',#298,.T.);
#239=FACE_OUTER_BOUND('',#299,.T.);
#240=FACE_OUTER_BOUND('',#300,.T.);
#241=FACE_OUTER_BOUND('',#301,.T.);
#242=FACE_OUTER_BOUND('',#302,.T.);
#243=FACE_OUTER_BOUND('',#303,.T.);
#244=FACE_OUTER_BOUND('',#304,.T.);
#245=FACE_OUTER_BOUND('',#305,.T.);
#246=FACE_OUTER_BOUND('',#306,.T.);
#247=FACE_OUTER_BOUND('',#307,.T.);
#248=FACE_OUTER_BOUND('',#308,.T.);
#249=FACE_OUTER_BOUND('',#309,.T.);
#250=FACE_OUTER_BOUND('',#310,.T.);
#251=FACE_OUTER_BOUND('',#311,.T.);
#252=FACE_OUTER_BOUND('',#312,.T.);
#253=FACE_OUTER_BOUND('',#313,.T.);
#254=FACE_OUTER_BOUND('',#314,.T.);
#255=FACE_OUTER_BOUND('',#315,.T.);
#256=FACE_OUTER_BOUND('',#316,.T.);
#257=FACE_OUTER_BOUND('',#317,.T.);
#258=FACE_OUTER_BOUND('',#318,.T.);
#259=FACE_OUTER_BOUND('',#319,.T.);
#260=FACE_OUTER_BOUND('',#320,.T.);
#261=FACE_OUTER_BOUND('',#321,.T.);
#262=FACE_OUTER_BOUND('',#322,.T.);
#263=FACE_OUTER_BOUND('',#323,.T.);
#264=FACE_OUTER_BOUND('',#324,.T.);
#265=FACE_OUTER_BOUND('',#325,.T.);
#266=FACE_OUTER_BOUND('',#326,.T.);
#267=FACE_OUTER_BOUND('',#327,.T.);
#268=FACE_OUTER_BOUND('',#328,.T.);
#269=FACE_OUTER_BOUND('',#329,.T.);
#270=FACE_OUTER_BOUND('',#330,.T.);
#271=EDGE_LOOP('',(#393,#394,#395,#396));
#272=EDGE_LOOP('',(#397,#398,#399,#400));
#273=EDGE_LOOP('',(#401,#402,#403,#404));
#274=EDGE_LOOP('',(#405,#406,#407,#408));
#275=EDGE_LOOP('',(#409,#410,#411,#412));
#276=EDGE_LOOP('',(#413,#414,#415,#416,#417));
#277=EDGE_LOOP('',(#418,#419,#420,#421,#422));
#278=EDGE_LOOP('',(#423,#424,#425,#426));
#279=EDGE_LOOP('',(#427,#428,#429));
#280=EDGE_LOOP('',(#430,#431,#432));
#281=EDGE_LOOP('',(#433,#434,#435,#436));
#282=EDGE_LOOP('',(#437,#438,#439,#440));
#283=EDGE_LOOP('',(#441,#442,#443,#444));
#284=EDGE_LOOP('',(#445,#446,#447,#448));
#285=EDGE_LOOP('',(#449,#450,#451,#452));
#286=EDGE_LOOP('',(#453,#454,#455));
#287=EDGE_LOOP('',(#456,#457,#458));
#288=EDGE_LOOP('',(#459,#460,#461));
#289=EDGE_LOOP('',(#462,#463,#464,#465));
#290=EDGE_LOOP('',(#466,#467,#468,#469));
#291=EDGE_LOOP('',(#470,#471,#472,#473));
#292=EDGE_LOOP('',(#474,#475,#476,#477));
#293=EDGE_LOOP('',(#478,#479,#480));
#294=EDGE_LOOP('',(#481,#482,#483,#484));
#295=EDGE_LOOP('',(#485,#486,#487));
#296=EDGE_LOOP('',(#488,#489,#490));
#297=EDGE_LOOP('',(#491,#492,#493,#494));
#298=EDGE_LOOP('',(#495,#496,#497,#498));
#299=EDGE_LOOP('',(#499,#500,#501,#502));
#300=EDGE_LOOP('',(#503,#504,#505));
#301=EDGE_LOOP('',(#506,#507,#508));
#302=EDGE_LOOP('',(#509,#510,#511,#512));
#303=EDGE_LOOP('',(#513,#514,#515));
#304=EDGE_LOOP('',(#516,#517,#518,#519,#520));
#305=EDGE_LOOP('',(#521,#522,#523,#524));
#306=EDGE_LOOP('',(#525,#526,#527,#528,#529,#530));
#307=EDGE_LOOP('',(#531,#532,#533,#534,#535));
#308=EDGE_LOOP('',(#536,#537,#538,#539,#540));
#309=EDGE_LOOP('',(#541,#542,#543,#544));
#310=EDGE_LOOP('',(#545,#546,#547,#548));
#311=EDGE_LOOP('',(#549,#550,#551,#552));
#312=EDGE_LOOP('',(#553,#554,#555,#556));
#313=EDGE_LOOP('',(#557,#558,#559,#560));
#314=EDGE_LOOP('',(#561,#562,#563,#564));
#315=EDGE_LOOP('',(#565,#566,#567,#568));
#316=EDGE_LOOP('',(#569,#570,#571,#572,#573));
#317=EDGE_LOOP('',(#574,#575,#576,#577,#578));
#318=EDGE_LOOP('',(#579,#580,#581,#582,#583,#584,#585,#586,#587,#588,#589,
#590,#591));
#319=EDGE_LOOP('',(#592,#593,#594,#595,#596,#597,#598,#599,#600,#601,#602,
#603,#604));
#320=EDGE_LOOP('',(#605,#606,#607,#608));
#321=EDGE_LOOP('',(#609,#610,#611,#612));
#322=EDGE_LOOP('',(#613,#614,#615,#616,#617));
#323=EDGE_LOOP('',(#618,#619,#620,#621,#622));
#324=EDGE_LOOP('',(#623,#624,#625,#626));
#325=EDGE_LOOP('',(#627,#628,#629,#630,#631));
#326=EDGE_LOOP('',(#632,#633,#634,#635,#636));
#327=EDGE_LOOP('',(#637,#638,#639,#640,#641,#642));
#328=EDGE_LOOP('',(#643,#644,#645,#646,#647,#648));
#329=EDGE_LOOP('',(#649,#650,#651,#652));
#330=EDGE_LOOP('',(#653,#654,#655,#656));
#331=LINE('',#1193,#360);
#332=LINE('',#1202,#361);
#333=LINE('',#1234,#362);
#334=LINE('',#1263,#363);
#335=LINE('',#1277,#364);
#336=LINE('',#1290,#365);
#337=LINE('',#1292,#366);
#338=LINE('',#1326,#367);
#339=LINE('',#1362,#368);
#340=LINE('',#1372,#369);
#341=LINE('',#2587,#370);
#342=LINE('',#2594,#371);
#343=LINE('',#2601,#372);
#344=LINE('',#2623,#373);
#345=LINE('',#2634,#374);
#346=LINE('',#2646,#375);
#347=LINE('',#2658,#376);
#348=LINE('',#2670,#377);
#349=LINE('',#2682,#378);
#350=LINE('',#2696,#379);
#351=LINE('',#2710,#380);
#352=LINE('',#2728,#381);
#353=LINE('',#2757,#383);
#354=LINE('',#3280,#385);
#355=LINE('',#3288,#386);
#356=LINE('',#3305,#387);
#357=LINE('',#3392,#388);
#358=LINE('',#3473,#390);
#359=LINE('',#3553,#391);
#360=VECTOR('',#1015,1.);
#361=VECTOR('',#1016,1.);
#362=VECTOR('',#1019,1.);
#363=VECTOR('',#1020,1.);
#364=VECTOR('',#1023,1.);
#365=VECTOR('',#1024,1.);
#366=VECTOR('',#1027,1.);
#367=VECTOR('',#1028,1.);
#368=VECTOR('',#1031,1.);
#369=VECTOR('',#1032,1.);
#370=VECTOR('',#1127,1.);
#371=VECTOR('',#1128,1.);
#372=VECTOR('',#1131,1.);
#373=VECTOR('',#1134,1.);
#374=VECTOR('',#1137,1.);
#375=VECTOR('',#1140,1.);
#376=VECTOR('',#1143,1.);
#377=VECTOR('',#1146,1.);
#378=VECTOR('',#1149,1.);
#379=VECTOR('',#1152,1.);
#380=VECTOR('',#1155,1.);
#381=VECTOR('',#1158,1.);
#382=VECTOR('',#1159,1.);
#383=VECTOR('',#1160,1.);
#384=VECTOR('',#1161,1.);
#385=VECTOR('',#1166,1.);
#386=VECTOR('',#1167,1.);
#387=VECTOR('',#1170,1.);
#388=VECTOR('',#1173,1.);
#389=VECTOR('',#1174,1.);
#390=VECTOR('',#1175,1.);
#391=VECTOR('',#1178,1.);
#392=VECTOR('',#1179,1.);
#393=ORIENTED_EDGE('',*,*,#735,.T.);
#394=ORIENTED_EDGE('',*,*,#736,.T.);
#395=ORIENTED_EDGE('',*,*,#737,.T.);
#396=ORIENTED_EDGE('',*,*,#738,.T.);
#397=ORIENTED_EDGE('',*,*,#739,.T.);
#398=ORIENTED_EDGE('',*,*,#740,.T.);
#399=ORIENTED_EDGE('',*,*,#741,.T.);
#400=ORIENTED_EDGE('',*,*,#742,.T.);
#401=ORIENTED_EDGE('',*,*,#743,.T.);
#402=ORIENTED_EDGE('',*,*,#744,.T.);
#403=ORIENTED_EDGE('',*,*,#745,.T.);
#404=ORIENTED_EDGE('',*,*,#746,.T.);
#405=ORIENTED_EDGE('',*,*,#747,.T.);
#406=ORIENTED_EDGE('',*,*,#748,.T.);
#407=ORIENTED_EDGE('',*,*,#749,.T.);
#408=ORIENTED_EDGE('',*,*,#750,.T.);
#409=ORIENTED_EDGE('',*,*,#751,.T.);
#410=ORIENTED_EDGE('',*,*,#752,.T.);
#411=ORIENTED_EDGE('',*,*,#753,.T.);
#412=ORIENTED_EDGE('',*,*,#754,.T.);
#413=ORIENTED_EDGE('',*,*,#755,.T.);
#414=ORIENTED_EDGE('',*,*,#756,.T.);
#415=ORIENTED_EDGE('',*,*,#757,.T.);
#416=ORIENTED_EDGE('',*,*,#758,.T.);
#417=ORIENTED_EDGE('',*,*,#759,.T.);
#418=ORIENTED_EDGE('',*,*,#760,.T.);
#419=ORIENTED_EDGE('',*,*,#761,.T.);
#420=ORIENTED_EDGE('',*,*,#762,.T.);
#421=ORIENTED_EDGE('',*,*,#763,.T.);
#422=ORIENTED_EDGE('',*,*,#764,.T.);
#423=ORIENTED_EDGE('',*,*,#765,.F.);
#424=ORIENTED_EDGE('',*,*,#755,.F.);
#425=ORIENTED_EDGE('',*,*,#766,.F.);
#426=ORIENTED_EDGE('',*,*,#751,.F.);
#427=ORIENTED_EDGE('',*,*,#767,.F.);
#428=ORIENTED_EDGE('',*,*,#765,.T.);
#429=ORIENTED_EDGE('',*,*,#768,.F.);
#430=ORIENTED_EDGE('',*,*,#769,.F.);
#431=ORIENTED_EDGE('',*,*,#766,.T.);
#432=ORIENTED_EDGE('',*,*,#770,.F.);
#433=ORIENTED_EDGE('',*,*,#768,.T.);
#434=ORIENTED_EDGE('',*,*,#754,.F.);
#435=ORIENTED_EDGE('',*,*,#771,.F.);
#436=ORIENTED_EDGE('',*,*,#736,.F.);
#437=ORIENTED_EDGE('',*,*,#767,.T.);
#438=ORIENTED_EDGE('',*,*,#735,.F.);
#439=ORIENTED_EDGE('',*,*,#772,.F.);
#440=ORIENTED_EDGE('',*,*,#756,.F.);
#441=ORIENTED_EDGE('',*,*,#770,.T.);
#442=ORIENTED_EDGE('',*,*,#759,.F.);
#443=ORIENTED_EDGE('',*,*,#773,.F.);
#444=ORIENTED_EDGE('',*,*,#748,.F.);
#445=ORIENTED_EDGE('',*,*,#769,.T.);
#446=ORIENTED_EDGE('',*,*,#747,.F.);
#447=ORIENTED_EDGE('',*,*,#774,.F.);
#448=ORIENTED_EDGE('',*,*,#752,.F.);
#449=ORIENTED_EDGE('',*,*,#775,.F.);
#450=ORIENTED_EDGE('',*,*,#753,.F.);
#451=ORIENTED_EDGE('',*,*,#776,.F.);
#452=ORIENTED_EDGE('',*,*,#764,.F.);
#453=ORIENTED_EDGE('',*,*,#771,.T.);
#454=ORIENTED_EDGE('',*,*,#775,.T.);
#455=ORIENTED_EDGE('',*,*,#777,.F.);
#456=ORIENTED_EDGE('',*,*,#778,.F.);
#457=ORIENTED_EDGE('',*,*,#772,.T.);
#458=ORIENTED_EDGE('',*,*,#779,.F.);
#459=ORIENTED_EDGE('',*,*,#776,.T.);
#460=ORIENTED_EDGE('',*,*,#774,.T.);
#461=ORIENTED_EDGE('',*,*,#780,.F.);
#462=ORIENTED_EDGE('',*,*,#777,.T.);
#463=ORIENTED_EDGE('',*,*,#763,.F.);
#464=ORIENTED_EDGE('',*,*,#781,.F.);
#465=ORIENTED_EDGE('',*,*,#737,.F.);
#466=ORIENTED_EDGE('',*,*,#779,.T.);
#467=ORIENTED_EDGE('',*,*,#738,.F.);
#468=ORIENTED_EDGE('',*,*,#782,.F.);
#469=ORIENTED_EDGE('',*,*,#742,.F.);
#470=ORIENTED_EDGE('',*,*,#778,.T.);
#471=ORIENTED_EDGE('',*,*,#741,.F.);
#472=ORIENTED_EDGE('',*,*,#783,.F.);
#473=ORIENTED_EDGE('',*,*,#757,.F.);
#474=ORIENTED_EDGE('',*,*,#784,.F.);
#475=ORIENTED_EDGE('',*,*,#758,.F.);
#476=ORIENTED_EDGE('',*,*,#785,.F.);
#477=ORIENTED_EDGE('',*,*,#745,.F.);
#478=ORIENTED_EDGE('',*,*,#773,.T.);
#479=ORIENTED_EDGE('',*,*,#784,.T.);
#480=ORIENTED_EDGE('',*,*,#786,.F.);
#481=ORIENTED_EDGE('',*,*,#780,.T.);
#482=ORIENTED_EDGE('',*,*,#750,.F.);
#483=ORIENTED_EDGE('',*,*,#787,.F.);
#484=ORIENTED_EDGE('',*,*,#760,.F.);
#485=ORIENTED_EDGE('',*,*,#782,.T.);
#486=ORIENTED_EDGE('',*,*,#781,.T.);
#487=ORIENTED_EDGE('',*,*,#788,.F.);
#488=ORIENTED_EDGE('',*,*,#785,.T.);
#489=ORIENTED_EDGE('',*,*,#783,.T.);
#490=ORIENTED_EDGE('',*,*,#789,.F.);
#491=ORIENTED_EDGE('',*,*,#786,.T.);
#492=ORIENTED_EDGE('',*,*,#744,.F.);
#493=ORIENTED_EDGE('',*,*,#790,.F.);
#494=ORIENTED_EDGE('',*,*,#749,.F.);
#495=ORIENTED_EDGE('',*,*,#788,.T.);
#496=ORIENTED_EDGE('',*,*,#762,.F.);
#497=ORIENTED_EDGE('',*,*,#791,.F.);
#498=ORIENTED_EDGE('',*,*,#739,.F.);
#499=ORIENTED_EDGE('',*,*,#789,.T.);
#500=ORIENTED_EDGE('',*,*,#740,.F.);
#501=ORIENTED_EDGE('',*,*,#792,.F.);
#502=ORIENTED_EDGE('',*,*,#746,.F.);
#503=ORIENTED_EDGE('',*,*,#787,.T.);
#504=ORIENTED_EDGE('',*,*,#790,.T.);
#505=ORIENTED_EDGE('',*,*,#793,.F.);
#506=ORIENTED_EDGE('',*,*,#792,.T.);
#507=ORIENTED_EDGE('',*,*,#791,.T.);
#508=ORIENTED_EDGE('',*,*,#794,.F.);
#509=ORIENTED_EDGE('',*,*,#793,.T.);
#510=ORIENTED_EDGE('',*,*,#743,.F.);
#511=ORIENTED_EDGE('',*,*,#794,.T.);
#512=ORIENTED_EDGE('',*,*,#761,.F.);
#513=ORIENTED_EDGE('',*,*,#795,.F.);
#514=ORIENTED_EDGE('',*,*,#796,.F.);
#515=ORIENTED_EDGE('',*,*,#797,.F.);
#516=ORIENTED_EDGE('',*,*,#798,.T.);
#517=ORIENTED_EDGE('',*,*,#799,.T.);
#518=ORIENTED_EDGE('',*,*,#800,.F.);
#519=ORIENTED_EDGE('',*,*,#801,.F.);
#520=ORIENTED_EDGE('',*,*,#802,.T.);
#521=ORIENTED_EDGE('',*,*,#800,.T.);
#522=ORIENTED_EDGE('',*,*,#803,.T.);
#523=ORIENTED_EDGE('',*,*,#804,.F.);
#524=ORIENTED_EDGE('',*,*,#805,.F.);
#525=ORIENTED_EDGE('',*,*,#804,.T.);
#526=ORIENTED_EDGE('',*,*,#806,.T.);
#527=ORIENTED_EDGE('',*,*,#807,.T.);
#528=ORIENTED_EDGE('',*,*,#808,.T.);
#529=ORIENTED_EDGE('',*,*,#809,.F.);
#530=ORIENTED_EDGE('',*,*,#810,.F.);
#531=ORIENTED_EDGE('',*,*,#809,.T.);
#532=ORIENTED_EDGE('',*,*,#811,.T.);
#533=ORIENTED_EDGE('',*,*,#797,.T.);
#534=ORIENTED_EDGE('',*,*,#812,.F.);
#535=ORIENTED_EDGE('',*,*,#813,.F.);
#536=ORIENTED_EDGE('',*,*,#796,.T.);
#537=ORIENTED_EDGE('',*,*,#814,.T.);
#538=ORIENTED_EDGE('',*,*,#815,.F.);
#539=ORIENTED_EDGE('',*,*,#816,.F.);
#540=ORIENTED_EDGE('',*,*,#812,.T.);
#541=ORIENTED_EDGE('',*,*,#815,.T.);
#542=ORIENTED_EDGE('',*,*,#817,.T.);
#543=ORIENTED_EDGE('',*,*,#818,.F.);
#544=ORIENTED_EDGE('',*,*,#819,.F.);
#545=ORIENTED_EDGE('',*,*,#818,.T.);
#546=ORIENTED_EDGE('',*,*,#820,.T.);
#547=ORIENTED_EDGE('',*,*,#821,.F.);
#548=ORIENTED_EDGE('',*,*,#822,.F.);
#549=ORIENTED_EDGE('',*,*,#821,.T.);
#550=ORIENTED_EDGE('',*,*,#823,.T.);
#551=ORIENTED_EDGE('',*,*,#824,.F.);
#552=ORIENTED_EDGE('',*,*,#825,.F.);
#553=ORIENTED_EDGE('',*,*,#824,.T.);
#554=ORIENTED_EDGE('',*,*,#826,.T.);
#555=ORIENTED_EDGE('',*,*,#827,.F.);
#556=ORIENTED_EDGE('',*,*,#828,.F.);
#557=ORIENTED_EDGE('',*,*,#827,.T.);
#558=ORIENTED_EDGE('',*,*,#829,.T.);
#559=ORIENTED_EDGE('',*,*,#830,.F.);
#560=ORIENTED_EDGE('',*,*,#831,.F.);
#561=ORIENTED_EDGE('',*,*,#830,.T.);
#562=ORIENTED_EDGE('',*,*,#832,.T.);
#563=ORIENTED_EDGE('',*,*,#833,.F.);
#564=ORIENTED_EDGE('',*,*,#834,.F.);
#565=ORIENTED_EDGE('',*,*,#833,.T.);
#566=ORIENTED_EDGE('',*,*,#835,.T.);
#567=ORIENTED_EDGE('',*,*,#836,.F.);
#568=ORIENTED_EDGE('',*,*,#837,.F.);
#569=ORIENTED_EDGE('',*,*,#836,.T.);
#570=ORIENTED_EDGE('',*,*,#838,.T.);
#571=ORIENTED_EDGE('',*,*,#839,.T.);
#572=ORIENTED_EDGE('',*,*,#802,.F.);
#573=ORIENTED_EDGE('',*,*,#840,.F.);
#574=ORIENTED_EDGE('',*,*,#841,.F.);
#575=ORIENTED_EDGE('',*,*,#798,.F.);
#576=ORIENTED_EDGE('',*,*,#839,.F.);
#577=ORIENTED_EDGE('',*,*,#842,.F.);
#578=ORIENTED_EDGE('',*,*,#807,.F.);
#579=ORIENTED_EDGE('',*,*,#840,.T.);
#580=ORIENTED_EDGE('',*,*,#801,.T.);
#581=ORIENTED_EDGE('',*,*,#805,.T.);
#582=ORIENTED_EDGE('',*,*,#810,.T.);
#583=ORIENTED_EDGE('',*,*,#813,.T.);
#584=ORIENTED_EDGE('',*,*,#816,.T.);
#585=ORIENTED_EDGE('',*,*,#819,.T.);
#586=ORIENTED_EDGE('',*,*,#822,.T.);
#587=ORIENTED_EDGE('',*,*,#825,.T.);
#588=ORIENTED_EDGE('',*,*,#828,.T.);
#589=ORIENTED_EDGE('',*,*,#831,.T.);
#590=ORIENTED_EDGE('',*,*,#834,.T.);
#591=ORIENTED_EDGE('',*,*,#837,.T.);
#592=ORIENTED_EDGE('',*,*,#808,.F.);
#593=ORIENTED_EDGE('',*,*,#842,.T.);
#594=ORIENTED_EDGE('',*,*,#838,.F.);
#595=ORIENTED_EDGE('',*,*,#835,.F.);
#596=ORIENTED_EDGE('',*,*,#832,.F.);
#597=ORIENTED_EDGE('',*,*,#829,.F.);
#598=ORIENTED_EDGE('',*,*,#826,.F.);
#599=ORIENTED_EDGE('',*,*,#823,.F.);
#600=ORIENTED_EDGE('',*,*,#820,.F.);
#601=ORIENTED_EDGE('',*,*,#817,.F.);
#602=ORIENTED_EDGE('',*,*,#814,.F.);
#603=ORIENTED_EDGE('',*,*,#795,.T.);
#604=ORIENTED_EDGE('',*,*,#811,.F.);
#605=ORIENTED_EDGE('',*,*,#841,.T.);
#606=ORIENTED_EDGE('',*,*,#806,.F.);
#607=ORIENTED_EDGE('',*,*,#803,.F.);
#608=ORIENTED_EDGE('',*,*,#799,.F.);
#609=ORIENTED_EDGE('',*,*,#843,.T.);
#610=ORIENTED_EDGE('',*,*,#844,.T.);
#611=ORIENTED_EDGE('',*,*,#845,.F.);
#612=ORIENTED_EDGE('',*,*,#846,.F.);
#613=ORIENTED_EDGE('',*,*,#845,.T.);
#614=ORIENTED_EDGE('',*,*,#847,.T.);
#615=ORIENTED_EDGE('',*,*,#848,.T.);
#616=ORIENTED_EDGE('',*,*,#849,.F.);
#617=ORIENTED_EDGE('',*,*,#850,.F.);
#618=ORIENTED_EDGE('',*,*,#851,.T.);
#619=ORIENTED_EDGE('',*,*,#852,.T.);
#620=ORIENTED_EDGE('',*,*,#853,.F.);
#621=ORIENTED_EDGE('',*,*,#854,.F.);
#622=ORIENTED_EDGE('',*,*,#849,.T.);
#623=ORIENTED_EDGE('',*,*,#853,.T.);
#624=ORIENTED_EDGE('',*,*,#855,.T.);
#625=ORIENTED_EDGE('',*,*,#856,.F.);
#626=ORIENTED_EDGE('',*,*,#857,.F.);
#627=ORIENTED_EDGE('',*,*,#856,.T.);
#628=ORIENTED_EDGE('',*,*,#858,.T.);
#629=ORIENTED_EDGE('',*,*,#859,.T.);
#630=ORIENTED_EDGE('',*,*,#860,.F.);
#631=ORIENTED_EDGE('',*,*,#861,.F.);
#632=ORIENTED_EDGE('',*,*,#862,.T.);
#633=ORIENTED_EDGE('',*,*,#863,.T.);
#634=ORIENTED_EDGE('',*,*,#843,.F.);
#635=ORIENTED_EDGE('',*,*,#864,.F.);
#636=ORIENTED_EDGE('',*,*,#860,.T.);
#637=ORIENTED_EDGE('',*,*,#859,.F.);
#638=ORIENTED_EDGE('',*,*,#865,.T.);
#639=ORIENTED_EDGE('',*,*,#851,.F.);
#640=ORIENTED_EDGE('',*,*,#848,.F.);
#641=ORIENTED_EDGE('',*,*,#866,.T.);
#642=ORIENTED_EDGE('',*,*,#862,.F.);
#643=ORIENTED_EDGE('',*,*,#864,.T.);
#644=ORIENTED_EDGE('',*,*,#846,.T.);
#645=ORIENTED_EDGE('',*,*,#850,.T.);
#646=ORIENTED_EDGE('',*,*,#854,.T.);
#647=ORIENTED_EDGE('',*,*,#857,.T.);
#648=ORIENTED_EDGE('',*,*,#861,.T.);
#649=ORIENTED_EDGE('',*,*,#863,.F.);
#650=ORIENTED_EDGE('',*,*,#866,.F.);
#651=ORIENTED_EDGE('',*,*,#847,.F.);
#652=ORIENTED_EDGE('',*,*,#844,.F.);
#653=ORIENTED_EDGE('',*,*,#865,.F.);
#654=ORIENTED_EDGE('',*,*,#858,.F.);
#655=ORIENTED_EDGE('',*,*,#855,.F.);
#656=ORIENTED_EDGE('',*,*,#852,.F.);
#657=VERTEX_POINT('',#1191);
#658=VERTEX_POINT('',#1192);
#659=VERTEX_POINT('',#1194);
#660=VERTEX_POINT('',#1201);
#661=VERTEX_POINT('',#1232);
#662=VERTEX_POINT('',#1233);
#663=VERTEX_POINT('',#1235);
#664=VERTEX_POINT('',#1262);
#665=VERTEX_POINT('',#1275);
#666=VERTEX_POINT('',#1276);
#667=VERTEX_POINT('',#1278);
#668=VERTEX_POINT('',#1289);
#669=VERTEX_POINT('',#1293);
#670=VERTEX_POINT('',#1294);
#671=VERTEX_POINT('',#1325);
#672=VERTEX_POINT('',#1327);
#673=VERTEX_POINT('',#1360);
#674=VERTEX_POINT('',#1361);
#675=VERTEX_POINT('',#1363);
#676=VERTEX_POINT('',#1371);
#677=VERTEX_POINT('',#1381);
#678=VERTEX_POINT('',#1382);
#679=VERTEX_POINT('',#1389);
#680=VERTEX_POINT('',#1418);
#681=VERTEX_POINT('',#1429);
#682=VERTEX_POINT('',#1693);
#683=VERTEX_POINT('',#1694);
#684=VERTEX_POINT('',#1705);
#685=VERTEX_POINT('',#1732);
#686=VERTEX_POINT('',#1739);
#687=VERTEX_POINT('',#2564);
#688=VERTEX_POINT('',#2565);
#689=VERTEX_POINT('',#2570);
#690=VERTEX_POINT('',#2580);
#691=VERTEX_POINT('',#2581);
#692=VERTEX_POINT('',#2586);
#693=VERTEX_POINT('',#2588);
#694=VERTEX_POINT('',#2593);
#695=VERTEX_POINT('',#2600);
#696=VERTEX_POINT('',#2602);
#697=VERTEX_POINT('',#2612);
#698=VERTEX_POINT('',#2617);
#699=VERTEX_POINT('',#2622);
#700=VERTEX_POINT('',#2624);
#701=VERTEX_POINT('',#2635);
#702=VERTEX_POINT('',#2645);
#703=VERTEX_POINT('',#2647);
#704=VERTEX_POINT('',#2657);
#705=VERTEX_POINT('',#2659);
#706=VERTEX_POINT('',#2669);
#707=VERTEX_POINT('',#2671);
#708=VERTEX_POINT('',#2681);
#709=VERTEX_POINT('',#2683);
#710=VERTEX_POINT('',#2695);
#711=VERTEX_POINT('',#2697);
#712=VERTEX_POINT('',#2709);
#713=VERTEX_POINT('',#2711);
#714=VERTEX_POINT('',#2727);
#715=VERTEX_POINT('',#2729);
#716=VERTEX_POINT('',#2756);
#717=VERTEX_POINT('',#2758);
#718=VERTEX_POINT('',#2779);
#719=VERTEX_POINT('',#3281);
#720=VERTEX_POINT('',#3282);
#721=VERTEX_POINT('',#3287);
#722=VERTEX_POINT('',#3289);
#723=VERTEX_POINT('',#3299);
#724=VERTEX_POINT('',#3304);
#725=VERTEX_POINT('',#3306);
#726=VERTEX_POINT('',#3332);
#727=VERTEX_POINT('',#3391);
#728=VERTEX_POINT('',#3393);
#729=VERTEX_POINT('',#3472);
#730=VERTEX_POINT('',#3474);
#731=VERTEX_POINT('',#3530);
#732=VERTEX_POINT('',#3552);
#733=VERTEX_POINT('',#3554);
#734=VERTEX_POINT('',#3642);
#735=EDGE_CURVE('',#657,#658,#867,.T.);
#736=EDGE_CURVE('',#658,#659,#331,.T.);
#737=EDGE_CURVE('',#659,#660,#868,.T.);
#738=EDGE_CURVE('',#660,#657,#332,.T.);
#739=EDGE_CURVE('',#661,#662,#869,.T.);
#740=EDGE_CURVE('',#662,#663,#333,.T.);
#741=EDGE_CURVE('',#663,#664,#870,.T.);
#742=EDGE_CURVE('',#664,#661,#334,.T.);
#743=EDGE_CURVE('',#665,#666,#871,.T.);
#744=EDGE_CURVE('',#666,#667,#335,.T.);
#745=EDGE_CURVE('',#667,#668,#872,.T.);
#746=EDGE_CURVE('',#668,#665,#336,.T.);
#747=EDGE_CURVE('',#669,#670,#337,.T.);
#748=EDGE_CURVE('',#670,#671,#873,.T.);
#749=EDGE_CURVE('',#671,#672,#338,.T.);
#750=EDGE_CURVE('',#672,#669,#874,.T.);
#751=EDGE_CURVE('',#673,#674,#875,.T.);
#752=EDGE_CURVE('',#674,#675,#339,.T.);
#753=EDGE_CURVE('',#675,#676,#876,.T.);
#754=EDGE_CURVE('',#676,#673,#340,.T.);
#755=EDGE_CURVE('',#677,#678,#877,.T.);
#756=EDGE_CURVE('',#678,#679,#878,.T.);
#757=EDGE_CURVE('',#679,#680,#879,.T.);
#758=EDGE_CURVE('',#680,#681,#880,.T.);
#759=EDGE_CURVE('',#681,#677,#881,.T.);
#760=EDGE_CURVE('',#682,#683,#882,.T.);
#761=EDGE_CURVE('',#683,#684,#883,.T.);
#762=EDGE_CURVE('',#684,#685,#884,.T.);
#763=EDGE_CURVE('',#685,#686,#885,.T.);
#764=EDGE_CURVE('',#686,#682,#886,.T.);
#765=EDGE_CURVE('',#678,#673,#85,.T.);
#766=EDGE_CURVE('',#674,#677,#86,.T.);
#767=EDGE_CURVE('',#678,#658,#87,.T.);
#768=EDGE_CURVE('',#658,#673,#88,.T.);
#769=EDGE_CURVE('',#674,#670,#89,.T.);
#770=EDGE_CURVE('',#670,#677,#90,.T.);
#771=EDGE_CURVE('',#659,#676,#91,.T.);
#772=EDGE_CURVE('',#679,#657,#92,.T.);
#773=EDGE_CURVE('',#671,#681,#93,.T.);
#774=EDGE_CURVE('',#675,#669,#94,.T.);
#775=EDGE_CURVE('',#676,#686,#95,.T.);
#776=EDGE_CURVE('',#682,#675,#96,.T.);
#777=EDGE_CURVE('',#659,#686,#97,.T.);
#778=EDGE_CURVE('',#679,#664,#98,.T.);
#779=EDGE_CURVE('',#664,#657,#99,.T.);
#780=EDGE_CURVE('',#682,#669,#100,.T.);
#781=EDGE_CURVE('',#660,#685,#101,.T.);
#782=EDGE_CURVE('',#661,#660,#102,.T.);
#783=EDGE_CURVE('',#680,#663,#103,.T.);
#784=EDGE_CURVE('',#681,#667,#104,.T.);
#785=EDGE_CURVE('',#668,#680,#105,.T.);
#786=EDGE_CURVE('',#671,#667,#106,.T.);
#787=EDGE_CURVE('',#683,#672,#107,.T.);
#788=EDGE_CURVE('',#661,#685,#108,.T.);
#789=EDGE_CURVE('',#668,#663,#109,.T.);
#790=EDGE_CURVE('',#672,#666,#110,.T.);
#791=EDGE_CURVE('',#662,#684,#111,.T.);
#792=EDGE_CURVE('',#665,#662,#112,.T.);
#793=EDGE_CURVE('',#683,#666,#113,.T.);
#794=EDGE_CURVE('',#665,#684,#114,.T.);
#795=EDGE_CURVE('',#687,#688,#887,.T.);
#796=EDGE_CURVE('',#689,#687,#888,.T.);
#797=EDGE_CURVE('',#688,#689,#889,.T.);
#798=EDGE_CURVE('',#690,#691,#890,.T.);
#799=EDGE_CURVE('',#691,#692,#891,.T.);
#800=EDGE_CURVE('',#693,#692,#341,.T.);
#801=EDGE_CURVE('',#694,#693,#892,.T.);
#802=EDGE_CURVE('',#694,#690,#342,.T.);
#803=EDGE_CURVE('',#692,#695,#893,.T.);
#804=EDGE_CURVE('',#696,#695,#343,.T.);
#805=EDGE_CURVE('',#693,#696,#894,.T.);
#806=EDGE_CURVE('',#695,#697,#895,.T.);
#807=EDGE_CURVE('',#697,#698,#896,.T.);
#808=EDGE_CURVE('',#698,#699,#897,.T.);
#809=EDGE_CURVE('',#700,#699,#344,.T.);
#810=EDGE_CURVE('',#696,#700,#898,.T.);
#811=EDGE_CURVE('',#699,#688,#899,.T.);
#812=EDGE_CURVE('',#701,#689,#345,.T.);
#813=EDGE_CURVE('',#700,#701,#900,.T.);
#814=EDGE_CURVE('',#687,#702,#901,.T.);
#815=EDGE_CURVE('',#703,#702,#346,.T.);
#816=EDGE_CURVE('',#701,#703,#902,.T.);
#817=EDGE_CURVE('',#702,#704,#903,.T.);
#818=EDGE_CURVE('',#705,#704,#347,.T.);
#819=EDGE_CURVE('',#703,#705,#904,.T.);
#820=EDGE_CURVE('',#704,#706,#905,.T.);
#821=EDGE_CURVE('',#707,#706,#348,.T.);
#822=EDGE_CURVE('',#705,#707,#906,.T.);
#823=EDGE_CURVE('',#706,#708,#907,.T.);
#824=EDGE_CURVE('',#709,#708,#349,.T.);
#825=EDGE_CURVE('',#707,#709,#908,.T.);
#826=EDGE_CURVE('',#708,#710,#909,.T.);
#827=EDGE_CURVE('',#711,#710,#350,.T.);
#828=EDGE_CURVE('',#709,#711,#910,.T.);
#829=EDGE_CURVE('',#710,#712,#911,.T.);
#830=EDGE_CURVE('',#713,#712,#351,.T.);
#831=EDGE_CURVE('',#711,#713,#912,.T.);
#832=EDGE_CURVE('',#712,#714,#913,.T.);
#833=EDGE_CURVE('',#715,#714,#352,.T.);
#834=EDGE_CURVE('',#713,#715,#914,.T.);
#835=EDGE_CURVE('',#714,#716,#916,.T.);
#836=EDGE_CURVE('',#717,#716,#353,.T.);
#837=EDGE_CURVE('',#715,#717,#917,.T.);
#838=EDGE_CURVE('',#716,#718,#919,.T.);
#839=EDGE_CURVE('',#718,#690,#920,.T.);
#840=EDGE_CURVE('',#717,#694,#921,.T.);
#841=EDGE_CURVE('',#691,#697,#922,.T.);
#842=EDGE_CURVE('',#698,#718,#923,.T.);
#843=EDGE_CURVE('',#719,#720,#354,.T.);
#844=EDGE_CURVE('',#720,#721,#924,.T.);
#845=EDGE_CURVE('',#722,#721,#355,.T.);
#846=EDGE_CURVE('',#719,#722,#925,.T.);
#847=EDGE_CURVE('',#721,#723,#926,.T.);
#848=EDGE_CURVE('',#723,#724,#927,.T.);
#849=EDGE_CURVE('',#725,#724,#356,.T.);
#850=EDGE_CURVE('',#722,#725,#928,.T.);
#851=EDGE_CURVE('',#724,#726,#929,.T.);
#852=EDGE_CURVE('',#726,#727,#930,.T.);
#853=EDGE_CURVE('',#728,#727,#357,.T.);
#854=EDGE_CURVE('',#725,#728,#931,.T.);
#855=EDGE_CURVE('',#727,#729,#933,.T.);
#856=EDGE_CURVE('',#730,#729,#358,.T.);
#857=EDGE_CURVE('',#728,#730,#934,.T.);
#858=EDGE_CURVE('',#729,#731,#935,.T.);
#859=EDGE_CURVE('',#731,#732,#936,.T.);
#860=EDGE_CURVE('',#733,#732,#359,.T.);
#861=EDGE_CURVE('',#730,#733,#937,.T.);
#862=EDGE_CURVE('',#732,#734,#939,.T.);
#863=EDGE_CURVE('',#734,#720,#940,.T.);
#864=EDGE_CURVE('',#733,#719,#941,.T.);
#865=EDGE_CURVE('',#731,#726,#942,.T.);
#866=EDGE_CURVE('',#723,#734,#943,.T.);
#867=B_SPLINE_CURVE_WITH_KNOTS('',3,(#1185,#1186,#1187,#1188,#1189,#1190),
 .UNSPECIFIED.,.F.,.F.,(4,2,4),(0.,0.5,1.),.UNSPECIFIED.);
#868=B_SPLINE_CURVE_WITH_KNOTS('',3,(#1195,#1196,#1197,#1198,#1199,#1200),
 .UNSPECIFIED.,.F.,.F.,(4,2,4),(0.,0.5,1.),.UNSPECIFIED.);
#869=B_SPLINE_CURVE_WITH_KNOTS('',3,(#1204,#1205,#1206,#1207,#1208,#1209,
#1210,#1211,#1212,#1213,#1214,#1215,#1216,#1217,#1218,#1219,#1220,#1221,
#1222,#1223,#1224,#1225,#1226,#1227,#1228,#1229,#1230,#1231),
 .UNSPECIFIED.,.F.,.F.,(4,2,2,2,2,2,2,2,2,2,2,2,2,4),(0.,0.0625000000000005,
0.125000000000001,0.187500000000002,0.250000000000002,0.375000000000002,
0.437500000000002,0.500000000000002,0.625000000000002,0.750000000000001,
0.875,0.937500000000001,0.96875,1.),.UNSPECIFIED.);
#870=B_SPLINE_CURVE_WITH_KNOTS('',3,(#1236,#1237,#1238,#1239,#1240,#1241,
#1242,#1243,#1244,#1245,#1246,#1247,#1248,#1249,#1250,#1251,#1252,#1253,
#1254,#1255,#1256,#1257,#1258,#1259,#1260,#1261),.UNSPECIFIED.,.F.,.F.,
(4,2,2,2,2,2,2,2,2,2,2,2,4),(0.,0.0625,0.125,0.1875,0.25,0.3125,0.375,0.5,
0.625,0.75,0.875,0.9375,1.),.UNSPECIFIED.);
#871=B_SPLINE_CURVE_WITH_KNOTS('',3,(#1265,#1266,#1267,#1268,#1269,#1270,
#1271,#1272,#1273,#1274),.UNSPECIFIED.,.F.,.F.,(4,2,2,2,4),(0.,0.125,0.249999999999999,
0.499999999999999,1.),.UNSPECIFIED.);
#872=B_SPLINE_CURVE_WITH_KNOTS('',3,(#1279,#1280,#1281,#1282,#1283,#1284,
#1285,#1286,#1287,#1288),.UNSPECIFIED.,.F.,.F.,(4,2,2,2,4),(0.,0.500000000000001,
0.750000000000003,0.875000000000001,1.),.UNSPECIFIED.);
#873=B_SPLINE_CURVE_WITH_KNOTS('',3,(#1295,#1296,#1297,#1298,#1299,#1300,
#1301,#1302,#1303,#1304,#1305,#1306,#1307,#1308,#1309,#1310,#1311,#1312,
#1313,#1314,#1315,#1316,#1317,#1318,#1319,#1320,#1321,#1322,#1323,#1324),
 .UNSPECIFIED.,.F.,.F.,(4,2,2,2,2,2,2,2,2,2,2,2,2,2,4),(0.,0.0624999999999997,
0.0937499999999996,0.124999999999999,0.1875,0.25,0.312500000000001,0.375000000000001,
0.500000000000001,0.625000000000001,0.687500000000001,0.750000000000001,
0.875,0.9375,1.),.UNSPECIFIED.);
#874=B_SPLINE_CURVE_WITH_KNOTS('',3,(#1328,#1329,#1330,#1331,#1332,#1333,
#1334,#1335,#1336,#1337,#1338,#1339,#1340,#1341,#1342,#1343,#1344,#1345,
#1346,#1347,#1348,#1349,#1350,#1351),.UNSPECIFIED.,.F.,.F.,(4,2,2,2,2,2,
2,2,2,2,2,4),(0.,0.0625,0.125,0.25,0.375,0.5,0.625,0.75,0.8125,0.875,0.9375,
1.),.UNSPECIFIED.);
#875=B_SPLINE_CURVE_WITH_KNOTS('',3,(#1353,#1354,#1355,#1356,#1357,#1358,
#1359),.UNSPECIFIED.,.F.,.F.,(4,3,4),(0.,0.531042080343085,1.),
 .UNSPECIFIED.);
#876=B_SPLINE_CURVE_WITH_KNOTS('',3,(#1364,#1365,#1366,#1367,#1368,#1369,
#1370),.UNSPECIFIED.,.F.,.F.,(4,3,4),(0.,0.495005059430719,1.),
 .UNSPECIFIED.);
#877=B_SPLINE_CURVE_WITH_KNOTS('',3,(#1374,#1375,#1376,#1377,#1378,#1379,
#1380),.UNSPECIFIED.,.F.,.F.,(4,3,4),(0.,0.46890714430388,1.),
 .UNSPECIFIED.);
#878=B_SPLINE_CURVE_WITH_KNOTS('',3,(#1383,#1384,#1385,#1386,#1387,#1388),
 .UNSPECIFIED.,.F.,.F.,(4,2,4),(0.,0.5,1.),.UNSPECIFIED.);
#879=B_SPLINE_CURVE_WITH_KNOTS('',3,(#1390,#1391,#1392,#1393,#1394,#1395,
#1396,#1397,#1398,#1399,#1400,#1401,#1402,#1403,#1404,#1405,#1406,#1407,
#1408,#1409,#1410,#1411,#1412,#1413,#1414,#1415,#1416,#1417),
 .UNSPECIFIED.,.F.,.F.,(4,2,2,2,2,2,2,2,2,2,2,2,2,4),(0.,0.0624999999999997,
0.124999999999999,0.25,0.375,0.4375,0.5,0.625,0.6875,0.75,0.8125,0.875,
0.9375,1.),.UNSPECIFIED.);
#880=B_SPLINE_CURVE_WITH_KNOTS('',3,(#1419,#1420,#1421,#1422,#1423,#1424,
#1425,#1426,#1427,#1428),.UNSPECIFIED.,.F.,.F.,(4,2,2,2,4),(0.,0.125,0.250000000000001,
0.500000000000001,1.),.UNSPECIFIED.);
#881=B_SPLINE_CURVE_WITH_KNOTS('',3,(#1430,#1431,#1432,#1433,#1434,#1435,
#1436,#1437,#1438,#1439,#1440,#1441,#1442,#1443,#1444,#1445,#1446,#1447,
#1448,#1449,#1450,#1451,#1452,#1453,#1454,#1455,#1456,#1457,#1458,#1459),
 .UNSPECIFIED.,.F.,.F.,(4,2,2,2,2,2,2,2,2,2,2,2,2,2,4),(0.,0.0624999999999997,
0.124999999999999,0.249999999999999,0.312499999999999,0.374999999999998,
0.499999999999999,0.624999999999999,0.687499999999999,0.749999999999999,
0.812499999999999,0.874999999999999,0.906249999999999,0.937499999999999,
1.),.UNSPECIFIED.);
#882=B_SPLINE_CURVE_WITH_KNOTS('',3,(#1669,#1670,#1671,#1672,#1673,#1674,
#1675,#1676,#1677,#1678,#1679,#1680,#1681,#1682,#1683,#1684,#1685,#1686,
#1687,#1688,#1689,#1690,#1691,#1692),.UNSPECIFIED.,.F.,.F.,(4,2,2,2,2,2,
2,2,2,2,2,4),(0.,0.0624999999999998,0.125,0.187499999999999,0.249999999999999,
0.375,0.5,0.625000000000001,0.750000000000001,0.875000000000001,0.937500000000001,
1.),.UNSPECIFIED.);
#883=B_SPLINE_CURVE_WITH_KNOTS('',3,(#1695,#1696,#1697,#1698,#1699,#1700,
#1701,#1702,#1703,#1704),.UNSPECIFIED.,.F.,.F.,(4,2,2,2,4),(0.,0.499999999999999,
0.75,0.875,1.),.UNSPECIFIED.);
#884=B_SPLINE_CURVE_WITH_KNOTS('',3,(#1706,#1707,#1708,#1709,#1710,#1711,
#1712,#1713,#1714,#1715,#1716,#1717,#1718,#1719,#1720,#1721,#1722,#1723,
#1724,#1725,#1726,#1727,#1728,#1729,#1730,#1731),.UNSPECIFIED.,.F.,.F.,
(4,2,2,2,2,2,2,2,2,2,2,2,4),(0.,0.03125,0.0625,0.125,0.249999999999999,
0.499999999999999,0.562499999999999,0.624999999999999,0.749999999999999,
0.812499999999999,0.875,0.9375,1.),.UNSPECIFIED.);
#885=B_SPLINE_CURVE_WITH_KNOTS('',3,(#1733,#1734,#1735,#1736,#1737,#1738),
 .UNSPECIFIED.,.F.,.F.,(4,2,4),(0.,0.5,1.),.UNSPECIFIED.);
#886=B_SPLINE_CURVE_WITH_KNOTS('',3,(#1740,#1741,#1742,#1743,#1744,#1745,
#1746),.UNSPECIFIED.,.F.,.F.,(4,3,4),(0.,0.504948673229194,1.),
 .UNSPECIFIED.);
#887=B_SPLINE_CURVE_WITH_KNOTS('',3,(#2558,#2559,#2560,#2561,#2562,#2563),
 .UNSPECIFIED.,.F.,.F.,(4,2,4),(0.,0.5,1.),.UNSPECIFIED.);
#888=B_SPLINE_CURVE_WITH_KNOTS('',3,(#2566,#2567,#2568,#2569),
 .UNSPECIFIED.,.F.,.F.,(4,4),(0.,1.),.UNSPECIFIED.);
#889=B_SPLINE_CURVE_WITH_KNOTS('',3,(#2571,#2572,#2573,#2574),
 .UNSPECIFIED.,.F.,.F.,(4,4),(0.,1.),.UNSPECIFIED.);
#890=B_SPLINE_CURVE_WITH_KNOTS('',3,(#2576,#2577,#2578,#2579),
 .UNSPECIFIED.,.F.,.F.,(4,4),(0.,1.),.UNSPECIFIED.);
#891=B_SPLINE_CURVE_WITH_KNOTS('',3,(#2582,#2583,#2584,#2585),
 .UNSPECIFIED.,.F.,.F.,(4,4),(0.,1.),.UNSPECIFIED.);
#892=B_SPLINE_CURVE_WITH_KNOTS('',3,(#2589,#2590,#2591,#2592),
 .UNSPECIFIED.,.F.,.F.,(4,4),(0.,1.),.UNSPECIFIED.);
#893=B_SPLINE_CURVE_WITH_KNOTS('',3,(#2596,#2597,#2598,#2599),
 .UNSPECIFIED.,.F.,.F.,(4,4),(0.,1.),.UNSPECIFIED.);
#894=B_SPLINE_CURVE_WITH_KNOTS('',3,(#2603,#2604,#2605,#2606),
 .UNSPECIFIED.,.F.,.F.,(4,4),(0.,1.),.UNSPECIFIED.);
#895=B_SPLINE_CURVE_WITH_KNOTS('',3,(#2608,#2609,#2610,#2611),
 .UNSPECIFIED.,.F.,.F.,(4,4),(0.,1.),.UNSPECIFIED.);
#896=B_SPLINE_CURVE_WITH_KNOTS('',3,(#2613,#2614,#2615,#2616),
 .UNSPECIFIED.,.F.,.F.,(4,4),(0.,1.),.UNSPECIFIED.);
#897=B_SPLINE_CURVE_WITH_KNOTS('',3,(#2618,#2619,#2620,#2621),
 .UNSPECIFIED.,.F.,.F.,(4,4),(0.,1.),.UNSPECIFIED.);
#898=B_SPLINE_CURVE_WITH_KNOTS('',3,(#2625,#2626,#2627,#2628),
 .UNSPECIFIED.,.F.,.F.,(4,4),(0.,1.),.UNSPECIFIED.);
#899=B_SPLINE_CURVE_WITH_KNOTS('',3,(#2630,#2631,#2632,#2633),
 .UNSPECIFIED.,.F.,.F.,(4,4),(0.,1.),.UNSPECIFIED.);
#900=B_SPLINE_CURVE_WITH_KNOTS('',3,(#2636,#2637,#2638,#2639),
 .UNSPECIFIED.,.F.,.F.,(4,4),(0.,1.),.UNSPECIFIED.);
#901=B_SPLINE_CURVE_WITH_KNOTS('',3,(#2641,#2642,#2643,#2644),
 .UNSPECIFIED.,.F.,.F.,(4,4),(0.,1.),.UNSPECIFIED.);
#902=B_SPLINE_CURVE_WITH_KNOTS('',3,(#2648,#2649,#2650,#2651),
 .UNSPECIFIED.,.F.,.F.,(4,4),(0.,1.),.UNSPECIFIED.);
#903=B_SPLINE_CURVE_WITH_KNOTS('',3,(#2653,#2654,#2655,#2656),
 .UNSPECIFIED.,.F.,.F.,(4,4),(0.,1.),.UNSPECIFIED.);
#904=B_SPLINE_CURVE_WITH_KNOTS('',3,(#2660,#2661,#2662,#2663),
 .UNSPECIFIED.,.F.,.F.,(4,4),(0.,1.),.UNSPECIFIED.);
#905=B_SPLINE_CURVE_WITH_KNOTS('',3,(#2665,#2666,#2667,#2668),
 .UNSPECIFIED.,.F.,.F.,(4,4),(0.,1.),.UNSPECIFIED.);
#906=B_SPLINE_CURVE_WITH_KNOTS('',3,(#2672,#2673,#2674,#2675),
 .UNSPECIFIED.,.F.,.F.,(4,4),(0.,1.),.UNSPECIFIED.);
#907=B_SPLINE_CURVE_WITH_KNOTS('',3,(#2677,#2678,#2679,#2680),
 .UNSPECIFIED.,.F.,.F.,(4,4),(0.,1.),.UNSPECIFIED.);
#908=B_SPLINE_CURVE_WITH_KNOTS('',3,(#2684,#2685,#2686,#2687),
 .UNSPECIFIED.,.F.,.F.,(4,4),(0.,1.),.UNSPECIFIED.);
#909=B_SPLINE_CURVE_WITH_KNOTS('',3,(#2689,#2690,#2691,#2692,#2693,#2694),
 .UNSPECIFIED.,.F.,.F.,(4,2,4),(0.,0.5,1.),.UNSPECIFIED.);
#910=B_SPLINE_CURVE_WITH_KNOTS('',3,(#2698,#2699,#2700,#2701,#2702,#2703),
 .UNSPECIFIED.,.F.,.F.,(4,2,4),(0.,0.5,1.),.UNSPECIFIED.);
#911=B_SPLINE_CURVE_WITH_KNOTS('',3,(#2705,#2706,#2707,#2708),
 .UNSPECIFIED.,.F.,.F.,(4,4),(0.,1.),.UNSPECIFIED.);
#912=B_SPLINE_CURVE_WITH_KNOTS('',3,(#2712,#2713,#2714,#2715),
 .UNSPECIFIED.,.F.,.F.,(4,4),(0.,1.),.UNSPECIFIED.);
#913=B_SPLINE_CURVE_WITH_KNOTS('',3,(#2717,#2718,#2719,#2720,#2721,#2722,
#2723,#2724,#2725,#2726),.UNSPECIFIED.,.F.,.F.,(4,2,2,2,4),(0.,0.500000000000001,
0.750000000000002,0.875000000000001,1.),.UNSPECIFIED.);
#914=B_SPLINE_CURVE_WITH_KNOTS('',3,(#2730,#2731,#2732,#2733,#2734,#2735,
#2736,#2737,#2738,#2739),.UNSPECIFIED.,.F.,.F.,(4,2,2,2,4),(0.,0.500000000000002,
0.750000000000001,0.875000000000001,1.),.UNSPECIFIED.);
#915=B_SPLINE_CURVE_WITH_KNOTS('',3,(#2740,#2741,#2742,#2743,#2744,#2745),
 .UNSPECIFIED.,.F.,.F.,(4,2,4),(0.,0.767403833196694,1.),.UNSPECIFIED.);
#916=B_SPLINE_CURVE_WITH_KNOTS('',3,(#2746,#2747,#2748,#2749,#2750,#2751,
#2752,#2753,#2754,#2755),.UNSPECIFIED.,.F.,.F.,(4,2,2,2,4),(0.,0.125,0.25,
0.5,1.),.UNSPECIFIED.);
#917=B_SPLINE_CURVE_WITH_KNOTS('',3,(#2759,#2760,#2761,#2762,#2763,#2764,
#2765,#2766,#2767,#2768),.UNSPECIFIED.,.F.,.F.,(4,2,2,2,4),(0.,0.125000000000003,
0.250000000000007,0.500000000000004,1.),.UNSPECIFIED.);
#918=B_SPLINE_CURVE_WITH_KNOTS('',3,(#2769,#2770,#2771,#2772,#2773,#2774),
 .UNSPECIFIED.,.F.,.F.,(4,2,4),(0.,0.218477383352824,1.),.UNSPECIFIED.);
#919=B_SPLINE_CURVE_WITH_KNOTS('',3,(#2775,#2776,#2777,#2778),
 .UNSPECIFIED.,.F.,.F.,(4,4),(0.,1.),.UNSPECIFIED.);
#920=B_SPLINE_CURVE_WITH_KNOTS('',3,(#2780,#2781,#2782,#2783),
 .UNSPECIFIED.,.F.,.F.,(4,4),(0.,1.),.UNSPECIFIED.);
#921=B_SPLINE_CURVE_WITH_KNOTS('',3,(#2784,#2785,#2786,#2787),
 .UNSPECIFIED.,.F.,.F.,(4,4),(0.,1.),.UNSPECIFIED.);
#922=B_SPLINE_CURVE_WITH_KNOTS('',3,(#2789,#2790,#2791,#2792),
 .UNSPECIFIED.,.F.,.F.,(4,4),(0.,1.),.UNSPECIFIED.);
#923=B_SPLINE_CURVE_WITH_KNOTS('',3,(#2793,#2794,#2795,#2796,#2797,#2798),
 .UNSPECIFIED.,.F.,.F.,(4,2,4),(0.,0.5,1.),.UNSPECIFIED.);
#924=B_SPLINE_CURVE_WITH_KNOTS('',3,(#3283,#3284,#3285,#3286),
 .UNSPECIFIED.,.F.,.F.,(4,4),(0.,1.),.UNSPECIFIED.);
#925=B_SPLINE_CURVE_WITH_KNOTS('',3,(#3290,#3291,#3292,#3293),
 .UNSPECIFIED.,.F.,.F.,(4,4),(0.,1.),.UNSPECIFIED.);
#926=B_SPLINE_CURVE_WITH_KNOTS('',3,(#3295,#3296,#3297,#3298),
 .UNSPECIFIED.,.F.,.F.,(4,4),(0.,1.),.UNSPECIFIED.);
#927=B_SPLINE_CURVE_WITH_KNOTS('',3,(#3300,#3301,#3302,#3303),
 .UNSPECIFIED.,.F.,.F.,(4,4),(0.,1.),.UNSPECIFIED.);
#928=B_SPLINE_CURVE_WITH_KNOTS('',3,(#3307,#3308,#3309,#3310),
 .UNSPECIFIED.,.F.,.F.,(4,4),(0.,1.),.UNSPECIFIED.);
#929=B_SPLINE_CURVE_WITH_KNOTS('',3,(#3312,#3313,#3314,#3315,#3316,#3317,
#3318,#3319,#3320,#3321,#3322,#3323,#3324,#3325,#3326,#3327,#3328,#3329,
#3330,#3331),.UNSPECIFIED.,.F.,.F.,(4,2,2,2,2,2,2,2,2,4),(0.,0.0671121852380679,
0.133835877548555,0.214005911183751,0.294414684198989,0.37482345721423,
0.532055898715367,0.689288340216502,0.844843635674961,1.),.UNSPECIFIED.);
#930=B_SPLINE_CURVE_WITH_KNOTS('',3,(#3333,#3334,#3335,#3336,#3337,#3338,
#3339,#3340,#3341,#3342,#3343,#3344,#3345,#3346,#3347,#3348,#3349,#3350,
#3351,#3352,#3353,#3354,#3355,#3356,#3357,#3358,#3359,#3360,#3361,#3362,
#3363,#3364,#3365,#3366,#3367,#3368,#3369,#3370,#3371,#3372,#3373,#3374,
#3375,#3376,#3377,#3378,#3379,#3380,#3381,#3382,#3383,#3384,#3385,#3386,
#3387,#3388,#3389,#3390),.UNSPECIFIED.,.F.,.F.,(4,2,2,2,2,2,2,2,2,2,2,2,
2,2,2,2,2,2,2,2,2,2,2,2,2,2,2,2,4),(0.,0.0312500000000008,0.0625000000000016,
0.125000000000001,0.187500000000001,0.25,0.28125,0.3125,0.34375,0.375,0.40625,
0.4375,0.46875,0.5,0.53125,0.5625,0.59375,0.625,0.65625,0.6875,0.71875,
0.75,0.78125,0.8125,0.84375,0.875,0.906250000000001,0.937500000000001,1.),
 .UNSPECIFIED.);
#931=B_SPLINE_CURVE_WITH_KNOTS('',3,(#3394,#3395,#3396,#3397,#3398,#3399,
#3400,#3401,#3402,#3403,#3404,#3405,#3406,#3407,#3408,#3409,#3410,#3411,
#3412,#3413,#3414,#3415,#3416,#3417,#3418,#3419,#3420,#3421,#3422,#3423,
#3424,#3425,#3426,#3427,#3428,#3429,#3430,#3431,#3432,#3433,#3434,#3435,
#3436,#3437,#3438,#3439,#3440,#3441,#3442,#3443,#3444,#3445,#3446,#3447),
 .UNSPECIFIED.,.F.,.F.,(4,2,2,2,2,2,2,2,2,2,2,2,2,2,2,2,2,2,2,2,2,2,2,2,
2,2,4),(0.,0.0624999999999996,0.0937500000000004,0.125000000000001,0.187500000000003,
0.250000000000004,0.312500000000006,0.343750000000007,0.375000000000007,
0.406250000000008,0.437500000000009,0.468750000000009,0.50000000000001,
0.531250000000011,0.562500000000012,0.593750000000012,0.625000000000013,
0.656250000000014,0.687500000000014,0.718750000000015,0.750000000000016,
0.812500000000013,0.843750000000011,0.875000000000009,0.906250000000008,
0.937500000000006,1.),.UNSPECIFIED.);
#932=B_SPLINE_CURVE_WITH_KNOTS('',3,(#3448,#3449,#3450,#3451,#3452,#3453,
#3454,#3455,#3456,#3457,#3458,#3459,#3460,#3461,#3462,#3463,#3464,#3465,
#3466,#3467),.UNSPECIFIED.,.F.,.F.,(4,2,2,2,2,2,2,2,2,4),(0.,0.0671121852380679,
0.133835877548555,0.214005911183751,0.294414684198989,0.37482345721423,
0.532055898715367,0.689288340216502,0.844843635674961,1.),.UNSPECIFIED.);
#933=B_SPLINE_CURVE_WITH_KNOTS('',3,(#3468,#3469,#3470,#3471),
 .UNSPECIFIED.,.F.,.F.,(4,4),(0.,1.),.UNSPECIFIED.);
#934=B_SPLINE_CURVE_WITH_KNOTS('',3,(#3475,#3476,#3477,#3478),
 .UNSPECIFIED.,.F.,.F.,(4,4),(0.,1.),.UNSPECIFIED.);
#935=B_SPLINE_CURVE_WITH_KNOTS('',3,(#3480,#3481,#3482,#3483,#3484,#3485,
#3486,#3487,#3488,#3489,#3490,#3491,#3492,#3493,#3494,#3495,#3496,#3497,
#3498,#3499,#3500,#3501,#3502,#3503,#3504,#3505,#3506,#3507,#3508,#3509,
#3510,#3511,#3512,#3513,#3514,#3515,#3516,#3517,#3518,#3519,#3520,#3521,
#3522,#3523,#3524,#3525,#3526,#3527,#3528,#3529),.UNSPECIFIED.,.F.,.F.,
(4,2,2,2,2,2,2,2,2,2,2,2,2,2,2,2,2,2,2,2,2,2,2,2,4),(0.,0.0624999999999947,
0.0937499999999939,0.124999999999993,0.156249999999992,0.187499999999992,
0.218749999999991,0.24999999999999,0.281249999999989,0.312499999999989,
0.343749999999988,0.374999999999987,0.406249999999986,0.437499999999985,
0.468749999999985,0.499999999999984,0.531249999999983,0.562499999999982,
0.593749999999982,0.624999999999981,0.687499999999984,0.749999999999987,
0.874999999999995,0.937499999999997,1.),.UNSPECIFIED.);
#936=B_SPLINE_CURVE_WITH_KNOTS('',3,(#3531,#3532,#3533,#3534,#3535,#3536,
#3537,#3538,#3539,#3540,#3541,#3542,#3543,#3544,#3545,#3546,#3547,#3548,
#3549,#3550,#3551),.UNSPECIFIED.,.F.,.F.,(4,2,2,2,2,2,2,2,3,4),(0.,0.137236487430311,
0.273980209504704,0.402472155247024,0.531436962368692,0.653649685347861,
0.775758951856993,0.85417067416047,0.932582396463948,1.),.UNSPECIFIED.);
#937=B_SPLINE_CURVE_WITH_KNOTS('',3,(#3555,#3556,#3557,#3558,#3559,#3560,
#3561,#3562,#3563,#3564,#3565,#3566,#3567,#3568,#3569,#3570,#3571,#3572,
#3573,#3574,#3575,#3576,#3577,#3578,#3579,#3580,#3581,#3582,#3583,#3584,
#3585,#3586,#3587,#3588,#3589,#3590,#3591,#3592,#3593,#3594,#3595,#3596,
#3597,#3598,#3599,#3600,#3601,#3602,#3603,#3604,#3605,#3606,#3607,#3608,
#3609,#3610,#3611,#3612,#3613,#3614,#3615,#3616),.UNSPECIFIED.,.F.,.F.,
(4,2,2,2,2,2,2,2,2,2,2,2,2,2,2,2,2,2,2,2,2,2,2,2,2,2,2,2,2,2,4),(0.,0.0312499999999991,
0.0624999999999982,0.0937499999999973,0.124999999999996,0.156249999999995,
0.187499999999995,0.218749999999994,0.249999999999993,0.281249999999992,
0.296874999999992,0.312499999999992,0.343749999999991,0.374999999999991,
0.406249999999991,0.437499999999991,0.468749999999991,0.49999999999999,
0.53124999999999,0.56249999999999,0.62499999999999,0.687499999999989,0.71874999999999,
0.749999999999991,0.812499999999993,0.874999999999995,0.906249999999997,
0.937499999999998,0.953124999999998,0.968749999999998,1.),.UNSPECIFIED.);
#938=B_SPLINE_CURVE_WITH_KNOTS('',3,(#3617,#3618,#3619,#3620,#3621,#3622,
#3623,#3624,#3625,#3626,#3627,#3628,#3629,#3630,#3631,#3632,#3633,#3634,
#3635,#3636,#3637),.UNSPECIFIED.,.F.,.F.,(4,2,2,2,2,2,2,2,3,4),(0.,0.137236487430311,
0.273980209504704,0.402472155247024,0.531436962368692,0.653649685347861,
0.775758951856993,0.85417067416047,0.932582396463948,1.),.UNSPECIFIED.);
#939=B_SPLINE_CURVE_WITH_KNOTS('',3,(#3638,#3639,#3640,#3641),
 .UNSPECIFIED.,.F.,.F.,(4,4),(0.,1.),.UNSPECIFIED.);
#940=B_SPLINE_CURVE_WITH_KNOTS('',3,(#3643,#3644,#3645,#3646),
 .UNSPECIFIED.,.F.,.F.,(4,4),(0.,1.),.UNSPECIFIED.);
#941=B_SPLINE_CURVE_WITH_KNOTS('',3,(#3647,#3648,#3649,#3650),
 .UNSPECIFIED.,.F.,.F.,(4,4),(0.,1.),.UNSPECIFIED.);
#942=B_SPLINE_CURVE_WITH_KNOTS('',3,(#3652,#3653,#3654,#3655),
 .UNSPECIFIED.,.F.,.F.,(4,4),(0.,1.),.UNSPECIFIED.);
#943=B_SPLINE_CURVE_WITH_KNOTS('',3,(#3656,#3657,#3658,#3659),
 .UNSPECIFIED.,.F.,.F.,(4,4),(0.,1.),.UNSPECIFIED.);
#944=AXIS2_PLACEMENT_3D('',#1184,#1013,#1014);
#945=AXIS2_PLACEMENT_3D('',#1203,#1017,#1018);
#946=AXIS2_PLACEMENT_3D('',#1264,#1021,#1022);
#947=AXIS2_PLACEMENT_3D('',#1291,#1025,#1026);
#948=AXIS2_PLACEMENT_3D('',#1352,#1029,#1030);
#949=AXIS2_PLACEMENT_3D('',#1373,#1033,#1034);
#950=AXIS2_PLACEMENT_3D('',#1937,#1035,#1036);
#951=AXIS2_PLACEMENT_3D('',#1938,#1037,#1038);
#952=AXIS2_PLACEMENT_3D('',#1951,#1039,#1040);
#953=AXIS2_PLACEMENT_3D('',#1952,#1041,#1042);
#954=AXIS2_PLACEMENT_3D('',#1953,#1043,#1044);
#955=AXIS2_PLACEMENT_3D('',#1954,#1045,#1046);
#956=AXIS2_PLACEMENT_3D('',#1955,#1047,#1048);
#957=AXIS2_PLACEMENT_3D('',#1956,#1049,#1050);
#958=AXIS2_PLACEMENT_3D('',#1957,#1051,#1052);
#959=AXIS2_PLACEMENT_3D('',#1958,#1053,#1054);
#960=AXIS2_PLACEMENT_3D('',#1959,#1055,#1056);
#961=AXIS2_PLACEMENT_3D('',#1984,#1057,#1058);
#962=AXIS2_PLACEMENT_3D('',#2093,#1059,#1060);
#963=AXIS2_PLACEMENT_3D('',#2094,#1061,#1062);
#964=AXIS2_PLACEMENT_3D('',#2095,#1063,#1064);
#965=AXIS2_PLACEMENT_3D('',#2096,#1065,#1066);
#966=AXIS2_PLACEMENT_3D('',#2109,#1067,#1068);
#967=AXIS2_PLACEMENT_3D('',#2110,#1069,#1070);
#968=AXIS2_PLACEMENT_3D('',#2111,#1071,#1072);
#969=AXIS2_PLACEMENT_3D('',#2112,#1073,#1074);
#970=AXIS2_PLACEMENT_3D('',#2113,#1075,#1076);
#971=AXIS2_PLACEMENT_3D('',#2114,#1077,#1078);
#972=AXIS2_PLACEMENT_3D('',#2115,#1079,#1080);
#973=AXIS2_PLACEMENT_3D('',#2116,#1081,#1082);
#974=AXIS2_PLACEMENT_3D('',#2147,#1083,#1084);
#975=AXIS2_PLACEMENT_3D('',#2148,#1085,#1086);
#976=AXIS2_PLACEMENT_3D('',#2149,#1087,#1088);
#977=AXIS2_PLACEMENT_3D('',#2252,#1089,#1090);
#978=AXIS2_PLACEMENT_3D('',#2253,#1091,#1092);
#979=AXIS2_PLACEMENT_3D('',#2296,#1093,#1094);
#980=AXIS2_PLACEMENT_3D('',#2297,#1095,#1096);
#981=AXIS2_PLACEMENT_3D('',#2298,#1097,#1098);
#982=AXIS2_PLACEMENT_3D('',#2395,#1099,#1100);
#983=AXIS2_PLACEMENT_3D('',#2396,#1101,#1102);
#984=AXIS2_PLACEMENT_3D('',#2397,#1103,#1104);
#985=AXIS2_PLACEMENT_3D('',#2398,#1105,#1106);
#986=AXIS2_PLACEMENT_3D('',#2399,#1107,#1108);
#987=AXIS2_PLACEMENT_3D('',#2400,#1109,#1110);
#988=AXIS2_PLACEMENT_3D('',#2401,#1111,#1112);
#989=AXIS2_PLACEMENT_3D('',#2510,#1113,#1114);
#990=AXIS2_PLACEMENT_3D('',#2511,#1115,#1116);
#991=AXIS2_PLACEMENT_3D('',#2512,#1117,#1118);
#992=AXIS2_PLACEMENT_3D('',#2513,#1119,#1120);
#993=AXIS2_PLACEMENT_3D('',#2514,#1121,#1122);
#994=AXIS2_PLACEMENT_3D('',#2515,#1123,#1124);
#995=AXIS2_PLACEMENT_3D('',#2575,#1125,#1126);
#996=AXIS2_PLACEMENT_3D('',#2595,#1129,#1130);
#997=AXIS2_PLACEMENT_3D('',#2607,#1132,#1133);
#998=AXIS2_PLACEMENT_3D('',#2629,#1135,#1136);
#999=AXIS2_PLACEMENT_3D('',#2640,#1138,#1139);
#1000=AXIS2_PLACEMENT_3D('',#2652,#1141,#1142);
#1001=AXIS2_PLACEMENT_3D('',#2664,#1144,#1145);
#1002=AXIS2_PLACEMENT_3D('',#2676,#1147,#1148);
#1003=AXIS2_PLACEMENT_3D('',#2688,#1150,#1151);
#1004=AXIS2_PLACEMENT_3D('',#2704,#1153,#1154);
#1005=AXIS2_PLACEMENT_3D('',#2716,#1156,#1157);
#1006=AXIS2_PLACEMENT_3D('',#2788,#1162,#1163);
#1007=AXIS2_PLACEMENT_3D('',#2799,#1164,#1165);
#1008=AXIS2_PLACEMENT_3D('',#3294,#1168,#1169);
#1009=AXIS2_PLACEMENT_3D('',#3311,#1171,#1172);
#1010=AXIS2_PLACEMENT_3D('',#3479,#1176,#1177);
#1011=AXIS2_PLACEMENT_3D('',#3651,#1180,#1181);
#1012=AXIS2_PLACEMENT_3D('',#3660,#1182,#1183);
#1013=DIRECTION('',(0.,0.,1.));
#1014=DIRECTION('',(1.,0.,0.));
#1015=DIRECTION('',(0.,-1.,0.));
#1016=DIRECTION('',(5.86846982431485E-17,1.,-4.10914680874151E-17));
#1017=DIRECTION('',(0.57357643635105,0.,0.819152044288989));
#1018=DIRECTION('',(0.,-1.,0.));
#1019=DIRECTION('',(6.3991290107007E-17,1.,-3.35128694944517E-17));
#1020=DIRECTION('',(-6.3991290107007E-17,-1.,3.35128694944517E-17));
#1021=DIRECTION('',(-6.3991290107007E-17,-1.,3.35128694944517E-17));
#1022=DIRECTION('',(-0.885867822666792,7.05426844119949E-17,0.463937712159291));
#1023=DIRECTION('',(1.46868584730887E-16,1.,-1.0283849015476E-16));
#1024=DIRECTION('',(-5.86846982431485E-17,-1.,4.10914680874151E-17));
#1025=DIRECTION('',(-0.57357643635105,0.,-0.819152044288989));
#1026=DIRECTION('',(-0.819152044288989,0.,0.57357643635105));
#1027=DIRECTION('',(3.43939725351633E-16,1.,1.7860826650915E-16));
#1028=DIRECTION('',(-3.43939725351633E-16,-1.,-1.7860826650915E-16));
#1029=DIRECTION('',(-3.43939725351633E-16,-1.,-1.7860826650915E-16));
#1030=DIRECTION('',(-0.639468151263491,8.06848864000916E-17,0.768817587935951));
#1031=DIRECTION('',(-3.43939725351632E-16,-1.,6.68658174570311E-31));
#1032=DIRECTION('',(0.,1.,0.));
#1033=DIRECTION('',(1.9441144051816E-15,0.,1.));
#1034=DIRECTION('',(1.,0.,-1.94462501657E-15));
#1035=DIRECTION('',(-0.994577880295761,-0.103994423054269,-3.4506351952727E-14));
#1036=DIRECTION('',(0.103994423054261,-0.994577880295763,0.));
#1037=DIRECTION('',(0.994522354328189,0.104524096463528,0.));
#1038=DIRECTION('',(-0.104524096463526,0.994522354328189,0.));
#1039=DIRECTION('',(-0.812076324895257,-0.131152980400169,0.568621964293295));
#1040=DIRECTION('',(-0.573576436351045,0.,-0.819152044288993));
#1041=DIRECTION('',(0.,-1.,0.));
#1042=DIRECTION('',(0.,0.,0.999999999999994));
#1043=DIRECTION('',(-0.103655934794618,0.991340659240256,0.0806172718400937));
#1044=DIRECTION('',(-0.994577880295729,-0.103994423054452,0.));
#1045=DIRECTION('',(0.,-1.,0.));
#1046=DIRECTION('',(0.,0.,0.999999999999994));
#1047=DIRECTION('',(0.471398270781499,-0.0218895662462763,0.881648749329212));
#1048=DIRECTION('',(-0.88186004763572,0.,0.471511247356789));
#1049=DIRECTION('',(-0.104186406070829,0.991309309146728,0.0803184062906845));
#1050=DIRECTION('',(-0.994522354328189,-0.10452409646363,0.));
#1051=DIRECTION('',(0.,-1.,0.));
#1052=DIRECTION('',(0.,0.,-0.999999999999994));
#1053=DIRECTION('',(0.,-1.,0.));
#1054=DIRECTION('',(0.,0.,-0.999999999999994));
#1055=DIRECTION('',(-0.812396443939692,-0.128164411563895,0.568846114061283));
#1056=DIRECTION('',(0.57357643635101,0.,0.81915204428901));
#1057=DIRECTION('',(0.744884332312046,-0.227437572829441,0.627231601516928));
#1058=DIRECTION('',(0.644112063444991,0.,-0.764931140511751));
#1059=DIRECTION('',(0.,-1.,0.));
#1060=DIRECTION('',(0.,0.,-0.999999999999994));
#1061=DIRECTION('',(-3.43939725351633E-16,-1.,-1.7860826650915E-16));
#1062=DIRECTION('',(0.999999999999994,0.,0.));
#1063=DIRECTION('',(-0.993790833496668,-0.111264456400045,0.));
#1064=DIRECTION('',(0.111264456400043,-0.993790833496676,0.));
#1065=DIRECTION('',(0.99373236341589,0.111785463723464,2.51531110549678E-12));
#1066=DIRECTION('',(-0.111785463723472,0.993732363415885,0.));
#1067=DIRECTION('',(-0.81135058455519,-0.137684219781225,0.568113795436431));
#1068=DIRECTION('',(-0.573576436351079,0.,-0.819152044288975));
#1069=DIRECTION('',(0.110892745952204,-0.990470793587276,-0.0816725531972359));
#1070=DIRECTION('',(0.993790833496676,0.111264456400008,0.));
#1071=DIRECTION('',(0.467080187380923,-0.0119872841640668,0.884133702318021));
#1072=DIRECTION('',(-0.884197231952842,0.,0.467113749537482));
#1073=DIRECTION('',(0.,-1.,0.));
#1074=DIRECTION('',(0.,0.,0.999999999999994));
#1075=DIRECTION('',(-0.884197231952842,-1.73472347597681E-14,0.467113749537482));
#1076=DIRECTION('',(0.467113749537465,0.,0.884197231952825));
#1077=DIRECTION('',(0.471423485460993,-0.0192930884810372,0.88169590794824));
#1078=DIRECTION('',(-0.881860047636102,0.,0.47151124735606));
#1079=DIRECTION('',(0.111415924249694,-0.990447291089967,-0.0812444176304973));
#1080=DIRECTION('',(0.993732363416024,0.111785463722137,0.));
#1081=DIRECTION('',(-0.811620700284657,-0.135290856210305,0.568302932506358));
#1082=DIRECTION('',(0.573576436351045,0.,0.819152044288993));
#1083=DIRECTION('',(0.,-1.,0.));
#1084=DIRECTION('',(0.,0.,-0.999999999999994));
#1085=DIRECTION('',(-6.3991290107007E-17,-1.,3.35128694944517E-17));
#1086=DIRECTION('',(0.999999999999994,0.,0.));
#1087=DIRECTION('',(0.698764782470193,-0.345236057885787,0.626530001767565));
#1088=DIRECTION('',(0.6675752776426,0.,-0.744542308186991));
#1089=DIRECTION('',(0.78963040294449,0.266044564298034,-0.552905160541291));
#1090=DIRECTION('',(-0.573576436351045,0.,-0.819152044288993));
#1091=DIRECTION('',(-0.775649856146803,-0.321546957047227,0.543115876285267));
#1092=DIRECTION('',(0.573576436351045,0.,0.819152044288993));
#1093=DIRECTION('',(-1.47045030334559E-14,-1.,1.02962038696533E-14));
#1094=DIRECTION('',(-0.999999999999994,1.73472347597681E-14,0.));
#1095=DIRECTION('',(0.644112063444956,-1.73472347597681E-14,-0.764931140511786));
#1096=DIRECTION('',(-0.764931140511803,0.,-0.644112063444939));
#1097=DIRECTION('',(0.741654664079271,-0.244812288113581,0.624512051795686));
#1098=DIRECTION('',(0.644112063444766,0.,-0.76493114051196));
#1099=DIRECTION('',(0.467084650194784,-0.0111619095333419,0.884142149955529));
#1100=DIRECTION('',(-0.884197231952807,0.,0.4671137495375));
#1101=DIRECTION('',(0.114166645593418,-0.990789080239449,-0.0728215319272148));
#1102=DIRECTION('',(0.993426640189567,0.114470566355222,0.));
#1103=DIRECTION('',(-1.32619184096313E-14,-1.,-1.18909681384583E-14));
#1104=DIRECTION('',(-0.999999999999994,1.73472347597681E-14,0.));
#1105=DIRECTION('',(-0.0140134022973484,0.869060892588723,0.494506612219621));
#1106=DIRECTION('',(0.,-0.494555173849737,0.869146236267791));
#1107=DIRECTION('',(-9.61183292908971E-14,-1.,-8.09366649304216E-14));
#1108=DIRECTION('',(0.999999999999994,-1.04083408558608E-13,0.));
#1109=DIRECTION('',(-3.43939725351633E-16,-1.,-1.7860826650915E-16));
#1110=DIRECTION('',(0.999999999999994,0.,0.));
#1111=DIRECTION('',(0.686792760530392,-0.386149581102559,0.615795587104489));
#1112=DIRECTION('',(0.667575277642704,0.,-0.744542308186886));
#1113=DIRECTION('',(-7.29544006901248E-15,-1.,5.10832213087969E-15));
#1114=DIRECTION('',(0.999999999999994,-8.67361737988404E-15,0.));
#1115=DIRECTION('',(-6.3991290107007E-17,-1.,3.35128694944517E-17));
#1116=DIRECTION('',(0.999999999999994,0.,0.));
#1117=DIRECTION('',(-0.783811511583148,-0.290558677850571,0.548830728946065));
#1118=DIRECTION('',(-0.573576436351045,0.,-0.819152044288993));
#1119=DIRECTION('',(0.573576436351045,0.,0.819152044288993));
#1120=DIRECTION('',(0.819152044288993,0.,-0.573576436351045));
#1121=DIRECTION('',(0.763729325289338,0.361579315609245,-0.534769030719471));
#1122=DIRECTION('',(0.573576436351079,0.,0.819152044288958));
#1123=DIRECTION('',(0.0161831355378894,-0.83887389183618,-0.544085195277148));
#1124=DIRECTION('',(0.,0.544156455564732,-0.8389837613847));
#1125=DIRECTION('',(-0.103774757610743,0.986144288790761,0.129422723538782));
#1126=DIRECTION('',(0.,-0.13012529285895,0.991497558321942));
#1127=DIRECTION('',(0.,1.,0.));
#1128=DIRECTION('',(0.,1.,0.));
#1129=DIRECTION('',(0.579853697329479,0.,0.814720620638347));
#1130=DIRECTION('',(0.814720620638347,0.,-0.579853697329479));
#1131=DIRECTION('',(0.,1.,0.));
#1132=DIRECTION('',(-0.810501523885407,0.,0.5857365276124));
#1133=DIRECTION('',(0.5857365276124,0.,0.810501523885407));
#1134=DIRECTION('',(0.,1.,0.));
#1135=DIRECTION('',(-0.579853697329478,0.,-0.814720620638347));
#1136=DIRECTION('',(-0.814720620638347,0.,0.579853697329478));
#1137=DIRECTION('',(0.,1.,0.));
#1138=DIRECTION('',(0.284103949648086,0.,0.958793484434661));
#1139=DIRECTION('',(0.958793484434661,0.,-0.284103949648086));
#1140=DIRECTION('',(0.,1.,0.));
#1141=DIRECTION('',(-0.810501523885416,0.,0.585736527612389));
#1142=DIRECTION('',(0.585736527612389,0.,0.810501523885416));
#1143=DIRECTION('',(0.,1.,0.));
#1144=DIRECTION('',(-0.817593347519137,0.,-0.575796073356229));
#1145=DIRECTION('',(-0.575796073356229,0.,0.817593347519137));
#1146=DIRECTION('',(0.,1.,0.));
#1147=DIRECTION('',(0.579853697329475,0.,0.814720620638349));
#1148=DIRECTION('',(0.814720620638349,0.,-0.579853697329475));
#1149=DIRECTION('',(0.,1.,0.));
#1150=DIRECTION('',(-0.810501523885411,0.,0.585736527612396));
#1151=DIRECTION('',(0.585736527612396,0.,0.810501523885411));
#1152=DIRECTION('',(0.,1.,0.));
#1153=DIRECTION('',(-0.579853697329477,0.,-0.814720620638348));
#1154=DIRECTION('',(-0.814720620638348,0.,0.579853697329477));
#1155=DIRECTION('',(0.,1.,0.));
#1156=DIRECTION('',(0.810501523885405,0.,-0.585736527612403));
#1157=DIRECTION('',(-0.585736527612404,0.,-0.810501523885405));
#1158=DIRECTION('',(0.,1.,0.));
#1159=DIRECTION('',(0.,1.,0.));
#1160=DIRECTION('',(0.,1.,0.));
#1161=DIRECTION('',(0.,1.,0.));
#1162=DIRECTION('',(0.810501523885403,0.,-0.585736527612407));
#1163=DIRECTION('',(-0.585736527612407,0.,-0.810501523885403));
#1164=DIRECTION('',(-0.103774757610743,0.986144288790761,0.129422723538782));
#1165=DIRECTION('',(0.,-0.13012529285895,0.991497558321942));
#1166=DIRECTION('',(0.,1.,0.));
#1167=DIRECTION('',(0.,1.,0.));
#1168=DIRECTION('',(-0.626680358749242,0.,-0.779276413064018));
#1169=DIRECTION('',(-0.779276413064018,0.,0.626680358749242));
#1170=DIRECTION('',(0.,1.,0.));
#1171=DIRECTION('',(0.768755454823209,0.,-0.639542845069478));
#1172=DIRECTION('',(-0.639542845069478,0.,-0.768755454823209));
#1173=DIRECTION('',(0.,1.,0.));
#1174=DIRECTION('',(0.,1.,0.));
#1175=DIRECTION('',(0.,1.,0.));
#1176=DIRECTION('',(-0.701499679736398,0.,0.712669768777749));
#1177=DIRECTION('',(0.712669768777749,0.,0.701499679736398));
#1178=DIRECTION('',(0.,1.,0.));
#1179=DIRECTION('',(0.,1.,0.));
#1180=DIRECTION('',(-0.768755454823209,0.,0.639542845069477));
#1181=DIRECTION('',(0.639542845069477,0.,0.768755454823209));
#1182=DIRECTION('',(0.0945817654377072,-0.977804017077995,-0.186958802501574));
#1183=DIRECTION('',(0.,0.187800694872898,-0.982207156869291));
#1184=CARTESIAN_POINT('',(0.,0.,0.));
#1185=CARTESIAN_POINT('',(-21.6392754530154,9.48881316222181,11.301196110663));
#1186=CARTESIAN_POINT('',(-21.3539279446558,9.5338298480689,11.1013936343003));
#1187=CARTESIAN_POINT('',(-21.0686254392907,9.57926708395781,10.9016226693735));
#1188=CARTESIAN_POINT('',(-20.498160514837,9.67145005471891,10.5021788289868));
#1189=CARTESIAN_POINT('',(-20.212924781784,9.71751136274292,10.3024546185363));
#1190=CARTESIAN_POINT('',(-19.9276896021173,9.76357777643016,10.1027307955711));
#1191=CARTESIAN_POINT('',(-21.6392754530154,9.48881316222181,11.301196110663));
#1192=CARTESIAN_POINT('',(-19.9276896021173,9.76357777643017,10.1027307955711));
#1193=CARTESIAN_POINT('',(-19.9276896021173,8.6625548589436,10.1027307955711));
#1194=CARTESIAN_POINT('',(-19.9276896021173,9.10798073189353,10.1027307955711));
#1195=CARTESIAN_POINT('',(-19.9276896021173,9.10798073189353,10.1027307955711));
#1196=CARTESIAN_POINT('',(-20.2129393657979,9.0595745411509,10.3024648303728));
#1197=CARTESIAN_POINT('',(-20.4981730771535,9.01102762701226,10.5021876252155));
#1198=CARTESIAN_POINT('',(-21.0686478437614,8.91399817931983,10.9016383571528));
#1199=CARTESIAN_POINT('',(-21.3539307111234,8.86588581657087,11.1013955714018));
#1200=CARTESIAN_POINT('',(-21.6392754530154,8.81832106812108,11.301196110663));
#1201=CARTESIAN_POINT('',(-21.6392754530154,8.81832106812108,11.301196110663));
#1202=CARTESIAN_POINT('',(-21.6392754530154,9.5777005178696,11.301196110663));
#1203=CARTESIAN_POINT('',(-20.806642190075,8.6625548589436,10.718180023388));
#1204=CARTESIAN_POINT('',(-21.6703375325756,8.81832106812108,11.4298226900457));
#1205=CARTESIAN_POINT('',(-21.583720313201,8.816259595944,11.5937799824316));
#1206=CARTESIAN_POINT('',(-21.4952799451809,8.81398319941091,11.7566984973494));
#1207=CARTESIAN_POINT('',(-21.3147773133124,8.80735270830574,12.0804279945271));
#1208=CARTESIAN_POINT('',(-21.2227168551998,8.80284658628225,12.241235958664));
#1209=CARTESIAN_POINT('',(-21.0349847582908,8.79104641795819,12.5607315460558));
#1210=CARTESIAN_POINT('',(-20.93926750509,8.78389410947016,12.7194915294696));
#1211=CARTESIAN_POINT('',(-20.744509443749,8.76730599705013,13.0344257825282));
#1212=CARTESIAN_POINT('',(-20.6454592639955,8.75779226735755,13.1906199915732));
#1213=CARTESIAN_POINT('',(-20.3433685634432,8.72465666101571,13.6553413275718));
#1214=CARTESIAN_POINT('',(-20.1353804162277,8.69665938802851,13.9600238043436));
#1215=CARTESIAN_POINT('',(-19.8136625305356,8.64444340431897,14.4093220481921));
#1216=CARTESIAN_POINT('',(-19.7048037319597,8.62525873311727,14.5577951330928));
#1217=CARTESIAN_POINT('',(-19.4838751383001,8.58296511433829,14.852138248245));
#1218=CARTESIAN_POINT('',(-19.3716883814261,8.55985631018724,14.9981560916754));
#1219=CARTESIAN_POINT('',(-19.0311952729836,8.48428886503068,15.4312061112036));
#1220=CARTESIAN_POINT('',(-18.7995061468573,8.42547199808761,15.712563693297));
#1221=CARTESIAN_POINT('',(-18.3278101202519,8.28785396464443,16.2605011120612));
#1222=CARTESIAN_POINT('',(-18.087769173794,8.20925998054235,16.5271219253835));
#1223=CARTESIAN_POINT('',(-17.600258333705,8.03007267149694,17.0457076413233));
#1224=CARTESIAN_POINT('',(-17.3528239276056,7.92925336709006,17.2976263125128));
#1225=CARTESIAN_POINT('',(-16.977318433403,7.7571066350546,17.6640974004275));
#1226=CARTESIAN_POINT('',(-16.8513611044651,7.69658297357876,17.7844154125704));
#1227=CARTESIAN_POINT('',(-16.6615141830535,7.59992235447217,17.9619796550869));
#1228=CARTESIAN_POINT('',(-16.5980858179438,7.5666931797581,18.0206771946685));
#1229=CARTESIAN_POINT('',(-16.470982337937,7.49803516702158,18.137069714953));
#1230=CARTESIAN_POINT('',(-16.4072945155537,7.46267560621921,18.1947771626493));
#1231=CARTESIAN_POINT('',(-16.3433614940816,7.42687540842589,18.2521011106513));
#1232=CARTESIAN_POINT('',(-21.6703375325756,8.81832106812108,11.4298226900457));
#1233=CARTESIAN_POINT('',(-16.3433614940816,7.42687540842589,18.2521011106513));
#1234=CARTESIAN_POINT('',(-16.3433614940816,10.162554858944,18.2521011106513));
#1235=CARTESIAN_POINT('',(-16.3433614940816,8.21920845805923,18.2521011106513));
#1236=CARTESIAN_POINT('',(-16.3433614940816,8.21920845805923,18.2521011106513));
#1237=CARTESIAN_POINT('',(-16.4727822207157,8.28289084177169,18.13605924632));
#1238=CARTESIAN_POINT('',(-16.6011095867057,8.34511392311454,18.0185287604411));
#1239=CARTESIAN_POINT('',(-16.8564918519898,8.46106510201348,17.7795623853152));
#1240=CARTESIAN_POINT('',(-16.983404632313,8.51559817695158,17.6582509998816));
#1241=CARTESIAN_POINT('',(-17.2353000341392,8.61966018830387,17.4122240615358));
#1242=CARTESIAN_POINT('',(-17.3603315877828,8.66890475475458,17.2874633354191));
#1243=CARTESIAN_POINT('',(-17.6085627431112,8.76147299304675,17.0343364264897));
#1244=CARTESIAN_POINT('',(-17.7317402039293,8.80492788312491,16.905991497738));
#1245=CARTESIAN_POINT('',(-17.9760394957564,8.88694081230514,16.6458144830712));
#1246=CARTESIAN_POINT('',(-18.0971742432696,8.92542196200418,16.5139698894505));
#1247=CARTESIAN_POINT('',(-18.3373915019556,8.99709962685352,16.2466727403029));
#1248=CARTESIAN_POINT('',(-18.4564608715384,9.03037537188781,16.1112332303383));
#1249=CARTESIAN_POINT('',(-18.8102307060878,9.12402753041315,15.6997263908626));
#1250=CARTESIAN_POINT('',(-19.0415714009866,9.17772763502104,15.4183838901313));
#1251=CARTESIAN_POINT('',(-19.4944176840035,9.27001701816264,14.8416740053123));
#1252=CARTESIAN_POINT('',(-19.7146692557301,9.30851060388958,14.5478910844228));
#1253=CARTESIAN_POINT('',(-20.1418672318254,9.37312308871732,13.9506343730255));
#1254=CARTESIAN_POINT('',(-20.3489418045062,9.39929195491694,13.6469990977594));
#1255=CARTESIAN_POINT('',(-20.7498728198453,9.44113098900405,13.029758571122));
#1256=CARTESIAN_POINT('',(-20.9438165178955,9.45637301085048,12.7160048629133));
#1257=CARTESIAN_POINT('',(-21.2243788520105,9.47366612958936,12.2383480904848));
#1258=CARTESIAN_POINT('',(-21.3160961743031,9.47829924255467,12.0780936319552));
#1259=CARTESIAN_POINT('',(-21.4959297650308,9.48463541674513,11.7555017111443));
#1260=CARTESIAN_POINT('',(-21.5840431991565,9.486607484939,11.5931687932547));
#1261=CARTESIAN_POINT('',(-21.6703375325756,9.48881316222181,11.4298226900457));
#1262=CARTESIAN_POINT('',(-21.6703375325756,9.48881316222181,11.4298226900457));
#1263=CARTESIAN_POINT('',(-21.6703375325756,10.162554858944,11.4298226900457));
#1264=CARTESIAN_POINT('',(0.073060928193343,10.162554858944,-0.057026641370364));
#1265=CARTESIAN_POINT('',(-16.2192463226822,7.42687540842589,18.2595620842615));
#1266=CARTESIAN_POINT('',(-16.1220780611633,7.47287866158844,18.1915241350712));
#1267=CARTESIAN_POINT('',(-16.0249608227993,7.51904340027655,18.1235219126786));
#1268=CARTESIAN_POINT('',(-15.8301593945861,7.60957850686639,17.9871204841897));
#1269=CARTESIAN_POINT('',(-15.7324807287783,7.65390525989885,17.9187251460688));
#1270=CARTESIAN_POINT('',(-15.4388564158038,7.78484782468849,17.7131271887224));
#1271=CARTESIAN_POINT('',(-15.2423900836369,7.86968312937,17.5755599819347));
#1272=CARTESIAN_POINT('',(-14.651177780443,8.11796649683603,17.161588670556));
#1273=CARTESIAN_POINT('',(-14.2543349907939,8.27388276871197,16.8837163577595));
#1274=CARTESIAN_POINT('',(-13.855465801748,8.42174345012836,16.60442514483));
#1275=CARTESIAN_POINT('',(-16.2192463226822,7.42687540842589,18.2595620842615));
#1276=CARTESIAN_POINT('',(-13.855465801748,8.42174345012835,16.60442514483));
#1277=CARTESIAN_POINT('',(-13.855465801748,8.6625548589436,16.60442514483));
#1278=CARTESIAN_POINT('',(-13.855465801748,9.10842879505819,16.60442514483));
#1279=CARTESIAN_POINT('',(-13.855465801748,9.10842879505819,16.60442514483));
#1280=CARTESIAN_POINT('',(-14.2529425760398,8.97450976807957,16.8827413784524));
#1281=CARTESIAN_POINT('',(-14.6488897763746,8.83416070332538,17.1599865928599));
#1282=CARTESIAN_POINT('',(-15.240029473951,8.61202900341613,17.5739070652378));
#1283=CARTESIAN_POINT('',(-15.4366495105672,8.53638270351831,17.7115818970396));
#1284=CARTESIAN_POINT('',(-15.7307967928483,8.41997250611616,17.9175460414368));
#1285=CARTESIAN_POINT('',(-15.8286774154313,8.38053618733729,17.986082791214));
#1286=CARTESIAN_POINT('',(-16.0240931831542,8.30036564807747,18.1229143848587));
#1287=CARTESIAN_POINT('',(-16.1216390524983,8.25967171666056,18.1912167378946));
#1288=CARTESIAN_POINT('',(-16.2192463226822,8.21920845805925,18.2595620842615));
#1289=CARTESIAN_POINT('',(-16.2192463226822,8.21920845805923,18.2595620842615));
#1290=CARTESIAN_POINT('',(-16.2192463226822,7.2231441862499,18.2595620842615));
#1291=CARTESIAN_POINT('',(-15.016362885693,8.6625548589436,17.417294034094));
#1292=CARTESIAN_POINT('',(-18.9599892386935,10.162554858944,10.1374948752644));
#1293=CARTESIAN_POINT('',(-18.9599892386935,9.20003429989971,10.1374948752644));
#1294=CARTESIAN_POINT('',(-18.9599892386935,9.84957331734556,10.1374948752644));
#1295=CARTESIAN_POINT('',(-18.9599892386935,9.84957331734556,10.1374948752644));
#1296=CARTESIAN_POINT('',(-18.87905853087,9.84579778841356,10.2888583013897));
#1297=CARTESIAN_POINT('',(-18.7963194011025,9.84176284535096,10.4392449993604));
#1298=CARTESIAN_POINT('',(-18.6695169160639,9.83717989576063,10.6633250896643));
#1299=CARTESIAN_POINT('',(-18.6267992771608,9.83592587165007,10.7377704995653));
#1300=CARTESIAN_POINT('',(-18.5404680655585,9.83420785700424,10.8861568745258));
#1301=CARTESIAN_POINT('',(-18.4968605316155,9.83367822157518,10.960087480794));
#1302=CARTESIAN_POINT('',(-18.3647157307641,9.83220241941672,11.1810860587839));
#1303=CARTESIAN_POINT('',(-18.2748141431608,9.83118883569928,11.3274268245695));
#1304=CARTESIAN_POINT('',(-18.091738239897,9.82546205598676,11.617591805289));
#1305=CARTESIAN_POINT('',(-17.998573002167,9.82123306485322,11.7614068991707));
#1306=CARTESIAN_POINT('',(-17.8089675412015,9.81149796252302,12.0465762196369));
#1307=CARTESIAN_POINT('',(-17.7125262420992,9.80601748622141,12.1879312285453));
#1308=CARTESIAN_POINT('',(-17.5164026847109,9.7929596831858,12.468155088425));
#1309=CARTESIAN_POINT('',(-17.4167220402205,9.78533046362214,12.6070219453035));
#1310=CARTESIAN_POINT('',(-17.1128328759596,9.75921939556002,13.0198988463979));
#1311=CARTESIAN_POINT('',(-16.9037729827839,9.73772925357758,13.2901953407097));
#1312=CARTESIAN_POINT('',(-16.4727750351886,9.6846265787199,13.8208001063112));
#1313=CARTESIAN_POINT('',(-16.2505998319512,9.6535445552363,14.0813300029908));
#1314=CARTESIAN_POINT('',(-15.9102043362127,9.59802547970664,14.4618243886442));
#1315=CARTESIAN_POINT('',(-15.7954646473089,9.57803981378515,14.5870507916963));
#1316=CARTESIAN_POINT('',(-15.5634404354461,9.53536656597113,14.8343545503863));
#1317=CARTESIAN_POINT('',(-15.4461578641946,9.51265707170862,14.9564290096183));
#1318=CARTESIAN_POINT('',(-15.0906445506438,9.43945563693192,15.3178549151371));
#1319=CARTESIAN_POINT('',(-14.8487678774773,9.38373947182787,15.5523951033686));
#1320=CARTESIAN_POINT('',(-14.4788331459774,9.28948431825277,15.8947039272361));
#1321=CARTESIAN_POINT('',(-14.3543395155659,9.25623916117845,16.0072175450893));
#1322=CARTESIAN_POINT('',(-14.1030878588322,9.18542133666386,16.2290168210165));
#1323=CARTESIAN_POINT('',(-13.976351310692,9.14767447525803,16.3382854305766));
#1324=CARTESIAN_POINT('',(-13.8484122390386,9.10842879505818,16.44601682635));
#1325=CARTESIAN_POINT('',(-13.8484122390386,9.10842879505818,16.44601682635));
#1326=CARTESIAN_POINT('',(-13.8484122390386,10.162554858944,16.44601682635));
#1327=CARTESIAN_POINT('',(-13.8484122390386,8.42174345012837,16.44601682635));
#1328=CARTESIAN_POINT('',(-13.8484122390387,8.42174345012837,16.4460168263499));
#1329=CARTESIAN_POINT('',(-13.9759029505535,8.46402250971494,16.3386629732842));
#1330=CARTESIAN_POINT('',(-14.1022856553494,8.5042573789726,16.2297093237246));
#1331=CARTESIAN_POINT('',(-14.3528867198241,8.58005558218423,16.0085155643321));
#1332=CARTESIAN_POINT('',(-14.4770962034632,8.61568499360684,15.8962822615257));
#1333=CARTESIAN_POINT('',(-14.8462999301578,8.71666787327887,15.5547358521752));
#1334=CARTESIAN_POINT('',(-15.0878804230727,8.77604427532223,15.320570204904));
#1335=CARTESIAN_POINT('',(-15.5615251575001,8.88034047425126,14.8392366609679));
#1336=CARTESIAN_POINT('',(-15.7935766980494,8.92536563860177,14.5920810785865));
#1337=CARTESIAN_POINT('',(-16.2476381305116,9.00309880379713,14.0847489114237));
#1338=CARTESIAN_POINT('',(-16.4699627483693,9.03577932948044,13.8241557094054));
#1339=CARTESIAN_POINT('',(-16.901287694489,9.09030164848675,13.2933603198473));
#1340=CARTESIAN_POINT('',(-17.1105778875968,9.11223721699622,13.0228728843589));
#1341=CARTESIAN_POINT('',(-17.5163319147402,9.14720405090678,12.4717765007556));
#1342=CARTESIAN_POINT('',(-17.712804377499,9.1599635508986,12.1911554945513));
#1343=CARTESIAN_POINT('',(-17.997773031905,9.17377895228876,11.7626356139146));
#1344=CARTESIAN_POINT('',(-18.0911763871939,9.17757256104651,11.6184695060606));
#1345=CARTESIAN_POINT('',(-18.2744653848172,9.18279736968365,11.3279923274888));
#1346=CARTESIAN_POINT('',(-18.3643647174069,9.18382823216681,11.1816639355256));
#1347=CARTESIAN_POINT('',(-18.5406570323453,9.1855882244237,10.8868514669331));
#1348=CARTESIAN_POINT('',(-18.6270521778707,9.18680070934297,10.7383621640372));
#1349=CARTESIAN_POINT('',(-18.79622242515,9.19266984473169,10.43942121184));
#1350=CARTESIAN_POINT('',(-18.8790088278493,9.19670474783524,10.2889512601652));
#1351=CARTESIAN_POINT('',(-18.9599892386935,9.20003429989971,10.1374948752644));
#1352=CARTESIAN_POINT('',(-1.5501175447241E-5,10.162554858944,1.2299906563484E-5));
#1353=CARTESIAN_POINT('',(-19.8703319584822,9.76357777643017,10.084646));
#1354=CARTESIAN_POINT('',(-19.7247981357439,9.77879499192469,10.084646));
#1355=CARTESIAN_POINT('',(-19.5792595455862,9.79396657853912,10.084646));
#1356=CARTESIAN_POINT('',(-19.4337236213344,9.80916368222395,10.084646));
#1357=CARTESIAN_POINT('',(-19.3052023200142,9.82258409063455,10.084646));
#1358=CARTESIAN_POINT('',(-19.1766875138813,9.83606670395254,10.084646));
#1359=CARTESIAN_POINT('',(-19.0481752434571,9.84957331734556,10.084646));
#1360=CARTESIAN_POINT('',(-19.8703319584822,9.76357777643017,10.084646));
#1361=CARTESIAN_POINT('',(-19.0481752434571,9.84957331734556,10.084646));
#1362=CARTESIAN_POINT('',(-19.0481752434571,8.6625548589436,10.084646));
#1363=CARTESIAN_POINT('',(-19.0481752434571,9.20003429989971,10.084646));
#1364=CARTESIAN_POINT('',(-19.0481752434571,9.20003429989971,10.084646));
#1365=CARTESIAN_POINT('',(-19.1838246003954,9.18477503409796,10.084646));
#1366=CARTESIAN_POINT('',(-19.3194810865547,9.16957914275,10.084646));
#1367=CARTESIAN_POINT('',(-19.4551402340802,9.15440716452573,10.084646));
#1368=CARTESIAN_POINT('',(-19.5935371744378,9.13892899439338,10.084646));
#1369=CARTESIAN_POINT('',(-19.731936863769,9.12347539582349,10.084646));
#1370=CARTESIAN_POINT('',(-19.8703319584822,9.10798073189353,10.084646));
#1371=CARTESIAN_POINT('',(-19.8703319584822,9.10798073189353,10.084646));
#1372=CARTESIAN_POINT('',(-19.8703319584822,8.6625548589436,10.084646));
#1373=CARTESIAN_POINT('',(-19.445006820334,8.6625548589436,10.084646));
#1374=CARTESIAN_POINT('',(-19.0585938840641,9.94870424826023,10.192677840629));
#1375=CARTESIAN_POINT('',(-19.1870842581891,9.93520254585868,10.1926456311401));
#1376=CARTESIAN_POINT('',(-19.3155765969813,9.92171931656091,10.1926823588434));
#1377=CARTESIAN_POINT('',(-19.4440754371115,9.90829843237372,10.1927170112662));
#1378=CARTESIAN_POINT('',(-19.5896155926543,9.8930976914943,10.1927562592392));
#1379=CARTESIAN_POINT('',(-19.7351586977859,9.87792498351739,10.1927642980474));
#1380=CARTESIAN_POINT('',(-19.8806975519617,9.86271184235419,10.192707727184));
#1381=CARTESIAN_POINT('',(-19.0585938840641,9.94870424826023,10.192677840629));
#1382=CARTESIAN_POINT('',(-19.8806975519617,9.86271184235419,10.192707727184));
#1383=CARTESIAN_POINT('',(-19.8806975519617,9.86271184235419,10.192707727184));
#1384=CARTESIAN_POINT('',(-20.1657930435721,9.81665087778507,10.3925441508797));
#1385=CARTESIAN_POINT('',(-20.4507853517887,9.77059273790078,10.5925284912345));
#1386=CARTESIAN_POINT('',(-21.0213900236544,9.67842654233046,10.9916007068979));
#1387=CARTESIAN_POINT('',(-21.3070823922652,9.63299971780907,11.1907280909953));
#1388=CARTESIAN_POINT('',(-21.5926515771154,9.58798762158925,11.3901265014319));
#1389=CARTESIAN_POINT('',(-21.5926515771154,9.58798762158925,11.3901265014319));
#1390=CARTESIAN_POINT('',(-21.5926515771154,9.58798762158925,11.3901265014319));
#1391=CARTESIAN_POINT('',(-21.5060976480605,9.58580170104623,11.5534631832486));
#1392=CARTESIAN_POINT('',(-21.4180003896372,9.583808670264,11.7159414942685));
#1393=CARTESIAN_POINT('',(-21.2383608277995,9.57737676216876,12.0389159401436));
#1394=CARTESIAN_POINT('',(-21.1467887996585,9.57267593741218,12.1993894371135));
#1395=CARTESIAN_POINT('',(-20.8665057607264,9.55518763108813,12.6776198875946));
#1396=CARTESIAN_POINT('',(-20.6725714882464,9.53981252451349,12.991639762565));
#1397=CARTESIAN_POINT('',(-20.2718027342969,9.49758978721122,13.6095218151172));
#1398=CARTESIAN_POINT('',(-20.0646945300237,9.47121225630833,13.913407200456));
#1399=CARTESIAN_POINT('',(-19.7446436404719,9.42229363280095,14.3619953895821));
#1400=CARTESIAN_POINT('',(-19.6363740622968,9.40446301067405,14.5103068079504));
#1401=CARTESIAN_POINT('',(-19.4166778996599,9.36521568855545,14.8044552903259));
#1402=CARTESIAN_POINT('',(-19.3051996286375,9.34377864922406,14.9503849995183));
#1403=CARTESIAN_POINT('',(-18.9663743572231,9.27385156083428,15.3838247817138));
#1404=CARTESIAN_POINT('',(-18.7354614730646,9.21964273802802,15.6656759819465));
#1405=CARTESIAN_POINT('',(-18.3827168890939,9.12505448808909,16.0782674924603));
#1406=CARTESIAN_POINT('',(-18.2640386472733,9.09143342556808,16.2141075814716));
#1407=CARTESIAN_POINT('',(-18.0246734918831,9.01900591691844,16.4822562803125));
#1408=CARTESIAN_POINT('',(-17.904020557899,8.98011665079092,16.6145698065949));
#1409=CARTESIAN_POINT('',(-17.660697346281,8.89725945334737,16.8756916376441));
#1410=CARTESIAN_POINT('',(-17.5379927380058,8.85337314970965,17.0044943167965));
#1411=CARTESIAN_POINT('',(-17.2907395002519,8.75989625654847,17.2585542161852));
#1412=CARTESIAN_POINT('',(-17.1662482537809,8.71016516436326,17.3838195331975));
#1413=CARTESIAN_POINT('',(-16.9155773828163,8.60504842250433,17.6309651676457));
#1414=CARTESIAN_POINT('',(-16.7892360486628,8.54998669711129,17.7527995142762));
#1415=CARTESIAN_POINT('',(-16.5348290373316,8.43302658319989,17.9926698078375));
#1416=CARTESIAN_POINT('',(-16.4069567903607,8.3703109562406,18.1106225819025));
#1417=CARTESIAN_POINT('',(-16.2780053065471,8.3061145473181,18.2270975410545));
#1418=CARTESIAN_POINT('',(-16.2780053065471,8.3061145473181,18.2270975410545));
#1419=CARTESIAN_POINT('',(-16.2780053065471,8.3061145473181,18.2270975410545));
#1420=CARTESIAN_POINT('',(-16.1804843810987,8.34680744118463,18.1583461798699));
#1421=CARTESIAN_POINT('',(-16.0831256379429,8.38778817083387,18.0895279741904));
#1422=CARTESIAN_POINT('',(-15.888045238067,8.46849835395769,17.9516973236909));
#1423=CARTESIAN_POINT('',(-15.7902912087537,8.50817683240616,17.882701890011));
#1424=CARTESIAN_POINT('',(-15.4964201987436,8.62525004900114,17.6754674038102));
#1425=CARTESIAN_POINT('',(-15.2999304020813,8.70130067466254,17.5369955770223));
#1426=CARTESIAN_POINT('',(-14.7096081893227,8.92483132833359,17.1201719028763));
#1427=CARTESIAN_POINT('',(-14.3141945222827,9.06604179986762,16.840954076581));
#1428=CARTESIAN_POINT('',(-13.9170044212037,9.20066325843336,16.5609198767078));
#1429=CARTESIAN_POINT('',(-13.9170044212037,9.20066325843336,16.5609198767078));
#1430=CARTESIAN_POINT('',(-13.9170044212037,9.20066325843336,16.5609198767078));
#1431=CARTESIAN_POINT('',(-14.0455522092893,9.2402481288993,16.4518714147282));
#1432=CARTESIAN_POINT('',(-14.172844824115,9.27833929842763,16.3412422415372));
#1433=CARTESIAN_POINT('',(-14.4251488493567,9.34983942434428,16.1166763825312));
#1434=CARTESIAN_POINT('',(-14.5501977985686,9.38339750095139,16.0028100461635));
#1435=CARTESIAN_POINT('',(-14.9218989092936,9.47850863817329,15.6565485176692));
#1436=CARTESIAN_POINT('',(-15.164990391694,9.53472298467556,15.4194258415874));
#1437=CARTESIAN_POINT('',(-15.5224035644312,9.60857442133855,15.0542303380781));
#1438=CARTESIAN_POINT('',(-15.6403409417928,9.63147976196547,14.9309242405001));
#1439=CARTESIAN_POINT('',(-15.8736876109582,9.67451397901884,14.6811795473838));
#1440=CARTESIAN_POINT('',(-15.9890927876328,9.69466854658711,14.5547425270273));
#1441=CARTESIAN_POINT('',(-16.331408317738,9.7506887272632,14.1705636315713));
#1442=CARTESIAN_POINT('',(-16.5547396640097,9.7820886331814,13.9074879966273));
#1443=CARTESIAN_POINT('',(-16.9883131126189,9.83569070140115,13.3719812388783));
#1444=CARTESIAN_POINT('',(-17.1986325397114,9.85740221226388,13.099227361011));
#1445=CARTESIAN_POINT('',(-17.5042811955609,9.88381166225037,12.6825919564815));
#1446=CARTESIAN_POINT('',(-17.6045739053974,9.89152988686964,12.5424941277943));
#1447=CARTESIAN_POINT('',(-17.8019569144271,9.904738677509,12.2598402245996));
#1448=CARTESIAN_POINT('',(-17.8990272551267,9.91028273666491,12.1172729410339));
#1449=CARTESIAN_POINT('',(-18.0898218107834,9.92013822451943,11.8296366295488));
#1450=CARTESIAN_POINT('',(-18.183546222833,9.92443224317035,11.6845666821356));
#1451=CARTESIAN_POINT('',(-18.3677597820137,9.93028572818992,11.3919137840347));
#1452=CARTESIAN_POINT('',(-18.4582372354276,9.93135775547667,11.2443311690321));
#1453=CARTESIAN_POINT('',(-18.5913724730604,9.93285011060711,11.0215464150265));
#1454=CARTESIAN_POINT('',(-18.635327132084,9.93337699303521,10.9470308273462));
#1455=CARTESIAN_POINT('',(-18.722405252511,9.93507807970278,10.7975065973147));
#1456=CARTESIAN_POINT('',(-18.765525386078,9.93631999275724,10.7225080396843));
#1457=CARTESIAN_POINT('',(-18.8935240646089,9.940881668736,10.4967611970306));
#1458=CARTESIAN_POINT('',(-18.9770653373957,9.9449100098618,10.345263414486));
#1459=CARTESIAN_POINT('',(-19.0585938840642,9.94870424826023,10.1926778406291));
#1460=CARTESIAN_POINT('',(-18.073405177485,7.6446812649657,19.759686023394));
#1461=CARTESIAN_POINT('',(-18.169425146259,7.7282071766657,19.585932793896));
#1462=CARTESIAN_POINT('',(-18.361449590321,7.8949508749627,19.238863589599));
#1463=CARTESIAN_POINT('',(-18.652991628579,8.1392100690236,18.713996092927));
#1464=CARTESIAN_POINT('',(-18.949181995364,8.3732163739632,18.180023913786));
#1465=CARTESIAN_POINT('',(-19.249094383107,8.5911204753268,17.633357006088));
#1466=CARTESIAN_POINT('',(-19.550997217852,8.7880120905612,17.072789108021));
#1467=CARTESIAN_POINT('',(-19.853620662646,8.9616277663149,16.498675471921));
#1468=CARTESIAN_POINT('',(-20.155849933993,9.1089152545355,15.912780195035));
#1469=CARTESIAN_POINT('',(-20.455942326836,9.2263401627263,15.316062277416));
#1470=CARTESIAN_POINT('',(-20.75049691208,9.3112350691744,14.707937686961));
#1471=CARTESIAN_POINT('',(-21.037736181921,9.3730617108983,14.090258622789));
#1472=CARTESIAN_POINT('',(-21.320312889919,9.4238333497414,13.467414782942));
#1473=CARTESIAN_POINT('',(-21.601248650499,9.4653443935583,12.841731278332));
#1474=CARTESIAN_POINT('',(-21.88093528209,9.4956915354685,12.213699278084));
#1475=CARTESIAN_POINT('',(-22.159680072072,9.5104175241565,11.58159290873));
#1476=CARTESIAN_POINT('',(-22.431194289341,9.5217153173002,10.956392709777));
#1477=CARTESIAN_POINT('',(-22.608838720007,9.5310681590241,10.546473802126));
#1478=CARTESIAN_POINT('',(-22.69753520354,9.5366585296835,10.341975379731));
#1479=CARTESIAN_POINT('',(-17.859504482502,7.661882379527,19.690847325742));
#1480=CARTESIAN_POINT('',(-17.955588210069,7.746026523493,19.517079449197));
#1481=CARTESIAN_POINT('',(-18.14783086646,7.9131055443632,19.168855943252));
#1482=CARTESIAN_POINT('',(-18.439138228214,8.1584954244443,18.643098003956));
#1483=CARTESIAN_POINT('',(-18.736487545389,8.3996571599779,18.10473238161));
#1484=CARTESIAN_POINT('',(-19.035655432924,8.6171833973831,17.554507484153));
#1485=CARTESIAN_POINT('',(-19.33601546568,8.81616763026,16.988522780232));
#1486=CARTESIAN_POINT('',(-19.636800397822,8.9885375151364,16.410706520959));
#1487=CARTESIAN_POINT('',(-19.936532922028,9.1374815018089,15.820460755792));
#1488=CARTESIAN_POINT('',(-20.234403852052,9.2562433031693,15.22074440315));
#1489=CARTESIAN_POINT('',(-20.527693589592,9.3419826544224,14.61121629643));
#1490=CARTESIAN_POINT('',(-20.81219622513,9.3995158309921,13.990088514141));
#1491=CARTESIAN_POINT('',(-21.092993681384,9.4554907495217,13.367737211626));
#1492=CARTESIAN_POINT('',(-21.374001276159,9.4969272911818,12.741257835515));
#1493=CARTESIAN_POINT('',(-21.652493546604,9.5309135689782,12.115161877227));
#1494=CARTESIAN_POINT('',(-21.932372238367,9.5464880059322,11.482298196983));
#1495=CARTESIAN_POINT('',(-22.205419313756,9.5510631373004,10.852689662159));
#1496=CARTESIAN_POINT('',(-22.381736842943,9.5662993526934,10.444804333517));
#1497=CARTESIAN_POINT('',(-22.470617328533,9.5713107882817,10.239981685275));
#1498=CARTESIAN_POINT('',(-17.429779275961,7.6889016039138,19.555930770952));
#1499=CARTESIAN_POINT('',(-17.526061155523,7.7750204928646,19.38039217059));
#1500=CARTESIAN_POINT('',(-17.718907166326,7.951411120291,19.030079778832));
#1501=CARTESIAN_POINT('',(-18.013659544231,8.2127344372257,18.493650078223));
#1502=CARTESIAN_POINT('',(-18.308736950592,8.4415367963592,17.957245202511));
#1503=CARTESIAN_POINT('',(-18.611865486482,8.6716468047581,17.404268307894));
#1504=CARTESIAN_POINT('',(-18.913774117851,8.8699701946133,16.832853533295));
#1505=CARTESIAN_POINT('',(-19.20722676691,9.0424694722864,16.23613511084));
#1506=CARTESIAN_POINT('',(-19.495545534144,9.1787927044944,15.630144644145));
#1507=CARTESIAN_POINT('',(-19.782395689163,9.2940106349895,15.020108227951));
#1508=CARTESIAN_POINT('',(-20.06584616664,9.3858887868826,14.403991100447));
#1509=CARTESIAN_POINT('',(-20.348265911513,9.4637198283559,13.785433084874));
#1510=CARTESIAN_POINT('',(-20.629936766696,9.5231377588279,13.163111481389));
#1511=CARTESIAN_POINT('',(-20.90989632578,9.566406630195,12.537893058721));
#1512=CARTESIAN_POINT('',(-21.189270459069,9.595256759517,11.908769274642));
#1513=CARTESIAN_POINT('',(-21.466413425234,9.6083049391991,11.277689903249));
#1514=CARTESIAN_POINT('',(-21.746275113274,9.6304955665851,10.64631090894));
#1515=CARTESIAN_POINT('',(-21.925393221704,9.6392113953475,10.238510120265));
#1516=CARTESIAN_POINT('',(-22.015064340507,9.6451608986528,10.034216234359));
#1517=CARTESIAN_POINT('',(-16.747912362172,7.7083723162804,19.362450108017));
#1518=CARTESIAN_POINT('',(-16.844936437539,7.8016550295438,19.184254134426));
#1519=CARTESIAN_POINT('',(-17.038674855427,7.9821329119835,18.82677835102));
#1520=CARTESIAN_POINT('',(-17.330730478798,8.2552056089885,18.285267241016));
#1521=CARTESIAN_POINT('',(-17.633485084176,8.5530513141995,17.710452336684));
#1522=CARTESIAN_POINT('',(-17.930079400761,8.7901462965804,17.127266940242));
#1523=CARTESIAN_POINT('',(-18.223220107621,8.9947502773511,16.533338840268));
#1524=CARTESIAN_POINT('',(-18.512781284889,9.1597772319101,15.932479793553));
#1525=CARTESIAN_POINT('',(-18.800884659828,9.2997578367355,15.327122489289));
#1526=CARTESIAN_POINT('',(-19.086540657265,9.4121882481021,14.71576350496));
#1527=CARTESIAN_POINT('',(-19.370957945991,9.5040840095162,14.100608753917));
#1528=CARTESIAN_POINT('',(-19.65365027208,9.574387221903,13.480798773234));
#1529=CARTESIAN_POINT('',(-19.934781990533,9.6289047424776,12.857804644719));
#1530=CARTESIAN_POINT('',(-20.214689326929,9.6664763843993,12.230948486378));
#1531=CARTESIAN_POINT('',(-20.493433960142,9.69317428385,11.602620404772));
#1532=CARTESIAN_POINT('',(-20.771088127724,9.7018047586832,10.969387796534));
#1533=CARTESIAN_POINT('',(-21.05006093405,9.7358300315002,10.343223651858));
#1534=CARTESIAN_POINT('',(-21.230008865641,9.7461948465012,9.9344824093317));
#1535=CARTESIAN_POINT('',(-21.32039914456,9.751700414704,9.7294918871049));
#1536=CARTESIAN_POINT('',(-16.040428672836,7.7743316074147,19.111374555221));
#1537=CARTESIAN_POINT('',(-16.139079235811,7.880046008744,18.928681317772));
#1538=CARTESIAN_POINT('',(-16.336976299854,8.1013073797934,18.566157345001));
#1539=CARTESIAN_POINT('',(-16.643933612482,8.4416462479871,17.992938608197));
#1540=CARTESIAN_POINT('',(-16.942110139514,8.7105352076561,17.415474966842));
#1541=CARTESIAN_POINT('',(-17.237804766733,8.9435977083545,16.828455378951));
#1542=CARTESIAN_POINT('',(-17.530216631448,9.1350301177054,16.234282955134));
#1543=CARTESIAN_POINT('',(-17.820344859876,9.2954438255452,15.633390183563));
#1544=CARTESIAN_POINT('',(-18.107767490662,9.4251117309185,15.025865858672));
#1545=CARTESIAN_POINT('',(-18.393299433275,9.5313404448179,14.413591965973));
#1546=CARTESIAN_POINT('',(-18.676739179235,9.6149717446343,13.796346306701));
#1547=CARTESIAN_POINT('',(-18.958822463168,9.6822817105165,13.175851315391));
#1548=CARTESIAN_POINT('',(-19.239541540187,9.7312339857169,12.551429534857));
#1549=CARTESIAN_POINT('',(-19.519159320665,9.7681666179757,11.924806254967));
#1550=CARTESIAN_POINT('',(-19.797401948711,9.7858623485629,11.293376122811));
#1551=CARTESIAN_POINT('',(-20.075243398491,9.8019945870509,10.662743002764));
#1552=CARTESIAN_POINT('',(-20.354817147277,9.8282847077333,10.03194536458));
#1553=CARTESIAN_POINT('',(-20.535870860362,9.8287531427509,9.6163715891776));
#1554=CARTESIAN_POINT('',(-20.626557626984,9.8322408942647,9.4091381522588));
#1555=CARTESIAN_POINT('',(-15.356096299467,7.9957061736167,18.825696586797));
#1556=CARTESIAN_POINT('',(-15.454745953131,8.0983196837589,18.640416473202));
#1557=CARTESIAN_POINT('',(-15.652101293132,8.3029965388931,18.269817692102));
#1558=CARTESIAN_POINT('',(-15.953330673491,8.6073726355074,17.701111204583));
#1559=CARTESIAN_POINT('',(-16.251655354045,8.8700056204153,17.120960342173));
#1560=CARTESIAN_POINT('',(-16.546563884552,9.0896367173892,16.532407160273));
#1561=CARTESIAN_POINT('',(-16.838219695688,9.2728511202705,15.93581833917));
#1562=CARTESIAN_POINT('',(-17.127104271989,9.4230675087104,15.332322349061));
#1563=CARTESIAN_POINT('',(-17.41381274074,9.5471819327999,14.723579052421));
#1564=CARTESIAN_POINT('',(-17.698655774658,9.647618055146,14.109853741005));
#1565=CARTESIAN_POINT('',(-17.982049739398,9.7273783170458,13.49208627707));
#1566=CARTESIAN_POINT('',(-18.263915995212,9.7894825905781,12.870610592549));
#1567=CARTESIAN_POINT('',(-18.544351449674,9.8340663793043,12.245380544505));
#1568=CARTESIAN_POINT('',(-18.823714927828,9.8666686840184,11.617886465144));
#1569=CARTESIAN_POINT('',(-19.101788871917,9.8813082492843,10.986769448313));
#1570=CARTESIAN_POINT('',(-19.37965666968,9.9005153488288,10.357604142787));
#1571=CARTESIAN_POINT('',(-19.65924843884,9.9262504291241,9.726334494272));
#1572=CARTESIAN_POINT('',(-19.840324400445,9.9308982839334,9.3072743072895));
#1573=CARTESIAN_POINT('',(-19.930800752447,9.9347351056821,9.1004164481522));
#1574=CARTESIAN_POINT('',(-14.670814896547,8.1991177426566,18.541153710613));
#1575=CARTESIAN_POINT('',(-14.768148118392,8.2923583298861,18.354762319241));
#1576=CARTESIAN_POINT('',(-14.961667640625,8.475326648676,17.982717115091));
#1577=CARTESIAN_POINT('',(-15.263644334691,8.7755859608251,17.408101572921));
#1578=CARTESIAN_POINT('',(-15.560640387562,9.0244485780455,16.825602672911));
#1579=CARTESIAN_POINT('',(-15.854368194951,9.2346847760895,16.234465505383));
#1580=CARTESIAN_POINT('',(-16.145380925414,9.4081692981904,15.636145597806));
#1581=CARTESIAN_POINT('',(-16.434007606384,9.5522874399333,15.031770228424));
#1582=CARTESIAN_POINT('',(-16.720564844071,9.6686602347055,14.421636716971));
#1583=CARTESIAN_POINT('',(-17.005117114748,9.7625335442367,13.806837113022));
#1584=CARTESIAN_POINT('',(-17.287515661117,9.8358698731499,13.187410132886));
#1585=CARTESIAN_POINT('',(-17.568924211933,9.894605494886,12.564911544721));
#1586=CARTESIAN_POINT('',(-17.848680065298,9.9346322381048,11.938942203808));
#1587=CARTESIAN_POINT('',(-18.127940815184,9.966025818468,11.310335966757));
#1588=CARTESIAN_POINT('',(-18.404639616977,9.9723693576596,10.676465416084));
#1589=CARTESIAN_POINT('',(-18.684828709706,10.0032469690794,10.042621608042));
#1590=CARTESIAN_POINT('',(-18.961211549945,10.0151422049052,9.4167137209737));
#1591=CARTESIAN_POINT('',(-19.138190489468,10.0287936608858,9.027661419826));
#1592=CARTESIAN_POINT('',(-19.227453467582,10.0344251764673,8.8293615439677));
#1593=CARTESIAN_POINT('',(-13.986132478657,8.4002698708246,18.248821854218));
#1594=CARTESIAN_POINT('',(-14.082493093982,8.4879550747371,18.062130583785));
#1595=CARTESIAN_POINT('',(-14.275072093634,8.6618841589387,17.6891685943));
#1596=CARTESIAN_POINT('',(-14.572720679357,8.9365803676899,17.114811751092));
#1597=CARTESIAN_POINT('',(-14.86957655648,9.1775081483009,16.529711326221));
#1598=CARTESIAN_POINT('',(-15.162805870959,9.3758297784436,15.936977674689));
#1599=CARTESIAN_POINT('',(-15.453004708163,9.5415925552035,15.336720487322));
#1600=CARTESIAN_POINT('',(-15.740481501011,9.6751378256437,14.729786427648));
#1601=CARTESIAN_POINT('',(-16.025469016935,9.786702958531,14.117966815593));
#1602=CARTESIAN_POINT('',(-16.30870946723,9.8761545499318,13.501317949843));
#1603=CARTESIAN_POINT('',(-16.592319087395,9.9507055214891,12.882797865578));
#1604=CARTESIAN_POINT('',(-16.873774157034,10.0004669178146,12.259594849));
#1605=CARTESIAN_POINT('',(-17.154497505612,10.0414006041614,11.633314261726));
#1606=CARTESIAN_POINT('',(-17.433651508198,10.055267458984,11.004070818112));
#1607=CARTESIAN_POINT('',(-17.714708816035,10.077974093944,10.385252168587));
#1608=CARTESIAN_POINT('',(-17.991256631584,10.092436888743,9.7905319201491));
#1609=CARTESIAN_POINT('',(-18.262390526475,10.114020926845,9.2142667736382));
#1610=CARTESIAN_POINT('',(-18.44186105219,10.124142406708,8.8269942830369));
#1611=CARTESIAN_POINT('',(-18.531046911107,10.129850127867,8.635248580615));
#1612=CARTESIAN_POINT('',(-13.304595002537,8.5968912290421,17.95297232015));
#1613=CARTESIAN_POINT('',(-13.399235715629,8.6789655054776,17.766397431593));
#1614=CARTESIAN_POINT('',(-13.586771660082,8.8400640304338,17.394496210293));
#1615=CARTESIAN_POINT('',(-13.882402885921,9.0969038563544,16.821212566277));
#1616=CARTESIAN_POINT('',(-14.17829812215,9.3263459359379,16.232964630516));
#1617=CARTESIAN_POINT('',(-14.469196565031,9.515670589933,15.637548842799));
#1618=CARTESIAN_POINT('',(-14.758908595094,9.6730379009074,15.035365901035));
#1619=CARTESIAN_POINT('',(-15.047175452591,9.8070273340615,14.429818614097));
#1620=CARTESIAN_POINT('',(-15.337848222957,9.9268035947673,13.822282817853));
#1621=CARTESIAN_POINT('',(-15.638801621457,10.0192759332645,13.221117939992));
#1622=CARTESIAN_POINT('',(-15.938276674992,10.078035459091,12.617351140255));
#1623=CARTESIAN_POINT('',(-16.233526044114,10.123654844534,12.013005775071));
#1624=CARTESIAN_POINT('',(-16.522792482324,10.150993609536,11.409580000188));
#1625=CARTESIAN_POINT('',(-16.807033598384,10.179410532039,10.813160265189));
#1626=CARTESIAN_POINT('',(-17.08378295035,10.193532826842,10.224263897764));
#1627=CARTESIAN_POINT('',(-17.355928444995,10.210628941618,9.6410367015974));
#1628=CARTESIAN_POINT('',(-17.623552728006,10.222728461577,9.0658666356374));
#1629=CARTESIAN_POINT('',(-17.798842099942,10.233345386908,8.692127567672));
#1630=CARTESIAN_POINT('',(-17.886814679651,10.238181504122,8.5039902237459));
#1631=CARTESIAN_POINT('',(-12.858136598294,8.7180776078917,17.754561660401));
#1632=CARTESIAN_POINT('',(-12.951490273096,8.798744071947,17.567839645971));
#1633=CARTESIAN_POINT('',(-13.13961473456,8.9616023356804,17.193007798976));
#1634=CARTESIAN_POINT('',(-13.419536255826,9.2003653422528,16.624870944278));
#1635=CARTESIAN_POINT('',(-13.717247750817,9.425349318536,16.034648111511));
#1636=CARTESIAN_POINT('',(-14.010668005927,9.6043821495592,15.441684425651));
#1637=CARTESIAN_POINT('',(-14.317276427845,9.7658313594836,14.848552415221));
#1638=CARTESIAN_POINT('',(-14.621204606022,9.8960525192303,14.253740700888));
#1639=CARTESIAN_POINT('',(-14.925603338165,10.0022562719642,13.657393187524));
#1640=CARTESIAN_POINT('',(-15.227211341171,10.086114286134,13.059133971557));
#1641=CARTESIAN_POINT('',(-15.52829072526,10.151283646532,12.462437646596));
#1642=CARTESIAN_POINT('',(-15.825478314932,10.195489148578,11.866628978896));
#1643=CARTESIAN_POINT('',(-16.117363180072,10.228575594902,11.273726020934));
#1644=CARTESIAN_POINT('',(-16.402522060322,10.249169754248,10.685131691908));
#1645=CARTESIAN_POINT('',(-16.681581456942,10.267722307374,10.103761046612));
#1646=CARTESIAN_POINT('',(-16.953930499994,10.281472990801,9.531701353538));
#1647=CARTESIAN_POINT('',(-17.220669483711,10.296282997846,8.9682142009819));
#1648=CARTESIAN_POINT('',(-17.396503660338,10.305266718444,8.5943930991851));
#1649=CARTESIAN_POINT('',(-17.48423650111,10.310013894157,8.4082158650801));
#1650=CARTESIAN_POINT('',(-12.635073315205,8.7759553665158,17.656192954019));
#1651=CARTESIAN_POINT('',(-12.728569561924,8.8565059207634,17.469321391025));
#1652=CARTESIAN_POINT('',(-12.914815937979,9.0171614846999,17.095949987275));
#1653=CARTESIAN_POINT('',(-13.198069649472,9.2534618727693,16.5254853122));
#1654=CARTESIAN_POINT('',(-13.491741357202,9.4704135406675,15.940555003348));
#1655=CARTESIAN_POINT('',(-13.792242733279,9.6530534382933,15.347006739961));
#1656=CARTESIAN_POINT('',(-14.098131171099,9.8083057859595,14.756889365212));
#1657=CARTESIAN_POINT('',(-14.406848747308,9.9378691650664,14.164581535758));
#1658=CARTESIAN_POINT('',(-14.714107657557,10.0425992950532,13.571425306917));
#1659=CARTESIAN_POINT('',(-15.020024063655,10.125602861803,12.977753363473));
#1660=CARTESIAN_POINT('',(-15.32322769276,10.188027600845,12.38484074487));
#1661=CARTESIAN_POINT('',(-15.622272000109,10.233063176471,11.793659994891));
#1662=CARTESIAN_POINT('',(-15.915340965561,10.264405616139,11.205511864067));
#1663=CARTESIAN_POINT('',(-16.20162383152,10.286783747746,10.622393473184));
#1664=CARTESIAN_POINT('',(-16.480832798661,10.303667696357,10.046268783923));
#1665=CARTESIAN_POINT('',(-16.753258136715,10.318243574057,9.4782339667446));
#1666=CARTESIAN_POINT('',(-17.020013098809,10.33192931017,8.9168946604074));
#1667=CARTESIAN_POINT('',(-17.195500144831,10.341321209532,8.5449575697671));
#1668=CARTESIAN_POINT('',(-17.283264491199,10.345973660171,8.3587138509955));
#1669=CARTESIAN_POINT('',(-19.037033651032,9.10098957079073,10.1765215582369));
#1670=CARTESIAN_POINT('',(-18.9558997686174,9.09768366890454,10.3280880094998));
#1671=CARTESIAN_POINT('',(-18.8731674021556,9.09364533469881,10.4787808982967));
#1672=CARTESIAN_POINT('',(-18.7040684041153,9.08774904586461,10.7781504827311));
#1673=CARTESIAN_POINT('',(-18.6176563865316,9.0865076108373,10.9268277677109));
#1674=CARTESIAN_POINT('',(-18.4411189002787,9.08477234672441,11.2218843033724));
#1675=CARTESIAN_POINT('',(-18.3510029857712,9.08379988503464,11.3682754157974));
#1676=CARTESIAN_POINT('',(-18.1672236921346,9.07870461909004,11.658839548659));
#1677=CARTESIAN_POINT('',(-18.0735478341917,9.07498129767928,11.8030345403902));
#1678=CARTESIAN_POINT('',(-17.7878303583798,9.06137174437484,12.2316789606073));
#1679=CARTESIAN_POINT('',(-17.5908727078102,9.04878022848832,12.5123802657709));
#1680=CARTESIAN_POINT('',(-17.18388889922,9.01425115883612,13.0634223719823));
#1681=CARTESIAN_POINT('',(-16.9739418543125,8.99257195766466,13.3338394744579));
#1682=CARTESIAN_POINT('',(-16.5412204219286,8.93864759323617,13.8644106421767));
#1683=CARTESIAN_POINT('',(-16.3181539956425,8.90630635248821,14.1248707142704));
#1684=CARTESIAN_POINT('',(-15.8624188730059,8.82937134675298,14.631742095523));
#1685=CARTESIAN_POINT('',(-15.6294277794817,8.78481047762207,14.8785552908306));
#1686=CARTESIAN_POINT('',(-15.1537272785498,8.68158129675998,15.3590177665351));
#1687=CARTESIAN_POINT('',(-14.9110863693581,8.62278409795426,15.592705886676));
#1688=CARTESIAN_POINT('',(-14.540043325696,8.52282364226361,15.9332948279751));
#1689=CARTESIAN_POINT('',(-14.4151662923974,8.48756766318612,16.0451572422018));
#1690=CARTESIAN_POINT('',(-14.1632281937981,8.41253810783209,16.2656054049327));
#1691=CARTESIAN_POINT('',(-14.036205011565,8.37268303772128,16.3742102209542));
#1692=CARTESIAN_POINT('',(-13.9080463193367,8.33080544819713,16.4811885310412));
#1693=CARTESIAN_POINT('',(-19.037033651032,9.10098957079073,10.1765215582369));
#1694=CARTESIAN_POINT('',(-13.9080463193367,8.33080544819713,16.4811885310412));
#1695=CARTESIAN_POINT('',(-13.9080463193368,8.33080544819711,16.4811885310412));
#1696=CARTESIAN_POINT('',(-14.3072224630187,8.18386666674526,16.7584153879126));
#1697=CARTESIAN_POINT('',(-14.7044945300991,8.02899071068808,17.0341304072796));
#1698=CARTESIAN_POINT('',(-15.2966452438728,7.78255053849512,17.444654134526));
#1699=CARTESIAN_POINT('',(-15.4933600135392,7.69831293790099,17.5811616999102));
#1700=CARTESIAN_POINT('',(-15.7873248910708,7.56826888848658,17.7852303563113));
#1701=CARTESIAN_POINT('',(-15.8851220194236,7.52424787506452,17.8531147928226));
#1702=CARTESIAN_POINT('',(-16.080269810808,7.43439981369465,17.9883909228536));
#1703=CARTESIAN_POINT('',(-16.177630456969,7.38862787017571,18.0557662670276));
#1704=CARTESIAN_POINT('',(-16.2749856527636,7.34298801924227,18.1232383603049));
#1705=CARTESIAN_POINT('',(-16.2749856527635,7.34298801924227,18.1232383603049));
#1706=CARTESIAN_POINT('',(-16.2749856527635,7.34298801924227,18.1232383603049));
#1707=CARTESIAN_POINT('',(-16.3386627984235,7.37840173400374,18.0667432803578));
#1708=CARTESIAN_POINT('',(-16.4021077734788,7.41337785966173,18.0098759125271));
#1709=CARTESIAN_POINT('',(-16.5287660714149,7.48126536945541,17.8951967564296));
#1710=CARTESIAN_POINT('',(-16.5919716563577,7.5141169240975,17.8373566378087));
#1711=CARTESIAN_POINT('',(-16.7811257698618,7.60968186160611,17.6623491623786));
#1712=CARTESIAN_POINT('',(-16.9066509194974,7.66949799607328,17.5437641460872));
#1713=CARTESIAN_POINT('',(-17.2805950703172,7.83973474728392,17.1822933521339));
#1714=CARTESIAN_POINT('',(-17.5264063544037,7.93963248464401,16.9332525598792));
#1715=CARTESIAN_POINT('',(-18.2535206160064,8.20565671933134,16.1645787728898));
#1716=CARTESIAN_POINT('',(-18.7239569273494,8.33909182496936,15.6232240191219));
#1717=CARTESIAN_POINT('',(-19.2881554900543,8.4636362265644,14.9092408559231));
#1718=CARTESIAN_POINT('',(-19.3996635537956,8.48648740621281,14.7647859736841));
#1719=CARTESIAN_POINT('',(-19.619227747891,8.52830892439998,14.473544647513));
#1720=CARTESIAN_POINT('',(-19.7273946223213,8.54727936336694,14.3266134982248));
#1721=CARTESIAN_POINT('',(-20.0469985235772,8.59891972255651,13.8819080507581));
#1722=CARTESIAN_POINT('',(-20.2534996908658,8.62662720566776,13.5802254062131));
#1723=CARTESIAN_POINT('',(-20.5534282536514,8.65939815264641,13.1200313072096));
#1724=CARTESIAN_POINT('',(-20.6517758216667,8.66880363663393,12.9653555626251));
#1725=CARTESIAN_POINT('',(-20.8451169611145,8.68520863530485,12.6534444988663));
#1726=CARTESIAN_POINT('',(-20.9401050661698,8.69228726986478,12.4961830959526));
#1727=CARTESIAN_POINT('',(-21.1264308846589,8.70395126147147,12.1797137633319));
#1728=CARTESIAN_POINT('',(-21.2178543367134,8.7083894162906,12.0204546891361));
#1729=CARTESIAN_POINT('',(-21.3970918740656,8.71491485776598,11.699825283359));
#1730=CARTESIAN_POINT('',(-21.4848452498856,8.71716158407836,11.538424727891));
#1731=CARTESIAN_POINT('',(-21.570501144821,8.71924216009714,11.3758291618992));
#1732=CARTESIAN_POINT('',(-21.5705011448209,8.71924216009714,11.3758291618992));
#1733=CARTESIAN_POINT('',(-21.5705011448209,8.71924216009714,11.3758291618992));
#1734=CARTESIAN_POINT('',(-21.2853421309509,8.76681014731748,11.1756933799823));
#1735=CARTESIAN_POINT('',(-21.0004245763319,8.81492936223856,10.9753458876703));
#1736=CARTESIAN_POINT('',(-20.4300672254829,8.9119719775438,10.575588340975));
#1737=CARTESIAN_POINT('',(-20.1446257083397,8.96052248018296,10.3760922553384));
#1738=CARTESIAN_POINT('',(-19.859242683887,9.0089336525348,10.1764787446803));
#1739=CARTESIAN_POINT('',(-19.859242683887,9.0089336525348,10.1764787446803));
#1740=CARTESIAN_POINT('',(-19.859242683887,9.0089336525348,10.1764787446803));
#1741=CARTESIAN_POINT('',(-19.720851748385,9.02442987682259,10.1764541744284));
#1742=CARTESIAN_POINT('',(-19.5824556007471,9.03987958435313,10.1764964361916));
#1743=CARTESIAN_POINT('',(-19.4440621716732,9.05535346960532,10.1765440214811));
#1744=CARTESIAN_POINT('',(-19.3083813650749,9.07052405426584,10.1765906740608));
#1745=CARTESIAN_POINT('',(-19.1727032748506,9.08571957851231,10.176624530931));
#1746=CARTESIAN_POINT('',(-19.0370336510322,9.1009895707907,10.176521558237));
#1747=CARTESIAN_POINT('',(-12.674740357723,7.9154119487452,17.47069453472));
#1748=CARTESIAN_POINT('',(-12.782218888613,7.99931833793,17.29049424718));
#1749=CARTESIAN_POINT('',(-12.997262898697,8.1670138887443,16.930185367932));
#1750=CARTESIAN_POINT('',(-13.32368013341,8.4124383918602,16.378943068737));
#1751=CARTESIAN_POINT('',(-13.659916933061,8.6321221803697,15.81321787095));
#1752=CARTESIAN_POINT('',(-13.995280050585,8.8118631746809,15.239459466029));
#1753=CARTESIAN_POINT('',(-14.33247258882,8.9592585192477,14.662627379214));
#1754=CARTESIAN_POINT('',(-14.672159350552,9.0784269807651,14.083491151038));
#1755=CARTESIAN_POINT('',(-15.010080141716,9.1721953993038,13.501404985506));
#1756=CARTESIAN_POINT('',(-15.344496181423,9.2443369579568,12.915768118401));
#1757=CARTESIAN_POINT('',(-15.674965046334,9.2977429962224,12.328427671762));
#1758=CARTESIAN_POINT('',(-16.001632390117,9.3355529440875,11.741829268072));
#1759=CARTESIAN_POINT('',(-16.324366458845,9.3611472756517,11.158589598432));
#1760=CARTESIAN_POINT('',(-16.642487280771,9.3775081313534,10.58106672568));
#1761=CARTESIAN_POINT('',(-16.955362526149,9.3889488509404,10.010746843806));
#1762=CARTESIAN_POINT('',(-17.262429855088,9.3971986224521,9.4476519611078));
#1763=CARTESIAN_POINT('',(-17.564123461579,9.4052054999137,8.8913705147282));
#1764=CARTESIAN_POINT('',(-17.762984171263,9.4100726597272,8.5222189659215));
#1765=CARTESIAN_POINT('',(-17.862400815437,9.4128026236621,8.3377946927614));
#1766=CARTESIAN_POINT('',(-12.897755041437,7.8452227335968,17.58269189259));
#1767=CARTESIAN_POINT('',(-13.005349649605,7.9295608913232,17.402501632179));
#1768=CARTESIAN_POINT('',(-13.220231406104,8.0988992719019,17.041525735017));
#1769=CARTESIAN_POINT('',(-13.54857548089,8.3517532560002,16.491176851103));
#1770=CARTESIAN_POINT('',(-13.886468858485,8.5765533139737,15.922630582145));
#1771=CARTESIAN_POINT('',(-14.214105301021,8.7561601904734,15.348795842619));
#1772=CARTESIAN_POINT('',(-14.551126411218,8.9088069087784,14.769749658707));
#1773=CARTESIAN_POINT('',(-14.888879013173,9.0302268972322,14.190730444578));
#1774=CARTESIAN_POINT('',(-15.224181830009,9.1272884685404,13.605826929385));
#1775=CARTESIAN_POINT('',(-15.555691792545,9.2013441696409,13.016621943274));
#1776=CARTESIAN_POINT('',(-15.884000831561,9.256711685335,12.425576005807));
#1777=CARTESIAN_POINT('',(-16.20916946769,9.2961533675802,11.834462896752));
#1778=CARTESIAN_POINT('',(-16.531055415268,9.3224284589564,11.246711519596));
#1779=CARTESIAN_POINT('',(-16.84946401246,9.3403986190022,10.664254811454));
#1780=CARTESIAN_POINT('',(-17.162319327844,9.349258589477,10.089455977033));
#1781=CARTESIAN_POINT('',(-17.470885618327,9.3619437955573,9.5221406701877));
#1782=CARTESIAN_POINT('',(-17.773266689946,9.3661850542115,8.9604774232821));
#1783=CARTESIAN_POINT('',(-17.971982627857,9.373050429366,8.5930441944289));
#1784=CARTESIAN_POINT('',(-18.071451756928,9.3756616507633,8.4082283116421));
#1785=CARTESIAN_POINT('',(-13.344730167234,7.6940099616291,17.809296547367));
#1786=CARTESIAN_POINT('',(-13.453461037685,7.7799653195556,17.629723735437));
#1787=CARTESIAN_POINT('',(-13.669477923122,7.9473003095397,17.271751851046));
#1788=CARTESIAN_POINT('',(-14.009661463952,8.2247597391134,16.717112584574));
#1789=CARTESIAN_POINT('',(-14.343552069113,8.4557806722287,16.152635065247));
#1790=CARTESIAN_POINT('',(-14.675126879125,8.6478079385007,15.578658313705));
#1791=CARTESIAN_POINT('',(-15.001805428106,8.804997215967,14.99673830776));
#1792=CARTESIAN_POINT('',(-15.327702384993,8.9326160005044,14.408690856696));
#1793=CARTESIAN_POINT('',(-15.651778216153,9.0355410044359,13.815493147861));
#1794=CARTESIAN_POINT('',(-15.973654490776,9.1176687749213,13.217419531862));
#1795=CARTESIAN_POINT('',(-16.294711219851,9.1782922208122,12.614469044705));
#1796=CARTESIAN_POINT('',(-16.61707019479,9.2191136542216,12.012292177243));
#1797=CARTESIAN_POINT('',(-16.94028286667,9.244918754325,11.413404333888));
#1798=CARTESIAN_POINT('',(-17.261051443716,9.2601943375067,10.822267565349));
#1799=CARTESIAN_POINT('',(-17.578778451837,9.278097779432,10.239836036649));
#1800=CARTESIAN_POINT('',(-17.886560013961,9.2773977292196,9.6698911277202));
#1801=CARTESIAN_POINT('',(-18.190676040636,9.2959171250077,9.1101407680171));
#1802=CARTESIAN_POINT('',(-18.391863574897,9.2986373917313,8.7299959090633));
#1803=CARTESIAN_POINT('',(-18.49207829236,9.3013956720278,8.5423969734599));
#1804=CARTESIAN_POINT('',(-14.026292923663,7.4560164956913,18.14086620353));
#1805=CARTESIAN_POINT('',(-14.136374819955,7.5491450693626,17.961980778633));
#1806=CARTESIAN_POINT('',(-14.356204948132,7.7338638555984,17.604888325644));
#1807=CARTESIAN_POINT('',(-14.694908014521,8.0240297105072,17.05588430413));
#1808=CARTESIAN_POINT('',(-15.031752743381,8.2733591884489,16.494908902876));
#1809=CARTESIAN_POINT('',(-15.363964266467,8.4785548096723,15.924869327456));
#1810=CARTESIAN_POINT('',(-15.693695124124,8.6481961455696,15.346318380536));
#1811=CARTESIAN_POINT('',(-16.019869563856,8.7859259074703,14.760462156045));
#1812=CARTESIAN_POINT('',(-16.343691361508,8.8961654751271,14.168226485126));
#1813=CARTESIAN_POINT('',(-16.665445338006,8.9826929579612,13.570660832106));
#1814=CARTESIAN_POINT('',(-16.985323465308,9.0495666178995,12.968689243851));
#1815=CARTESIAN_POINT('',(-17.303481114529,9.0983816066949,12.361896160932));
#1816=CARTESIAN_POINT('',(-17.620271689246,9.1318225930845,11.752022638428));
#1817=CARTESIAN_POINT('',(-17.936327780035,9.1503837078424,11.137529414093));
#1818=CARTESIAN_POINT('',(-18.250374432524,9.153316158241,10.521062052516));
#1819=CARTESIAN_POINT('',(-18.568685992708,9.1805618487688,9.9048070488953));
#1820=CARTESIAN_POINT('',(-18.878331422727,9.1762106352177,9.3012666262498));
#1821=CARTESIAN_POINT('',(-19.079132958607,9.1855213079681,8.9242025736601));
#1822=CARTESIAN_POINT('',(-19.179884375733,9.1886661078487,8.7326472930178));
#1823=CARTESIAN_POINT('',(-14.706107556522,7.1984837157257,18.473120554037));
#1824=CARTESIAN_POINT('',(-14.817070024998,7.2992983256704,18.295187408604));
#1825=CARTESIAN_POINT('',(-15.037767176098,7.4976181961623,17.938877518588));
#1826=CARTESIAN_POINT('',(-15.381279559177,7.819215209751,17.393122974083));
#1827=CARTESIAN_POINT('',(-15.718651742063,8.0827830914477,16.836076231668));
#1828=CARTESIAN_POINT('',(-16.052531446634,8.3040963804424,16.269037696896));
#1829=CARTESIAN_POINT('',(-16.382725787115,8.4870455709316,15.693474293459));
#1830=CARTESIAN_POINT('',(-16.710259502412,8.6362669597656,15.11027426579));
#1831=CARTESIAN_POINT('',(-17.035200862766,8.7564859078378,14.520573175103));
#1832=CARTESIAN_POINT('',(-17.357918240732,8.8518781799811,13.92514688517));
#1833=CARTESIAN_POINT('',(-17.678690414004,8.9253783149235,13.32474545738));
#1834=CARTESIAN_POINT('',(-17.997942786503,8.9810797607928,12.72046528314));
#1835=CARTESIAN_POINT('',(-18.31548885206,9.0186579538059,12.111940218999));
#1836=CARTESIAN_POINT('',(-18.631970910785,9.0449068278388,11.501116494877));
#1837=CARTESIAN_POINT('',(-18.946767627595,9.0515468187639,10.885419738384));
#1838=CARTESIAN_POINT('',(-19.262017771232,9.0683345004078,10.27276098029));
#1839=CARTESIAN_POINT('',(-19.578744680854,9.0841121801143,9.6564346876994));
#1840=CARTESIAN_POINT('',(-19.782792967975,9.0902595275652,9.2543304921525));
#1841=CARTESIAN_POINT('',(-19.885139005784,9.0933465298877,9.0540547582011));
#1842=CARTESIAN_POINT('',(-15.383756609683,6.9311103537583,18.794744333034));
#1843=CARTESIAN_POINT('',(-15.496458661937,7.0439068765446,18.619095076728));
#1844=CARTESIAN_POINT('',(-15.722391120574,7.2709346127668,18.268544629612));
#1845=CARTESIAN_POINT('',(-16.066066298615,7.6051650370141,17.728339522209));
#1846=CARTESIAN_POINT('',(-16.405424558146,7.8884413092536,17.175950868975));
#1847=CARTESIAN_POINT('',(-16.740680294716,8.1251646974365,16.612710187033));
#1848=CARTESIAN_POINT('',(-17.072356565717,8.3203942683222,16.040050538978));
#1849=CARTESIAN_POINT('',(-17.400872699148,8.4821760234096,15.459676843923));
#1850=CARTESIAN_POINT('',(-17.726534555111,8.6126850197791,14.872083843965));
#1851=CARTESIAN_POINT('',(-18.049906081427,8.7169258175778,14.278628039631));
#1852=CARTESIAN_POINT('',(-18.371270078406,8.7980543597758,13.679872632029));
#1853=CARTESIAN_POINT('',(-18.690911368121,8.8606074245332,13.076921069584));
#1854=CARTESIAN_POINT('',(-19.008996660702,8.9041774624013,12.469505174834));
#1855=CARTESIAN_POINT('',(-19.325878152309,8.9356098554484,11.859593428527));
#1856=CARTESIAN_POINT('',(-19.64125885496,8.9471282483964,11.244633751172));
#1857=CARTESIAN_POINT('',(-19.956257768937,8.9585708057444,10.630686492609));
#1858=CARTESIAN_POINT('',(-20.272727567268,8.9777611274888,10.016776821967));
#1859=CARTESIAN_POINT('',(-20.479379305817,8.9761684120306,9.6109520269378));
#1860=CARTESIAN_POINT('',(-20.582433300276,8.9779058609493,9.4090419554793));
#1861=CARTESIAN_POINT('',(-16.063778628438,6.6541067860306,19.117133459639));
#1862=CARTESIAN_POINT('',(-16.17616604383,6.7698862392968,18.944513207947));
#1863=CARTESIAN_POINT('',(-16.400798101081,7.0068298329901,18.60155939644));
#1864=CARTESIAN_POINT('',(-16.751081198138,7.3856670276311,18.062960944629));
#1865=CARTESIAN_POINT('',(-17.091094939809,7.6825642854681,17.513581163131));
#1866=CARTESIAN_POINT('',(-17.428093113688,7.9384404478697,16.954051969314));
#1867=CARTESIAN_POINT('',(-17.760789033616,8.1507815175234,16.385276421275));
#1868=CARTESIAN_POINT('',(-18.090401042303,8.3239154525044,15.807401968856));
#1869=CARTESIAN_POINT('',(-18.417320485253,8.4653635976813,15.222716806577));
#1870=CARTESIAN_POINT('',(-18.741712764036,8.5791933892939,14.63145253102));
#1871=CARTESIAN_POINT('',(-19.063846839238,8.6687530542671,14.034719131426));
#1872=CARTESIAN_POINT('',(-19.384214578703,8.7376255533754,13.433252119273));
#1873=CARTESIAN_POINT('',(-19.702906577777,8.7886481249049,12.827806086116));
#1874=CARTESIAN_POINT('',(-20.020186007763,8.8229578338617,12.218429172337));
#1875=CARTESIAN_POINT('',(-20.336230788947,8.8450042277169,11.606492521585));
#1876=CARTESIAN_POINT('',(-20.650791929853,8.8489098230184,10.990049503088));
#1877=CARTESIAN_POINT('',(-20.967379387065,8.873707581347,10.378126651169));
#1878=CARTESIAN_POINT('',(-21.170939607513,8.8768267850911,9.9785634900656));
#1879=CARTESIAN_POINT('',(-21.273506392771,8.8798277328583,9.7783167640993));
#1880=CARTESIAN_POINT('',(-16.771568948109,6.571059815776,19.410963272245));
#1881=CARTESIAN_POINT('',(-16.882072323007,6.6742691345017,19.241849952917));
#1882=CARTESIAN_POINT('',(-17.103443494561,6.8764955536701,18.901585052663));
#1883=CARTESIAN_POINT('',(-17.434002467245,7.1679738248807,18.394782237039));
#1884=CARTESIAN_POINT('',(-17.779173115788,7.5023194119674,17.85636538911));
#1885=CARTESIAN_POINT('',(-18.115597977081,7.7497875099461,17.29637047872));
#1886=CARTESIAN_POINT('',(-18.450314879,7.9709997905883,16.729909203446));
#1887=CARTESIAN_POINT('',(-18.781123047258,8.1608958054058,16.155683368948));
#1888=CARTESIAN_POINT('',(-19.10827030411,8.3145661308618,15.572701703033));
#1889=CARTESIAN_POINT('',(-19.433119957587,8.4373779280897,14.983415252795));
#1890=CARTESIAN_POINT('',(-19.756032229795,8.535589694267,14.388555609799));
#1891=CARTESIAN_POINT('',(-20.076847135151,8.611611145302,13.78866061396));
#1892=CARTESIAN_POINT('',(-20.396210969466,8.6697407590726,13.184611639366));
#1893=CARTESIAN_POINT('',(-20.713821933715,8.7096511792981,12.576569815788));
#1894=CARTESIAN_POINT('',(-21.030599385189,8.7370124569928,11.965414921848));
#1895=CARTESIAN_POINT('',(-21.345380490575,8.7459629886011,11.350548377496));
#1896=CARTESIAN_POINT('',(-21.660943337198,8.7588307987599,10.736039107382));
#1897=CARTESIAN_POINT('',(-21.866365092996,8.7683586234712,10.337674413475));
#1898=CARTESIAN_POINT('',(-21.968624494724,8.7728914724801,10.138290787204));
#1899=CARTESIAN_POINT('',(-17.211210880617,6.5001756376278,19.582780409497));
#1900=CARTESIAN_POINT('',(-17.32106834992,6.6002721189967,19.413824557727));
#1901=CARTESIAN_POINT('',(-17.540634882586,6.8024244798066,19.077075557182));
#1902=CARTESIAN_POINT('',(-17.876015017732,7.1071486432322,18.558620238491));
#1903=CARTESIAN_POINT('',(-18.210769942426,7.3726421664227,18.033045501016));
#1904=CARTESIAN_POINT('',(-18.552039124833,7.6340552756136,17.494673574205));
#1905=CARTESIAN_POINT('',(-18.893037537677,7.8522480891399,16.941989326899));
#1906=CARTESIAN_POINT('',(-19.233351480807,8.0438644353898,16.379360173908));
#1907=CARTESIAN_POINT('',(-19.567381698281,8.2101237305483,15.804715749652));
#1908=CARTESIAN_POINT('',(-19.894029139191,8.3428251144187,15.217942745477));
#1909=CARTESIAN_POINT('',(-20.217518592866,8.4476252850804,14.624724229764));
#1910=CARTESIAN_POINT('',(-20.539115498412,8.5285479869033,14.026040427042));
#1911=CARTESIAN_POINT('',(-20.858708268191,8.5894401239781,13.422920780561));
#1912=CARTESIAN_POINT('',(-21.176997807135,8.6336355471416,12.815778939848));
#1913=CARTESIAN_POINT('',(-21.493495991138,8.6629260207545,12.205563829428));
#1914=CARTESIAN_POINT('',(-21.809397769905,8.6794756026622,11.591905906011));
#1915=CARTESIAN_POINT('',(-22.12364107793,8.6778388573226,10.974320721138));
#1916=CARTESIAN_POINT('',(-22.32433040614,8.6885581979165,10.576944254563));
#1917=CARTESIAN_POINT('',(-22.42578630834,8.6915937006031,10.376833531618));
#1918=CARTESIAN_POINT('',(-17.430019330705,6.4626933979677,19.670578905336));
#1919=CARTESIAN_POINT('',(-17.539872422406,6.5628934254724,19.501902249145));
#1920=CARTESIAN_POINT('',(-17.759753032192,6.7630653318329,19.164189173032));
#1921=CARTESIAN_POINT('',(-18.092508238976,7.0535889660047,18.651674496258));
#1922=CARTESIAN_POINT('',(-18.429740020792,7.3284180368227,18.128382485886));
#1923=CARTESIAN_POINT('',(-18.770162002296,7.577277458991,17.593142059766));
#1924=CARTESIAN_POINT('',(-19.11248757233,7.7992139223827,17.045567780788));
#1925=CARTESIAN_POINT('',(-19.452961575676,7.992477130239,16.485952588367));
#1926=CARTESIAN_POINT('',(-19.788308383266,8.1584553657244,15.913995769014));
#1927=CARTESIAN_POINT('',(-20.117473196447,8.2949862365982,15.330741442641));
#1928=CARTESIAN_POINT('',(-20.442337154048,8.40344015692,14.739127472695));
#1929=CARTESIAN_POINT('',(-20.764800406082,8.4877826009422,14.141608812536));
#1930=CARTESIAN_POINT('',(-21.085588497189,8.5516717421428,13.539363535955));
#1931=CARTESIAN_POINT('',(-21.405026699966,8.5960906764813,12.932506141512));
#1932=CARTESIAN_POINT('',(-21.722742820355,8.6263512786519,12.322624832409));
#1933=CARTESIAN_POINT('',(-22.039598215042,8.6404196268803,11.707958374465));
#1934=CARTESIAN_POINT('',(-22.349207123247,8.6467951992686,11.096497337474));
#1935=CARTESIAN_POINT('',(-22.552027085405,8.6509130596976,10.695463215527));
#1936=CARTESIAN_POINT('',(-22.653219986261,8.654501477002,10.495737141803));
#1937=CARTESIAN_POINT('',(-19.8703319584822,9.76357777643017,10.184646));
#1938=CARTESIAN_POINT('',(-19.0481752434571,9.84957331734556,10.184646));
#1939=CARTESIAN_POINT('',(-19.8806975519617,9.86271184235419,10.192707727184));
#1940=CARTESIAN_POINT('',(-19.8816064725251,9.87140454202804,10.084646));
#1941=CARTESIAN_POINT('',(-19.8703319584822,9.76357777643017,10.084646));
#1942=CARTESIAN_POINT('',(-19.6065835837807,9.89136490902597,10.192814275175));
#1943=CARTESIAN_POINT('',(-19.6072980133213,9.9002036008946,10.0846459999993));
#1944=CARTESIAN_POINT('',(-19.5962786542846,9.79223316511712,10.084646));
#1945=CARTESIAN_POINT('',(-19.3325941214449,9.91991244426556,10.192609155647));
#1946=CARTESIAN_POINT('',(-19.3334005542631,9.92849982466974,10.0846459999993));
#1947=CARTESIAN_POINT('',(-19.3222124749068,9.82077205876432,10.084646));
#1948=CARTESIAN_POINT('',(-19.0585938840641,9.94870424826023,10.192677840629));
#1949=CARTESIAN_POINT('',(-19.0595037735465,9.95736163407681,10.084646));
#1950=CARTESIAN_POINT('',(-19.048175243457,9.84957331734556,10.084646));
#1951=CARTESIAN_POINT('',(-19.8703319584822,9.76357777643017,10.184646));
#1952=CARTESIAN_POINT('',(-19.8703319584822,9.76357777643017,10.184646));
#1953=CARTESIAN_POINT('',(-19.8703319584822,9.76357777643017,10.184646));
#1954=CARTESIAN_POINT('',(-19.0481752434571,9.84957331734556,10.184646));
#1955=CARTESIAN_POINT('',(-19.048175243457,9.84957331734555,10.1846460000001));
#1956=CARTESIAN_POINT('',(-19.0481752434571,9.84957331734556,10.184646));
#1957=CARTESIAN_POINT('',(-19.8703319584822,9.10798073189353,10.184646));
#1958=CARTESIAN_POINT('',(-19.8703319584822,8.6625548589436,10.184646));
#1959=CARTESIAN_POINT('',(-21.5819178093803,9.48881316222181,11.3831113150919));
#1960=CARTESIAN_POINT('',(-21.5926515771154,9.58798762158925,11.390126501432));
#1961=CARTESIAN_POINT('',(-21.6497310967488,9.58758253676363,11.308517231222));
#1962=CARTESIAN_POINT('',(-21.6392754530154,9.48881316222181,11.301196110663));
#1963=CARTESIAN_POINT('',(-21.4498223437143,9.61050070607951,11.2903961262149));
#1964=CARTESIAN_POINT('',(-21.5068931955883,9.61034714310448,11.2085010560863));
#1965=CARTESIAN_POINT('',(-21.4966013523222,9.51132155685527,11.2012946298503));
#1966=CARTESIAN_POINT('',(-21.3070577544942,9.63299363448314,11.1908031622207));
#1967=CARTESIAN_POINT('',(-21.3643069735328,9.63314672394714,11.1086611085594));
#1968=CARTESIAN_POINT('',(-21.3539271679519,9.5338276057638,11.1013930904464));
#1969=CARTESIAN_POINT('',(-21.0215696310689,9.67849442721309,10.9915587877962));
#1970=CARTESIAN_POINT('',(-21.0791848104416,9.67918501582248,10.9090164206522));
#1971=CARTESIAN_POINT('',(-21.0686334584483,9.57934872837074,10.9016282844482));
#1972=CARTESIAN_POINT('',(-20.878869623952,9.70144700943849,10.891924019931));
#1973=CARTESIAN_POINT('',(-20.9367681188751,9.70235321360709,10.8092951796502));
#1974=CARTESIAN_POINT('',(-20.9260085375692,9.60231293517899,10.801761239712));
#1975=CARTESIAN_POINT('',(-20.45090597963,9.77057317290913,10.5926130371542));
#1976=CARTESIAN_POINT('',(-20.5087940371329,9.7718049515356,10.5096245014565));
#1977=CARTESIAN_POINT('',(-20.4981601249131,9.67145011739669,10.5021785559591));
#1978=CARTESIAN_POINT('',(-20.1657966968023,9.81665028757881,10.3925467113294));
#1979=CARTESIAN_POINT('',(-20.223916095047,9.81744893511736,10.3101508189425));
#1980=CARTESIAN_POINT('',(-20.2129245912936,9.71751139203889,10.3024544851535));
#1981=CARTESIAN_POINT('',(-19.8806975519617,9.86271184235419,10.192707727184));
#1982=CARTESIAN_POINT('',(-19.9385039857787,9.86336878666719,10.1103031085319));
#1983=CARTESIAN_POINT('',(-19.9276896021173,9.76357777643017,10.1027307955711));
#1984=CARTESIAN_POINT('',(-13.9128234453831,9.10842879505818,16.5225099404011));
#1985=CARTESIAN_POINT('',(-19.0585938840642,9.94870424826023,10.192677840629));
#1986=CARTESIAN_POINT('',(-18.958813264291,9.96348403399641,10.1396942816379));
#1987=CARTESIAN_POINT('',(-18.9599892386935,9.84957331734556,10.1374948752644));
#1988=CARTESIAN_POINT('',(-18.9774028459632,9.94492571697051,10.3446317484693));
#1989=CARTESIAN_POINT('',(-18.8779488816622,9.95978912106053,10.290891497623));
#1990=CARTESIAN_POINT('',(-18.8792205551843,9.84580534752676,10.2885552698707));
#1991=CARTESIAN_POINT('',(-18.89415862177,9.94091418725241,10.4956039652303));
#1992=CARTESIAN_POINT('',(-18.7953598563248,9.95559713995151,10.44096407852));
#1993=CARTESIAN_POINT('',(-18.7965017722332,9.84177185787263,10.4389133413846));
#1994=CARTESIAN_POINT('',(-18.7669594419866,9.93636625002956,10.7199974969869));
#1995=CARTESIAN_POINT('',(-18.6689774290725,9.95082198891548,10.6642668962401));
#1996=CARTESIAN_POINT('',(-18.6698529291925,9.83719083561831,10.662735967158));
#1997=CARTESIAN_POINT('',(-18.7241908779746,9.93512396527379,10.7944087853427));
#1998=CARTESIAN_POINT('',(-18.6264966184281,9.94950551143807,10.7382921338816));
#1999=CARTESIAN_POINT('',(-18.6272032388243,9.83593645375839,10.7370684760541));
#2000=CARTESIAN_POINT('',(-18.6377819258988,9.93341447055804,10.9428457824105));
#2001=CARTESIAN_POINT('',(-18.5406110094699,9.94774349929467,10.8859098752653));
#2002=CARTESIAN_POINT('',(-18.5410349407336,9.83421662327432,10.8851901342504));
#2003=CARTESIAN_POINT('',(-18.5941205498419,9.932882610655,11.0169033018292));
#2004=CARTESIAN_POINT('',(-18.4971592729448,9.94723096636531,10.9595814255764));
#2005=CARTESIAN_POINT('',(-18.4975172044696,9.83368604753628,10.9589776947238));
#2006=CARTESIAN_POINT('',(-18.5058625036882,9.93189001432352,11.1646780197095));
#2007=CARTESIAN_POINT('',(-18.4092957879599,9.94634236351652,11.1065369215833));
#2008=CARTESIAN_POINT('',(-18.4096238898372,9.83270347294807,11.1059931554766));
#2009=CARTESIAN_POINT('',(-18.461265536,9.93142920870262,11.2383951700125));
#2010=CARTESIAN_POINT('',(-18.3648561401054,9.94596548086165,11.1798667573718));
#2011=CARTESIAN_POINT('',(-18.3652483120351,9.83225136441459,11.1792210524869));
#2012=CARTESIAN_POINT('',(-18.3711295612055,9.9299756667738,11.3854761757119));
#2013=CARTESIAN_POINT('',(-18.275007372413,9.94473823093786,11.3261416151136));
#2014=CARTESIAN_POINT('',(-18.2756492386504,9.83082403733523,11.3251037354982));
#2015=CARTESIAN_POINT('',(-18.3255794896086,9.9289253541594,11.4588660338129));
#2016=CARTESIAN_POINT('',(-18.2295598998891,9.94383600805049,11.3991453109503));
#2017=CARTESIAN_POINT('',(-18.230426575602,9.82979294956784,11.3977572142071));
#2018=CARTESIAN_POINT('',(-18.1877799213836,9.92460441180515,11.6779494037555));
#2019=CARTESIAN_POINT('',(-18.0920241316919,9.93996087609276,11.6171529355785));
#2020=CARTESIAN_POINT('',(-18.0934943326152,9.82553143370339,11.6148502580197));
#2021=CARTESIAN_POINT('',(-18.0943162910533,9.92035094869775,11.8227315331403));
#2022=CARTESIAN_POINT('',(-17.998773154622,9.93605069945341,11.7610990357299));
#2023=CARTESIAN_POINT('',(-18.0005180039295,9.82132442252876,11.7584271524777));
#2024=CARTESIAN_POINT('',(-17.9040636629459,9.91056138330633,12.1098032275453));
#2025=CARTESIAN_POINT('',(-17.8090461139879,9.92691406850894,12.046465762699));
#2026=CARTESIAN_POINT('',(-17.8111719797887,9.8116194695693,12.0433139689329));
#2027=CARTESIAN_POINT('',(-17.8071802563063,9.90505393525481,12.2522299981923));
#2028=CARTESIAN_POINT('',(-17.712441398518,9.92170596597735,12.1880589305232));
#2029=CARTESIAN_POINT('',(-17.7148015645801,9.80615448083482,12.1846245120968));
#2030=CARTESIAN_POINT('',(-17.6099203362106,9.89192016338282,12.5349615627178));
#2031=CARTESIAN_POINT('',(-17.5157138160061,9.90923690355167,12.4691344092545));
#2032=CARTESIAN_POINT('',(-17.5186778699814,9.79312532639694,12.4649587033788));
#2033=CARTESIAN_POINT('',(-17.5095818791263,9.88423756434488,12.6752470359559));
#2034=CARTESIAN_POINT('',(-17.4155411449899,9.9019375431324,12.6086601949505));
#2035=CARTESIAN_POINT('',(-17.4189255310531,9.78550740034119,12.603981184892));
#2036=CARTESIAN_POINT('',(-17.3056287368375,9.86667767983102,12.9534923544381));
#2037=CARTESIAN_POINT('',(-17.2119833706119,9.88532273275219,12.8851570184647));
#2038=CARTESIAN_POINT('',(-17.2160326198452,9.7680987724675,12.8797332927046));
#2039=CARTESIAN_POINT('',(-17.2019096220151,9.85686248725486,13.0915613738491));
#2040=CARTESIAN_POINT('',(-17.1084313212546,9.87603323443275,13.0223278138096));
#2041=CARTESIAN_POINT('',(-17.1128253058594,9.75836897221174,13.0165486392898));
#2042=CARTESIAN_POINT('',(-16.9912179754185,9.83495440503855,13.3650139910285));
#2043=CARTESIAN_POINT('',(-16.898157121629,9.85508647166759,13.2940586650039));
#2044=CARTESIAN_POINT('',(-16.9033321195268,9.73663568114394,13.2874637103742));
#2045=CARTESIAN_POINT('',(-16.8843473331694,9.82280895682421,13.5002981817322));
#2046=CARTESIAN_POINT('',(-16.7914918719256,9.84338862543957,13.4285186219217));
#2047=CARTESIAN_POINT('',(-16.7971227324052,9.72458168076607,13.4214693447733));
#2048=CARTESIAN_POINT('',(-16.5594933984097,9.78273177763721,13.9017935174562));
#2049=CARTESIAN_POINT('',(-16.4665027927333,9.80478394839387,13.8283377566394));
#2050=CARTESIAN_POINT('',(-16.4741463349523,9.68481009280797,13.8191593130533));
#2051=CARTESIAN_POINT('',(-16.3371627440183,9.75154534151206,14.1638965006103));
#2052=CARTESIAN_POINT('',(-16.2440554117895,9.77491576138073,14.088869535826));
#2053=CARTESIAN_POINT('',(-16.2530044388143,9.65389904310934,14.0785507985911));
#2054=CARTESIAN_POINT('',(-15.9948310517144,9.69564858234935,14.5484030939492));
#2055=CARTESIAN_POINT('',(-15.9030951223363,9.72118893365075,14.4696625453575));
#2056=CARTESIAN_POINT('',(-15.9128290088224,9.59847210561801,14.4589354274126));
#2057=CARTESIAN_POINT('',(-15.8792906615504,9.67551106407877,14.6750919582681));
#2058=CARTESIAN_POINT('',(-15.7876706680733,9.70170368761691,14.5954998045223));
#2059=CARTESIAN_POINT('',(-15.7980260814549,9.57849525373707,14.584280490688));
#2060=CARTESIAN_POINT('',(-15.6454025904232,9.63244786383513,14.9255936404407));
#2061=CARTESIAN_POINT('',(-15.5540272973674,9.66007205369368,14.8442513923417));
#2062=CARTESIAN_POINT('',(-15.5655930063445,9.53577779839506,14.8320996070201));
#2063=CARTESIAN_POINT('',(-15.5270089935633,9.60949310270282,15.049461620889));
#2064=CARTESIAN_POINT('',(-15.4356380592262,9.63786609378753,14.9673073252784));
#2065=CARTESIAN_POINT('',(-15.4479639160165,9.51301835594817,14.9545719856591));
#2066=CARTESIAN_POINT('',(-15.2873989296708,9.5600478330871,15.2944129463594));
#2067=CARTESIAN_POINT('',(-15.1960756496986,9.59014884882135,15.2104896667632));
#2068=CARTESIAN_POINT('',(-15.2099368662192,9.46402881534254,15.196599340802));
#2069=CARTESIAN_POINT('',(-15.1660945975509,9.5334831240769,15.415586713881));
#2070=CARTESIAN_POINT('',(-15.0746476958935,9.56452266169392,15.3308225687976));
#2071=CARTESIAN_POINT('',(-15.0894360552734,9.43772479418961,15.3162510949777));
#2072=CARTESIAN_POINT('',(-14.921600770437,9.47689319919439,15.6541731942327));
#2073=CARTESIAN_POINT('',(-14.8300279066491,9.50997664715441,15.5675941248772));
#2074=CARTESIAN_POINT('',(-14.8465209346025,9.38168695583692,15.5518308399133));
#2075=CARTESIAN_POINT('',(-14.7983323335451,9.44689066849957,15.7716586319568));
#2076=CARTESIAN_POINT('',(-14.7066059710058,9.48100227434908,15.6842169141166));
#2077=CARTESIAN_POINT('',(-14.7240420692975,9.35197377781909,15.667829323937));
#2078=CARTESIAN_POINT('',(-14.5497859768697,9.38329179245852,16.0031931281484));
#2079=CARTESIAN_POINT('',(-14.457755515197,9.41974114485158,15.9139216356891));
#2080=CARTESIAN_POINT('',(-14.4771064425786,9.2890311867882,15.896278734249));
#2081=CARTESIAN_POINT('',(-14.424525614201,9.34966968508505,16.1172404142327));
#2082=CARTESIAN_POINT('',(-14.3321258806813,9.38736553566867,16.0271317761815));
#2083=CARTESIAN_POINT('',(-14.3526531435136,9.25577791637863,16.008725874949));
#2084=CARTESIAN_POINT('',(-14.1720967563661,9.27812038838511,16.34189870171));
#2085=CARTESIAN_POINT('',(-14.0790176323729,9.31866404203903,16.2499503671084));
#2086=CARTESIAN_POINT('',(-14.1019195461976,9.18507779852044,16.2300283173046));
#2087=CARTESIAN_POINT('',(-14.044965053275,9.24006732107125,16.4523695045438));
#2088=CARTESIAN_POINT('',(-13.9515984874521,9.28202362272313,16.3594475523551));
#2089=CARTESIAN_POINT('',(-13.9756674218046,9.14746469348838,16.3388613008205));
#2090=CARTESIAN_POINT('',(-13.9170044212037,9.20066325843335,16.5609198767079));
#2091=CARTESIAN_POINT('',(-13.8241531175376,9.24421542637268,16.4664442765869));
#2092=CARTESIAN_POINT('',(-13.8484122390387,9.10842879505816,16.44601682635));
#2093=CARTESIAN_POINT('',(-19.0481752434571,9.20003429989971,10.184646));
#2094=CARTESIAN_POINT('',(-19.0481752434571,10.162554858944,10.184646));
#2095=CARTESIAN_POINT('',(-19.8703319584822,9.10798073189353,10.184646));
#2096=CARTESIAN_POINT('',(-19.0481752434573,9.20003429989968,10.184646));
#2097=CARTESIAN_POINT('',(-19.8703319584822,9.10798073189353,10.084646));
#2098=CARTESIAN_POINT('',(-19.8600799884545,9.01641228165786,10.084646));
#2099=CARTESIAN_POINT('',(-19.859242683887,9.0089336525348,10.1764787446803));
#2100=CARTESIAN_POINT('',(-19.5962792884153,9.13866356805628,10.084646));
#2101=CARTESIAN_POINT('',(-19.5861765901929,9.04712379573709,10.0846460000043));
#2102=CARTESIAN_POINT('',(-19.585231509435,9.03961585436207,10.1764300963141));
#2103=CARTESIAN_POINT('',(-19.3222091102486,9.16920808974108,10.084646));
#2104=CARTESIAN_POINT('',(-19.3122084707566,9.0773769332397,10.0846460000014));
#2105=CARTESIAN_POINT('',(-19.3111269883562,9.07013960575075,10.1767295946224));
#2106=CARTESIAN_POINT('',(-19.0481752434571,9.20003429989971,10.084646));
#2107=CARTESIAN_POINT('',(-19.03787082732,9.10843176536262,10.084646));
#2108=CARTESIAN_POINT('',(-19.037033651032,9.10098957079072,10.176521558237));
#2109=CARTESIAN_POINT('',(-19.8703319584822,9.10798073189353,10.184646));
#2110=CARTESIAN_POINT('',(-19.8703319584822,9.10798073189353,10.184646));
#2111=CARTESIAN_POINT('',(-21.5819178093803,9.48881316222181,11.3831113150919));
#2112=CARTESIAN_POINT('',(-21.5819178093803,9.48881316222181,11.3831113150919));
#2113=CARTESIAN_POINT('',(-21.5819178093803,9.48881316222181,11.3831113150919));
#2114=CARTESIAN_POINT('',(-19.0481752434571,9.20003429989971,10.184646));
#2115=CARTESIAN_POINT('',(-19.0481752434571,9.20003429989971,10.184646));
#2116=CARTESIAN_POINT('',(-21.5819178093803,8.81832106812108,11.3831113150919));
#2117=CARTESIAN_POINT('',(-21.6392754530154,8.81832106812108,11.301196110663));
#2118=CARTESIAN_POINT('',(-21.6281282596591,8.71866100329372,11.2933907618451));
#2119=CARTESIAN_POINT('',(-21.5705011448209,8.71924216009714,11.3758291618992));
#2120=CARTESIAN_POINT('',(-21.4966030149874,8.84210345144133,11.201295794061));
#2121=CARTESIAN_POINT('',(-21.4856371193224,8.74260639928177,11.1936173912539));
#2122=CARTESIAN_POINT('',(-21.4279524100127,8.74302102059875,11.275782867265));
#2123=CARTESIAN_POINT('',(-21.3539341288531,8.86591638279255,11.1013979645218));
#2124=CARTESIAN_POINT('',(-21.3429347769795,8.76672012090057,11.0936961354245));
#2125=CARTESIAN_POINT('',(-21.285362303096,8.7668479387041,11.1755836518759));
#2126=CARTESIAN_POINT('',(-21.0686505903676,8.91402283512672,10.9016402803472));
#2127=CARTESIAN_POINT('',(-21.0575996290454,8.815311489461,10.8939023139249));
#2128=CARTESIAN_POINT('',(-21.0002455500233,8.81497260169146,10.9753660909521));
#2129=CARTESIAN_POINT('',(-20.9260291100686,8.93825554855055,10.8017756447312));
#2130=CARTESIAN_POINT('',(-20.9148518374118,8.83976547425354,10.7939492341608));
#2131=CARTESIAN_POINT('',(-20.8577010867315,8.83921283700249,10.8753123960845));
#2132=CARTESIAN_POINT('',(-20.6407917338307,8.98677027088076,10.6020502837102));
#2133=CARTESIAN_POINT('',(-20.6296209337527,8.88843879367346,10.5942284052872));
#2134=CARTESIAN_POINT('',(-20.5725437026134,8.88773053035799,10.6754487041535));
#2135=CARTESIAN_POINT('',(-20.4981730691737,9.01102783813975,10.502187619628));
#2136=CARTESIAN_POINT('',(-20.4868969702013,8.9126744499144,10.4942920101257));
#2137=CARTESIAN_POINT('',(-20.4299185027191,8.91198504644809,10.575629938147));
#2138=CARTESIAN_POINT('',(-20.2129293204747,9.05948658328147,10.3024577965617));
#2139=CARTESIAN_POINT('',(-20.2016389064863,8.96096386700727,10.2945521635779));
#2140=CARTESIAN_POINT('',(-20.1445814458904,8.96044192108699,10.376043711065));
#2141=CARTESIAN_POINT('',(-20.0703144689444,9.08377763794974,10.2025978024596));
#2142=CARTESIAN_POINT('',(-20.0589788978757,8.98516007601647,10.1946605501472));
#2143=CARTESIAN_POINT('',(-20.0018670842537,8.98473945091236,10.2762385582991));
#2144=CARTESIAN_POINT('',(-19.9276896021173,9.10798073189353,10.1027307955711));
#2145=CARTESIAN_POINT('',(-19.9164482924433,9.00925911528246,10.094859545798));
#2146=CARTESIAN_POINT('',(-19.859242683887,9.0089336525348,10.1764787446803));
#2147=CARTESIAN_POINT('',(-21.5819178093803,8.81832106812108,11.3831113150919));
#2148=CARTESIAN_POINT('',(-21.5819178093803,10.162554858944,11.3831113150919));
#2149=CARTESIAN_POINT('',(-16.2766039663173,8.21920845805923,18.1776468798326));
#2150=CARTESIAN_POINT('',(-16.2780053065471,8.3061145473181,18.2270975410545));
#2151=CARTESIAN_POINT('',(-16.3260827917516,8.28229652489737,18.2675936278372));
#2152=CARTESIAN_POINT('',(-16.3433614940816,8.21920845805923,18.2521011106513));
#2153=CARTESIAN_POINT('',(-16.3422140530407,8.3380798335483,18.1691012221581));
#2154=CARTESIAN_POINT('',(-16.3907439826257,8.31444568631509,18.2097267552357));
#2155=CARTESIAN_POINT('',(-16.4078576566093,8.25094425551491,18.1942722362772));
#2156=CARTESIAN_POINT('',(-16.4062711180412,8.36980366670822,18.1106433481834));
#2157=CARTESIAN_POINT('',(-16.4551142302755,8.34628482249279,18.1515042616995));
#2158=CARTESIAN_POINT('',(-16.4720752595942,8.28238778758319,18.136078917038));
#2159=CARTESIAN_POINT('',(-16.5341911124838,8.43183891045385,17.9926328751615));
#2160=CARTESIAN_POINT('',(-16.5836246691166,8.40854388562098,18.0340214638856));
#2161=CARTESIAN_POINT('',(-16.6001194853145,8.34376780377814,18.0188046321961));
#2162=CARTESIAN_POINT('',(-16.5980827455549,8.46210416964767,17.9330284319375));
#2163=CARTESIAN_POINT('',(-16.6477987174807,8.43891869581128,17.9747248985054));
#2164=CARTESIAN_POINT('',(-16.6639577257929,8.37363899074354,17.9597126348349));
#2165=CARTESIAN_POINT('',(-16.7890659192567,8.54991333259368,17.7529638292166));
#2166=CARTESIAN_POINT('',(-16.8399915571137,8.52724237017946,17.795228886005));
#2167=CARTESIAN_POINT('',(-16.8549801023827,8.46039818408401,17.7809924356021));
#2168=CARTESIAN_POINT('',(-16.9153609702633,8.60495491280954,17.6311754651902));
#2169=CARTESIAN_POINT('',(-16.9670953162081,8.58263756512272,17.673945435451));
#2170=CARTESIAN_POINT('',(-16.9815989320102,8.51482675073908,17.6599856281163));
#2171=CARTESIAN_POINT('',(-17.16602321186,8.71007354894594,17.3840444764579));
#2172=CARTESIAN_POINT('',(-17.2193297160229,8.68853856839801,17.4280519153826));
#2173=CARTESIAN_POINT('',(-17.2329836219355,8.61872828980577,17.414515040271));
#2174=CARTESIAN_POINT('',(-17.2906243750986,8.7598525670207,17.2586723379706));
#2175=CARTESIAN_POINT('',(-17.3445856604515,8.73864049092722,17.3032834004792));
#2176=CARTESIAN_POINT('',(-17.3578001441456,8.66792369759763,17.2900045663456));
#2177=CARTESIAN_POINT('',(-17.53808398645,8.8534078123606,17.004400729008));
#2178=CARTESIAN_POINT('',(-17.5934858198476,8.83293011661683,17.0499394179935));
#2179=CARTESIAN_POINT('',(-17.6056846911863,8.76043598766526,17.0373105136619));
#2180=CARTESIAN_POINT('',(-17.6608404018008,8.89731081097909,16.8755415358584));
#2181=CARTESIAN_POINT('',(-17.7169821605073,8.8772018854214,16.9214749497893));
#2182=CARTESIAN_POINT('',(-17.7287299552646,8.80387991759469,16.9091487151144));
#2183=CARTESIAN_POINT('',(-17.9043174513452,8.98021510120508,16.6142477718222));
#2184=CARTESIAN_POINT('',(-17.9620097204776,8.96093912735578,16.6609809861525));
#2185=CARTESIAN_POINT('',(-17.9728359787437,8.88590183431136,16.6492736585033));
#2186=CARTESIAN_POINT('',(-18.0251090092544,9.01914501331573,16.4817775594694));
#2187=CARTESIAN_POINT('',(-18.0835369549407,9.0002706801821,16.5289182350989));
#2188=CARTESIAN_POINT('',(-18.0939098715929,8.92440629691466,16.5175477593025));
#2189=CARTESIAN_POINT('',(-18.264752085672,9.0916419469609,16.2132991411177));
#2190=CARTESIAN_POINT('',(-18.3246884636492,9.07358666100814,16.2610248253092));
#2191=CARTESIAN_POINT('',(-18.3340778633814,8.9961513761023,16.2504129526135));
#2192=CARTESIAN_POINT('',(-18.3835345168233,9.12528283610945,16.0773259224853));
#2193=CARTESIAN_POINT('',(-18.4441615680115,9.10760226263288,16.1253246644093));
#2194=CARTESIAN_POINT('',(-18.4531585344344,9.02946812744571,16.1150172986351));
#2195=CARTESIAN_POINT('',(-18.6188380540406,9.18836106714717,15.802070933892));
#2196=CARTESIAN_POINT('',(-18.6809203229345,9.1714366901743,15.8503471165229));
#2197=CARTESIAN_POINT('',(-18.6890874491011,9.09198986011928,15.8406964988563));
#2198=CARTESIAN_POINT('',(-18.7354567277302,9.2177936483496,15.6627088011858));
#2199=CARTESIAN_POINT('',(-18.7981475344778,9.20117804644795,15.7111054952885));
#2200=CARTESIAN_POINT('',(-18.8059397690936,9.12117427032756,15.7017681985088));
#2201=CARTESIAN_POINT('',(-18.9664370775284,9.27233370734356,15.3804427823519));
#2202=CARTESIAN_POINT('',(-19.030448366757,9.25635808624643,15.4288605496878));
#2203=CARTESIAN_POINT('',(-19.0373775976659,9.17526618966065,15.4202929419076));
#2204=CARTESIAN_POINT('',(-19.0807427431904,9.29746910918681,15.2375495849427));
#2205=CARTESIAN_POINT('',(-19.1454296588436,9.28181522800861,15.2859369376012));
#2206=CARTESIAN_POINT('',(-19.151958569412,9.20019938369786,15.2777504504461));
#2207=CARTESIAN_POINT('',(-19.3068173995691,9.34409824548044,14.9482853393538));
#2208=CARTESIAN_POINT('',(-19.3728992188616,9.32913561933313,14.9966052871158));
#2209=CARTESIAN_POINT('',(-19.3786848708212,9.24645525297846,14.9891140102893));
#2210=CARTESIAN_POINT('',(-19.4183757735513,9.3655349146065,14.8022174381743));
#2211=CARTESIAN_POINT('',(-19.4851085899565,9.35090248369931,14.850520814237));
#2212=CARTESIAN_POINT('',(-19.4905815132677,9.26772206274889,14.8433331628715));
#2213=CARTESIAN_POINT('',(-19.6381877315195,9.4047708432145,14.5078425281446));
#2214=CARTESIAN_POINT('',(-19.7062212360853,9.39074313134532,14.5558857394528));
#2215=CARTESIAN_POINT('',(-19.7109959403262,9.30666729285536,14.5494076153669));
#2216=CARTESIAN_POINT('',(-19.7464790854114,9.42258902811608,14.3594618828381));
#2217=CARTESIAN_POINT('',(-19.8150673357885,9.40881622637019,14.4073901391206));
#2218=CARTESIAN_POINT('',(-19.8195815759166,9.32436427750844,14.4011766457889));
#2219=CARTESIAN_POINT('',(-20.0665301912821,9.47146273549137,13.9107551309332));
#2220=CARTESIAN_POINT('',(-20.1372883133803,9.45844120736303,13.9573044916643));
#2221=CARTESIAN_POINT('',(-20.1404290479184,9.37293326437637,13.9527214928022));
#2222=CARTESIAN_POINT('',(-20.2735716810105,9.49780286531076,13.6068800834278));
#2223=CARTESIAN_POINT('',(-20.3449411382438,9.48493532542929,13.6529778408555));
#2224=CARTESIAN_POINT('',(-20.3477891722976,9.39915771908321,13.6487289702774));
#2225=CARTESIAN_POINT('',(-20.5740343294305,9.52941767884425,13.1435153384486));
#2226=CARTESIAN_POINT('',(-20.6465588005797,9.51694916817943,13.1889017394443));
#2227=CARTESIAN_POINT('',(-20.6488936465939,9.43060026886181,13.1852399949915));
#2228=CARTESIAN_POINT('',(-20.6725505239784,9.53852933680966,12.9877957831592));
#2229=CARTESIAN_POINT('',(-20.7455192326446,9.52619224774434,13.0328157020024));
#2230=CARTESIAN_POINT('',(-20.7476096095559,9.43966003483799,13.029486662092));
#2231=CARTESIAN_POINT('',(-20.8661749180551,9.55431906327052,12.6740274199442));
#2232=CARTESIAN_POINT('',(-20.9400400969362,9.54222656440198,12.7182202443429));
#2233=CARTESIAN_POINT('',(-20.9417010804917,9.45536599899581,12.7154801525806));
#2234=CARTESIAN_POINT('',(-20.9612917580551,9.56111057429282,12.5159295126817));
#2235=CARTESIAN_POINT('',(-21.0356295128089,9.54914146962389,12.5596493813515));
#2236=CARTESIAN_POINT('',(-21.0371133157988,9.46212274925638,12.5571638094271));
#2237=CARTESIAN_POINT('',(-21.1479440001531,9.57273914237714,12.19738048683));
#2238=CARTESIAN_POINT('',(-21.2232639276505,9.56109956764544,12.2402902806173));
#2239=CARTESIAN_POINT('',(-21.2243671904611,9.47366623872437,12.2383713949456));
#2240=CARTESIAN_POINT('',(-21.2394582319747,9.57742431898892,12.036971324391));
#2241=CARTESIAN_POINT('',(-21.3152894262749,9.56598517566677,12.0795195858885));
#2242=CARTESIAN_POINT('',(-21.3161440650794,9.47830149622965,12.0780098078824));
#2243=CARTESIAN_POINT('',(-21.4187869467738,9.58382848042349,11.7144986309255));
#2244=CARTESIAN_POINT('',(-21.495556777718,9.57269818975547,11.7561920795459));
#2245=CARTESIAN_POINT('',(-21.4960134932255,9.48463780005667,11.7553494308783));
#2246=CARTESIAN_POINT('',(-21.5065513947897,9.58581316040447,11.5526069140965));
#2247=CARTESIAN_POINT('',(-21.5835468405504,9.57475370378335,11.5940913866975));
#2248=CARTESIAN_POINT('',(-21.5841032840414,9.48660902353359,11.5930550588829));
#2249=CARTESIAN_POINT('',(-21.5926515771153,9.58798762158925,11.3901265014319));
#2250=CARTESIAN_POINT('',(-21.6698450510555,9.57675899826841,11.4307549058009));
#2251=CARTESIAN_POINT('',(-21.6703375325755,9.48881316222181,11.4298226900456));
#2252=CARTESIAN_POINT('',(-13.9128234453831,9.10842879505819,16.5225099404012));
#2253=CARTESIAN_POINT('',(-16.2766039663173,8.21920845805923,18.1776468798326));
#2254=CARTESIAN_POINT('',(-13.9170044212037,9.20066325843336,16.5609198767078));
#2255=CARTESIAN_POINT('',(-13.8716221323,9.17989211080845,16.6157379292723));
#2256=CARTESIAN_POINT('',(-13.855465801748,9.10842879505819,16.60442514483));
#2257=CARTESIAN_POINT('',(-14.1155748099578,9.13336088807633,16.7009195886772));
#2258=CARTESIAN_POINT('',(-14.069876027824,9.1124377869309,16.754556801303));
#2259=CARTESIAN_POINT('',(-14.0542017004763,9.04147012065534,16.7435815192325));
#2260=CARTESIAN_POINT('',(-14.3137341054821,9.06438772315927,16.8407038065965));
#2261=CARTESIAN_POINT('',(-14.2682735297698,9.04313236867823,16.8934762278218));
#2262=CARTESIAN_POINT('',(-14.2525486797652,8.97287737190277,16.8824655693117));
#2263=CARTESIAN_POINT('',(-14.7091468258973,8.92289008810218,17.1197609276208));
#2264=CARTESIAN_POINT('',(-14.6643553193105,8.90088913168957,17.1708156826065));
#2265=CARTESIAN_POINT('',(-14.6484135990613,8.83220507668653,17.1596531699156));
#2266=CARTESIAN_POINT('',(-14.9064012035543,8.85031420684868,17.2591265222098));
#2267=CARTESIAN_POINT('',(-14.8619607455399,8.82793599892759,17.3091804916433));
#2268=CARTESIAN_POINT('',(-14.8459318198974,8.76011848326798,17.2979569170788));
#2269=CARTESIAN_POINT('',(-15.2015944178507,8.73853631784522,17.4675610022709));
#2270=CARTESIAN_POINT('',(-15.158204934534,8.71543457406018,17.5166129059274));
#2271=CARTESIAN_POINT('',(-15.1415042601504,8.64905168868105,17.504918967831));
#2272=CARTESIAN_POINT('',(-15.2998713534681,8.70084598900851,17.5369073943537));
#2273=CARTESIAN_POINT('',(-15.2566747079259,8.67757840612132,17.5855621835425));
#2274=CARTESIAN_POINT('',(-15.2399086000245,8.61157994916969,17.5738224284034));
#2275=CARTESIAN_POINT('',(-15.4962715587344,8.6246882061608,17.6754004364947));
#2276=CARTESIAN_POINT('',(-15.4533641379162,8.60114635152247,17.7232856051077));
#2277=CARTESIAN_POINT('',(-15.4365055539304,8.53584214680282,17.7114810975174));
#2278=CARTESIAN_POINT('',(-15.5943915666776,8.58622019662142,17.7445556784674));
#2279=CARTESIAN_POINT('',(-15.5516135638988,8.56255796492789,17.7920805938054));
#2280=CARTESIAN_POINT('',(-15.5346989869443,8.4975791564926,17.7802368795164));
#2281=CARTESIAN_POINT('',(-15.7904027334638,8.50813212691638,17.8827805531359));
#2282=CARTESIAN_POINT('',(-15.7478836460981,8.48422240911519,17.9295103848867));
#2283=CARTESIAN_POINT('',(-15.7307977047656,8.41997214182167,17.9175466799681));
#2284=CARTESIAN_POINT('',(-15.8883060130211,8.46839177038652,17.9518815133003));
#2285=CARTESIAN_POINT('',(-15.845875534448,8.44437269949426,17.9981250437927));
#2286=CARTESIAN_POINT('',(-15.8286783807149,8.38053579339155,17.9860834671129));
#2287=CARTESIAN_POINT('',(-16.0834713334874,8.38764383663673,18.0897722759018));
#2288=CARTESIAN_POINT('',(-16.0414027313592,8.36332133238783,18.1350346609947));
#2289=CARTESIAN_POINT('',(-16.0240938283298,8.30036538132222,18.1229148366155));
#2290=CARTESIAN_POINT('',(-16.1807749818365,8.34668618334427,18.1585510469827));
#2291=CARTESIAN_POINT('',(-16.1389705276901,8.32218197756029,18.2033523674724));
#2292=CARTESIAN_POINT('',(-16.1216391010868,8.25967170287416,18.1912167719166));
#2293=CARTESIAN_POINT('',(-16.2780053065471,8.3061145473181,18.2270975410545));
#2294=CARTESIAN_POINT('',(-16.2365504462353,8.28141583380678,18.2716785620155));
#2295=CARTESIAN_POINT('',(-16.2192463226822,8.21920845805923,18.2595620842615));
#2296=CARTESIAN_POINT('',(-13.9128234453831,9.10842879505819,16.5225099404011));
#2297=CARTESIAN_POINT('',(-13.9128234453831,9.10842879505819,16.5225099404012));
#2298=CARTESIAN_POINT('',(-13.9128234453831,8.42174345012836,16.5225099404011));
#2299=CARTESIAN_POINT('',(-18.9599892386935,9.20003429989971,10.1374948752643));
#2300=CARTESIAN_POINT('',(-18.960782129366,9.11289006651307,10.1360119443478));
#2301=CARTESIAN_POINT('',(-19.037033651032,9.10098957079073,10.1765215582369));
#2302=CARTESIAN_POINT('',(-18.8791282546008,9.19670965366056,10.2887278981959));
#2303=CARTESIAN_POINT('',(-18.8800772769373,9.10965896201516,10.286981392031));
#2304=CARTESIAN_POINT('',(-18.9559001650782,9.0976836848236,10.3280872717378));
#2305=CARTESIAN_POINT('',(-18.7963302544089,9.19267500309686,10.4392256031272));
#2306=CARTESIAN_POINT('',(-18.7971937149089,9.10550081033398,10.4376756662798));
#2307=CARTESIAN_POINT('',(-18.8728746936357,9.09362848135567,10.4793232232872));
#2308=CARTESIAN_POINT('',(-18.6695213648619,9.18827341421181,10.6633173362807));
#2309=CARTESIAN_POINT('',(-18.6701561066074,9.10094495498712,10.6622076856053));
#2310=CARTESIAN_POINT('',(-18.7454029138104,9.08919369909648,10.7049604543379));
#2311=CARTESIAN_POINT('',(-18.6268157279159,9.18713466180151,10.7377415862304));
#2312=CARTESIAN_POINT('',(-18.6273015409218,9.09975914165809,10.7369004359849));
#2313=CARTESIAN_POINT('',(-18.7023892985409,9.08804356960368,10.7800293362293));
#2314=CARTESIAN_POINT('',(-18.5405324114304,9.18561168047636,10.8860469137514));
#2315=CARTESIAN_POINT('',(-18.5408182775195,9.0982098729978,10.8855616886767));
#2316=CARTESIAN_POINT('',(-18.615553622839,9.08651305451,10.9293486444287));
#2317=CARTESIAN_POINT('',(-18.4969556292039,9.18515209934033,10.9599263848958));
#2318=CARTESIAN_POINT('',(-18.4971980983461,9.09776504175016,10.9595174048587));
#2319=CARTESIAN_POINT('',(-18.5717254637543,9.0860552909229,11.0036239373119));
#2320=CARTESIAN_POINT('',(-18.408939866797,9.18427308176675,11.1071277918352));
#2321=CARTESIAN_POINT('',(-18.4091711205477,9.09696089277042,11.1067444957197));
#2322=CARTESIAN_POINT('',(-18.4832704571371,9.08518755531844,11.1514035077915));
#2323=CARTESIAN_POINT('',(-18.3645008840447,9.18385386355417,11.1804497322997));
#2324=CARTESIAN_POINT('',(-18.3647845116061,9.09660198099934,11.179982778679));
#2325=CARTESIAN_POINT('',(-18.4386437154148,9.08477778546125,11.2249078057869));
#2326=CARTESIAN_POINT('',(-18.27476888824,9.18249670714036,11.3265251436395));
#2327=CARTESIAN_POINT('',(-18.2752397868587,9.09540750727241,11.3257637940997));
#2328=CARTESIAN_POINT('',(-18.348611362751,9.0834485591909,11.3711400808342));
#2329=CARTESIAN_POINT('',(-18.2294765068078,9.18151100341733,11.3992776369122));
#2330=CARTESIAN_POINT('',(-18.2300899721808,9.09452484646052,11.3982954384054));
#2331=CARTESIAN_POINT('',(-18.3031977530488,9.08248169317836,11.443882679842));
#2332=CARTESIAN_POINT('',(-18.0923219866393,9.17761293815833,11.6166800611103));
#2333=CARTESIAN_POINT('',(-18.0933362778132,9.09095240331186,11.6150918864469));
#2334=CARTESIAN_POINT('',(-18.1655723501672,9.07864399666727,11.6613992548893));
#2335=CARTESIAN_POINT('',(-17.9991816854405,9.17383893999319,11.7604767297168));
#2336=CARTESIAN_POINT('',(-18.0003905745213,9.08742785850705,11.7586252388188));
#2337=CARTESIAN_POINT('',(-18.0720488308552,9.07491774867536,11.8053216121876));
#2338=CARTESIAN_POINT('',(-17.7146390944089,9.16006890552837,12.1884768219605));
#2339=CARTESIAN_POINT('',(-17.716656121291,9.07435392175415,12.1855088926494));
#2340=CARTESIAN_POINT('',(-17.7863375042166,9.06128474306168,12.2338412722586));
#2341=CARTESIAN_POINT('',(-17.518121274466,9.14734097400656,12.469286080103));
#2342=CARTESIAN_POINT('',(-17.5207963146863,9.06212869871884,12.4655360026548));
#2343=CARTESIAN_POINT('',(-17.5891744923727,9.04866596336141,12.5147852509952));
#2344=CARTESIAN_POINT('',(-17.2131016844951,9.12108100877251,12.8836545057359));
#2345=CARTESIAN_POINT('',(-17.216039276238,9.03678935821583,12.8797215566423));
#2346=CARTESIAN_POINT('',(-17.2829943777279,9.02264424158062,12.9291832177197));
#2347=CARTESIAN_POINT('',(-17.1097399819574,9.1111942427155,13.0206038911746));
#2348=CARTESIAN_POINT('',(-17.1129430010424,9.02724933979542,13.0163935662247));
#2349=CARTESIAN_POINT('',(-17.1792365576302,9.01284592185466,13.0661180034274));
#2350=CARTESIAN_POINT('',(-16.9001843687394,9.08902525708438,13.2914670525922));
#2351=CARTESIAN_POINT('',(-16.903912962864,9.00578801538594,13.2867176258054));
#2352=CARTESIAN_POINT('',(-16.9689181121911,8.99087200236209,13.3368876632882));
#2353=CARTESIAN_POINT('',(-16.7939230907617,9.0767260690373,13.4254735017342));
#2354=CARTESIAN_POINT('',(-16.7979499867498,8.99386616224985,13.4204349212423));
#2355=CARTESIAN_POINT('',(-16.8622825206465,8.97868039183295,13.4708148666455));
#2356=CARTESIAN_POINT('',(-16.4707396921906,9.03588547908121,13.8232223388847));
#2357=CARTESIAN_POINT('',(-16.476197359017,8.95426715137484,13.8166697845569));
#2358=CARTESIAN_POINT('',(-16.5379845899955,8.93819712112035,13.8682411011188));
#2359=CARTESIAN_POINT('',(-16.2494211509189,9.00337631243374,14.082693711033));
#2360=CARTESIAN_POINT('',(-16.2557508759726,8.9226728034422,14.0754032733835));
#2361=CARTESIAN_POINT('',(-16.3159830269586,8.90597140700947,14.127358873678));
#2362=CARTESIAN_POINT('',(-15.9088437335834,8.94511251595321,14.4633219839254));
#2363=CARTESIAN_POINT('',(-15.9154811551236,8.86576274913431,14.4560115054992));
#2364=CARTESIAN_POINT('',(-15.9743554627765,8.84825195409705,14.5072082403283));
#2365=CARTESIAN_POINT('',(-15.7938840333431,8.92411111397685,14.5887681550462));
#2366=CARTESIAN_POINT('',(-15.8009189221454,8.84530189150194,14.5811514601725));
#2367=CARTESIAN_POINT('',(-15.8590395492264,8.82745181086085,14.6323545659435));
#2368=CARTESIAN_POINT('',(-15.5611221388902,8.87871577930604,14.8367923017107));
#2369=CARTESIAN_POINT('',(-15.5688885951222,8.80103648853012,14.8286365376491));
#2370=CARTESIAN_POINT('',(-15.6255582367305,8.78250808381637,14.8796864274306));
#2371=CARTESIAN_POINT('',(-15.4432266653682,8.85429607565195,14.9594645075589));
#2372=CARTESIAN_POINT('',(-15.4514093798674,8.77723619433457,14.9510167998917));
#2373=CARTESIAN_POINT('',(-15.5073005529362,8.75833941922969,15.0019640890954));
#2374=CARTESIAN_POINT('',(-15.0859724516104,8.77561443413787,15.3224911225378));
#2375=CARTESIAN_POINT('',(-15.0962695574677,8.70065875152685,15.3122910656165));
#2376=CARTESIAN_POINT('',(-15.1489841461421,8.68048832603613,15.363687534418));
#2377=CARTESIAN_POINT('',(-14.843700462349,8.71600303564966,15.5572137791621));
#2378=CARTESIAN_POINT('',(-14.855094411753,8.6425191639669,15.5463673946435));
#2379=CARTESIAN_POINT('',(-14.9060715054479,8.62151131268296,15.5974393305332));
#2380=CARTESIAN_POINT('',(-14.4745813905419,8.61497371580272,15.8985715241684));
#2381=CARTESIAN_POINT('',(-14.4859919117846,8.54345558102053,15.8881724110201));
#2382=CARTESIAN_POINT('',(-14.5358764544651,8.52166088390944,15.9370528257951));
#2383=CARTESIAN_POINT('',(-14.3505864134809,8.57937911311292,16.0105716506241));
#2384=CARTESIAN_POINT('',(-14.362429469243,8.50870498746913,15.999956987416));
#2385=CARTESIAN_POINT('',(-14.4115039773823,8.4865064448701,16.048400178962));
#2386=CARTESIAN_POINT('',(-14.1008258212382,8.50379624218405,16.2309717462723));
#2387=CARTESIAN_POINT('',(-14.1135177742574,8.43478594790466,16.2199345040101));
#2388=CARTESIAN_POINT('',(-14.1611132808678,8.41187812531621,16.2674167000938));
#2389=CARTESIAN_POINT('',(-13.9750716380458,8.46374682787155,16.3393629819338));
#2390=CARTESIAN_POINT('',(-13.988186092269,8.39555331892317,16.3281477147106));
#2391=CARTESIAN_POINT('',(-14.0350849684424,8.37231704891241,16.3751451570752));
#2392=CARTESIAN_POINT('',(-13.8484122390386,8.42174345012835,16.44601682635));
#2393=CARTESIAN_POINT('',(-13.8614529785698,8.35422444152034,16.4350358409992));
#2394=CARTESIAN_POINT('',(-13.9080463193367,8.33080544819712,16.4811885310412));
#2395=CARTESIAN_POINT('',(-21.5819178093803,8.81832106812108,11.3831113150919));
#2396=CARTESIAN_POINT('',(-21.5819178093803,8.81832106812108,11.3831113150919));
#2397=CARTESIAN_POINT('',(-16.2766039663173,8.21920845805923,18.1776468798326));
#2398=CARTESIAN_POINT('',(-16.2766039663173,8.21920845805923,18.1776468798326));
#2399=CARTESIAN_POINT('',(-13.9128234453831,8.42174345012837,16.5225099404011));
#2400=CARTESIAN_POINT('',(-13.9128234453831,10.162554858944,16.5225099404012));
#2401=CARTESIAN_POINT('',(-16.2766039663173,7.42687540842589,18.1776468798326));
#2402=CARTESIAN_POINT('',(-16.3433614940815,7.42687540842598,18.2521011106511));
#2403=CARTESIAN_POINT('',(-16.3881242213218,7.28325772517919,18.2119657285016));
#2404=CARTESIAN_POINT('',(-16.2749856527635,7.34298801924233,18.1232383603047));
#2405=CARTESIAN_POINT('',(-16.4068551431008,7.46242957886782,18.1951711149926));
#2406=CARTESIAN_POINT('',(-16.4505366404284,7.31943104664259,18.1557265133493));
#2407=CARTESIAN_POINT('',(-16.3382895014598,7.3781941284279,18.0670744711607));
#2408=CARTESIAN_POINT('',(-16.4701194877223,7.49755636013673,18.1378516873623));
#2409=CARTESIAN_POINT('',(-16.5128019856412,7.3552338929838,18.0990402762078));
#2410=CARTESIAN_POINT('',(-16.4012437994072,7.41289964776712,18.010649239816));
#2411=CARTESIAN_POINT('',(-16.5964227271913,7.56580728658931,18.0222081414899));
#2412=CARTESIAN_POINT('',(-16.6366938294174,7.42464878008595,17.9850696900819));
#2413=CARTESIAN_POINT('',(-16.5266797249893,7.48016188863485,17.8970945053477));
#2414=CARTESIAN_POINT('',(-16.6594759742156,7.59886106492261,17.9638700079918));
#2415=CARTESIAN_POINT('',(-16.6984986691916,7.45825263207947,17.9276336455482));
#2416=CARTESIAN_POINT('',(-16.5892439423734,7.51270653504645,17.8398582134369));
#2417=CARTESIAN_POINT('',(-16.8482708315968,7.69505531526691,17.7873368346894));
#2418=CARTESIAN_POINT('',(-16.8830510034144,7.55569014564412,17.754318689142));
#2419=CARTESIAN_POINT('',(-16.7767283632887,7.60752228582578,17.6664602622202));
#2420=CARTESIAN_POINT('',(-16.9736226526992,7.75534542684121,17.6676449353533));
#2421=CARTESIAN_POINT('',(-17.0066240181849,7.61739704769149,17.6359016726754));
#2422=CARTESIAN_POINT('',(-16.9013806236688,7.66700560396813,17.5487673943412));
#2423=CARTESIAN_POINT('',(-17.222910423325,7.8697605085014,17.4244715386267));
#2424=CARTESIAN_POINT('',(-17.2523376457212,7.7339965380143,17.3953246101562));
#2425=CARTESIAN_POINT('',(-17.1491105311726,7.77996554143343,17.3094789624095));
#2426=CARTESIAN_POINT('',(-17.3468894399008,7.92367844026675,17.3009501040453));
#2427=CARTESIAN_POINT('',(-17.3748821197609,7.78890097686896,17.2728498341596));
#2428=CARTESIAN_POINT('',(-17.2721440383233,7.83322391998284,17.1878792611227));
#2429=CARTESIAN_POINT('',(-17.5934270568925,8.02497722532578,17.0499669517211));
#2430=CARTESIAN_POINT('',(-17.6183126414991,7.89151809635562,17.0242398437967));
#2431=CARTESIAN_POINT('',(-17.5167254877297,7.93339811622912,16.9405031276753));
#2432=CARTESIAN_POINT('',(-17.7159549926944,8.07250986461698,16.922535389251));
#2433=CARTESIAN_POINT('',(-17.7395047451601,7.93973104049968,16.8978573517659));
#2434=CARTESIAN_POINT('',(-17.6383326878436,7.9804474080739,16.8147783901406));
#2435=CARTESIAN_POINT('',(-17.959298414562,8.16212310829353,16.6638773628711));
#2436=CARTESIAN_POINT('',(-17.9802341315676,8.03080667438589,16.6412740203454));
#2437=CARTESIAN_POINT('',(-17.8799813078697,8.06911695921207,16.5596073511562));
#2438=CARTESIAN_POINT('',(-18.0801202750234,8.20417222437627,16.5326446556926));
#2439=CARTESIAN_POINT('',(-18.0998142521276,8.07367101014567,16.5110905509449));
#2440=CARTESIAN_POINT('',(-18.0000225945502,8.11071805869168,16.4301310956476));
#2441=CARTESIAN_POINT('',(-18.3199069100028,8.28318597205467,16.2663895343111));
#2442=CARTESIAN_POINT('',(-18.3372965762978,8.1543255742699,16.2467699432849));
#2443=CARTESIAN_POINT('',(-18.2383541615483,8.18889261272594,16.1673790106086));
#2444=CARTESIAN_POINT('',(-18.4388684563052,8.32016899168997,16.1313712422408));
#2445=CARTESIAN_POINT('',(-18.4552127956262,8.19218410112822,16.1126769541154));
#2446=CARTESIAN_POINT('',(-18.3566270627037,8.2254807827819,16.0341203105464));
#2447=CARTESIAN_POINT('',(-18.7928180180562,8.42368628205996,15.7205644715111));
#2448=CARTESIAN_POINT('',(-18.8043110362763,8.29754198928808,15.7066823529556));
#2449=CARTESIAN_POINT('',(-18.7084991984859,8.32791130836319,15.6285524480041));
#2450=CARTESIAN_POINT('',(-19.0248746147424,8.48276141100458,15.4390168564388));
#2451=CARTESIAN_POINT('',(-19.0351587899658,8.35836327605058,15.4263607160254));
#2452=CARTESIAN_POINT('',(-18.9392237608495,8.38639875254707,15.3504124289836));
#2453=CARTESIAN_POINT('',(-19.3093307437568,8.54604617329466,15.0775179877354));
#2454=CARTESIAN_POINT('',(-19.3193301852156,8.42359673882842,15.0647078912345));
#2455=CARTESIAN_POINT('',(-19.2221079305848,8.44910397438092,14.9929112168464));
#2456=CARTESIAN_POINT('',(-19.3659592385486,8.55818782003559,15.0047155655482));
#2457=CARTESIAN_POINT('',(-19.3756092772179,8.43604873050643,14.9922591588703));
#2458=CARTESIAN_POINT('',(-19.278429995288,8.46113763191771,14.9208927591549));
#2459=CARTESIAN_POINT('',(-19.478342728345,8.58144313216339,14.8585423524618));
#2460=CARTESIAN_POINT('',(-19.487303786172,8.45990013842165,14.8467922989958));
#2461=CARTESIAN_POINT('',(-19.3902090366315,8.48418851626466,14.776269866758));
#2462=CARTESIAN_POINT('',(-19.5341327000861,8.59256116168455,14.7851277756045));
#2463=CARTESIAN_POINT('',(-19.5427693866206,8.47131013894935,14.7737164740771));
#2464=CARTESIAN_POINT('',(-19.4456996672882,8.49520995505706,14.703623169742));
#2465=CARTESIAN_POINT('',(-19.7002930644685,8.62444218539794,14.5639028153467));
#2466=CARTESIAN_POINT('',(-19.7076999635585,8.50397233741955,14.5538670911691));
#2467=CARTESIAN_POINT('',(-19.6109667017108,8.52681767864081,14.4846773102573));
#2468=CARTESIAN_POINT('',(-19.8094544426666,8.64372308205735,14.4151106660967));
#2469=CARTESIAN_POINT('',(-19.8163299223125,8.52378726762935,14.4056610120888));
#2470=CARTESIAN_POINT('',(-19.7195357693771,8.54593793624447,14.3373758818723));
#2471=CARTESIAN_POINT('',(-20.0245245301757,8.67870307473956,14.1149257457291));
#2472=CARTESIAN_POINT('',(-20.03030985786,8.55969943474053,14.1067048078675));
#2473=CARTESIAN_POINT('',(-19.9334463321594,8.5806392115112,14.0400686466972));
#2474=CARTESIAN_POINT('',(-20.1304323982189,8.69441905455199,13.9635340880021));
#2475=CARTESIAN_POINT('',(-20.1357983734244,8.57585273744872,13.9557979054091));
#2476=CARTESIAN_POINT('',(-20.0387915617062,8.5962376797398,13.8900560293706));
#2477=CARTESIAN_POINT('',(-20.3389572640459,8.72278789056747,13.6581758389469));
#2478=CARTESIAN_POINT('',(-20.3434221321913,8.60496810140937,13.6515165062624));
#2479=CARTESIAN_POINT('',(-20.2461880269746,8.62440224090117,13.587386524253));
#2480=CARTESIAN_POINT('',(-20.4415758520686,8.73540891208916,13.5042071510725));
#2481=CARTESIAN_POINT('',(-20.4456459713493,8.61792882552627,13.4980456607641));
#2482=CARTESIAN_POINT('',(-20.3482312421828,8.63693415919384,13.4347497404934));
#2483=CARTESIAN_POINT('',(-20.6435041426854,8.75759725362091,13.1936833721881));
#2484=CARTESIAN_POINT('',(-20.64675769776,8.64075976327946,13.1885829188795));
#2485=CARTESIAN_POINT('',(-20.5490460904917,8.65896095589884,13.1268739379913));
#2486=CARTESIAN_POINT('',(-20.7428143249596,8.76715084812221,13.0371272353346));
#2487=CARTESIAN_POINT('',(-20.7457342993458,8.65064013277762,13.0324818762483));
#2488=CARTESIAN_POINT('',(-20.6478379703697,8.66844343224788,12.9716107730615));
#2489=CARTESIAN_POINT('',(-20.938077306756,8.78380334955875,12.7214552079536));
#2490=CARTESIAN_POINT('',(-20.9403711192899,8.66785682106687,12.7176719220086));
#2491=CARTESIAN_POINT('',(-20.8421062213228,8.68497833559289,12.6583957973038));
#2492=CARTESIAN_POINT('',(-21.0340435271975,8.79098102999403,12.5623114505181));
#2493=CARTESIAN_POINT('',(-21.0361038916124,8.67526458666099,12.5588606077418));
#2494=CARTESIAN_POINT('',(-20.937576579386,8.69211082070411,12.5004145708187));
#2495=CARTESIAN_POINT('',(-21.2221716348715,8.80281849222109,12.2421856282487));
#2496=CARTESIAN_POINT('',(-21.2236321945554,8.6875523176166,12.2396452670916));
#2497=CARTESIAN_POINT('',(-21.1246779702818,8.70385928388275,12.1827527043326));
#2498=CARTESIAN_POINT('',(-21.3143902307329,8.80733658315994,12.0811137866277));
#2499=CARTESIAN_POINT('',(-21.3154998148916,8.69235346070994,12.0791558530925));
#2500=CARTESIAN_POINT('',(-21.2163961350641,8.70832837909954,12.02302648554));
#2501=CARTESIAN_POINT('',(-21.4951375311001,8.81397986872519,11.7569623270428));
#2502=CARTESIAN_POINT('',(-21.4957957144704,8.69951967146418,11.755750038827));
#2503=CARTESIAN_POINT('',(-21.396324897976,8.71489478600601,11.7012335490377));
#2504=CARTESIAN_POINT('',(-21.5836645872481,8.81625827219525,11.5938854658036));
#2505=CARTESIAN_POINT('',(-21.5844198086523,8.70196549657984,11.5924765357396));
#2506=CARTESIAN_POINT('',(-21.4844537942221,8.71715207554952,11.5391678065535));
#2507=CARTESIAN_POINT('',(-21.6703375325757,8.81832106812107,11.4298226900457));
#2508=CARTESIAN_POINT('',(-21.6709347522625,8.70378403994804,11.4286922159492));
#2509=CARTESIAN_POINT('',(-21.570501144821,8.71924216009713,11.3758291618992));
#2510=CARTESIAN_POINT('',(-16.2766039663173,7.42687540842589,18.1776468798326));
#2511=CARTESIAN_POINT('',(-16.2766039663173,10.162554858944,18.1776468798326));
#2512=CARTESIAN_POINT('',(-13.9128234453831,8.42174345012835,16.5225099404011));
#2513=CARTESIAN_POINT('',(-13.9128234453831,8.42174345012835,16.5225099404011));
#2514=CARTESIAN_POINT('',(-16.2766039663173,7.42687540842589,18.1776468798326));
#2515=CARTESIAN_POINT('',(-16.2766039663173,7.42687540842589,18.1776468798326));
#2516=CARTESIAN_POINT('',(-13.855465801748,8.42174345012835,16.60442514483));
#2517=CARTESIAN_POINT('',(-13.8226312698046,8.28974173387544,16.5814341580497));
#2518=CARTESIAN_POINT('',(-13.9080463193367,8.33080544819712,16.4811885310412));
#2519=CARTESIAN_POINT('',(-14.0548862223098,8.34781836268457,16.7440608265804));
#2520=CARTESIAN_POINT('',(-14.022441007727,8.21417184880061,16.7213424426542));
#2521=CARTESIAN_POINT('',(-14.1076254118605,8.25733936278607,16.6197957234021));
#2522=CARTESIAN_POINT('',(-14.2537615687221,8.27178623620787,16.8833148433023));
#2523=CARTESIAN_POINT('',(-14.2204443858215,8.13679920015261,16.8599859006851));
#2524=CARTESIAN_POINT('',(-14.306768610888,8.18178359939897,16.7580174221574));
#2525=CARTESIAN_POINT('',(-14.6504354900359,8.1155715976736,17.1610689132174));
#2526=CARTESIAN_POINT('',(-14.6150174888816,7.97806051241799,17.1362689618192));
#2527=CARTESIAN_POINT('',(-14.7038859734685,8.02659354853989,17.0336667889514));
#2528=CARTESIAN_POINT('',(-14.848214860778,8.0352192256095,17.2995555195134));
#2529=CARTESIAN_POINT('',(-14.8117964444668,7.89616519793794,17.2740550698825));
#2530=CARTESIAN_POINT('',(-14.9018954397253,7.94683681428588,17.1709836695645));
#2531=CARTESIAN_POINT('',(-15.1438210051425,7.9110779888372,17.5065411701386));
#2532=CARTESIAN_POINT('',(-15.1042356199321,7.77031581046158,17.4788231850114));
#2533=CARTESIAN_POINT('',(-15.197952289672,7.82362436510461,17.3762327033762));
#2534=CARTESIAN_POINT('',(-15.2421878238761,7.86911913643736,17.5754183581256));
#2535=CARTESIAN_POINT('',(-15.2019731335775,7.72759106487032,17.5472597288327));
#2536=CARTESIAN_POINT('',(-15.2964930173996,7.78197038252635,17.4445525816163));
#2537=CARTESIAN_POINT('',(-15.4386275747997,7.78419293003081,17.7129669525263));
#2538=CARTESIAN_POINT('',(-15.3972391220089,7.64124417652718,17.6839864458862));
#2539=CARTESIAN_POINT('',(-15.4932222636404,7.69763101168422,17.5810539325729));
#2540=CARTESIAN_POINT('',(-15.5366974722755,7.74121516209752,17.7816362340103));
#2541=CARTESIAN_POINT('',(-15.4946817819603,7.59762782389998,17.7522165309281));
#2542=CARTESIAN_POINT('',(-15.5913957029517,7.65494397343637,17.6492174882638));
#2543=CARTESIAN_POINT('',(-15.7324470239484,7.65392046667575,17.9187015456928));
#2544=CARTESIAN_POINT('',(-15.689044256259,7.50907031567183,17.888310600578));
#2545=CARTESIAN_POINT('',(-15.7872850381193,7.56828649918962,17.7852026903899));
#2546=CARTESIAN_POINT('',(-15.830124367851,7.60959455809945,17.9870959582058));
#2547=CARTESIAN_POINT('',(-15.7859472452515,7.46412338776277,17.9561628039454));
#2548=CARTESIAN_POINT('',(-15.8849580033371,7.52432169947422,17.8530008867792));
#2549=CARTESIAN_POINT('',(-16.0249287126502,7.51905855122654,18.1234994289102));
#2550=CARTESIAN_POINT('',(-15.9789892564167,7.37213927839341,18.091332275354));
#2551=CARTESIAN_POINT('',(-16.0798861159185,7.43457815634145,17.9881251559522));
#2552=CARTESIAN_POINT('',(-16.1220631479852,7.4728857291015,18.1915136927515));
#2553=CARTESIAN_POINT('',(-16.0754651229807,7.32492174026632,18.158885404373));
#2554=CARTESIAN_POINT('',(-16.1773131804969,7.38877660986769,18.055546376251));
#2555=CARTESIAN_POINT('',(-16.2192463226822,7.42687540842589,18.2595620842615));
#2556=CARTESIAN_POINT('',(-16.1719612948985,7.27803169446276,18.2264527513629));
#2557=CARTESIAN_POINT('',(-16.2749856527636,7.34298801924227,18.1232383603049));
#2558=CARTESIAN_POINT('',(-18.0461495911553,8.949576740783,12.8893798222943));
#2559=CARTESIAN_POINT('',(-18.1269074877096,8.93770584083411,12.9150769252171));
#2560=CARTESIAN_POINT('',(-18.2084951119095,8.92610286022482,12.9380673016677));
#2561=CARTESIAN_POINT('',(-18.3723393688923,8.90311292210568,12.9818656236822));
#2562=CARTESIAN_POINT('',(-18.4546159825207,8.89173241641765,13.002608387998));
#2563=CARTESIAN_POINT('',(-18.5369582627882,8.88037311450978,13.0231369354786));
#2564=CARTESIAN_POINT('',(-18.0461495911553,8.94957674078299,12.8893798222944));
#2565=CARTESIAN_POINT('',(-18.5369582627883,8.88037311450979,13.0231369354785));
#2566=CARTESIAN_POINT('',(-18.0530996307905,8.9501075123406,12.8797628401704));
#2567=CARTESIAN_POINT('',(-18.018221075863,8.94744385200228,12.9280253619477));
#2568=CARTESIAN_POINT('',(-17.9833425209355,8.94478019166395,12.9762878837251));
#2569=CARTESIAN_POINT('',(-17.948463966008,8.94211653132562,13.0245504055024));
#2570=CARTESIAN_POINT('',(-18.0530996307905,8.9501075123406,12.8797628401704));
#2571=CARTESIAN_POINT('',(-19.3341326865499,8.76548319681254,13.2593508919036));
#2572=CARTESIAN_POINT('',(-18.9071216679635,8.82702463532189,13.1328215413259));
#2573=CARTESIAN_POINT('',(-18.480110649377,8.88856607383125,13.0062921907482));
#2574=CARTESIAN_POINT('',(-18.0530996307905,8.9501075123406,12.8797628401704));
#2575=CARTESIAN_POINT('',(-18.5340068329904,8.80547902387002,13.5961635387877));
#2576=CARTESIAN_POINT('',(-19.6254848036494,8.73842260929294,13.2319264072362));
#2577=CARTESIAN_POINT('',(-19.2233565082583,8.818301338817,12.9457232929703));
#2578=CARTESIAN_POINT('',(-18.8212282128672,8.89818006834106,12.6595201787044));
#2579=CARTESIAN_POINT('',(-18.4190999174761,8.97805879786511,12.3733170644385));
#2580=CARTESIAN_POINT('',(-19.6254848036494,8.73842260929294,13.2319264072362));
#2581=CARTESIAN_POINT('',(-18.7085915222982,8.92055421073184,12.5793542913721));
#2582=CARTESIAN_POINT('',(-18.7085915222981,8.92055421073113,12.5793542913721));
#2583=CARTESIAN_POINT('',(-18.6121132706932,8.93913439866232,12.5106887028404));
#2584=CARTESIAN_POINT('',(-18.5156164352166,8.95757190665881,12.4420098877788));
#2585=CARTESIAN_POINT('',(-18.4190999174761,8.97585830167985,12.3733170644385));
#2586=CARTESIAN_POINT('',(-18.4190999174761,8.97585830167985,12.3733170644385));
#2587=CARTESIAN_POINT('',(-18.4190999174761,8.47805879786511,12.3733170644385));
#2588=CARTESIAN_POINT('',(-18.4190999174761,8.92523919653114,12.3733170644385));
#2589=CARTESIAN_POINT('',(-19.6254848036494,8.68836827247206,13.2319264072362));
#2590=CARTESIAN_POINT('',(-19.2237563526975,8.77039319362254,12.9460078706163));
#2591=CARTESIAN_POINT('',(-18.8215753176886,8.84894550512481,12.659767220462));
#2592=CARTESIAN_POINT('',(-18.4190999174761,8.92523919653114,12.3733170644385));
#2593=CARTESIAN_POINT('',(-19.6254848036494,8.68836827247206,13.2319264072362));
#2594=CARTESIAN_POINT('',(-19.6254848036494,8.23842260929294,13.2319264072362));
#2595=CARTESIAN_POINT('',(-19.6254848036494,8.23842260929294,13.2319264072362));
#2596=CARTESIAN_POINT('',(-18.4190999174761,8.97585830167985,12.3733170644385));
#2597=CARTESIAN_POINT('',(-18.3817482046036,8.97384047880359,12.425001770404));
#2598=CARTESIAN_POINT('',(-18.3443992861976,8.97166369381853,12.4766826095809));
#2599=CARTESIAN_POINT('',(-18.3070544309386,8.96930474470866,12.5283578264571));
#2600=CARTESIAN_POINT('',(-18.3070544309386,8.96930474470866,12.5283578264571));
#2601=CARTESIAN_POINT('',(-18.3070544309386,8.46950193192847,12.5283578264571));
#2602=CARTESIAN_POINT('',(-18.3070544309386,8.91865486232951,12.5283578264571));
#2603=CARTESIAN_POINT('',(-18.4190999174761,8.92523919653114,12.3733170644385));
#2604=CARTESIAN_POINT('',(-18.3817481766716,8.92321177086896,12.4250018090544));
#2605=CARTESIAN_POINT('',(-18.3443992545057,8.92102477113089,12.4766826534339));
#2606=CARTESIAN_POINT('',(-18.3070544309386,8.91865486232951,12.5283578264571));
#2607=CARTESIAN_POINT('',(-18.4190999174761,8.47805879786511,12.3733170644385));
#2608=CARTESIAN_POINT('',(-18.3070544309386,8.96930474470866,12.5283578264571));
#2609=CARTESIAN_POINT('',(-18.3188589973799,8.96702810623462,12.5367593831662));
#2610=CARTESIAN_POINT('',(-18.3306632428903,8.96474903740454,12.5451607114619));
#2611=CARTESIAN_POINT('',(-18.342467168861,8.96246754875564,12.5535618123348));
#2612=CARTESIAN_POINT('',(-18.3424671688606,8.96246754875561,12.5535618123354));
#2613=CARTESIAN_POINT('',(-18.3070544309386,8.96950193192847,12.5283578264571));
#2614=CARTESIAN_POINT('',(-18.6494138494757,8.90149568688982,12.7720221816059));
#2615=CARTESIAN_POINT('',(-18.9917732680128,8.83348944185118,13.0156865367548));
#2616=CARTESIAN_POINT('',(-19.3341326865499,8.76548319681254,13.2593508919036));
#2617=CARTESIAN_POINT('',(-19.2541795164824,8.78136508754148,13.2024465493566));
#2618=CARTESIAN_POINT('',(-19.2541795164822,8.78136508754054,13.2024465493565));
#2619=CARTESIAN_POINT('',(-19.2808325675834,8.77591740907641,13.2214160830036));
#2620=CARTESIAN_POINT('',(-19.3074836464295,8.77045479505902,13.2403842129554));
#2621=CARTESIAN_POINT('',(-19.33413268655,8.76497674211877,13.2593508919036));
#2622=CARTESIAN_POINT('',(-19.33413268655,8.76497674211877,13.2593508919036));
#2623=CARTESIAN_POINT('',(-19.3341326865499,8.26548319681254,13.2593508919036));
#2624=CARTESIAN_POINT('',(-19.3341326865499,8.71419247261274,13.2593508919036));
#2625=CARTESIAN_POINT('',(-18.3070544309386,8.91865486232951,12.5283578264571));
#2626=CARTESIAN_POINT('',(-18.6496829920009,8.85253756348033,12.7722137359675));
#2627=CARTESIAN_POINT('',(-18.99206643258,8.78456522885636,13.0158951881058));
#2628=CARTESIAN_POINT('',(-19.33413268655,8.71419247261274,13.2593508919036));
#2629=CARTESIAN_POINT('',(-18.3070544309386,8.46950193192847,12.5283578264571));
#2630=CARTESIAN_POINT('',(-19.33413268655,8.76497674211877,13.2593508919036));
#2631=CARTESIAN_POINT('',(-19.0684201958846,8.80353464669797,13.1806165562053));
#2632=CARTESIAN_POINT('',(-18.8026895638754,8.84195648275924,13.1018768449685));
#2633=CARTESIAN_POINT('',(-18.5369582627883,8.88037311450979,13.0231369354785));
#2634=CARTESIAN_POINT('',(-18.0530996307905,8.4501075123406,12.8797628401704));
#2635=CARTESIAN_POINT('',(-18.0530996307905,8.89945460506617,12.8797628401704));
#2636=CARTESIAN_POINT('',(-19.3341326865499,8.71419247261274,13.2593508919036));
#2637=CARTESIAN_POINT('',(-18.9071517754456,8.77617255845469,13.1328304625949));
#2638=CARTESIAN_POINT('',(-18.4801479480555,8.83798176775738,13.0063032428694));
#2639=CARTESIAN_POINT('',(-18.0530996307905,8.89945460506617,12.8797628401704));
#2640=CARTESIAN_POINT('',(-19.3341326865499,8.26548319681254,13.2593508919036));
#2641=CARTESIAN_POINT('',(-18.0461495911553,8.94957674078299,12.8893798222944));
#2642=CARTESIAN_POINT('',(-18.0135825149993,8.94668109340062,12.9344438802942));
#2643=CARTESIAN_POINT('',(-17.9810203579577,8.94361945817185,12.9795011315652));
#2644=CARTESIAN_POINT('',(-17.948463966008,8.94039256996851,13.0245504055024));
#2645=CARTESIAN_POINT('',(-17.948463966008,8.94039256996851,13.0245504055024));
#2646=CARTESIAN_POINT('',(-17.948463966008,8.44211653132562,13.0245504055024));
#2647=CARTESIAN_POINT('',(-17.948463966008,8.88961215277252,13.0245504055024));
#2648=CARTESIAN_POINT('',(-18.0530996307905,8.89945460506617,12.8797628401704));
#2649=CARTESIAN_POINT('',(-18.0182150994944,8.89636453498093,12.9280336316315));
#2650=CARTESIAN_POINT('',(-17.983336196151,8.89308340798551,12.9762966355226));
#2651=CARTESIAN_POINT('',(-17.948463966008,8.88961215277252,13.0245504055024));
#2652=CARTESIAN_POINT('',(-18.0530996307905,8.4501075123406,12.8797628401704));
#2653=CARTESIAN_POINT('',(-17.948463966008,8.94039256996851,13.0245504055024));
#2654=CARTESIAN_POINT('',(-18.2007783743085,8.86271450234518,13.3828206182658));
#2655=CARTESIAN_POINT('',(-18.4523887652779,8.77870322255783,13.7400911717523));
#2656=CARTESIAN_POINT('',(-18.7031821544045,8.68734234244727,14.0962016352303));
#2657=CARTESIAN_POINT('',(-18.7031821544041,8.68734234244742,14.0962016352297));
#2658=CARTESIAN_POINT('',(-18.7031821544041,8.22205064404423,14.0962016352297));
#2659=CARTESIAN_POINT('',(-18.7031821544041,8.63622736219698,14.0962016352297));
#2660=CARTESIAN_POINT('',(-17.948463966008,8.88961215277252,13.0245504055024));
#2661=CARTESIAN_POINT('',(-18.2007815080893,8.81184190827637,13.3828250680328));
#2662=CARTESIAN_POINT('',(-18.452393436059,8.72773246845374,13.7400978039607));
#2663=CARTESIAN_POINT('',(-18.7031821544046,8.63622736219854,14.0962016352303));
#2664=CARTESIAN_POINT('',(-17.948463966008,8.44211653132562,13.0245504055024));
#2665=CARTESIAN_POINT('',(-18.7031821544041,8.68734234244742,14.0962016352297));
#2666=CARTESIAN_POINT('',(-18.3669493456966,8.76461416899567,13.8568977163725));
#2667=CARTESIAN_POINT('',(-18.030347163166,8.83938158182637,13.6173309064437));
#2668=CARTESIAN_POINT('',(-17.693386465594,8.91171820522033,13.3775089338652));
#2669=CARTESIAN_POINT('',(-17.693386465594,8.91171820522033,13.3775089338652));
#2670=CARTESIAN_POINT('',(-17.693386465594,8.42263637159811,13.3775089338652));
#2671=CARTESIAN_POINT('',(-17.693386465594,8.86081996523292,13.3775089338652));
#2672=CARTESIAN_POINT('',(-18.7031821544043,8.63622736219698,14.09620163523));
#2673=CARTESIAN_POINT('',(-18.3669517584839,8.71358538562602,13.8568994336038));
#2674=CARTESIAN_POINT('',(-18.030348422896,8.78841725852733,13.6173318030199));
#2675=CARTESIAN_POINT('',(-17.693386465594,8.86081996523295,13.3775089338652));
#2676=CARTESIAN_POINT('',(-18.7031821544041,8.22205064404423,14.0962016352297));
#2677=CARTESIAN_POINT('',(-17.693386465594,8.91171820522033,13.3775089338652));
#2678=CARTESIAN_POINT('',(-17.656028007381,8.90702078565538,13.4292029735644));
#2679=CARTESIAN_POINT('',(-17.6186788210821,8.90210253502566,13.4808841834328));
#2680=CARTESIAN_POINT('',(-17.5813409790565,8.89694945176572,13.5325496958838));
#2681=CARTESIAN_POINT('',(-17.5813409790565,8.89694945176572,13.5325496958838));
#2682=CARTESIAN_POINT('',(-17.5813409790565,8.41407950566147,13.5325496958838));
#2683=CARTESIAN_POINT('',(-17.5813409790565,8.84599214707578,13.5325496958838));
#2684=CARTESIAN_POINT('',(-17.693386465594,8.86081996523292,13.3775089338652));
#2685=CARTESIAN_POINT('',(-17.6560279250653,8.85610381651576,13.4292030874672));
#2686=CARTESIAN_POINT('',(-17.6186787319535,8.85116591759138,13.4808843067627));
#2687=CARTESIAN_POINT('',(-17.5813409790565,8.84599214707578,13.5325496958838));
#2688=CARTESIAN_POINT('',(-17.693386465594,8.42263637159811,13.3775089338652));
#2689=CARTESIAN_POINT('',(-17.5813409790565,8.89694945176572,13.5325496958838));
#2690=CARTESIAN_POINT('',(-17.782686941751,8.8528408476774,13.6758518266428));
#2691=CARTESIAN_POINT('',(-17.9838843230902,8.80775309827759,13.8190482089451));
#2692=CARTESIAN_POINT('',(-18.3860187126972,8.71586175113882,14.1052556605918));
#2693=CARTESIAN_POINT('',(-18.5869573564774,8.66906893136207,14.2482678939646));
#2694=CARTESIAN_POINT('',(-18.7877258652298,8.62115492841685,14.3911590386814));
#2695=CARTESIAN_POINT('',(-18.7877258652298,8.62115492841685,14.3911590386814));
#2696=CARTESIAN_POINT('',(-18.7877258652298,8.1744433170893,14.3911590386814));
#2697=CARTESIAN_POINT('',(-18.7877258652298,8.5698988271801,14.3911590386814));
#2698=CARTESIAN_POINT('',(-17.5813409790565,8.84599214707578,13.5325496958838));
#2699=CARTESIAN_POINT('',(-17.7826882255987,8.80184018504861,13.675852740384));
#2700=CARTESIAN_POINT('',(-17.9838864814567,8.7567074428297,13.8190497450997));
#2701=CARTESIAN_POINT('',(-18.386021597764,8.66472123712285,14.1052577139542));
#2702=CARTESIAN_POINT('',(-18.5869594403985,8.61787423919195,14.2482693771348));
#2703=CARTESIAN_POINT('',(-18.7877258652297,8.5698988271801,14.3911590386814));
#2704=CARTESIAN_POINT('',(-17.5813409790565,8.41407950566147,13.5325496958838));
#2705=CARTESIAN_POINT('',(-18.7877258652298,8.62115492841685,14.3911590386814));
#2706=CARTESIAN_POINT('',(-18.8397857002747,8.63115005578508,14.3191222548238));
#2707=CARTESIAN_POINT('',(-18.8918797078691,8.64059658449178,14.2470381853656));
#2708=CARTESIAN_POINT('',(-18.944005742244,8.64952896224636,14.1749097994732));
#2709=CARTESIAN_POINT('',(-18.944005742244,8.64952896224636,14.1749097994732));
#2710=CARTESIAN_POINT('',(-18.944005742244,8.18637834452799,14.1749097994732));
#2711=CARTESIAN_POINT('',(-18.944005742244,8.59839321427957,14.1749097994732));
#2712=CARTESIAN_POINT('',(-18.7877258652298,8.5698988271801,14.3911590386814));
#2713=CARTESIAN_POINT('',(-18.8397853821743,8.57993688880295,14.3191226949889));
#2714=CARTESIAN_POINT('',(-18.8918793974933,8.58942346028241,14.2470386148421));
#2715=CARTESIAN_POINT('',(-18.944005742244,8.59839321427975,14.1749097994732));
#2716=CARTESIAN_POINT('',(-18.7877258652298,8.1744433170893,14.3911590386814));
#2717=CARTESIAN_POINT('',(-18.944005742244,8.64952896224636,14.1749097994732));
#2718=CARTESIAN_POINT('',(-18.8155033120252,8.69653260659289,13.9935183389117));
#2719=CARTESIAN_POINT('',(-18.6867587840179,8.74146625563162,13.8117851379537));
#2720=CARTESIAN_POINT('',(-18.493342374621,8.80630480315594,13.5387624026068));
#2721=CARTESIAN_POINT('',(-18.4288232771909,8.8274897428989,13.4476885349997));
#2722=CARTESIAN_POINT('',(-18.3319759975841,8.85864173224592,13.310980851967));
#2723=CARTESIAN_POINT('',(-18.2997547574969,8.8689207729759,13.2653439896828));
#2724=CARTESIAN_POINT('',(-18.2346858751857,8.88926363584453,13.1744733337226));
#2725=CARTESIAN_POINT('',(-18.2019971992947,8.89932795023273,13.1291251075822));
#2726=CARTESIAN_POINT('',(-18.1682461967146,8.90928776175373,13.0845188937697));
#2727=CARTESIAN_POINT('',(-18.1682461967146,8.90928776175374,13.0845188937697));
#2728=CARTESIAN_POINT('',(-18.1682461967146,8.41111789031123,13.0845188937697));
#2729=CARTESIAN_POINT('',(-18.1682461967146,8.85849918110266,13.0845188937697));
#2730=CARTESIAN_POINT('',(-18.944005742244,8.59839321427957,14.1749097994732));
#2731=CARTESIAN_POINT('',(-18.8155060558366,8.64547320358851,13.993522212021));
#2732=CARTESIAN_POINT('',(-18.686762463334,8.69047077497135,13.8117903316027));
#2733=CARTESIAN_POINT('',(-18.4933455871508,8.75539297101323,13.5387669373497));
#2734=CARTESIAN_POINT('',(-18.4288260502846,8.77660373825408,13.4476924494432));
#2735=CARTESIAN_POINT('',(-18.3319779179722,8.80779347853485,13.3109835627483));
#2736=CARTESIAN_POINT('',(-18.2997563629504,8.81808489575364,13.2653462472341));
#2737=CARTESIAN_POINT('',(-18.2346867620682,8.83845190957678,13.1744745567944));
#2738=CARTESIAN_POINT('',(-18.2019976882587,8.84852803570203,13.12912575381));
#2739=CARTESIAN_POINT('',(-18.1682461967146,8.85849918110267,13.0845188937697));
#2740=CARTESIAN_POINT('',(-18.944005742244,8.18637834452799,14.1749097994732));
#2741=CARTESIAN_POINT('',(-18.7342492525322,8.24731055643693,13.878821733541));
#2742=CARTESIAN_POINT('',(-18.5244927628204,8.30824276834587,13.5827336676088));
#2743=CARTESIAN_POINT('',(-18.2511601566514,8.38764322124055,13.1969028271519));
#2744=CARTESIAN_POINT('',(-18.2021900859061,8.4016582507643,13.1293800316074));
#2745=CARTESIAN_POINT('',(-18.1682461967146,8.41111789031123,13.0845188937697));
#2746=CARTESIAN_POINT('',(-18.1682461967146,8.90928776175374,13.0845188937697));
#2747=CARTESIAN_POINT('',(-18.2212445652122,8.90132441943866,13.102087292633));
#2748=CARTESIAN_POINT('',(-18.2745989843024,8.89347752501949,13.1185588462401));
#2749=CARTESIAN_POINT('',(-18.381380435778,8.87780063513747,13.1512749989648));
#2750=CARTESIAN_POINT('',(-18.4348552097037,8.86998712580363,13.1673729414639));
#2751=CARTESIAN_POINT('',(-18.595212268414,8.84651506293996,13.2158694361394));
#2752=CARTESIAN_POINT('',(-18.7021295200661,8.83086487735322,13.248158057772));
#2753=CARTESIAN_POINT('',(-19.0228957806048,8.78388809822666,13.3449628493594));
#2754=CARTESIAN_POINT('',(-19.2367569805965,8.75251726076406,13.4094172580434));
#2755=CARTESIAN_POINT('',(-19.4505681022211,8.72099530254111,13.4739639896258));
#2756=CARTESIAN_POINT('',(-19.4505681022211,8.72099530254111,13.4739639896258));
#2757=CARTESIAN_POINT('',(-19.4505681022211,8.22506429553614,13.4739639896258));
#2758=CARTESIAN_POINT('',(-19.4505681022211,8.67015182299036,13.4739639896258));
#2759=CARTESIAN_POINT('',(-18.1682461967146,8.85849918110266,13.0845188937697));
#2760=CARTESIAN_POINT('',(-18.22124450458,8.85053313093349,13.1020872725341));
#2761=CARTESIAN_POINT('',(-18.2745989212322,8.84268393440792,13.118558826733));
#2762=CARTESIAN_POINT('',(-18.3813804024144,8.82700268779305,13.151274988926));
#2763=CARTESIAN_POINT('',(-18.4348552145601,8.8191871659729,13.16737294294));
#2764=CARTESIAN_POINT('',(-18.5952124135215,8.79570926483839,13.2158694800091));
#2765=CARTESIAN_POINT('',(-18.7021298154317,8.78005561006651,13.2481581469595));
#2766=CARTESIAN_POINT('',(-19.0228962580382,8.7330664286869,13.3449629933483));
#2767=CARTESIAN_POINT('',(-19.23675715133,8.70168415478323,13.4094173095856));
#2768=CARTESIAN_POINT('',(-19.4505681022211,8.67015182299036,13.4739639896258));
#2769=CARTESIAN_POINT('',(-18.1682461967146,8.41111789031123,13.0845188937697));
#2770=CARTESIAN_POINT('',(-18.2165062686199,8.40393978897293,13.1005165974055));
#2771=CARTESIAN_POINT('',(-18.2896822666639,8.39323265506324,13.1234256926046));
#2772=CARTESIAN_POINT('',(-18.7425149454811,8.32758912873569,13.2605066210286));
#2773=CARTESIAN_POINT('',(-19.0965840566236,8.27633987342314,13.3671009181353));
#2774=CARTESIAN_POINT('',(-19.4505681022211,8.22506429553614,13.4739639896258));
#2775=CARTESIAN_POINT('',(-19.4505681022211,8.72099530254111,13.4739639896258));
#2776=CARTESIAN_POINT('',(-19.4971400714775,8.72624285923484,13.4095209332802));
#2777=CARTESIAN_POINT('',(-19.543724064961,8.73115298096048,13.345061238644));
#2778=CARTESIAN_POINT('',(-19.59031967659,8.73573706356212,13.2805854676253));
#2779=CARTESIAN_POINT('',(-19.5903196765899,8.73573706356214,13.2805854676252));
#2780=CARTESIAN_POINT('',(-19.4505681022211,8.72506429553614,13.4739639896258));
#2781=CARTESIAN_POINT('',(-19.5088736693639,8.72951706678841,13.3932847954959));
#2782=CARTESIAN_POINT('',(-19.5671792365066,8.73396983804068,13.312605601366));
#2783=CARTESIAN_POINT('',(-19.6254848036494,8.73842260929294,13.2319264072362));
#2784=CARTESIAN_POINT('',(-19.4505681022211,8.67015182299036,13.4739639896258));
#2785=CARTESIAN_POINT('',(-19.5088549949621,8.67674662121982,13.3933106358361));
#2786=CARTESIAN_POINT('',(-19.5671608143414,8.68281171159541,13.3126310926787));
#2787=CARTESIAN_POINT('',(-19.6254848036494,8.68836827247206,13.2319264072362));
#2788=CARTESIAN_POINT('',(-19.4505681022211,8.22506429553614,13.4739639896258));
#2789=CARTESIAN_POINT('',(-18.7085915222988,8.9205542107325,12.5793542913603));
#2790=CARTESIAN_POINT('',(-18.5865016328898,8.93440788890105,12.5716904368422));
#2791=CARTESIAN_POINT('',(-18.4645205785002,8.94852542844577,12.56192880761));
#2792=CARTESIAN_POINT('',(-18.3424671688606,8.96246754875562,12.5535618123352));
#2793=CARTESIAN_POINT('',(-19.2541795164817,8.78136508754032,13.2024465493584));
#2794=CARTESIAN_POINT('',(-19.3100395701198,8.77370254070919,13.2160416369951));
#2795=CARTESIAN_POINT('',(-19.3659704175981,8.76606183797086,13.2294135177598));
#2796=CARTESIAN_POINT('',(-19.4780289401025,8.75084824129968,13.2554827841597));
#2797=CARTESIAN_POINT('',(-19.5341608182889,8.74328670258575,13.2680902778047));
#2798=CARTESIAN_POINT('',(-19.5903196765897,8.73573706356201,13.2805854676262));
#2799=CARTESIAN_POINT('',(-18.5340068329904,8.80547902387002,13.5961635387877));
#2800=CARTESIAN_POINT('',(-17.4656021021278,8.8228845622749,13.7275907522552));
#2801=CARTESIAN_POINT('',(-17.5949501277908,8.85416597064277,13.4865299011342));
#2802=CARTESIAN_POINT('',(-17.7238961854268,8.88057976464065,13.2442762080784));
#2803=CARTESIAN_POINT('',(-17.8524551854775,8.90278573084083,13.0010643018078));
#2804=CARTESIAN_POINT('',(-17.9167346855029,8.91388871394092,12.8794583486725));
#2805=CARTESIAN_POINT('',(-17.9809081131207,8.92389504784988,12.7576050578582));
#2806=CARTESIAN_POINT('',(-18.0449876137361,8.93283874206814,12.6354856827555));
#2807=CARTESIAN_POINT('',(-18.1090671143515,8.94178243628641,12.5133663076528));
#2808=CARTESIAN_POINT('',(-18.1730602019825,8.94969165661286,12.3909827984938));
#2809=CARTESIAN_POINT('',(-18.236995105856,8.95677783929862,12.2683899251474));
#2810=CARTESIAN_POINT('',(-17.5904349939324,8.79933705113144,13.7913783266695));
#2811=CARTESIAN_POINT('',(-17.7198371740826,8.83116244660012,13.5504500941169));
#2812=CARTESIAN_POINT('',(-17.8488388314792,8.85808357154386,13.3083223812006));
#2813=CARTESIAN_POINT('',(-17.977448037182,8.88077098874071,13.065245089178));
#2814=CARTESIAN_POINT('',(-18.0417526400334,8.89211469733913,12.9437064431667));
#2815=CARTESIAN_POINT('',(-18.1059499762601,8.90234855365362,12.821919756229));
#2816=CARTESIAN_POINT('',(-18.170054244043,8.91150074171929,12.6998588457945));
#2817=CARTESIAN_POINT('',(-18.234158511826,8.92065292978497,12.57779793536));
#2818=CARTESIAN_POINT('',(-18.2981771184132,8.92875587582505,12.4554660420757));
#2819=CARTESIAN_POINT('',(-18.3621348671418,8.93604183631523,12.3329280688613));
#2820=CARTESIAN_POINT('',(-17.7152444847302,8.77560665162928,13.8551185079178));
#2821=CARTESIAN_POINT('',(-17.8446949042181,8.80799003170978,13.6143217760985));
#2822=CARTESIAN_POINT('',(-17.9737408058504,8.83542867929753,13.372313207992));
#2823=CARTESIAN_POINT('',(-18.1023889048878,8.8586042982412,13.1293521145911));
#2824=CARTESIAN_POINT('',(-18.1667129544066,8.87019210771304,13.0078715678906));
#2825=CARTESIAN_POINT('',(-18.2309294352486,8.88065912028314,12.8861412285259));
#2826=CARTESIAN_POINT('',(-18.2950548768348,8.8900306842702,12.7641320970323));
#2827=CARTESIAN_POINT('',(-18.3591803184211,8.89940224825726,12.6421229655386));
#2828=CARTESIAN_POINT('',(-18.4232215001998,8.90771280796842,12.519838680451));
#2829=CARTESIAN_POINT('',(-18.4871993518678,8.91520427307495,12.3973480997262));
#2830=CARTESIAN_POINT('',(-17.8400425949248,8.75172614432359,13.9188228550626));
#2831=CARTESIAN_POINT('',(-17.9695409886567,8.78468149850768,13.6781609566549));
#2832=CARTESIAN_POINT('',(-18.0986277313584,8.81264330325104,13.4362724943175));
#2833=CARTESIAN_POINT('',(-18.2273126999164,8.83630910161088,13.1934219158737));
#2834=CARTESIAN_POINT('',(-18.2916551841954,8.84814200079079,13.0719966266519));
#2835=CARTESIAN_POINT('',(-18.3558903941041,8.85884529837103,12.950319221503));
#2836=CARTESIAN_POINT('',(-18.4200364386803,8.86844486680831,12.8283615455046));
#2837=CARTESIAN_POINT('',(-18.4841824832564,8.87804443524558,12.7064038695062));
#2838=CARTESIAN_POINT('',(-18.5482452406065,8.8865745006563,12.5841694224081));
#2839=CARTESIAN_POINT('',(-18.6122418107888,8.89427593093161,12.4617263294109));
#2840=CARTESIAN_POINT('',(-17.9648407051195,8.72784563701789,13.9825272022074));
#2841=CARTESIAN_POINT('',(-18.0943870730952,8.76137296530558,13.7420001372113));
#2842=CARTESIAN_POINT('',(-18.2235146568664,8.78985792720456,13.5002317806429));
#2843=CARTESIAN_POINT('',(-18.3522364949449,8.81401390498055,13.2574917171564));
#2844=CARTESIAN_POINT('',(-18.4165974139842,8.82609189386855,13.1361216854131));
#2845=CARTESIAN_POINT('',(-18.4808513529596,8.83703147645893,13.01449721448));
#2846=CARTESIAN_POINT('',(-18.5450180005257,8.84685904934642,12.8925909939769));
#2847=CARTESIAN_POINT('',(-18.6091846480918,8.85668662223391,12.7706847734738));
#2848=CARTESIAN_POINT('',(-18.6732689810133,8.86543619334418,12.6485001643651));
#2849=CARTESIAN_POINT('',(-18.7372842697098,8.87334758878827,12.5261045590957));
#2850=CARTESIAN_POINT('',(-18.0896299145888,8.70381644563531,14.0461972488158));
#2851=CARTESIAN_POINT('',(-18.219224477498,8.73792987326866,13.8058087441938));
#2852=CARTESIAN_POINT('',(-18.348389570207,8.76694340900963,13.5641616727029));
#2853=CARTESIAN_POINT('',(-18.4771464001795,8.79159128181314,13.3215267189881));
#2854=CARTESIAN_POINT('',(-18.5415248151657,8.8039152182149,13.2002092421307));
#2855=CARTESIAN_POINT('',(-18.6057971852474,8.81509411956225,13.0786344677433));
#2856=CARTESIAN_POINT('',(-18.6699840432858,8.82515833753965,12.9567796797446));
#2857=CARTESIAN_POINT('',(-18.7341709013242,8.83522255551704,12.834924891746));
#2858=CARTESIAN_POINT('',(-18.7982760039312,8.84420360228791,12.7127927488139));
#2859=CARTESIAN_POINT('',(-18.862308617745,8.85232937363697,12.5904450346846));
#2860=CARTESIAN_POINT('',(-18.2144139891971,8.67966684805848,14.1098394645867));
#2861=CARTESIAN_POINT('',(-18.3440610202916,8.71438004946777,13.8695964018573));
#2862=CARTESIAN_POINT('',(-18.4732680491186,8.74392371160866,13.6280788780937));
#2863=CARTESIAN_POINT('',(-18.6020668450232,8.7690612556062,13.3855554784082));
#2864=CARTESIAN_POINT('',(-18.6664662429754,8.78163002760496,13.2642937785655));
#2865=CARTESIAN_POINT('',(-18.7307607263297,8.79304907913885,13.1427717522304));
#2866=CARTESIAN_POINT('',(-18.7949698443929,8.80335629300851,13.0209737692024));
#2867=CARTESIAN_POINT('',(-18.8591789624562,8.81366350687818,12.8991757861744));
#2868=CARTESIAN_POINT('',(-18.9233053311813,8.82288575507368,12.7771036842195));
#2869=CARTESIAN_POINT('',(-18.9873552645001,8.83122920781106,12.6548108701463));
#2870=CARTESIAN_POINT('',(-18.4639821384138,8.63136765290482,14.2371238961284));
#2871=CARTESIAN_POINT('',(-18.5937341058787,8.66728040186601,13.9971717171842));
#2872=CARTESIAN_POINT('',(-18.7230250069418,8.69788431680673,13.7559132888754));
#2873=CARTESIAN_POINT('',(-18.8519077347105,8.7240012031923,13.5136129972485));
#2874=CARTESIAN_POINT('',(-18.9163490985948,8.73705964638509,13.392462851435));
#2875=CARTESIAN_POINT('',(-18.9806878084942,8.74895899829206,13.2710463212047));
#2876=CARTESIAN_POINT('',(-19.0449414466071,8.75975220394625,13.1493619481179));
#2877=CARTESIAN_POINT('',(-19.10919508472,8.77054540960044,13.0276775750311));
#2878=CARTESIAN_POINT('',(-19.1733639856814,8.78025006064522,12.9057255550308));
#2879=CARTESIAN_POINT('',(-19.2374485580102,8.78902887615924,12.7835425410695));
#2880=CARTESIAN_POINT('',(-18.7134907131665,8.58253210257929,14.3642686052002));
#2881=CARTESIAN_POINT('',(-18.8433536454135,8.61969135786041,14.124623845643));
#2882=CARTESIAN_POINT('',(-18.9727418977395,8.65136730771764,13.8836508374666));
#2883=CARTESIAN_POINT('',(-19.1017299299377,8.67846259621278,13.6415921466752));
#2884=CARTESIAN_POINT('',(-19.1662239460368,8.69201024046035,13.5205628012796));
#2885=CARTESIAN_POINT('',(-19.2306182997383,8.70439662586256,13.3992599679575));
#2886=CARTESIAN_POINT('',(-19.2949223407577,8.71570202862353,13.2777045395391));
#2887=CARTESIAN_POINT('',(-19.359226381777,8.7270074313845,13.1561491111207));
#2888=CARTESIAN_POINT('',(-19.4234387054599,8.73723271432424,13.0343395670326));
#2889=CARTESIAN_POINT('',(-19.4875591415112,8.74646327403158,12.9122880256046));
#2890=CARTESIAN_POINT('',(-18.9629439060348,8.53292933163354,14.4912462210379));
#2891=CARTESIAN_POINT('',(-19.092912958206,8.5713422362838,14.2518952044874));
#2892=CARTESIAN_POINT('',(-19.22239473237,8.60414602996911,14.0112013116105));
#2893=CARTESIAN_POINT('',(-19.3514687280546,8.63227009468221,13.769382438816));
#2894=CARTESIAN_POINT('',(-19.4160057258969,8.64633212703877,13.6484730024188));
#2895=CARTESIAN_POINT('',(-19.4804438364534,8.65922208162039,13.5272816029381));
#2896=CARTESIAN_POINT('',(-19.5447907647261,8.67103819427325,13.4058400787729));
#2897=CARTESIAN_POINT('',(-19.6091376929987,8.68285430692611,13.2843985546078));
#2898=CARTESIAN_POINT('',(-19.6733905526765,8.69358851390502,13.1627057068057));
#2899=CARTESIAN_POINT('',(-19.7375478881019,8.70328867498338,13.0407678966862));
#2900=CARTESIAN_POINT('',(-12.674740357723,7.9154119487452,17.47069453472));
#2901=CARTESIAN_POINT('',(-12.782218888613,7.99931833793,17.29049424718));
#2902=CARTESIAN_POINT('',(-12.997262898697,8.1670138887443,16.930185367932));
#2903=CARTESIAN_POINT('',(-13.32368013341,8.4124383918602,16.378943068737));
#2904=CARTESIAN_POINT('',(-13.659916933061,8.6321221803697,15.81321787095));
#2905=CARTESIAN_POINT('',(-13.995280050585,8.8118631746809,15.239459466029));
#2906=CARTESIAN_POINT('',(-14.33247258882,8.9592585192477,14.662627379214));
#2907=CARTESIAN_POINT('',(-14.672159350552,9.0784269807651,14.083491151038));
#2908=CARTESIAN_POINT('',(-15.010080141716,9.1721953993038,13.501404985506));
#2909=CARTESIAN_POINT('',(-15.344496181423,9.2443369579568,12.915768118401));
#2910=CARTESIAN_POINT('',(-15.674965046334,9.2977429962224,12.328427671762));
#2911=CARTESIAN_POINT('',(-16.001632390117,9.3355529440875,11.741829268072));
#2912=CARTESIAN_POINT('',(-16.324366458845,9.3611472756517,11.158589598432));
#2913=CARTESIAN_POINT('',(-16.642487280771,9.3775081313534,10.58106672568));
#2914=CARTESIAN_POINT('',(-16.955362526149,9.3889488509404,10.010746843806));
#2915=CARTESIAN_POINT('',(-17.262429855088,9.3971986224521,9.4476519611078));
#2916=CARTESIAN_POINT('',(-17.564123461579,9.4052054999137,8.8913705147282));
#2917=CARTESIAN_POINT('',(-17.762984171263,9.4100726597272,8.5222189659215));
#2918=CARTESIAN_POINT('',(-17.862400815437,9.4128026236621,8.3377946927614));
#2919=CARTESIAN_POINT('',(-12.897755041437,7.8452227335968,17.58269189259));
#2920=CARTESIAN_POINT('',(-13.005349649605,7.9295608913232,17.402501632179));
#2921=CARTESIAN_POINT('',(-13.220231406104,8.0988992719019,17.041525735017));
#2922=CARTESIAN_POINT('',(-13.54857548089,8.3517532560002,16.491176851103));
#2923=CARTESIAN_POINT('',(-13.886468858485,8.5765533139737,15.922630582145));
#2924=CARTESIAN_POINT('',(-14.214105301021,8.7561601904734,15.348795842619));
#2925=CARTESIAN_POINT('',(-14.551126411218,8.9088069087784,14.769749658707));
#2926=CARTESIAN_POINT('',(-14.888879013173,9.0302268972322,14.190730444578));
#2927=CARTESIAN_POINT('',(-15.224181830009,9.1272884685404,13.605826929385));
#2928=CARTESIAN_POINT('',(-15.555691792545,9.2013441696409,13.016621943274));
#2929=CARTESIAN_POINT('',(-15.884000831561,9.256711685335,12.425576005807));
#2930=CARTESIAN_POINT('',(-16.20916946769,9.2961533675802,11.834462896752));
#2931=CARTESIAN_POINT('',(-16.531055415268,9.3224284589564,11.246711519596));
#2932=CARTESIAN_POINT('',(-16.84946401246,9.3403986190022,10.664254811454));
#2933=CARTESIAN_POINT('',(-17.162319327844,9.349258589477,10.089455977033));
#2934=CARTESIAN_POINT('',(-17.470885618327,9.3619437955573,9.5221406701877));
#2935=CARTESIAN_POINT('',(-17.773266689946,9.3661850542115,8.9604774232821));
#2936=CARTESIAN_POINT('',(-17.971982627857,9.373050429366,8.5930441944289));
#2937=CARTESIAN_POINT('',(-18.071451756928,9.3756616507633,8.4082283116421));
#2938=CARTESIAN_POINT('',(-13.344730167234,7.6940099616291,17.809296547367));
#2939=CARTESIAN_POINT('',(-13.453461037685,7.7799653195556,17.629723735437));
#2940=CARTESIAN_POINT('',(-13.669477923122,7.9473003095397,17.271751851046));
#2941=CARTESIAN_POINT('',(-14.009661463952,8.2247597391134,16.717112584574));
#2942=CARTESIAN_POINT('',(-14.343552069113,8.4557806722287,16.152635065247));
#2943=CARTESIAN_POINT('',(-14.675126879125,8.6478079385007,15.578658313705));
#2944=CARTESIAN_POINT('',(-15.001805428106,8.804997215967,14.99673830776));
#2945=CARTESIAN_POINT('',(-15.327702384993,8.9326160005044,14.408690856696));
#2946=CARTESIAN_POINT('',(-15.651778216153,9.0355410044359,13.815493147861));
#2947=CARTESIAN_POINT('',(-15.973654490776,9.1176687749213,13.217419531862));
#2948=CARTESIAN_POINT('',(-16.294711219851,9.1782922208122,12.614469044705));
#2949=CARTESIAN_POINT('',(-16.61707019479,9.2191136542216,12.012292177243));
#2950=CARTESIAN_POINT('',(-16.94028286667,9.244918754325,11.413404333888));
#2951=CARTESIAN_POINT('',(-17.261051443716,9.2601943375067,10.822267565349));
#2952=CARTESIAN_POINT('',(-17.578778451837,9.278097779432,10.239836036649));
#2953=CARTESIAN_POINT('',(-17.886560013961,9.2773977292196,9.6698911277202));
#2954=CARTESIAN_POINT('',(-18.190676040636,9.2959171250077,9.1101407680171));
#2955=CARTESIAN_POINT('',(-18.391863574897,9.2986373917313,8.7299959090633));
#2956=CARTESIAN_POINT('',(-18.49207829236,9.3013956720278,8.5423969734599));
#2957=CARTESIAN_POINT('',(-14.026292923663,7.4560164956913,18.14086620353));
#2958=CARTESIAN_POINT('',(-14.136374819955,7.5491450693626,17.961980778633));
#2959=CARTESIAN_POINT('',(-14.356204948132,7.7338638555984,17.604888325644));
#2960=CARTESIAN_POINT('',(-14.694908014521,8.0240297105072,17.05588430413));
#2961=CARTESIAN_POINT('',(-15.031752743381,8.2733591884489,16.494908902876));
#2962=CARTESIAN_POINT('',(-15.363964266467,8.4785548096723,15.924869327456));
#2963=CARTESIAN_POINT('',(-15.693695124124,8.6481961455696,15.346318380536));
#2964=CARTESIAN_POINT('',(-16.019869563856,8.7859259074703,14.760462156045));
#2965=CARTESIAN_POINT('',(-16.343691361508,8.8961654751271,14.168226485126));
#2966=CARTESIAN_POINT('',(-16.665445338006,8.9826929579612,13.570660832106));
#2967=CARTESIAN_POINT('',(-16.985323465308,9.0495666178995,12.968689243851));
#2968=CARTESIAN_POINT('',(-17.303481114529,9.0983816066949,12.361896160932));
#2969=CARTESIAN_POINT('',(-17.620271689246,9.1318225930845,11.752022638428));
#2970=CARTESIAN_POINT('',(-17.936327780035,9.1503837078424,11.137529414093));
#2971=CARTESIAN_POINT('',(-18.250374432524,9.153316158241,10.521062052516));
#2972=CARTESIAN_POINT('',(-18.568685992708,9.1805618487688,9.9048070488953));
#2973=CARTESIAN_POINT('',(-18.878331422727,9.1762106352177,9.3012666262498));
#2974=CARTESIAN_POINT('',(-19.079132958607,9.1855213079681,8.9242025736601));
#2975=CARTESIAN_POINT('',(-19.179884375733,9.1886661078487,8.7326472930178));
#2976=CARTESIAN_POINT('',(-14.706107556522,7.1984837157257,18.473120554037));
#2977=CARTESIAN_POINT('',(-14.817070024998,7.2992983256704,18.295187408604));
#2978=CARTESIAN_POINT('',(-15.037767176098,7.4976181961623,17.938877518588));
#2979=CARTESIAN_POINT('',(-15.381279559177,7.819215209751,17.393122974083));
#2980=CARTESIAN_POINT('',(-15.718651742063,8.0827830914477,16.836076231668));
#2981=CARTESIAN_POINT('',(-16.052531446634,8.3040963804424,16.269037696896));
#2982=CARTESIAN_POINT('',(-16.382725787115,8.4870455709316,15.693474293459));
#2983=CARTESIAN_POINT('',(-16.710259502412,8.6362669597656,15.11027426579));
#2984=CARTESIAN_POINT('',(-17.035200862766,8.7564859078378,14.520573175103));
#2985=CARTESIAN_POINT('',(-17.357918240732,8.8518781799811,13.92514688517));
#2986=CARTESIAN_POINT('',(-17.678690414004,8.9253783149235,13.32474545738));
#2987=CARTESIAN_POINT('',(-17.997942786503,8.9810797607928,12.72046528314));
#2988=CARTESIAN_POINT('',(-18.31548885206,9.0186579538059,12.111940218999));
#2989=CARTESIAN_POINT('',(-18.631970910785,9.0449068278388,11.501116494877));
#2990=CARTESIAN_POINT('',(-18.946767627595,9.0515468187639,10.885419738384));
#2991=CARTESIAN_POINT('',(-19.262017771232,9.0683345004078,10.27276098029));
#2992=CARTESIAN_POINT('',(-19.578744680854,9.0841121801143,9.6564346876994));
#2993=CARTESIAN_POINT('',(-19.782792967975,9.0902595275652,9.2543304921525));
#2994=CARTESIAN_POINT('',(-19.885139005784,9.0933465298877,9.0540547582011));
#2995=CARTESIAN_POINT('',(-15.383756609683,6.9311103537583,18.794744333034));
#2996=CARTESIAN_POINT('',(-15.496458661937,7.0439068765446,18.619095076728));
#2997=CARTESIAN_POINT('',(-15.722391120574,7.2709346127668,18.268544629612));
#2998=CARTESIAN_POINT('',(-16.066066298615,7.6051650370141,17.728339522209));
#2999=CARTESIAN_POINT('',(-16.405424558146,7.8884413092536,17.175950868975));
#3000=CARTESIAN_POINT('',(-16.740680294716,8.1251646974365,16.612710187033));
#3001=CARTESIAN_POINT('',(-17.072356565717,8.3203942683222,16.040050538978));
#3002=CARTESIAN_POINT('',(-17.400872699148,8.4821760234096,15.459676843923));
#3003=CARTESIAN_POINT('',(-17.726534555111,8.6126850197791,14.872083843965));
#3004=CARTESIAN_POINT('',(-18.049906081427,8.7169258175778,14.278628039631));
#3005=CARTESIAN_POINT('',(-18.371270078406,8.7980543597758,13.679872632029));
#3006=CARTESIAN_POINT('',(-18.690911368121,8.8606074245332,13.076921069584));
#3007=CARTESIAN_POINT('',(-19.008996660702,8.9041774624013,12.469505174834));
#3008=CARTESIAN_POINT('',(-19.325878152309,8.9356098554484,11.859593428527));
#3009=CARTESIAN_POINT('',(-19.64125885496,8.9471282483964,11.244633751172));
#3010=CARTESIAN_POINT('',(-19.956257768937,8.9585708057444,10.630686492609));
#3011=CARTESIAN_POINT('',(-20.272727567268,8.9777611274888,10.016776821967));
#3012=CARTESIAN_POINT('',(-20.479379305817,8.9761684120306,9.6109520269378));
#3013=CARTESIAN_POINT('',(-20.582433300276,8.9779058609493,9.4090419554793));
#3014=CARTESIAN_POINT('',(-16.063778628438,6.6541067860306,19.117133459639));
#3015=CARTESIAN_POINT('',(-16.17616604383,6.7698862392968,18.944513207947));
#3016=CARTESIAN_POINT('',(-16.400798101081,7.0068298329901,18.60155939644));
#3017=CARTESIAN_POINT('',(-16.751081198138,7.3856670276311,18.062960944629));
#3018=CARTESIAN_POINT('',(-17.091094939809,7.6825642854681,17.513581163131));
#3019=CARTESIAN_POINT('',(-17.428093113688,7.9384404478697,16.954051969314));
#3020=CARTESIAN_POINT('',(-17.760789033616,8.1507815175234,16.385276421275));
#3021=CARTESIAN_POINT('',(-18.090401042303,8.3239154525044,15.807401968856));
#3022=CARTESIAN_POINT('',(-18.417320485253,8.4653635976813,15.222716806577));
#3023=CARTESIAN_POINT('',(-18.741712764036,8.5791933892939,14.63145253102));
#3024=CARTESIAN_POINT('',(-19.063846839238,8.6687530542671,14.034719131426));
#3025=CARTESIAN_POINT('',(-19.384214578703,8.7376255533754,13.433252119273));
#3026=CARTESIAN_POINT('',(-19.702906577777,8.7886481249049,12.827806086116));
#3027=CARTESIAN_POINT('',(-20.020186007763,8.8229578338617,12.218429172337));
#3028=CARTESIAN_POINT('',(-20.336230788947,8.8450042277169,11.606492521585));
#3029=CARTESIAN_POINT('',(-20.650791929853,8.8489098230184,10.990049503088));
#3030=CARTESIAN_POINT('',(-20.967379387065,8.873707581347,10.378126651169));
#3031=CARTESIAN_POINT('',(-21.170939607513,8.8768267850911,9.9785634900656));
#3032=CARTESIAN_POINT('',(-21.273506392771,8.8798277328583,9.7783167640993));
#3033=CARTESIAN_POINT('',(-16.771568948109,6.571059815776,19.410963272245));
#3034=CARTESIAN_POINT('',(-16.882072323007,6.6742691345017,19.241849952917));
#3035=CARTESIAN_POINT('',(-17.103443494561,6.8764955536701,18.901585052663));
#3036=CARTESIAN_POINT('',(-17.434002467245,7.1679738248807,18.394782237039));
#3037=CARTESIAN_POINT('',(-17.779173115788,7.5023194119674,17.85636538911));
#3038=CARTESIAN_POINT('',(-18.115597977081,7.7497875099461,17.29637047872));
#3039=CARTESIAN_POINT('',(-18.450314879,7.9709997905883,16.729909203446));
#3040=CARTESIAN_POINT('',(-18.781123047258,8.1608958054058,16.155683368948));
#3041=CARTESIAN_POINT('',(-19.10827030411,8.3145661308618,15.572701703033));
#3042=CARTESIAN_POINT('',(-19.433119957587,8.4373779280897,14.983415252795));
#3043=CARTESIAN_POINT('',(-19.756032229795,8.535589694267,14.388555609799));
#3044=CARTESIAN_POINT('',(-20.076847135151,8.611611145302,13.78866061396));
#3045=CARTESIAN_POINT('',(-20.396210969466,8.6697407590726,13.184611639366));
#3046=CARTESIAN_POINT('',(-20.713821933715,8.7096511792981,12.576569815788));
#3047=CARTESIAN_POINT('',(-21.030599385189,8.7370124569928,11.965414921848));
#3048=CARTESIAN_POINT('',(-21.345380490575,8.7459629886011,11.350548377496));
#3049=CARTESIAN_POINT('',(-21.660943337198,8.7588307987599,10.736039107382));
#3050=CARTESIAN_POINT('',(-21.866365092996,8.7683586234712,10.337674413475));
#3051=CARTESIAN_POINT('',(-21.968624494724,8.7728914724801,10.138290787204));
#3052=CARTESIAN_POINT('',(-17.211210880617,6.5001756376278,19.582780409497));
#3053=CARTESIAN_POINT('',(-17.32106834992,6.6002721189967,19.413824557727));
#3054=CARTESIAN_POINT('',(-17.540634882586,6.8024244798066,19.077075557182));
#3055=CARTESIAN_POINT('',(-17.876015017732,7.1071486432322,18.558620238491));
#3056=CARTESIAN_POINT('',(-18.210769942426,7.3726421664227,18.033045501016));
#3057=CARTESIAN_POINT('',(-18.552039124833,7.6340552756136,17.494673574205));
#3058=CARTESIAN_POINT('',(-18.893037537677,7.8522480891399,16.941989326899));
#3059=CARTESIAN_POINT('',(-19.233351480807,8.0438644353898,16.379360173908));
#3060=CARTESIAN_POINT('',(-19.567381698281,8.2101237305483,15.804715749652));
#3061=CARTESIAN_POINT('',(-19.894029139191,8.3428251144187,15.217942745477));
#3062=CARTESIAN_POINT('',(-20.217518592866,8.4476252850804,14.624724229764));
#3063=CARTESIAN_POINT('',(-20.539115498412,8.5285479869033,14.026040427042));
#3064=CARTESIAN_POINT('',(-20.858708268191,8.5894401239781,13.422920780561));
#3065=CARTESIAN_POINT('',(-21.176997807135,8.6336355471416,12.815778939848));
#3066=CARTESIAN_POINT('',(-21.493495991138,8.6629260207545,12.205563829428));
#3067=CARTESIAN_POINT('',(-21.809397769905,8.6794756026622,11.591905906011));
#3068=CARTESIAN_POINT('',(-22.12364107793,8.6778388573226,10.974320721138));
#3069=CARTESIAN_POINT('',(-22.32433040614,8.6885581979165,10.576944254563));
#3070=CARTESIAN_POINT('',(-22.42578630834,8.6915937006031,10.376833531618));
#3071=CARTESIAN_POINT('',(-17.430019330705,6.4626933979677,19.670578905336));
#3072=CARTESIAN_POINT('',(-17.539872422406,6.5628934254724,19.501902249145));
#3073=CARTESIAN_POINT('',(-17.759753032192,6.7630653318329,19.164189173032));
#3074=CARTESIAN_POINT('',(-18.092508238976,7.0535889660047,18.651674496258));
#3075=CARTESIAN_POINT('',(-18.429740020792,7.3284180368227,18.128382485886));
#3076=CARTESIAN_POINT('',(-18.770162002296,7.577277458991,17.593142059766));
#3077=CARTESIAN_POINT('',(-19.11248757233,7.7992139223827,17.045567780788));
#3078=CARTESIAN_POINT('',(-19.452961575676,7.992477130239,16.485952588367));
#3079=CARTESIAN_POINT('',(-19.788308383266,8.1584553657244,15.913995769014));
#3080=CARTESIAN_POINT('',(-20.117473196447,8.2949862365982,15.330741442641));
#3081=CARTESIAN_POINT('',(-20.442337154048,8.40344015692,14.739127472695));
#3082=CARTESIAN_POINT('',(-20.764800406082,8.4877826009422,14.141608812536));
#3083=CARTESIAN_POINT('',(-21.085588497189,8.5516717421428,13.539363535955));
#3084=CARTESIAN_POINT('',(-21.405026699966,8.5960906764813,12.932506141512));
#3085=CARTESIAN_POINT('',(-21.722742820355,8.6263512786519,12.322624832409));
#3086=CARTESIAN_POINT('',(-22.039598215042,8.6404196268803,11.707958374465));
#3087=CARTESIAN_POINT('',(-22.349207123247,8.6467951992686,11.096497337474));
#3088=CARTESIAN_POINT('',(-22.552027085405,8.6509130596976,10.695463215527));
#3089=CARTESIAN_POINT('',(-22.653219986261,8.654501477002,10.495737141803));
#3090=CARTESIAN_POINT('',(-12.674740357723,7.9154119487452,17.47069453472));
#3091=CARTESIAN_POINT('',(-12.782218888613,7.99931833793,17.29049424718));
#3092=CARTESIAN_POINT('',(-12.997262898697,8.1670138887443,16.930185367932));
#3093=CARTESIAN_POINT('',(-13.32368013341,8.4124383918602,16.378943068737));
#3094=CARTESIAN_POINT('',(-13.659916933061,8.6321221803697,15.81321787095));
#3095=CARTESIAN_POINT('',(-13.995280050585,8.8118631746809,15.239459466029));
#3096=CARTESIAN_POINT('',(-14.33247258882,8.9592585192477,14.662627379214));
#3097=CARTESIAN_POINT('',(-14.672159350552,9.0784269807651,14.083491151038));
#3098=CARTESIAN_POINT('',(-15.010080141716,9.1721953993038,13.501404985506));
#3099=CARTESIAN_POINT('',(-15.344496181423,9.2443369579568,12.915768118401));
#3100=CARTESIAN_POINT('',(-15.674965046334,9.2977429962224,12.328427671762));
#3101=CARTESIAN_POINT('',(-16.001632390117,9.3355529440875,11.741829268072));
#3102=CARTESIAN_POINT('',(-16.324366458845,9.3611472756517,11.158589598432));
#3103=CARTESIAN_POINT('',(-16.642487280771,9.3775081313534,10.58106672568));
#3104=CARTESIAN_POINT('',(-16.955362526149,9.3889488509404,10.010746843806));
#3105=CARTESIAN_POINT('',(-17.262429855088,9.3971986224521,9.4476519611078));
#3106=CARTESIAN_POINT('',(-17.564123461579,9.4052054999137,8.8913705147282));
#3107=CARTESIAN_POINT('',(-17.762984171263,9.4100726597272,8.5222189659215));
#3108=CARTESIAN_POINT('',(-17.862400815437,9.4128026236621,8.3377946927614));
#3109=CARTESIAN_POINT('',(-12.897755041437,7.8452227335968,17.58269189259));
#3110=CARTESIAN_POINT('',(-13.005349649605,7.9295608913232,17.402501632179));
#3111=CARTESIAN_POINT('',(-13.220231406104,8.0988992719019,17.041525735017));
#3112=CARTESIAN_POINT('',(-13.54857548089,8.3517532560002,16.491176851103));
#3113=CARTESIAN_POINT('',(-13.886468858485,8.5765533139737,15.922630582145));
#3114=CARTESIAN_POINT('',(-14.214105301021,8.7561601904734,15.348795842619));
#3115=CARTESIAN_POINT('',(-14.551126411218,8.9088069087784,14.769749658707));
#3116=CARTESIAN_POINT('',(-14.888879013173,9.0302268972322,14.190730444578));
#3117=CARTESIAN_POINT('',(-15.224181830009,9.1272884685404,13.605826929385));
#3118=CARTESIAN_POINT('',(-15.555691792545,9.2013441696409,13.016621943274));
#3119=CARTESIAN_POINT('',(-15.884000831561,9.256711685335,12.425576005807));
#3120=CARTESIAN_POINT('',(-16.20916946769,9.2961533675802,11.834462896752));
#3121=CARTESIAN_POINT('',(-16.531055415268,9.3224284589564,11.246711519596));
#3122=CARTESIAN_POINT('',(-16.84946401246,9.3403986190022,10.664254811454));
#3123=CARTESIAN_POINT('',(-17.162319327844,9.349258589477,10.089455977033));
#3124=CARTESIAN_POINT('',(-17.470885618327,9.3619437955573,9.5221406701877));
#3125=CARTESIAN_POINT('',(-17.773266689946,9.3661850542115,8.9604774232821));
#3126=CARTESIAN_POINT('',(-17.971982627857,9.373050429366,8.5930441944289));
#3127=CARTESIAN_POINT('',(-18.071451756928,9.3756616507633,8.4082283116421));
#3128=CARTESIAN_POINT('',(-13.344730167234,7.6940099616291,17.809296547367));
#3129=CARTESIAN_POINT('',(-13.453461037685,7.7799653195556,17.629723735437));
#3130=CARTESIAN_POINT('',(-13.669477923122,7.9473003095397,17.271751851046));
#3131=CARTESIAN_POINT('',(-14.009661463952,8.2247597391134,16.717112584574));
#3132=CARTESIAN_POINT('',(-14.343552069113,8.4557806722287,16.152635065247));
#3133=CARTESIAN_POINT('',(-14.675126879125,8.6478079385007,15.578658313705));
#3134=CARTESIAN_POINT('',(-15.001805428106,8.804997215967,14.99673830776));
#3135=CARTESIAN_POINT('',(-15.327702384993,8.9326160005044,14.408690856696));
#3136=CARTESIAN_POINT('',(-15.651778216153,9.0355410044359,13.815493147861));
#3137=CARTESIAN_POINT('',(-15.973654490776,9.1176687749213,13.217419531862));
#3138=CARTESIAN_POINT('',(-16.294711219851,9.1782922208122,12.614469044705));
#3139=CARTESIAN_POINT('',(-16.61707019479,9.2191136542216,12.012292177243));
#3140=CARTESIAN_POINT('',(-16.94028286667,9.244918754325,11.413404333888));
#3141=CARTESIAN_POINT('',(-17.261051443716,9.2601943375067,10.822267565349));
#3142=CARTESIAN_POINT('',(-17.578778451837,9.278097779432,10.239836036649));
#3143=CARTESIAN_POINT('',(-17.886560013961,9.2773977292196,9.6698911277202));
#3144=CARTESIAN_POINT('',(-18.190676040636,9.2959171250077,9.1101407680171));
#3145=CARTESIAN_POINT('',(-18.391863574897,9.2986373917313,8.7299959090633));
#3146=CARTESIAN_POINT('',(-18.49207829236,9.3013956720278,8.5423969734599));
#3147=CARTESIAN_POINT('',(-14.026292923663,7.4560164956913,18.14086620353));
#3148=CARTESIAN_POINT('',(-14.136374819955,7.5491450693626,17.961980778633));
#3149=CARTESIAN_POINT('',(-14.356204948132,7.7338638555984,17.604888325644));
#3150=CARTESIAN_POINT('',(-14.694908014521,8.0240297105072,17.05588430413));
#3151=CARTESIAN_POINT('',(-15.031752743381,8.2733591884489,16.494908902876));
#3152=CARTESIAN_POINT('',(-15.363964266467,8.4785548096723,15.924869327456));
#3153=CARTESIAN_POINT('',(-15.693695124124,8.6481961455696,15.346318380536));
#3154=CARTESIAN_POINT('',(-16.019869563856,8.7859259074703,14.760462156045));
#3155=CARTESIAN_POINT('',(-16.343691361508,8.8961654751271,14.168226485126));
#3156=CARTESIAN_POINT('',(-16.665445338006,8.9826929579612,13.570660832106));
#3157=CARTESIAN_POINT('',(-16.985323465308,9.0495666178995,12.968689243851));
#3158=CARTESIAN_POINT('',(-17.303481114529,9.0983816066949,12.361896160932));
#3159=CARTESIAN_POINT('',(-17.620271689246,9.1318225930845,11.752022638428));
#3160=CARTESIAN_POINT('',(-17.936327780035,9.1503837078424,11.137529414093));
#3161=CARTESIAN_POINT('',(-18.250374432524,9.153316158241,10.521062052516));
#3162=CARTESIAN_POINT('',(-18.568685992708,9.1805618487688,9.9048070488953));
#3163=CARTESIAN_POINT('',(-18.878331422727,9.1762106352177,9.3012666262498));
#3164=CARTESIAN_POINT('',(-19.079132958607,9.1855213079681,8.9242025736601));
#3165=CARTESIAN_POINT('',(-19.179884375733,9.1886661078487,8.7326472930178));
#3166=CARTESIAN_POINT('',(-14.706107556522,7.1984837157257,18.473120554037));
#3167=CARTESIAN_POINT('',(-14.817070024998,7.2992983256704,18.295187408604));
#3168=CARTESIAN_POINT('',(-15.037767176098,7.4976181961623,17.938877518588));
#3169=CARTESIAN_POINT('',(-15.381279559177,7.819215209751,17.393122974083));
#3170=CARTESIAN_POINT('',(-15.718651742063,8.0827830914477,16.836076231668));
#3171=CARTESIAN_POINT('',(-16.052531446634,8.3040963804424,16.269037696896));
#3172=CARTESIAN_POINT('',(-16.382725787115,8.4870455709316,15.693474293459));
#3173=CARTESIAN_POINT('',(-16.710259502412,8.6362669597656,15.11027426579));
#3174=CARTESIAN_POINT('',(-17.035200862766,8.7564859078378,14.520573175103));
#3175=CARTESIAN_POINT('',(-17.357918240732,8.8518781799811,13.92514688517));
#3176=CARTESIAN_POINT('',(-17.678690414004,8.9253783149235,13.32474545738));
#3177=CARTESIAN_POINT('',(-17.997942786503,8.9810797607928,12.72046528314));
#3178=CARTESIAN_POINT('',(-18.31548885206,9.0186579538059,12.111940218999));
#3179=CARTESIAN_POINT('',(-18.631970910785,9.0449068278388,11.501116494877));
#3180=CARTESIAN_POINT('',(-18.946767627595,9.0515468187639,10.885419738384));
#3181=CARTESIAN_POINT('',(-19.262017771232,9.0683345004078,10.27276098029));
#3182=CARTESIAN_POINT('',(-19.578744680854,9.0841121801143,9.6564346876994));
#3183=CARTESIAN_POINT('',(-19.782792967975,9.0902595275652,9.2543304921525));
#3184=CARTESIAN_POINT('',(-19.885139005784,9.0933465298877,9.0540547582011));
#3185=CARTESIAN_POINT('',(-15.383756609683,6.9311103537583,18.794744333034));
#3186=CARTESIAN_POINT('',(-15.496458661937,7.0439068765446,18.619095076728));
#3187=CARTESIAN_POINT('',(-15.722391120574,7.2709346127668,18.268544629612));
#3188=CARTESIAN_POINT('',(-16.066066298615,7.6051650370141,17.728339522209));
#3189=CARTESIAN_POINT('',(-16.405424558146,7.8884413092536,17.175950868975));
#3190=CARTESIAN_POINT('',(-16.740680294716,8.1251646974365,16.612710187033));
#3191=CARTESIAN_POINT('',(-17.072356565717,8.3203942683222,16.040050538978));
#3192=CARTESIAN_POINT('',(-17.400872699148,8.4821760234096,15.459676843923));
#3193=CARTESIAN_POINT('',(-17.726534555111,8.6126850197791,14.872083843965));
#3194=CARTESIAN_POINT('',(-18.049906081427,8.7169258175778,14.278628039631));
#3195=CARTESIAN_POINT('',(-18.371270078406,8.7980543597758,13.679872632029));
#3196=CARTESIAN_POINT('',(-18.690911368121,8.8606074245332,13.076921069584));
#3197=CARTESIAN_POINT('',(-19.008996660702,8.9041774624013,12.469505174834));
#3198=CARTESIAN_POINT('',(-19.325878152309,8.9356098554484,11.859593428527));
#3199=CARTESIAN_POINT('',(-19.64125885496,8.9471282483964,11.244633751172));
#3200=CARTESIAN_POINT('',(-19.956257768937,8.9585708057444,10.630686492609));
#3201=CARTESIAN_POINT('',(-20.272727567268,8.9777611274888,10.016776821967));
#3202=CARTESIAN_POINT('',(-20.479379305817,8.9761684120306,9.6109520269378));
#3203=CARTESIAN_POINT('',(-20.582433300276,8.9779058609493,9.4090419554793));
#3204=CARTESIAN_POINT('',(-16.063778628438,6.6541067860306,19.117133459639));
#3205=CARTESIAN_POINT('',(-16.17616604383,6.7698862392968,18.944513207947));
#3206=CARTESIAN_POINT('',(-16.400798101081,7.0068298329901,18.60155939644));
#3207=CARTESIAN_POINT('',(-16.751081198138,7.3856670276311,18.062960944629));
#3208=CARTESIAN_POINT('',(-17.091094939809,7.6825642854681,17.513581163131));
#3209=CARTESIAN_POINT('',(-17.428093113688,7.9384404478697,16.954051969314));
#3210=CARTESIAN_POINT('',(-17.760789033616,8.1507815175234,16.385276421275));
#3211=CARTESIAN_POINT('',(-18.090401042303,8.3239154525044,15.807401968856));
#3212=CARTESIAN_POINT('',(-18.417320485253,8.4653635976813,15.222716806577));
#3213=CARTESIAN_POINT('',(-18.741712764036,8.5791933892939,14.63145253102));
#3214=CARTESIAN_POINT('',(-19.063846839238,8.6687530542671,14.034719131426));
#3215=CARTESIAN_POINT('',(-19.384214578703,8.7376255533754,13.433252119273));
#3216=CARTESIAN_POINT('',(-19.702906577777,8.7886481249049,12.827806086116));
#3217=CARTESIAN_POINT('',(-20.020186007763,8.8229578338617,12.218429172337));
#3218=CARTESIAN_POINT('',(-20.336230788947,8.8450042277169,11.606492521585));
#3219=CARTESIAN_POINT('',(-20.650791929853,8.8489098230184,10.990049503088));
#3220=CARTESIAN_POINT('',(-20.967379387065,8.873707581347,10.378126651169));
#3221=CARTESIAN_POINT('',(-21.170939607513,8.8768267850911,9.9785634900656));
#3222=CARTESIAN_POINT('',(-21.273506392771,8.8798277328583,9.7783167640993));
#3223=CARTESIAN_POINT('',(-16.771568948109,6.571059815776,19.410963272245));
#3224=CARTESIAN_POINT('',(-16.882072323007,6.6742691345017,19.241849952917));
#3225=CARTESIAN_POINT('',(-17.103443494561,6.8764955536701,18.901585052663));
#3226=CARTESIAN_POINT('',(-17.434002467245,7.1679738248807,18.394782237039));
#3227=CARTESIAN_POINT('',(-17.779173115788,7.5023194119674,17.85636538911));
#3228=CARTESIAN_POINT('',(-18.115597977081,7.7497875099461,17.29637047872));
#3229=CARTESIAN_POINT('',(-18.450314879,7.9709997905883,16.729909203446));
#3230=CARTESIAN_POINT('',(-18.781123047258,8.1608958054058,16.155683368948));
#3231=CARTESIAN_POINT('',(-19.10827030411,8.3145661308618,15.572701703033));
#3232=CARTESIAN_POINT('',(-19.433119957587,8.4373779280897,14.983415252795));
#3233=CARTESIAN_POINT('',(-19.756032229795,8.535589694267,14.388555609799));
#3234=CARTESIAN_POINT('',(-20.076847135151,8.611611145302,13.78866061396));
#3235=CARTESIAN_POINT('',(-20.396210969466,8.6697407590726,13.184611639366));
#3236=CARTESIAN_POINT('',(-20.713821933715,8.7096511792981,12.576569815788));
#3237=CARTESIAN_POINT('',(-21.030599385189,8.7370124569928,11.965414921848));
#3238=CARTESIAN_POINT('',(-21.345380490575,8.7459629886011,11.350548377496));
#3239=CARTESIAN_POINT('',(-21.660943337198,8.7588307987599,10.736039107382));
#3240=CARTESIAN_POINT('',(-21.866365092996,8.7683586234712,10.337674413475));
#3241=CARTESIAN_POINT('',(-21.968624494724,8.7728914724801,10.138290787204));
#3242=CARTESIAN_POINT('',(-17.211210880617,6.5001756376278,19.582780409497));
#3243=CARTESIAN_POINT('',(-17.32106834992,6.6002721189967,19.413824557727));
#3244=CARTESIAN_POINT('',(-17.540634882586,6.8024244798066,19.077075557182));
#3245=CARTESIAN_POINT('',(-17.876015017732,7.1071486432322,18.558620238491));
#3246=CARTESIAN_POINT('',(-18.210769942426,7.3726421664227,18.033045501016));
#3247=CARTESIAN_POINT('',(-18.552039124833,7.6340552756136,17.494673574205));
#3248=CARTESIAN_POINT('',(-18.893037537677,7.8522480891399,16.941989326899));
#3249=CARTESIAN_POINT('',(-19.233351480807,8.0438644353898,16.379360173908));
#3250=CARTESIAN_POINT('',(-19.567381698281,8.2101237305483,15.804715749652));
#3251=CARTESIAN_POINT('',(-19.894029139191,8.3428251144187,15.217942745477));
#3252=CARTESIAN_POINT('',(-20.217518592866,8.4476252850804,14.624724229764));
#3253=CARTESIAN_POINT('',(-20.539115498412,8.5285479869033,14.026040427042));
#3254=CARTESIAN_POINT('',(-20.858708268191,8.5894401239781,13.422920780561));
#3255=CARTESIAN_POINT('',(-21.176997807135,8.6336355471416,12.815778939848));
#3256=CARTESIAN_POINT('',(-21.493495991138,8.6629260207545,12.205563829428));
#3257=CARTESIAN_POINT('',(-21.809397769905,8.6794756026622,11.591905906011));
#3258=CARTESIAN_POINT('',(-22.12364107793,8.6778388573226,10.974320721138));
#3259=CARTESIAN_POINT('',(-22.32433040614,8.6885581979165,10.576944254563));
#3260=CARTESIAN_POINT('',(-22.42578630834,8.6915937006031,10.376833531618));
#3261=CARTESIAN_POINT('',(-17.430019330705,6.4626933979677,19.670578905336));
#3262=CARTESIAN_POINT('',(-17.539872422406,6.5628934254724,19.501902249145));
#3263=CARTESIAN_POINT('',(-17.759753032192,6.7630653318329,19.164189173032));
#3264=CARTESIAN_POINT('',(-18.092508238976,7.0535889660047,18.651674496258));
#3265=CARTESIAN_POINT('',(-18.429740020792,7.3284180368227,18.128382485886));
#3266=CARTESIAN_POINT('',(-18.770162002296,7.577277458991,17.593142059766));
#3267=CARTESIAN_POINT('',(-19.11248757233,7.7992139223827,17.045567780788));
#3268=CARTESIAN_POINT('',(-19.452961575676,7.992477130239,16.485952588367));
#3269=CARTESIAN_POINT('',(-19.788308383266,8.1584553657244,15.913995769014));
#3270=CARTESIAN_POINT('',(-20.117473196447,8.2949862365982,15.330741442641));
#3271=CARTESIAN_POINT('',(-20.442337154048,8.40344015692,14.739127472695));
#3272=CARTESIAN_POINT('',(-20.764800406082,8.4877826009422,14.141608812536));
#3273=CARTESIAN_POINT('',(-21.085588497189,8.5516717421428,13.539363535955));
#3274=CARTESIAN_POINT('',(-21.405026699966,8.5960906764813,12.932506141512));
#3275=CARTESIAN_POINT('',(-21.722742820355,8.6263512786519,12.322624832409));
#3276=CARTESIAN_POINT('',(-22.039598215042,8.6404196268803,11.707958374465));
#3277=CARTESIAN_POINT('',(-22.349207123247,8.6467951992686,11.096497337474));
#3278=CARTESIAN_POINT('',(-22.552027085405,8.6509130596976,10.695463215527));
#3279=CARTESIAN_POINT('',(-22.653219986261,8.654501477002,10.495737141803));
#3280=CARTESIAN_POINT('',(-16.7846716017266,8.29373869129408,14.4887926809615));
#3281=CARTESIAN_POINT('',(-16.7846716017268,8.7292615693696,14.4887926809621));
#3282=CARTESIAN_POINT('',(-16.7846716017262,8.78076677793684,14.4887926809619));
#3283=CARTESIAN_POINT('',(-16.7846716017262,8.78076677793684,14.4887926809619));
#3284=CARTESIAN_POINT('',(-16.8297844253487,8.76842304019537,14.5250716187277));
#3285=CARTESIAN_POINT('',(-16.87488493615,8.75600491523301,14.5613406547391));
#3286=CARTESIAN_POINT('',(-16.9199715705871,8.7435046031967,14.5975985316235));
#3287=CARTESIAN_POINT('',(-16.9199715705871,8.7435046031967,14.5975985316235));
#3288=CARTESIAN_POINT('',(-16.9199715705871,8.25984731747611,14.5975985316235));
#3289=CARTESIAN_POINT('',(-16.9199715705871,8.69193870302516,14.5975985316235));
#3290=CARTESIAN_POINT('',(-16.7846716017268,8.7292615693696,14.4887926809621));
#3291=CARTESIAN_POINT('',(-16.8297845831138,8.71689842306587,14.5250717455993));
#3292=CARTESIAN_POINT('',(-16.8748850907014,8.70446003343496,14.5613407790265));
#3293=CARTESIAN_POINT('',(-16.9199715705871,8.69193870302516,14.5975985316235));
#3294=CARTESIAN_POINT('',(-16.7846716017266,8.29373869129408,14.4887926809615));
#3295=CARTESIAN_POINT('',(-16.9199715705871,8.7435046031967,14.5975985316235));
#3296=CARTESIAN_POINT('',(-17.0543028572443,8.76995314833822,14.4361270834363));
#3297=CARTESIAN_POINT('',(-17.18885777589,8.79318709637102,14.2743868208728));
#3298=CARTESIAN_POINT('',(-17.323610793524,8.81357347130218,14.1124084355954));
#3299=CARTESIAN_POINT('',(-17.323610793524,8.81357347130218,14.1124084355954));
#3300=CARTESIAN_POINT('',(-16.9199715705871,8.75984731747611,14.5975985316235));
#3301=CARTESIAN_POINT('',(-17.0762245197546,8.78064527145515,14.4097763897126));
#3302=CARTESIAN_POINT('',(-17.2324774689221,8.80144322543419,14.2219542478017));
#3303=CARTESIAN_POINT('',(-17.3887304180897,8.82224117941323,14.0341321058908));
#3304=CARTESIAN_POINT('',(-17.3887304180897,8.82224117941323,14.0341321058908));
#3305=CARTESIAN_POINT('',(-17.3887304180897,8.32224117941323,14.0341321058908));
#3306=CARTESIAN_POINT('',(-17.3887304180897,8.77201725398378,14.0341321058908));
#3307=CARTESIAN_POINT('',(-16.9199715705871,8.69193870302516,14.5975985316235));
#3308=CARTESIAN_POINT('',(-17.0759334649231,8.72279706923757,14.4101262489771));
#3309=CARTESIAN_POINT('',(-17.23219973667,8.74929924958685,14.222288092806));
#3310=CARTESIAN_POINT('',(-17.3887304180897,8.77201725398387,14.0341321058908));
#3311=CARTESIAN_POINT('',(-16.9199715705871,8.25984731747611,14.5975985316235));
#3312=CARTESIAN_POINT('',(-17.3887304180897,8.82224117941323,14.0341321058908));
#3313=CARTESIAN_POINT('',(-17.4013043044219,8.81412016754806,14.0702443272275));
#3314=CARTESIAN_POINT('',(-17.4102102811492,8.80551094080074,14.1107655190317));
#3315=CARTESIAN_POINT('',(-17.4205584471243,8.78758023548578,14.199308918206));
#3316=CARTESIAN_POINT('',(-17.423728204644,8.76948261670037,14.2923568135334));
#3317=CARTESIAN_POINT('',(-17.4250519404858,8.7096785617299,14.6044653804159));
#3318=CARTESIAN_POINT('',(-17.4324788301111,8.684747145011,14.7311007180943));
#3319=CARTESIAN_POINT('',(-17.4581633752007,8.65050742767619,14.8971824597352));
#3320=CARTESIAN_POINT('',(-17.4786260491424,8.63538651813726,14.9659135924239));
#3321=CARTESIAN_POINT('',(-17.5359612406065,8.60901825969033,15.0748152602242));
#3322=CARTESIAN_POINT('',(-17.573334187183,8.59665510430915,15.1205683545646));
#3323=CARTESIAN_POINT('',(-17.7095146330643,8.56254317925159,15.2300822693307));
#3324=CARTESIAN_POINT('',(-17.8118891333139,8.5471234674565,15.2589372635529));
#3325=CARTESIAN_POINT('',(-18.0410849073249,8.53079623679089,15.2283802150057));
#3326=CARTESIAN_POINT('',(-18.1442327208885,8.5328171151512,15.1656288220265));
#3327=CARTESIAN_POINT('',(-18.3266500919041,8.55709766862282,14.9463560241148));
#3328=CARTESIAN_POINT('',(-18.3708549101085,8.57378941529741,14.836694288894));
#3329=CARTESIAN_POINT('',(-18.36565461326,8.61649823830203,14.6159557898787));
#3330=CARTESIAN_POINT('',(-18.3139870295252,8.64131237777125,14.5123150213858));
#3331=CARTESIAN_POINT('',(-18.2142957767467,8.66947328356124,14.4154654915579));
#3332=CARTESIAN_POINT('',(-17.4139759623188,8.79883415162292,14.1437804208367));
#3333=CARTESIAN_POINT('',(-17.4139759623188,8.79883415162278,14.1437804208367));
#3334=CARTESIAN_POINT('',(-17.4173628775338,8.79334133114759,14.1691885658236));
#3335=CARTESIAN_POINT('',(-17.4189180472708,8.78789368515367,14.1949402906764));
#3336=CARTESIAN_POINT('',(-17.4213185855306,8.7769375744026,14.2464884819985));
#3337=CARTESIAN_POINT('',(-17.4220811134188,8.77144123624523,14.2722666553117));
#3338=CARTESIAN_POINT('',(-17.4238333504184,8.75482724304422,14.3495838096044));
#3339=CARTESIAN_POINT('',(-17.4240626891616,8.74360303958579,14.4011135827185));
#3340=CARTESIAN_POINT('',(-17.424807724315,8.72066122149574,14.5040603816538));
#3341=CARTESIAN_POINT('',(-17.4258121305411,8.70890455391829,14.5554563966634));
#3342=CARTESIAN_POINT('',(-17.4299396267303,8.68478369980959,14.6579037646109));
#3343=CARTESIAN_POINT('',(-17.4329510114147,8.67242295526631,14.7089802417956));
#3344=CARTESIAN_POINT('',(-17.4410434921912,8.65329805330268,14.785173177159));
#3345=CARTESIAN_POINT('',(-17.4444425832206,8.64681911554496,14.8104906317609));
#3346=CARTESIAN_POINT('',(-17.4533267283027,8.63361416674977,14.8609022155684));
#3347=CARTESIAN_POINT('',(-17.4587441244392,8.62688904930982,14.8860136438512));
#3348=CARTESIAN_POINT('',(-17.4720909058894,8.6133721682557,14.9351872329022));
#3349=CARTESIAN_POINT('',(-17.4800215405109,8.60655964780693,14.9593328599558));
#3350=CARTESIAN_POINT('',(-17.4995082635323,8.59284694994271,15.0063712336501));
#3351=CARTESIAN_POINT('',(-17.5113657853182,8.58588788924616,15.0293913313589));
#3352=CARTESIAN_POINT('',(-17.5384333013672,8.57235588948773,15.0725579545787));
#3353=CARTESIAN_POINT('',(-17.5536582494253,8.56575520464892,15.0928107386749));
#3354=CARTESIAN_POINT('',(-17.5877180808162,8.55294674373501,15.1304895004294));
#3355=CARTESIAN_POINT('',(-17.6067383014401,8.54670184072225,15.147997128399));
#3356=CARTESIAN_POINT('',(-17.6478035981134,8.5348376753873,15.1796204982416));
#3357=CARTESIAN_POINT('',(-17.6694407158924,8.52929435313923,15.1935791413908));
#3358=CARTESIAN_POINT('',(-17.7152898671386,8.51914717579936,15.2171902221798));
#3359=CARTESIAN_POINT('',(-17.7397775647755,8.5145014980248,15.2269143713863));
#3360=CARTESIAN_POINT('',(-17.7905070352555,8.50654001782369,15.2409387540778));
#3361=CARTESIAN_POINT('',(-17.8162906853196,8.50327973782811,15.245173651362));
#3362=CARTESIAN_POINT('',(-17.8686366061411,8.49809888515535,15.2484819812531));
#3363=CARTESIAN_POINT('',(-17.895467249624,8.4961708800263,15.2475008392074));
#3364=CARTESIAN_POINT('',(-17.9480513532833,8.4936126232326,15.2410289000075));
#3365=CARTESIAN_POINT('',(-17.9738545735668,8.49302503055885,15.2353666226425));
#3366=CARTESIAN_POINT('',(-18.0244173050998,8.49329384721574,15.2188656589714));
#3367=CARTESIAN_POINT('',(-18.04898196013,8.49415345366628,15.2080708351942));
#3368=CARTESIAN_POINT('',(-18.0952569544143,8.49706385226751,15.1826570980581));
#3369=CARTESIAN_POINT('',(-18.1172673849009,8.49911889657725,15.1679292512019));
#3370=CARTESIAN_POINT('',(-18.1591104950216,8.50418583362142,15.1351843709258));
#3371=CARTESIAN_POINT('',(-18.1785364732215,8.50714210163532,15.1175098696075));
#3372=CARTESIAN_POINT('',(-18.2150958033684,8.51366244451635,15.0801577369599));
#3373=CARTESIAN_POINT('',(-18.2322278701185,8.51722697935322,15.0604790038699));
#3374=CARTESIAN_POINT('',(-18.2646503122172,8.52480788894961,15.0195059423298));
#3375=CARTESIAN_POINT('',(-18.279973941909,8.52886676421385,14.9980304520779));
#3376=CARTESIAN_POINT('',(-18.3076205303246,8.53747418581385,14.9536378813729));
#3377=CARTESIAN_POINT('',(-18.319936499093,8.54201226245621,14.9307685737979));
#3378=CARTESIAN_POINT('',(-18.3409268495724,8.55166687466445,14.8834064605682));
#3379=CARTESIAN_POINT('',(-18.3496470304861,8.55682175689717,14.8587348434152));
#3380=CARTESIAN_POINT('',(-18.3623874090093,8.56768287092494,14.8082123933969));
#3381=CARTESIAN_POINT('',(-18.3663392301659,8.57330857533276,14.7827301542383));
#3382=CARTESIAN_POINT('',(-18.3691850802336,8.58498158456241,14.7313064582372));
#3383=CARTESIAN_POINT('',(-18.3680566985426,8.59109630701492,14.7050733448293));
#3384=CARTESIAN_POINT('',(-18.360307447843,8.60332928965616,14.6542074746382));
#3385=CARTESIAN_POINT('',(-18.3537864570508,8.60947030230263,14.629445849508));
#3386=CARTESIAN_POINT('',(-18.335835569287,8.62181801491441,14.581172851173));
#3387=CARTESIAN_POINT('',(-18.32435689241,8.62802102992308,14.557693618827));
#3388=CARTESIAN_POINT('',(-18.2849640223714,8.64603476482651,14.4915153752135));
#3389=CARTESIAN_POINT('',(-18.2516219351,8.6575949970506,14.4517276588599));
#3390=CARTESIAN_POINT('',(-18.2142957767467,8.66869442060431,14.4154654915579));
#3391=CARTESIAN_POINT('',(-18.2142957767467,8.66869442060431,14.4154654915579));
#3392=CARTESIAN_POINT('',(-18.2142957767467,8.16947328356124,14.4154654915579));
#3393=CARTESIAN_POINT('',(-18.2142957767467,8.61737530682333,14.4154654915579));
#3394=CARTESIAN_POINT('',(-17.3887304180897,8.77201725398378,14.0341321058908));
#3395=CARTESIAN_POINT('',(-17.4065585585445,8.76019748591199,14.0853345533377));
#3396=CARTESIAN_POINT('',(-17.41508922786,8.74870778103709,14.1382280248874));
#3397=CARTESIAN_POINT('',(-17.4202786623327,8.73151854940753,14.2189024106972));
#3398=CARTESIAN_POINT('',(-17.4212579513237,8.72577425510665,14.2458955344674));
#3399=CARTESIAN_POINT('',(-17.4227906891319,8.71421193050187,14.2998016568073));
#3400=CARTESIAN_POINT('',(-17.4232907035435,8.70839138440873,14.326751020634));
#3401=CARTESIAN_POINT('',(-17.424365594583,8.6907758062265,14.4075733179062));
#3402=CARTESIAN_POINT('',(-17.4242318768347,8.67884646580252,14.4614425271253));
#3403=CARTESIAN_POINT('',(-17.4262373762323,8.6542945375081,14.5689311095224));
#3404=CARTESIAN_POINT('',(-17.4280419331916,8.64170566405599,14.6225363305991));
#3405=CARTESIAN_POINT('',(-17.4347858838727,8.61580200908535,14.7293244157269));
#3406=CARTESIAN_POINT('',(-17.4395392920785,8.60249761323757,14.7825243644936));
#3407=CARTESIAN_POINT('',(-17.4534367472558,8.58173117239802,14.861597255585));
#3408=CARTESIAN_POINT('',(-17.4591314965049,8.57467606077362,14.8878473894579));
#3409=CARTESIAN_POINT('',(-17.4733009098482,8.56049392374276,14.9391898550715));
#3410=CARTESIAN_POINT('',(-17.4817746500934,8.55334415424068,14.9643740057946));
#3411=CARTESIAN_POINT('',(-17.5028186201435,8.53895202926403,15.0133286351595));
#3412=CARTESIAN_POINT('',(-17.5156835188942,8.53166400235467,15.0371770484504));
#3413=CARTESIAN_POINT('',(-17.5449169502007,8.51757123758918,15.0815827330579));
#3414=CARTESIAN_POINT('',(-17.5613982364472,8.51071120197,15.1023200440517));
#3415=CARTESIAN_POINT('',(-17.5983556417223,8.4974356691585,15.1406698262861));
#3416=CARTESIAN_POINT('',(-17.6191314172834,8.49095951767721,15.1584158455094));
#3417=CARTESIAN_POINT('',(-17.6631224913402,8.47890064207344,15.1897294971048));
#3418=CARTESIAN_POINT('',(-17.6863654739746,8.47331645095192,15.2032955881716));
#3419=CARTESIAN_POINT('',(-17.7357927640023,8.46323316331992,15.2255128928596));
#3420=CARTESIAN_POINT('',(-17.7623445604164,8.45869931391558,15.2341827155116));
#3421=CARTESIAN_POINT('',(-17.8159435599569,8.45130591095865,15.2452438211482));
#3422=CARTESIAN_POINT('',(-17.8431905530451,8.44838314446811,15.2478072651552));
#3423=CARTESIAN_POINT('',(-17.8985138919726,8.44396684261769,15.2474302620366));
#3424=CARTESIAN_POINT('',(-17.926426033519,8.44245426709675,15.2446081330226));
#3425=CARTESIAN_POINT('',(-17.9805788234514,8.44098232927751,15.2336613324381));
#3426=CARTESIAN_POINT('',(-18.0073397101456,8.44103862805865,15.2253203333001));
#3427=CARTESIAN_POINT('',(-18.0585483862221,8.4426622913702,15.2035286549435));
#3428=CARTESIAN_POINT('',(-18.082755124807,8.44420139924323,15.1902564668011));
#3429=CARTESIAN_POINT('',(-18.1288046863563,8.44846072419129,15.1596868413493));
#3430=CARTESIAN_POINT('',(-18.1507060182482,8.45120033214288,15.1422926085497));
#3431=CARTESIAN_POINT('',(-18.1912838904582,8.45742256563037,15.1052789683209));
#3432=CARTESIAN_POINT('',(-18.2101628235784,8.46091983861641,15.0855427082458));
#3433=CARTESIAN_POINT('',(-18.245730606484,8.46847017559202,15.044152717008));
#3434=CARTESIAN_POINT('',(-18.2625008417903,8.4724989558414,15.0225695935531));
#3435=CARTESIAN_POINT('',(-18.3091275551371,8.48550895157815,14.9545927914467));
#3436=CARTESIAN_POINT('',(-18.334285329673,8.4951523259559,14.9063672282828));
#3437=CARTESIAN_POINT('',(-18.3582224559116,8.5117939871967,14.8280747232946));
#3438=CARTESIAN_POINT('',(-18.3637007893221,8.51762338319115,14.8013887763268));
#3439=CARTESIAN_POINT('',(-18.3690822368849,8.5296673337911,14.7478348068145));
#3440=CARTESIAN_POINT('',(-18.3690722855722,8.5359789838034,14.7205150293995));
#3441=CARTESIAN_POINT('',(-18.3630093191923,8.54878790569367,14.6668074963001));
#3442=CARTESIAN_POINT('',(-18.3570428772778,8.55521608434734,14.6406977652168));
#3443=CARTESIAN_POINT('',(-18.3396885351762,8.56814003865616,14.5898585854815));
#3444=CARTESIAN_POINT('',(-18.3281779005076,8.57467240428511,14.5650087727775));
#3445=CARTESIAN_POINT('',(-18.2879993954785,8.59362519627135,14.4951334052835));
#3446=CARTESIAN_POINT('',(-18.2533300007603,8.60574980108513,14.4533870357009));
#3447=CARTESIAN_POINT('',(-18.2142957767467,8.61737530682354,14.4154654915579));
#3448=CARTESIAN_POINT('',(-17.3887304180897,8.32224117941323,14.0341321058908));
#3449=CARTESIAN_POINT('',(-17.4013043044219,8.31412016754806,14.0702443272275));
#3450=CARTESIAN_POINT('',(-17.4102102811492,8.30551094080074,14.1107655190317));
#3451=CARTESIAN_POINT('',(-17.4205584471243,8.28758023548578,14.199308918206));
#3452=CARTESIAN_POINT('',(-17.423728204644,8.26948261670037,14.2923568135334));
#3453=CARTESIAN_POINT('',(-17.4250519404858,8.2096785617299,14.6044653804159));
#3454=CARTESIAN_POINT('',(-17.4324788301111,8.184747145011,14.7311007180943));
#3455=CARTESIAN_POINT('',(-17.4581633752007,8.15050742767619,14.8971824597352));
#3456=CARTESIAN_POINT('',(-17.4786260491424,8.13538651813726,14.9659135924239));
#3457=CARTESIAN_POINT('',(-17.5359612406065,8.10901825969032,15.0748152602242));
#3458=CARTESIAN_POINT('',(-17.573334187183,8.09665510430915,15.1205683545646));
#3459=CARTESIAN_POINT('',(-17.7095146330643,8.06254317925159,15.2300822693307));
#3460=CARTESIAN_POINT('',(-17.8118891333139,8.0471234674565,15.2589372635529));
#3461=CARTESIAN_POINT('',(-18.0410849073249,8.03079623679089,15.2283802150057));
#3462=CARTESIAN_POINT('',(-18.1442327208885,8.0328171151512,15.1656288220265));
#3463=CARTESIAN_POINT('',(-18.3266500919041,8.05709766862282,14.9463560241148));
#3464=CARTESIAN_POINT('',(-18.3708549101085,8.07378941529741,14.836694288894));
#3465=CARTESIAN_POINT('',(-18.36565461326,8.11649823830203,14.6159557898787));
#3466=CARTESIAN_POINT('',(-18.3139870295252,8.14131237777125,14.5123150213858));
#3467=CARTESIAN_POINT('',(-18.2142957767467,8.16947328356124,14.4154654915579));
#3468=CARTESIAN_POINT('',(-18.2142957767467,8.66869442060431,14.4154654915579));
#3469=CARTESIAN_POINT('',(-18.1692056281498,8.6633895691876,14.4598489159512));
#3470=CARTESIAN_POINT('',(-18.124129270617,8.65784822508502,14.5042187654359));
#3471=CARTESIAN_POINT('',(-18.0790691973869,8.65206205839377,14.5485725858513));
#3472=CARTESIAN_POINT('',(-18.0790691973869,8.65206205839377,14.5485725858513));
#3473=CARTESIAN_POINT('',(-18.0790691973869,8.1571031417616,14.5485725858513));
#3474=CARTESIAN_POINT('',(-18.0790691973869,8.60064950391422,14.5485725858513));
#3475=CARTESIAN_POINT('',(-18.2142957767467,8.61737530682333,14.4154654915579));
#3476=CARTESIAN_POINT('',(-18.1692054683128,8.61204057131206,14.459849073283));
#3477=CARTESIAN_POINT('',(-18.1241291012676,8.60646810411637,14.504218932131));
#3478=CARTESIAN_POINT('',(-18.0790691973869,8.60064950391453,14.5485725858513));
#3479=CARTESIAN_POINT('',(-18.2142957767467,8.16947328356124,14.4154654915579));
#3480=CARTESIAN_POINT('',(-18.0790691973869,8.65206205839377,14.5485725858513));
#3481=CARTESIAN_POINT('',(-18.107461428215,8.64436742872555,14.5717951823424));
#3482=CARTESIAN_POINT('',(-18.1328274428515,8.63632482602987,14.5976895655092));
#3483=CARTESIAN_POINT('',(-18.1634305137657,8.62334753458187,14.6430875241945));
#3484=CARTESIAN_POINT('',(-18.1721575805896,8.61894101422964,14.6590828658352));
#3485=CARTESIAN_POINT('',(-18.1859273526934,8.61009881628808,14.6924262492063));
#3486=CARTESIAN_POINT('',(-18.1910540662449,8.6055842643565,14.7100840805501));
#3487=CARTESIAN_POINT('',(-18.1971393212516,8.59675186137005,14.7458760555756));
#3488=CARTESIAN_POINT('',(-18.1982013470123,8.59245043485704,14.7639029434925));
#3489=CARTESIAN_POINT('',(-18.1964714417434,8.5840599285024,14.8002088136983));
#3490=CARTESIAN_POINT('',(-18.1935472264636,8.57997774692604,14.8185029930605));
#3491=CARTESIAN_POINT('',(-18.1840094989475,8.57241190382394,14.8536396488373));
#3492=CARTESIAN_POINT('',(-18.1773700713052,8.56886149380392,14.8707745123664));
#3493=CARTESIAN_POINT('',(-18.160936550034,8.56225172595388,14.9038757026085));
#3494=CARTESIAN_POINT('',(-18.1513416660249,8.55925904144082,14.9194981167932));
#3495=CARTESIAN_POINT('',(-18.130033922621,8.55375066865397,14.9493159471964));
#3496=CARTESIAN_POINT('',(-18.1183923376518,8.55121689396796,14.9635590092529));
#3497=CARTESIAN_POINT('',(-18.0929452444259,8.54664711012709,14.9905891022646));
#3498=CARTESIAN_POINT('',(-18.0792008196066,8.54465306812084,15.0031854281689));
#3499=CARTESIAN_POINT('',(-18.0498275990021,8.54148256219995,15.0256179104106));
#3500=CARTESIAN_POINT('',(-18.0340268045269,8.54028793409354,15.0355843699589));
#3501=CARTESIAN_POINT('',(-18.000392934042,8.53890720531439,15.0521353420632));
#3502=CARTESIAN_POINT('',(-17.9830153363008,8.53873616351493,15.0585121463608));
#3503=CARTESIAN_POINT('',(-17.9471584718515,8.53943493079191,15.0675344084038));
#3504=CARTESIAN_POINT('',(-17.9284459199718,8.54031986068649,15.0701971304316));
#3505=CARTESIAN_POINT('',(-17.8912937483717,8.54302135315866,15.07181625556));
#3506=CARTESIAN_POINT('',(-17.8728797563808,8.54485120872818,15.0707132363184));
#3507=CARTESIAN_POINT('',(-17.836421926374,8.5496084532353,15.0641453969183));
#3508=CARTESIAN_POINT('',(-17.8185452274573,8.55253360896509,15.0586350537895));
#3509=CARTESIAN_POINT('',(-17.7851114579303,8.55913746628687,15.0439231421997));
#3510=CARTESIAN_POINT('',(-17.7691555310124,8.56288689582362,15.0345761432332));
#3511=CARTESIAN_POINT('',(-17.7395828700721,8.57088383997265,15.0131150314949));
#3512=CARTESIAN_POINT('',(-17.7260382466873,8.57510824855521,15.0010683410707));
#3513=CARTESIAN_POINT('',(-17.7016313431027,8.58402777045771,14.9741257557975));
#3514=CARTESIAN_POINT('',(-17.6908164555919,8.58867049284696,14.9594168665182));
#3515=CARTESIAN_POINT('',(-17.6719121368524,8.59796688215152,14.9288741659463));
#3516=CARTESIAN_POINT('',(-17.6637094253337,8.60266268033274,14.9129127293872));
#3517=CARTESIAN_POINT('',(-17.649240380542,8.61210742943783,14.8799142104781));
#3518=CARTESIAN_POINT('',(-17.6429767735034,8.61686499014039,14.862839965844));
#3519=CARTESIAN_POINT('',(-17.6268163219548,8.63087362066952,14.8114353506619));
#3520=CARTESIAN_POINT('',(-17.6195616952233,8.63996880150978,14.7764832333775));
#3521=CARTESIAN_POINT('',(-17.6090935787567,8.65776321747937,14.7057659281043));
#3522=CARTESIAN_POINT('',(-17.6056206248899,8.66647386592631,14.6700493827623));
#3523=CARTESIAN_POINT('',(-17.5978455023034,8.69214151732911,14.5623156502824));
#3524=CARTESIAN_POINT('',(-17.5961982343618,8.70855511167736,14.4900489760279));
#3525=CARTESIAN_POINT('',(-17.5958706533597,8.7322788671484,14.3815600458168));
#3526=CARTESIAN_POINT('',(-17.5963905474215,8.74002048318517,14.3453478549512));
#3527=CARTESIAN_POINT('',(-17.5957301502903,8.75542146930101,14.2729394760056));
#3528=CARTESIAN_POINT('',(-17.5947767559198,8.76306803294016,14.2367073579558));
#3529=CARTESIAN_POINT('',(-17.5928743964376,8.77067503113489,14.2005499938948));
#3530=CARTESIAN_POINT('',(-17.5928743964377,8.77067503113488,14.2005499938947));
#3531=CARTESIAN_POINT('',(-18.0790691973869,8.6571031417616,14.5485725858513));
#3532=CARTESIAN_POINT('',(-18.1504857661369,8.63902636187695,14.6069856837478));
#3533=CARTESIAN_POINT('',(-18.1897193839777,8.62263274642615,14.6728769819241));
#3534=CARTESIAN_POINT('',(-18.2033072249023,8.59319968571796,14.8199393434944));
#3535=CARTESIAN_POINT('',(-18.1785896102184,8.58208530134302,14.8905726870263));
#3536=CARTESIAN_POINT('',(-18.0685523220723,8.56743885487891,15.0228418010481));
#3537=CARTESIAN_POINT('',(-18.0056559669706,8.566497498882,15.0595841736378));
#3538=CARTESIAN_POINT('',(-17.8625737371149,8.57677785800964,15.0782021440356));
#3539=CARTESIAN_POINT('',(-17.7989564073434,8.58638198551023,15.0601558416246));
#3540=CARTESIAN_POINT('',(-17.6897772567661,8.61373033922018,14.9723558927172));
#3541=CARTESIAN_POINT('',(-17.6517662754603,8.63028669296503,14.9049949377184));
#3542=CARTESIAN_POINT('',(-17.6049103789249,8.66996406276525,14.7211845062092));
#3543=CARTESIAN_POINT('',(-17.5946040089587,8.69957178657528,14.5715485637609));
#3544=CARTESIAN_POINT('',(-17.5970594718083,8.76442040421452,14.2311447957147));
#3545=CARTESIAN_POINT('',(-17.5906457017056,8.78573321227037,14.122922431418));
#3546=CARTESIAN_POINT('',(-17.5611842403637,8.820314874639,13.9569630278487));
#3547=CARTESIAN_POINT('',(-17.5360854327325,8.83645083363068,13.8852685379077));
#3548=CARTESIAN_POINT('',(-17.5008122846108,8.85154115824934,13.8241899299126));
#3549=CARTESIAN_POINT('',(-17.4794850146269,8.86066524964531,13.7872598561223));
#3550=CARTESIAN_POINT('',(-17.4510153640434,8.8694850204488,13.7555346983421));
#3551=CARTESIAN_POINT('',(-17.4165301629924,8.8778418416569,13.729274035112));
#3552=CARTESIAN_POINT('',(-17.4165301629924,8.8778418416569,13.729274035112));
#3553=CARTESIAN_POINT('',(-17.4165301629924,8.3778418416569,13.729274035112));
#3554=CARTESIAN_POINT('',(-17.4165301629924,8.82728641810001,13.729274035112));
#3555=CARTESIAN_POINT('',(-18.0790691973869,8.60064950391422,14.5485725858514));
#3556=CARTESIAN_POINT('',(-18.0974994033654,8.59564715765855,14.5636470348891));
#3557=CARTESIAN_POINT('',(-18.1146229912736,8.5904928556723,14.5798745007831));
#3558=CARTESIAN_POINT('',(-18.1453434313477,8.57975770063013,14.6154365517158));
#3559=CARTESIAN_POINT('',(-18.1590776640347,8.57409608207236,14.6350726306436));
#3560=CARTESIAN_POINT('',(-18.1806158844868,8.56266839252341,14.676800352415));
#3561=CARTESIAN_POINT('',(-18.1885548945873,8.55683547637687,14.6991314756902));
#3562=CARTESIAN_POINT('',(-18.1975777848265,8.54527330006462,14.7455202401814));
#3563=CARTESIAN_POINT('',(-18.1987431147534,8.53968635898384,14.7689358472961));
#3564=CARTESIAN_POINT('',(-18.1944820843114,8.52887240634859,14.8161974798531));
#3565=CARTESIAN_POINT('',(-18.1889223225828,8.52380783826683,14.8394015568908));
#3566=CARTESIAN_POINT('',(-18.1719758636787,8.51456002201097,14.883776490787));
#3567=CARTESIAN_POINT('',(-18.1605140848689,8.51034249994805,14.9051147951574));
#3568=CARTESIAN_POINT('',(-18.1340547944151,8.5028870284793,14.9446344043189));
#3569=CARTESIAN_POINT('',(-18.1190922147846,8.49954645495314,14.9632260883833));
#3570=CARTESIAN_POINT('',(-18.0855304656788,8.49370410766847,14.9979630228344));
#3571=CARTESIAN_POINT('',(-18.0671866928504,8.49131423064921,15.0135725629517));
#3572=CARTESIAN_POINT('',(-18.026937412023,8.48800108344278,15.0399826456666));
#3573=CARTESIAN_POINT('',(-18.004748615709,8.48709956087774,15.0507911621843));
#3574=CARTESIAN_POINT('',(-17.9705129310119,8.4871255204235,15.0618808452116));
#3575=CARTESIAN_POINT('',(-17.9588676955704,8.48735394425921,15.064787168234));
#3576=CARTESIAN_POINT('',(-17.9351145991674,8.48825105962019,15.0690329564447));
#3577=CARTESIAN_POINT('',(-17.9229239659561,8.48892163822576,15.0703919298671));
#3578=CARTESIAN_POINT('',(-17.8867350592601,8.49151270104806,15.0721012009365));
#3579=CARTESIAN_POINT('',(-17.8628234932457,8.49405640124044,15.0700143057818));
#3580=CARTESIAN_POINT('',(-17.8158844457762,8.50103427282353,15.0582718386688));
#3581=CARTESIAN_POINT('',(-17.7940772175393,8.50528220465129,15.0489391887154));
#3582=CARTESIAN_POINT('',(-17.7532926949822,8.51504824092526,15.0243711911287));
#3583=CARTESIAN_POINT('',(-17.7346420018898,8.52042936031072,15.0095590228909));
#3584=CARTESIAN_POINT('',(-17.7021423358535,8.53188984122562,14.9754469511401));
#3585=CARTESIAN_POINT('',(-17.6882196095443,8.53796345541393,14.9561871313588));
#3586=CARTESIAN_POINT('',(-17.6647985762005,8.55010263901209,14.9159199602855));
#3587=CARTESIAN_POINT('',(-17.6550706386326,8.55625837356141,14.8946353022154));
#3588=CARTESIAN_POINT('',(-17.6386009464007,8.56858076739353,14.8506303850226));
#3589=CARTESIAN_POINT('',(-17.6319346510405,8.57463857191298,14.8283249007117));
#3590=CARTESIAN_POINT('',(-17.6211241651594,8.58656143996986,14.7832199367692));
#3591=CARTESIAN_POINT('',(-17.6171023462462,8.59242131810269,14.7603975507685));
#3592=CARTESIAN_POINT('',(-17.6104730930406,8.60398632100443,14.7144638523297));
#3593=CARTESIAN_POINT('',(-17.6078986778015,8.60969023854905,14.6913464080842));
#3594=CARTESIAN_POINT('',(-17.6015706551347,8.62659573198086,14.6216953985232));
#3595=CARTESIAN_POINT('',(-17.5991866378206,8.63759352882386,14.5748574829528));
#3596=CARTESIAN_POINT('',(-17.5963033582,8.65900340228203,14.481198948365));
#3597=CARTESIAN_POINT('',(-17.5958400254791,8.66943378051788,14.4342894623259));
#3598=CARTESIAN_POINT('',(-17.5960514621715,8.6847157075965,14.3638267991827));
#3599=CARTESIAN_POINT('',(-17.5962774267642,8.68974862397714,14.3403226506871));
#3600=CARTESIAN_POINT('',(-17.5959643726959,8.69978321069205,14.2933228099103));
#3601=CARTESIAN_POINT('',(-17.5955483970811,8.70477478566444,14.2698224207337));
#3602=CARTESIAN_POINT('',(-17.5932919153971,8.71969573167523,14.1993296249671));
#3603=CARTESIAN_POINT('',(-17.5905141439039,8.72955778493766,14.1523723682938));
#3604=CARTESIAN_POINT('',(-17.5800877306273,8.74920097668974,14.0593347968436));
#3605=CARTESIAN_POINT('',(-17.5722266367321,8.75900586867475,14.0132347647882));
#3606=CARTESIAN_POINT('',(-17.5535199149015,8.77390998106787,13.9452297273341));
#3607=CARTESIAN_POINT('',(-17.546112189135,8.77893359774673,13.9226425027771));
#3608=CARTESIAN_POINT('',(-17.5288624187441,8.78890199570954,13.8787314685081));
#3609=CARTESIAN_POINT('',(-17.5190175067142,8.79385767873166,13.8573545397697));
#3610=CARTESIAN_POINT('',(-17.5021635967485,8.80126127173453,13.8262830752692));
#3611=CARTESIAN_POINT('',(-17.4962287449369,8.80372388157551,13.8160767021173));
#3612=CARTESIAN_POINT('',(-17.4829524751901,8.80864586524727,13.7963379354187));
#3613=CARTESIAN_POINT('',(-17.4757539146113,8.81107998179865,13.7868688099453));
#3614=CARTESIAN_POINT('',(-17.4527830286859,8.81823067549287,13.7599214306555));
#3615=CARTESIAN_POINT('',(-17.4355499895235,8.82283086269654,13.7437577337423));
#3616=CARTESIAN_POINT('',(-17.4165301629924,8.82728641810019,13.729274035112));
#3617=CARTESIAN_POINT('',(-18.0790691973869,8.1571031417616,14.5485725858513));
#3618=CARTESIAN_POINT('',(-18.1504857661369,8.13902636187695,14.6069856837478));
#3619=CARTESIAN_POINT('',(-18.1897193839777,8.12263274642615,14.6728769819241));
#3620=CARTESIAN_POINT('',(-18.2033072249023,8.09319968571796,14.8199393434944));
#3621=CARTESIAN_POINT('',(-18.1785896102184,8.08208530134302,14.8905726870263));
#3622=CARTESIAN_POINT('',(-18.0685523220723,8.0674388548789,15.0228418010481));
#3623=CARTESIAN_POINT('',(-18.0056559669706,8.066497498882,15.0595841736378));
#3624=CARTESIAN_POINT('',(-17.8625737371149,8.07677785800964,15.0782021440356));
#3625=CARTESIAN_POINT('',(-17.7989564073434,8.08638198551023,15.0601558416246));
#3626=CARTESIAN_POINT('',(-17.6897772567661,8.11373033922018,14.9723558927172));
#3627=CARTESIAN_POINT('',(-17.6517662754603,8.13028669296503,14.9049949377184));
#3628=CARTESIAN_POINT('',(-17.6049103789249,8.16996406276525,14.7211845062092));
#3629=CARTESIAN_POINT('',(-17.5946040089587,8.19957178657528,14.5715485637609));
#3630=CARTESIAN_POINT('',(-17.5970594718083,8.26442040421452,14.2311447957147));
#3631=CARTESIAN_POINT('',(-17.5906457017056,8.28573321227037,14.122922431418));
#3632=CARTESIAN_POINT('',(-17.5611842403637,8.320314874639,13.9569630278487));
#3633=CARTESIAN_POINT('',(-17.5360854327325,8.33645083363068,13.8852685379077));
#3634=CARTESIAN_POINT('',(-17.5008122846108,8.35154115824934,13.8241899299126));
#3635=CARTESIAN_POINT('',(-17.4794850146269,8.36066524964531,13.7872598561223));
#3636=CARTESIAN_POINT('',(-17.4510153640434,8.3694850204488,13.7555346983421));
#3637=CARTESIAN_POINT('',(-17.4165301629924,8.3778418416569,13.729274035112));
#3638=CARTESIAN_POINT('',(-17.4165301629924,8.8778418416569,13.729274035112));
#3639=CARTESIAN_POINT('',(-17.2059106425705,8.84980745820262,13.9824469170619));
#3640=CARTESIAN_POINT('',(-16.9952911221485,8.82177307474835,14.2356197990117));
#3641=CARTESIAN_POINT('',(-16.7846716017266,8.79373869129408,14.4887926809615));
#3642=CARTESIAN_POINT('',(-17.1535236146791,8.84283451464548,14.0454181687363));
#3643=CARTESIAN_POINT('',(-17.1535236146791,8.84283451464522,14.0454181687362));
#3644=CARTESIAN_POINT('',(-17.0304190525937,8.82458201963115,14.1933946559198));
#3645=CARTESIAN_POINT('',(-16.9074622459413,8.80398992777992,14.3411935353075));
#3646=CARTESIAN_POINT('',(-16.7846716017262,8.78076677793684,14.4887926809619));
#3647=CARTESIAN_POINT('',(-17.4165301629924,8.82728641810001,13.7292740351121));
#3648=CARTESIAN_POINT('',(-17.2054792498376,8.80141003313115,13.9829654679598));
#3649=CARTESIAN_POINT('',(-16.9948300636922,8.76920260264272,14.2361740092667));
#3650=CARTESIAN_POINT('',(-16.7846716017262,8.72926156937253,14.4887926809619));
#3651=CARTESIAN_POINT('',(-17.4165301629924,8.3778418416569,13.729274035112));
#3652=CARTESIAN_POINT('',(-17.5928743964378,8.77067503113491,14.2005499938946));
#3653=CARTESIAN_POINT('',(-17.5329464265951,8.77994096972935,14.1824060030933));
#3654=CARTESIAN_POINT('',(-17.4732530770406,8.78930264154582,14.1636426291519));
#3655=CARTESIAN_POINT('',(-17.4139759623194,8.79883415162306,14.1437804208351));
#3656=CARTESIAN_POINT('',(-17.3236107935241,8.81357347130221,14.1124084355952));
#3657=CARTESIAN_POINT('',(-17.2662877463317,8.82307118370868,14.0917344352879));
#3658=CARTESIAN_POINT('',(-17.2095756841586,8.83281819921211,14.069447472084));
#3659=CARTESIAN_POINT('',(-17.1535236146751,8.84283451464345,14.0454181687467));
#3660=CARTESIAN_POINT('',(-17.8579204166771,8.54485685241513,15.2475047194594));
#3661=CARTESIAN_POINT('',(-16.6606441459891,8.69077249013625,14.6951009188004));
#3662=CARTESIAN_POINT('',(-16.8545180046287,8.7608425204203,14.343298213833));
#3663=CARTESIAN_POINT('',(-17.0471840831981,8.81687548054615,13.9881268395142));
#3664=CARTESIAN_POINT('',(-17.2388796658131,8.86216665406814,13.6303760233998));
#3665=CARTESIAN_POINT('',(-16.8954451226634,8.64134531507406,14.8140792505712));
#3666=CARTESIAN_POINT('',(-17.0895182450927,8.71343110360847,14.4627795561692));
#3667=CARTESIAN_POINT('',(-17.2823575118524,8.77123491213275,14.1080569215885));
#3668=CARTESIAN_POINT('',(-17.4742073903497,8.81800163639709,13.7506712748279));
#3669=CARTESIAN_POINT('',(-17.1302250899365,8.59124159602861,14.9329341468717));
#3670=CARTESIAN_POINT('',(-17.3244542653769,8.66541904794781,14.5821129562194));
#3671=CARTESIAN_POINT('',(-17.5174147991513,8.72504710561546,14.22781785542));
#3672=CARTESIAN_POINT('',(-17.7094078671732,8.77337176591637,13.870803478877));
#3673=CARTESIAN_POINT('',(-17.3649398196367,8.54042063635171,15.0516168867839));
#3674=CARTESIAN_POINT('',(-17.559341222911,8.61671477502288,14.7012928076309));
#3675=CARTESIAN_POINT('',(-17.7524556433698,8.67818349588937,14.3474348071618));
#3676=CARTESIAN_POINT('',(-17.9445843877765,8.72813600696972,13.9908055314571));
#3677=CARTESIAN_POINT('',(-17.599654549337,8.48959967667481,15.1702996266961));
#3678=CARTESIAN_POINT('',(-17.7942281804451,8.56801050209794,14.8204726590423));
#3679=CARTESIAN_POINT('',(-17.9874964875883,8.63131988616329,14.4670517589037));
#3680=CARTESIAN_POINT('',(-18.1797609083798,8.68290024802307,14.1108075840373));
#3681=CARTESIAN_POINT('',(-17.8342159915862,8.4381227381683,15.2887447028346));
#3682=CARTESIAN_POINT('',(-18.0290251829645,8.51867788910129,14.9394759369945));
#3683=CARTESIAN_POINT('',(-18.2225033446402,8.58393936274296,14.5865311007167));
#3684=CARTESIAN_POINT('',(-18.4149240816833,8.63723225274671,14.2307109405239));
#3685=CARTESIAN_POINT('',(-18.0688080909443,8.38594644904809,15.4070937105927));
#3686=CARTESIAN_POINT('',(-18.2638122491883,8.46876588144326,15.0583645610075));
#3687=CARTESIAN_POINT('',(-18.4574468156716,8.53594146694544,14.705868343766));
#3688=CARTESIAN_POINT('',(-18.650019613103,8.59097539222091,14.3504684129714));
#3689=CARTESIAN_POINT('',(-12.674740357723,7.9154119487452,17.47069453472));
#3690=CARTESIAN_POINT('',(-12.782218888613,7.99931833793,17.29049424718));
#3691=CARTESIAN_POINT('',(-12.997262898697,8.1670138887443,16.930185367932));
#3692=CARTESIAN_POINT('',(-13.32368013341,8.4124383918602,16.378943068737));
#3693=CARTESIAN_POINT('',(-13.659916933061,8.6321221803697,15.81321787095));
#3694=CARTESIAN_POINT('',(-13.995280050585,8.8118631746809,15.239459466029));
#3695=CARTESIAN_POINT('',(-14.33247258882,8.9592585192477,14.662627379214));
#3696=CARTESIAN_POINT('',(-14.672159350552,9.0784269807651,14.083491151038));
#3697=CARTESIAN_POINT('',(-15.010080141716,9.1721953993038,13.501404985506));
#3698=CARTESIAN_POINT('',(-15.344496181423,9.2443369579568,12.915768118401));
#3699=CARTESIAN_POINT('',(-15.674965046334,9.2977429962224,12.328427671762));
#3700=CARTESIAN_POINT('',(-16.001632390117,9.3355529440875,11.741829268072));
#3701=CARTESIAN_POINT('',(-16.324366458845,9.3611472756517,11.158589598432));
#3702=CARTESIAN_POINT('',(-16.642487280771,9.3775081313534,10.58106672568));
#3703=CARTESIAN_POINT('',(-16.955362526149,9.3889488509404,10.010746843806));
#3704=CARTESIAN_POINT('',(-17.262429855088,9.3971986224521,9.4476519611078));
#3705=CARTESIAN_POINT('',(-17.564123461579,9.4052054999137,8.8913705147282));
#3706=CARTESIAN_POINT('',(-17.762984171263,9.4100726597272,8.5222189659215));
#3707=CARTESIAN_POINT('',(-17.862400815437,9.4128026236621,8.3377946927614));
#3708=CARTESIAN_POINT('',(-12.897755041437,7.8452227335968,17.58269189259));
#3709=CARTESIAN_POINT('',(-13.005349649605,7.9295608913232,17.402501632179));
#3710=CARTESIAN_POINT('',(-13.220231406104,8.0988992719019,17.041525735017));
#3711=CARTESIAN_POINT('',(-13.54857548089,8.3517532560002,16.491176851103));
#3712=CARTESIAN_POINT('',(-13.886468858485,8.5765533139737,15.922630582145));
#3713=CARTESIAN_POINT('',(-14.214105301021,8.7561601904734,15.348795842619));
#3714=CARTESIAN_POINT('',(-14.551126411218,8.9088069087784,14.769749658707));
#3715=CARTESIAN_POINT('',(-14.888879013173,9.0302268972322,14.190730444578));
#3716=CARTESIAN_POINT('',(-15.224181830009,9.1272884685404,13.605826929385));
#3717=CARTESIAN_POINT('',(-15.555691792545,9.2013441696409,13.016621943274));
#3718=CARTESIAN_POINT('',(-15.884000831561,9.256711685335,12.425576005807));
#3719=CARTESIAN_POINT('',(-16.20916946769,9.2961533675802,11.834462896752));
#3720=CARTESIAN_POINT('',(-16.531055415268,9.3224284589564,11.246711519596));
#3721=CARTESIAN_POINT('',(-16.84946401246,9.3403986190022,10.664254811454));
#3722=CARTESIAN_POINT('',(-17.162319327844,9.349258589477,10.089455977033));
#3723=CARTESIAN_POINT('',(-17.470885618327,9.3619437955573,9.5221406701877));
#3724=CARTESIAN_POINT('',(-17.773266689946,9.3661850542115,8.9604774232821));
#3725=CARTESIAN_POINT('',(-17.971982627857,9.373050429366,8.5930441944289));
#3726=CARTESIAN_POINT('',(-18.071451756928,9.3756616507633,8.4082283116421));
#3727=CARTESIAN_POINT('',(-13.344730167234,7.6940099616291,17.809296547367));
#3728=CARTESIAN_POINT('',(-13.453461037685,7.7799653195556,17.629723735437));
#3729=CARTESIAN_POINT('',(-13.669477923122,7.9473003095397,17.271751851046));
#3730=CARTESIAN_POINT('',(-14.009661463952,8.2247597391134,16.717112584574));
#3731=CARTESIAN_POINT('',(-14.343552069113,8.4557806722287,16.152635065247));
#3732=CARTESIAN_POINT('',(-14.675126879125,8.6478079385007,15.578658313705));
#3733=CARTESIAN_POINT('',(-15.001805428106,8.804997215967,14.99673830776));
#3734=CARTESIAN_POINT('',(-15.327702384993,8.9326160005044,14.408690856696));
#3735=CARTESIAN_POINT('',(-15.651778216153,9.0355410044359,13.815493147861));
#3736=CARTESIAN_POINT('',(-15.973654490776,9.1176687749213,13.217419531862));
#3737=CARTESIAN_POINT('',(-16.294711219851,9.1782922208122,12.614469044705));
#3738=CARTESIAN_POINT('',(-16.61707019479,9.2191136542216,12.012292177243));
#3739=CARTESIAN_POINT('',(-16.94028286667,9.244918754325,11.413404333888));
#3740=CARTESIAN_POINT('',(-17.261051443716,9.2601943375067,10.822267565349));
#3741=CARTESIAN_POINT('',(-17.578778451837,9.278097779432,10.239836036649));
#3742=CARTESIAN_POINT('',(-17.886560013961,9.2773977292196,9.6698911277202));
#3743=CARTESIAN_POINT('',(-18.190676040636,9.2959171250077,9.1101407680171));
#3744=CARTESIAN_POINT('',(-18.391863574897,9.2986373917313,8.7299959090633));
#3745=CARTESIAN_POINT('',(-18.49207829236,9.3013956720278,8.5423969734599));
#3746=CARTESIAN_POINT('',(-14.026292923663,7.4560164956913,18.14086620353));
#3747=CARTESIAN_POINT('',(-14.136374819955,7.5491450693626,17.961980778633));
#3748=CARTESIAN_POINT('',(-14.356204948132,7.7338638555984,17.604888325644));
#3749=CARTESIAN_POINT('',(-14.694908014521,8.0240297105072,17.05588430413));
#3750=CARTESIAN_POINT('',(-15.031752743381,8.2733591884489,16.494908902876));
#3751=CARTESIAN_POINT('',(-15.363964266467,8.4785548096723,15.924869327456));
#3752=CARTESIAN_POINT('',(-15.693695124124,8.6481961455696,15.346318380536));
#3753=CARTESIAN_POINT('',(-16.019869563856,8.7859259074703,14.760462156045));
#3754=CARTESIAN_POINT('',(-16.343691361508,8.8961654751271,14.168226485126));
#3755=CARTESIAN_POINT('',(-16.665445338006,8.9826929579612,13.570660832106));
#3756=CARTESIAN_POINT('',(-16.985323465308,9.0495666178995,12.968689243851));
#3757=CARTESIAN_POINT('',(-17.303481114529,9.0983816066949,12.361896160932));
#3758=CARTESIAN_POINT('',(-17.620271689246,9.1318225930845,11.752022638428));
#3759=CARTESIAN_POINT('',(-17.936327780035,9.1503837078424,11.137529414093));
#3760=CARTESIAN_POINT('',(-18.250374432524,9.153316158241,10.521062052516));
#3761=CARTESIAN_POINT('',(-18.568685992708,9.1805618487688,9.9048070488953));
#3762=CARTESIAN_POINT('',(-18.878331422727,9.1762106352177,9.3012666262498));
#3763=CARTESIAN_POINT('',(-19.079132958607,9.1855213079681,8.9242025736601));
#3764=CARTESIAN_POINT('',(-19.179884375733,9.1886661078487,8.7326472930178));
#3765=CARTESIAN_POINT('',(-14.706107556522,7.1984837157257,18.473120554037));
#3766=CARTESIAN_POINT('',(-14.817070024998,7.2992983256704,18.295187408604));
#3767=CARTESIAN_POINT('',(-15.037767176098,7.4976181961623,17.938877518588));
#3768=CARTESIAN_POINT('',(-15.381279559177,7.819215209751,17.393122974083));
#3769=CARTESIAN_POINT('',(-15.718651742063,8.0827830914477,16.836076231668));
#3770=CARTESIAN_POINT('',(-16.052531446634,8.3040963804424,16.269037696896));
#3771=CARTESIAN_POINT('',(-16.382725787115,8.4870455709316,15.693474293459));
#3772=CARTESIAN_POINT('',(-16.710259502412,8.6362669597656,15.11027426579));
#3773=CARTESIAN_POINT('',(-17.035200862766,8.7564859078378,14.520573175103));
#3774=CARTESIAN_POINT('',(-17.357918240732,8.8518781799811,13.92514688517));
#3775=CARTESIAN_POINT('',(-17.678690414004,8.9253783149235,13.32474545738));
#3776=CARTESIAN_POINT('',(-17.997942786503,8.9810797607928,12.72046528314));
#3777=CARTESIAN_POINT('',(-18.31548885206,9.0186579538059,12.111940218999));
#3778=CARTESIAN_POINT('',(-18.631970910785,9.0449068278388,11.501116494877));
#3779=CARTESIAN_POINT('',(-18.946767627595,9.0515468187639,10.885419738384));
#3780=CARTESIAN_POINT('',(-19.262017771232,9.0683345004078,10.27276098029));
#3781=CARTESIAN_POINT('',(-19.578744680854,9.0841121801143,9.6564346876994));
#3782=CARTESIAN_POINT('',(-19.782792967975,9.0902595275652,9.2543304921525));
#3783=CARTESIAN_POINT('',(-19.885139005784,9.0933465298877,9.0540547582011));
#3784=CARTESIAN_POINT('',(-15.383756609683,6.9311103537583,18.794744333034));
#3785=CARTESIAN_POINT('',(-15.496458661937,7.0439068765446,18.619095076728));
#3786=CARTESIAN_POINT('',(-15.722391120574,7.2709346127668,18.268544629612));
#3787=CARTESIAN_POINT('',(-16.066066298615,7.6051650370141,17.728339522209));
#3788=CARTESIAN_POINT('',(-16.405424558146,7.8884413092536,17.175950868975));
#3789=CARTESIAN_POINT('',(-16.740680294716,8.1251646974365,16.612710187033));
#3790=CARTESIAN_POINT('',(-17.072356565717,8.3203942683222,16.040050538978));
#3791=CARTESIAN_POINT('',(-17.400872699148,8.4821760234096,15.459676843923));
#3792=CARTESIAN_POINT('',(-17.726534555111,8.6126850197791,14.872083843965));
#3793=CARTESIAN_POINT('',(-18.049906081427,8.7169258175778,14.278628039631));
#3794=CARTESIAN_POINT('',(-18.371270078406,8.7980543597758,13.679872632029));
#3795=CARTESIAN_POINT('',(-18.690911368121,8.8606074245332,13.076921069584));
#3796=CARTESIAN_POINT('',(-19.008996660702,8.9041774624013,12.469505174834));
#3797=CARTESIAN_POINT('',(-19.325878152309,8.9356098554484,11.859593428527));
#3798=CARTESIAN_POINT('',(-19.64125885496,8.9471282483964,11.244633751172));
#3799=CARTESIAN_POINT('',(-19.956257768937,8.9585708057444,10.630686492609));
#3800=CARTESIAN_POINT('',(-20.272727567268,8.9777611274888,10.016776821967));
#3801=CARTESIAN_POINT('',(-20.479379305817,8.9761684120306,9.6109520269378));
#3802=CARTESIAN_POINT('',(-20.582433300276,8.9779058609493,9.4090419554793));
#3803=CARTESIAN_POINT('',(-16.063778628438,6.6541067860306,19.117133459639));
#3804=CARTESIAN_POINT('',(-16.17616604383,6.7698862392968,18.944513207947));
#3805=CARTESIAN_POINT('',(-16.400798101081,7.0068298329901,18.60155939644));
#3806=CARTESIAN_POINT('',(-16.751081198138,7.3856670276311,18.062960944629));
#3807=CARTESIAN_POINT('',(-17.091094939809,7.6825642854681,17.513581163131));
#3808=CARTESIAN_POINT('',(-17.428093113688,7.9384404478697,16.954051969314));
#3809=CARTESIAN_POINT('',(-17.760789033616,8.1507815175234,16.385276421275));
#3810=CARTESIAN_POINT('',(-18.090401042303,8.3239154525044,15.807401968856));
#3811=CARTESIAN_POINT('',(-18.417320485253,8.4653635976813,15.222716806577));
#3812=CARTESIAN_POINT('',(-18.741712764036,8.5791933892939,14.63145253102));
#3813=CARTESIAN_POINT('',(-19.063846839238,8.6687530542671,14.034719131426));
#3814=CARTESIAN_POINT('',(-19.384214578703,8.7376255533754,13.433252119273));
#3815=CARTESIAN_POINT('',(-19.702906577777,8.7886481249049,12.827806086116));
#3816=CARTESIAN_POINT('',(-20.020186007763,8.8229578338617,12.218429172337));
#3817=CARTESIAN_POINT('',(-20.336230788947,8.8450042277169,11.606492521585));
#3818=CARTESIAN_POINT('',(-20.650791929853,8.8489098230184,10.990049503088));
#3819=CARTESIAN_POINT('',(-20.967379387065,8.873707581347,10.378126651169));
#3820=CARTESIAN_POINT('',(-21.170939607513,8.8768267850911,9.9785634900656));
#3821=CARTESIAN_POINT('',(-21.273506392771,8.8798277328583,9.7783167640993));
#3822=CARTESIAN_POINT('',(-16.771568948109,6.571059815776,19.410963272245));
#3823=CARTESIAN_POINT('',(-16.882072323007,6.6742691345017,19.241849952917));
#3824=CARTESIAN_POINT('',(-17.103443494561,6.8764955536701,18.901585052663));
#3825=CARTESIAN_POINT('',(-17.434002467245,7.1679738248807,18.394782237039));
#3826=CARTESIAN_POINT('',(-17.779173115788,7.5023194119674,17.85636538911));
#3827=CARTESIAN_POINT('',(-18.115597977081,7.7497875099461,17.29637047872));
#3828=CARTESIAN_POINT('',(-18.450314879,7.9709997905883,16.729909203446));
#3829=CARTESIAN_POINT('',(-18.781123047258,8.1608958054058,16.155683368948));
#3830=CARTESIAN_POINT('',(-19.10827030411,8.3145661308618,15.572701703033));
#3831=CARTESIAN_POINT('',(-19.433119957587,8.4373779280897,14.983415252795));
#3832=CARTESIAN_POINT('',(-19.756032229795,8.535589694267,14.388555609799));
#3833=CARTESIAN_POINT('',(-20.076847135151,8.611611145302,13.78866061396));
#3834=CARTESIAN_POINT('',(-20.396210969466,8.6697407590726,13.184611639366));
#3835=CARTESIAN_POINT('',(-20.713821933715,8.7096511792981,12.576569815788));
#3836=CARTESIAN_POINT('',(-21.030599385189,8.7370124569928,11.965414921848));
#3837=CARTESIAN_POINT('',(-21.345380490575,8.7459629886011,11.350548377496));
#3838=CARTESIAN_POINT('',(-21.660943337198,8.7588307987599,10.736039107382));
#3839=CARTESIAN_POINT('',(-21.866365092996,8.7683586234712,10.337674413475));
#3840=CARTESIAN_POINT('',(-21.968624494724,8.7728914724801,10.138290787204));
#3841=CARTESIAN_POINT('',(-17.211210880617,6.5001756376278,19.582780409497));
#3842=CARTESIAN_POINT('',(-17.32106834992,6.6002721189967,19.413824557727));
#3843=CARTESIAN_POINT('',(-17.540634882586,6.8024244798066,19.077075557182));
#3844=CARTESIAN_POINT('',(-17.876015017732,7.1071486432322,18.558620238491));
#3845=CARTESIAN_POINT('',(-18.210769942426,7.3726421664227,18.033045501016));
#3846=CARTESIAN_POINT('',(-18.552039124833,7.6340552756136,17.494673574205));
#3847=CARTESIAN_POINT('',(-18.893037537677,7.8522480891399,16.941989326899));
#3848=CARTESIAN_POINT('',(-19.233351480807,8.0438644353898,16.379360173908));
#3849=CARTESIAN_POINT('',(-19.567381698281,8.2101237305483,15.804715749652));
#3850=CARTESIAN_POINT('',(-19.894029139191,8.3428251144187,15.217942745477));
#3851=CARTESIAN_POINT('',(-20.217518592866,8.4476252850804,14.624724229764));
#3852=CARTESIAN_POINT('',(-20.539115498412,8.5285479869033,14.026040427042));
#3853=CARTESIAN_POINT('',(-20.858708268191,8.5894401239781,13.422920780561));
#3854=CARTESIAN_POINT('',(-21.176997807135,8.6336355471416,12.815778939848));
#3855=CARTESIAN_POINT('',(-21.493495991138,8.6629260207545,12.205563829428));
#3856=CARTESIAN_POINT('',(-21.809397769905,8.6794756026622,11.591905906011));
#3857=CARTESIAN_POINT('',(-22.12364107793,8.6778388573226,10.974320721138));
#3858=CARTESIAN_POINT('',(-22.32433040614,8.6885581979165,10.576944254563));
#3859=CARTESIAN_POINT('',(-22.42578630834,8.6915937006031,10.376833531618));
#3860=CARTESIAN_POINT('',(-17.430019330705,6.4626933979677,19.670578905336));
#3861=CARTESIAN_POINT('',(-17.539872422406,6.5628934254724,19.501902249145));
#3862=CARTESIAN_POINT('',(-17.759753032192,6.7630653318329,19.164189173032));
#3863=CARTESIAN_POINT('',(-18.092508238976,7.0535889660047,18.651674496258));
#3864=CARTESIAN_POINT('',(-18.429740020792,7.3284180368227,18.128382485886));
#3865=CARTESIAN_POINT('',(-18.770162002296,7.577277458991,17.593142059766));
#3866=CARTESIAN_POINT('',(-19.11248757233,7.7992139223827,17.045567780788));
#3867=CARTESIAN_POINT('',(-19.452961575676,7.992477130239,16.485952588367));
#3868=CARTESIAN_POINT('',(-19.788308383266,8.1584553657244,15.913995769014));
#3869=CARTESIAN_POINT('',(-20.117473196447,8.2949862365982,15.330741442641));
#3870=CARTESIAN_POINT('',(-20.442337154048,8.40344015692,14.739127472695));
#3871=CARTESIAN_POINT('',(-20.764800406082,8.4877826009422,14.141608812536));
#3872=CARTESIAN_POINT('',(-21.085588497189,8.5516717421428,13.539363535955));
#3873=CARTESIAN_POINT('',(-21.405026699966,8.5960906764813,12.932506141512));
#3874=CARTESIAN_POINT('',(-21.722742820355,8.6263512786519,12.322624832409));
#3875=CARTESIAN_POINT('',(-22.039598215042,8.6404196268803,11.707958374465));
#3876=CARTESIAN_POINT('',(-22.349207123247,8.6467951992686,11.096497337474));
#3877=CARTESIAN_POINT('',(-22.552027085405,8.6509130596976,10.695463215527));
#3878=CARTESIAN_POINT('',(-22.653219986261,8.654501477002,10.495737141803));
#3879=CARTESIAN_POINT('',(-12.674740357723,7.9154119487452,17.47069453472));
#3880=CARTESIAN_POINT('',(-12.782218888613,7.99931833793,17.29049424718));
#3881=CARTESIAN_POINT('',(-12.997262898697,8.1670138887443,16.930185367932));
#3882=CARTESIAN_POINT('',(-13.32368013341,8.4124383918602,16.378943068737));
#3883=CARTESIAN_POINT('',(-13.659916933061,8.6321221803697,15.81321787095));
#3884=CARTESIAN_POINT('',(-13.995280050585,8.8118631746809,15.239459466029));
#3885=CARTESIAN_POINT('',(-14.33247258882,8.9592585192477,14.662627379214));
#3886=CARTESIAN_POINT('',(-14.672159350552,9.0784269807651,14.083491151038));
#3887=CARTESIAN_POINT('',(-15.010080141716,9.1721953993038,13.501404985506));
#3888=CARTESIAN_POINT('',(-15.344496181423,9.2443369579568,12.915768118401));
#3889=CARTESIAN_POINT('',(-15.674965046334,9.2977429962224,12.328427671762));
#3890=CARTESIAN_POINT('',(-16.001632390117,9.3355529440875,11.741829268072));
#3891=CARTESIAN_POINT('',(-16.324366458845,9.3611472756517,11.158589598432));
#3892=CARTESIAN_POINT('',(-16.642487280771,9.3775081313534,10.58106672568));
#3893=CARTESIAN_POINT('',(-16.955362526149,9.3889488509404,10.010746843806));
#3894=CARTESIAN_POINT('',(-17.262429855088,9.3971986224521,9.4476519611078));
#3895=CARTESIAN_POINT('',(-17.564123461579,9.4052054999137,8.8913705147282));
#3896=CARTESIAN_POINT('',(-17.762984171263,9.4100726597272,8.5222189659215));
#3897=CARTESIAN_POINT('',(-17.862400815437,9.4128026236621,8.3377946927614));
#3898=CARTESIAN_POINT('',(-12.897755041437,7.8452227335968,17.58269189259));
#3899=CARTESIAN_POINT('',(-13.005349649605,7.9295608913232,17.402501632179));
#3900=CARTESIAN_POINT('',(-13.220231406104,8.0988992719019,17.041525735017));
#3901=CARTESIAN_POINT('',(-13.54857548089,8.3517532560002,16.491176851103));
#3902=CARTESIAN_POINT('',(-13.886468858485,8.5765533139737,15.922630582145));
#3903=CARTESIAN_POINT('',(-14.214105301021,8.7561601904734,15.348795842619));
#3904=CARTESIAN_POINT('',(-14.551126411218,8.9088069087784,14.769749658707));
#3905=CARTESIAN_POINT('',(-14.888879013173,9.0302268972322,14.190730444578));
#3906=CARTESIAN_POINT('',(-15.224181830009,9.1272884685404,13.605826929385));
#3907=CARTESIAN_POINT('',(-15.555691792545,9.2013441696409,13.016621943274));
#3908=CARTESIAN_POINT('',(-15.884000831561,9.256711685335,12.425576005807));
#3909=CARTESIAN_POINT('',(-16.20916946769,9.2961533675802,11.834462896752));
#3910=CARTESIAN_POINT('',(-16.531055415268,9.3224284589564,11.246711519596));
#3911=CARTESIAN_POINT('',(-16.84946401246,9.3403986190022,10.664254811454));
#3912=CARTESIAN_POINT('',(-17.162319327844,9.349258589477,10.089455977033));
#3913=CARTESIAN_POINT('',(-17.470885618327,9.3619437955573,9.5221406701877));
#3914=CARTESIAN_POINT('',(-17.773266689946,9.3661850542115,8.9604774232821));
#3915=CARTESIAN_POINT('',(-17.971982627857,9.373050429366,8.5930441944289));
#3916=CARTESIAN_POINT('',(-18.071451756928,9.3756616507633,8.4082283116421));
#3917=CARTESIAN_POINT('',(-13.344730167234,7.6940099616291,17.809296547367));
#3918=CARTESIAN_POINT('',(-13.453461037685,7.7799653195556,17.629723735437));
#3919=CARTESIAN_POINT('',(-13.669477923122,7.9473003095397,17.271751851046));
#3920=CARTESIAN_POINT('',(-14.009661463952,8.2247597391134,16.717112584574));
#3921=CARTESIAN_POINT('',(-14.343552069113,8.4557806722287,16.152635065247));
#3922=CARTESIAN_POINT('',(-14.675126879125,8.6478079385007,15.578658313705));
#3923=CARTESIAN_POINT('',(-15.001805428106,8.804997215967,14.99673830776));
#3924=CARTESIAN_POINT('',(-15.327702384993,8.9326160005044,14.408690856696));
#3925=CARTESIAN_POINT('',(-15.651778216153,9.0355410044359,13.815493147861));
#3926=CARTESIAN_POINT('',(-15.973654490776,9.1176687749213,13.217419531862));
#3927=CARTESIAN_POINT('',(-16.294711219851,9.1782922208122,12.614469044705));
#3928=CARTESIAN_POINT('',(-16.61707019479,9.2191136542216,12.012292177243));
#3929=CARTESIAN_POINT('',(-16.94028286667,9.244918754325,11.413404333888));
#3930=CARTESIAN_POINT('',(-17.261051443716,9.2601943375067,10.822267565349));
#3931=CARTESIAN_POINT('',(-17.578778451837,9.278097779432,10.239836036649));
#3932=CARTESIAN_POINT('',(-17.886560013961,9.2773977292196,9.6698911277202));
#3933=CARTESIAN_POINT('',(-18.190676040636,9.2959171250077,9.1101407680171));
#3934=CARTESIAN_POINT('',(-18.391863574897,9.2986373917313,8.7299959090633));
#3935=CARTESIAN_POINT('',(-18.49207829236,9.3013956720278,8.5423969734599));
#3936=CARTESIAN_POINT('',(-14.026292923663,7.4560164956913,18.14086620353));
#3937=CARTESIAN_POINT('',(-14.136374819955,7.5491450693626,17.961980778633));
#3938=CARTESIAN_POINT('',(-14.356204948132,7.7338638555984,17.604888325644));
#3939=CARTESIAN_POINT('',(-14.694908014521,8.0240297105072,17.05588430413));
#3940=CARTESIAN_POINT('',(-15.031752743381,8.2733591884489,16.494908902876));
#3941=CARTESIAN_POINT('',(-15.363964266467,8.4785548096723,15.924869327456));
#3942=CARTESIAN_POINT('',(-15.693695124124,8.6481961455696,15.346318380536));
#3943=CARTESIAN_POINT('',(-16.019869563856,8.7859259074703,14.760462156045));
#3944=CARTESIAN_POINT('',(-16.343691361508,8.8961654751271,14.168226485126));
#3945=CARTESIAN_POINT('',(-16.665445338006,8.9826929579612,13.570660832106));
#3946=CARTESIAN_POINT('',(-16.985323465308,9.0495666178995,12.968689243851));
#3947=CARTESIAN_POINT('',(-17.303481114529,9.0983816066949,12.361896160932));
#3948=CARTESIAN_POINT('',(-17.620271689246,9.1318225930845,11.752022638428));
#3949=CARTESIAN_POINT('',(-17.936327780035,9.1503837078424,11.137529414093));
#3950=CARTESIAN_POINT('',(-18.250374432524,9.153316158241,10.521062052516));
#3951=CARTESIAN_POINT('',(-18.568685992708,9.1805618487688,9.9048070488953));
#3952=CARTESIAN_POINT('',(-18.878331422727,9.1762106352177,9.3012666262498));
#3953=CARTESIAN_POINT('',(-19.079132958607,9.1855213079681,8.9242025736601));
#3954=CARTESIAN_POINT('',(-19.179884375733,9.1886661078487,8.7326472930178));
#3955=CARTESIAN_POINT('',(-14.706107556522,7.1984837157257,18.473120554037));
#3956=CARTESIAN_POINT('',(-14.817070024998,7.2992983256704,18.295187408604));
#3957=CARTESIAN_POINT('',(-15.037767176098,7.4976181961623,17.938877518588));
#3958=CARTESIAN_POINT('',(-15.381279559177,7.819215209751,17.393122974083));
#3959=CARTESIAN_POINT('',(-15.718651742063,8.0827830914477,16.836076231668));
#3960=CARTESIAN_POINT('',(-16.052531446634,8.3040963804424,16.269037696896));
#3961=CARTESIAN_POINT('',(-16.382725787115,8.4870455709316,15.693474293459));
#3962=CARTESIAN_POINT('',(-16.710259502412,8.6362669597656,15.11027426579));
#3963=CARTESIAN_POINT('',(-17.035200862766,8.7564859078378,14.520573175103));
#3964=CARTESIAN_POINT('',(-17.357918240732,8.8518781799811,13.92514688517));
#3965=CARTESIAN_POINT('',(-17.678690414004,8.9253783149235,13.32474545738));
#3966=CARTESIAN_POINT('',(-17.997942786503,8.9810797607928,12.72046528314));
#3967=CARTESIAN_POINT('',(-18.31548885206,9.0186579538059,12.111940218999));
#3968=CARTESIAN_POINT('',(-18.631970910785,9.0449068278388,11.501116494877));
#3969=CARTESIAN_POINT('',(-18.946767627595,9.0515468187639,10.885419738384));
#3970=CARTESIAN_POINT('',(-19.262017771232,9.0683345004078,10.27276098029));
#3971=CARTESIAN_POINT('',(-19.578744680854,9.0841121801143,9.6564346876994));
#3972=CARTESIAN_POINT('',(-19.782792967975,9.0902595275652,9.2543304921525));
#3973=CARTESIAN_POINT('',(-19.885139005784,9.0933465298877,9.0540547582011));
#3974=CARTESIAN_POINT('',(-15.383756609683,6.9311103537583,18.794744333034));
#3975=CARTESIAN_POINT('',(-15.496458661937,7.0439068765446,18.619095076728));
#3976=CARTESIAN_POINT('',(-15.722391120574,7.2709346127668,18.268544629612));
#3977=CARTESIAN_POINT('',(-16.066066298615,7.6051650370141,17.728339522209));
#3978=CARTESIAN_POINT('',(-16.405424558146,7.8884413092536,17.175950868975));
#3979=CARTESIAN_POINT('',(-16.740680294716,8.1251646974365,16.612710187033));
#3980=CARTESIAN_POINT('',(-17.072356565717,8.3203942683222,16.040050538978));
#3981=CARTESIAN_POINT('',(-17.400872699148,8.4821760234096,15.459676843923));
#3982=CARTESIAN_POINT('',(-17.726534555111,8.6126850197791,14.872083843965));
#3983=CARTESIAN_POINT('',(-18.049906081427,8.7169258175778,14.278628039631));
#3984=CARTESIAN_POINT('',(-18.371270078406,8.7980543597758,13.679872632029));
#3985=CARTESIAN_POINT('',(-18.690911368121,8.8606074245332,13.076921069584));
#3986=CARTESIAN_POINT('',(-19.008996660702,8.9041774624013,12.469505174834));
#3987=CARTESIAN_POINT('',(-19.325878152309,8.9356098554484,11.859593428527));
#3988=CARTESIAN_POINT('',(-19.64125885496,8.9471282483964,11.244633751172));
#3989=CARTESIAN_POINT('',(-19.956257768937,8.9585708057444,10.630686492609));
#3990=CARTESIAN_POINT('',(-20.272727567268,8.9777611274888,10.016776821967));
#3991=CARTESIAN_POINT('',(-20.479379305817,8.9761684120306,9.6109520269378));
#3992=CARTESIAN_POINT('',(-20.582433300276,8.9779058609493,9.4090419554793));
#3993=CARTESIAN_POINT('',(-16.063778628438,6.6541067860306,19.117133459639));
#3994=CARTESIAN_POINT('',(-16.17616604383,6.7698862392968,18.944513207947));
#3995=CARTESIAN_POINT('',(-16.400798101081,7.0068298329901,18.60155939644));
#3996=CARTESIAN_POINT('',(-16.751081198138,7.3856670276311,18.062960944629));
#3997=CARTESIAN_POINT('',(-17.091094939809,7.6825642854681,17.513581163131));
#3998=CARTESIAN_POINT('',(-17.428093113688,7.9384404478697,16.954051969314));
#3999=CARTESIAN_POINT('',(-17.760789033616,8.1507815175234,16.385276421275));
#4000=CARTESIAN_POINT('',(-18.090401042303,8.3239154525044,15.807401968856));
#4001=CARTESIAN_POINT('',(-18.417320485253,8.4653635976813,15.222716806577));
#4002=CARTESIAN_POINT('',(-18.741712764036,8.5791933892939,14.63145253102));
#4003=CARTESIAN_POINT('',(-19.063846839238,8.6687530542671,14.034719131426));
#4004=CARTESIAN_POINT('',(-19.384214578703,8.7376255533754,13.433252119273));
#4005=CARTESIAN_POINT('',(-19.702906577777,8.7886481249049,12.827806086116));
#4006=CARTESIAN_POINT('',(-20.020186007763,8.8229578338617,12.218429172337));
#4007=CARTESIAN_POINT('',(-20.336230788947,8.8450042277169,11.606492521585));
#4008=CARTESIAN_POINT('',(-20.650791929853,8.8489098230184,10.990049503088));
#4009=CARTESIAN_POINT('',(-20.967379387065,8.873707581347,10.378126651169));
#4010=CARTESIAN_POINT('',(-21.170939607513,8.8768267850911,9.9785634900656));
#4011=CARTESIAN_POINT('',(-21.273506392771,8.8798277328583,9.7783167640993));
#4012=CARTESIAN_POINT('',(-16.771568948109,6.571059815776,19.410963272245));
#4013=CARTESIAN_POINT('',(-16.882072323007,6.6742691345017,19.241849952917));
#4014=CARTESIAN_POINT('',(-17.103443494561,6.8764955536701,18.901585052663));
#4015=CARTESIAN_POINT('',(-17.434002467245,7.1679738248807,18.394782237039));
#4016=CARTESIAN_POINT('',(-17.779173115788,7.5023194119674,17.85636538911));
#4017=CARTESIAN_POINT('',(-18.115597977081,7.7497875099461,17.29637047872));
#4018=CARTESIAN_POINT('',(-18.450314879,7.9709997905883,16.729909203446));
#4019=CARTESIAN_POINT('',(-18.781123047258,8.1608958054058,16.155683368948));
#4020=CARTESIAN_POINT('',(-19.10827030411,8.3145661308618,15.572701703033));
#4021=CARTESIAN_POINT('',(-19.433119957587,8.4373779280897,14.983415252795));
#4022=CARTESIAN_POINT('',(-19.756032229795,8.535589694267,14.388555609799));
#4023=CARTESIAN_POINT('',(-20.076847135151,8.611611145302,13.78866061396));
#4024=CARTESIAN_POINT('',(-20.396210969466,8.6697407590726,13.184611639366));
#4025=CARTESIAN_POINT('',(-20.713821933715,8.7096511792981,12.576569815788));
#4026=CARTESIAN_POINT('',(-21.030599385189,8.7370124569928,11.965414921848));
#4027=CARTESIAN_POINT('',(-21.345380490575,8.7459629886011,11.350548377496));
#4028=CARTESIAN_POINT('',(-21.660943337198,8.7588307987599,10.736039107382));
#4029=CARTESIAN_POINT('',(-21.866365092996,8.7683586234712,10.337674413475));
#4030=CARTESIAN_POINT('',(-21.968624494724,8.7728914724801,10.138290787204));
#4031=CARTESIAN_POINT('',(-17.211210880617,6.5001756376278,19.582780409497));
#4032=CARTESIAN_POINT('',(-17.32106834992,6.6002721189967,19.413824557727));
#4033=CARTESIAN_POINT('',(-17.540634882586,6.8024244798066,19.077075557182));
#4034=CARTESIAN_POINT('',(-17.876015017732,7.1071486432322,18.558620238491));
#4035=CARTESIAN_POINT('',(-18.210769942426,7.3726421664227,18.033045501016));
#4036=CARTESIAN_POINT('',(-18.552039124833,7.6340552756136,17.494673574205));
#4037=CARTESIAN_POINT('',(-18.893037537677,7.8522480891399,16.941989326899));
#4038=CARTESIAN_POINT('',(-19.233351480807,8.0438644353898,16.379360173908));
#4039=CARTESIAN_POINT('',(-19.567381698281,8.2101237305483,15.804715749652));
#4040=CARTESIAN_POINT('',(-19.894029139191,8.3428251144187,15.217942745477));
#4041=CARTESIAN_POINT('',(-20.217518592866,8.4476252850804,14.624724229764));
#4042=CARTESIAN_POINT('',(-20.539115498412,8.5285479869033,14.026040427042));
#4043=CARTESIAN_POINT('',(-20.858708268191,8.5894401239781,13.422920780561));
#4044=CARTESIAN_POINT('',(-21.176997807135,8.6336355471416,12.815778939848));
#4045=CARTESIAN_POINT('',(-21.493495991138,8.6629260207545,12.205563829428));
#4046=CARTESIAN_POINT('',(-21.809397769905,8.6794756026622,11.591905906011));
#4047=CARTESIAN_POINT('',(-22.12364107793,8.6778388573226,10.974320721138));
#4048=CARTESIAN_POINT('',(-22.32433040614,8.6885581979165,10.576944254563));
#4049=CARTESIAN_POINT('',(-22.42578630834,8.6915937006031,10.376833531618));
#4050=CARTESIAN_POINT('',(-17.430019330705,6.4626933979677,19.670578905336));
#4051=CARTESIAN_POINT('',(-17.539872422406,6.5628934254724,19.501902249145));
#4052=CARTESIAN_POINT('',(-17.759753032192,6.7630653318329,19.164189173032));
#4053=CARTESIAN_POINT('',(-18.092508238976,7.0535889660047,18.651674496258));
#4054=CARTESIAN_POINT('',(-18.429740020792,7.3284180368227,18.128382485886));
#4055=CARTESIAN_POINT('',(-18.770162002296,7.577277458991,17.593142059766));
#4056=CARTESIAN_POINT('',(-19.11248757233,7.7992139223827,17.045567780788));
#4057=CARTESIAN_POINT('',(-19.452961575676,7.992477130239,16.485952588367));
#4058=CARTESIAN_POINT('',(-19.788308383266,8.1584553657244,15.913995769014));
#4059=CARTESIAN_POINT('',(-20.117473196447,8.2949862365982,15.330741442641));
#4060=CARTESIAN_POINT('',(-20.442337154048,8.40344015692,14.739127472695));
#4061=CARTESIAN_POINT('',(-20.764800406082,8.4877826009422,14.141608812536));
#4062=CARTESIAN_POINT('',(-21.085588497189,8.5516717421428,13.539363535955));
#4063=CARTESIAN_POINT('',(-21.405026699966,8.5960906764813,12.932506141512));
#4064=CARTESIAN_POINT('',(-21.722742820355,8.6263512786519,12.322624832409));
#4065=CARTESIAN_POINT('',(-22.039598215042,8.6404196268803,11.707958374465));
#4066=CARTESIAN_POINT('',(-22.349207123247,8.6467951992686,11.096497337474));
#4067=CARTESIAN_POINT('',(-22.552027085405,8.6509130596976,10.695463215527));
#4068=CARTESIAN_POINT('',(-22.653219986261,8.654501477002,10.495737141803));
#4069=MECHANICAL_DESIGN_GEOMETRIC_PRESENTATION_REPRESENTATION('',(#36,#37,
#38),#4070);
#4070=(
GEOMETRIC_REPRESENTATION_CONTEXT(3)
GLOBAL_UNCERTAINTY_ASSIGNED_CONTEXT((#4071))
GLOBAL_UNIT_ASSIGNED_CONTEXT((#4077,#4073,#4072))
REPRESENTATION_CONTEXT('160-05690-A','TOP_LEVEL_ASSEMBLY_PART')
);
#4071=UNCERTAINTY_MEASURE_WITH_UNIT(LENGTH_MEASURE(0.0002),#4077,
'DISTANCE_ACCURACY_VALUE','Maximum Tolerance applied to model');
#4072=(
NAMED_UNIT(*)
SI_UNIT($,.STERADIAN.)
SOLID_ANGLE_UNIT()
);
#4073=(
CONVERSION_BASED_UNIT('DEGREE',#4075)
NAMED_UNIT(#4074)
PLANE_ANGLE_UNIT()
);
#4074=DIMENSIONAL_EXPONENTS(0.,0.,0.,0.,0.,0.,0.);
#4075=PLANE_ANGLE_MEASURE_WITH_UNIT(PLANE_ANGLE_MEASURE(0.0174532925),#4076);
#4076=(
NAMED_UNIT(*)
PLANE_ANGLE_UNIT()
SI_UNIT($,.RADIAN.)
);
#4077=(
LENGTH_UNIT()
NAMED_UNIT(*)
SI_UNIT(.MILLI.,.METRE.)
);
ENDSEC;
END-ISO-10303-21;
